ISO-10303-21;
HEADER;
/* Generated by software containing ST-Developer
 * from STEP Tools, Inc. (www.steptools.com) 
 */

FILE_DESCRIPTION(
/* description */ (''),
/* implementation_level */ '2;1');

FILE_NAME(
/* name */ 'ChiHai Motor CHW-GW4058-31ZY v5.step',
/* time_stamp */ '2025-09-24T23:51:24+07:00',
/* author */ (''),
/* organization */ (''),
/* preprocessor_version */ 'ST-DEVELOPER v20.1',
/* originating_system */ 'Autodesk Translation Framework v14.10.0.0',
/* authorisation */ '');

FILE_SCHEMA (('AUTOMOTIVE_DESIGN { 1 0 10303 214 3 1 1 }'));
ENDSEC;

DATA;
#10=MECHANICAL_DESIGN_GEOMETRIC_PRESENTATION_REPRESENTATION('',(#13,#14,
#15,#16),#3039);
#11=SHAPE_REPRESENTATION_RELATIONSHIP('SRR','None',#3046,#12);
#12=ADVANCED_BREP_SHAPE_REPRESENTATION('',(#17,#18,#19,#20),#3038);
#13=STYLED_ITEM('',(#3056),#17);
#14=STYLED_ITEM('',(#3056),#18);
#15=STYLED_ITEM('',(#3057),#19);
#16=STYLED_ITEM('',(#3056),#20);
#17=MANIFOLD_SOLID_BREP('Gearbox (12)',#1621);
#18=MANIFOLD_SOLID_BREP('Gearbox (12) (1)',#1622);
#19=MANIFOLD_SOLID_BREP('Gearbox (12) (2)',#1623);
#20=MANIFOLD_SOLID_BREP('Gearbox (12) (3)',#1624);
#21=(
BOUNDED_SURFACE()
B_SPLINE_SURFACE(2,2,((#2831,#2832,#2833),(#2834,#2835,#2836),(#2837,#2838,
#2839)),.UNSPECIFIED.,.F.,.F.,.F.)
B_SPLINE_SURFACE_WITH_KNOTS((3,3),(3,3),(0.,1.5707963267949),(-1.77635683940029E-14,
1.57079632679491),.UNSPECIFIED.)
GEOMETRIC_REPRESENTATION_ITEM()
RATIONAL_B_SPLINE_SURFACE(((1.,0.707106781186535,1.),(0.70710678118655,
0.499999999999993,0.70710678118655),(1.,0.707106781186535,1.)))
REPRESENTATION_ITEM('')
SURFACE()
);
#22=(
BOUNDED_SURFACE()
B_SPLINE_SURFACE(2,2,((#2847,#2848,#2849),(#2850,#2851,#2852),(#2853,#2854,
#2855)),.UNSPECIFIED.,.F.,.F.,.F.)
B_SPLINE_SURFACE_WITH_KNOTS((3,3),(3,3),(0.,1.57079632679491),(1.5707963267949,
3.14159265358979),.UNSPECIFIED.)
GEOMETRIC_REPRESENTATION_ITEM()
RATIONAL_B_SPLINE_SURFACE(((1.,0.707106781186548,1.),(0.707106781186564,
0.500000000000011,0.707106781186564),(1.,0.707106781186548,1.)))
REPRESENTATION_ITEM('')
SURFACE()
);
#23=(
BOUNDED_SURFACE()
B_SPLINE_SURFACE(2,2,((#2863,#2864,#2865),(#2866,#2867,#2868),(#2869,#2870,
#2871)),.UNSPECIFIED.,.F.,.F.,.F.)
B_SPLINE_SURFACE_WITH_KNOTS((3,3),(3,3),(0.,1.57079632679491),(-3.14159265358979,
-1.57079632679489),.UNSPECIFIED.)
GEOMETRIC_REPRESENTATION_ITEM()
RATIONAL_B_SPLINE_SURFACE(((1.,0.707106781186544,1.),(0.707106781186549,
0.499999999999999,0.707106781186549),(1.,0.707106781186544,1.)))
REPRESENTATION_ITEM('')
SURFACE()
);
#24=(
BOUNDED_SURFACE()
B_SPLINE_SURFACE(2,2,((#2876,#2877,#2878),(#2879,#2880,#2881),(#2882,#2883,
#2884)),.UNSPECIFIED.,.F.,.F.,.F.)
B_SPLINE_SURFACE_WITH_KNOTS((3,3),(3,3),(0.,1.5707963267949),(-1.57079632679489,
-6.14340818521091E-15),.UNSPECIFIED.)
GEOMETRIC_REPRESENTATION_ITEM()
RATIONAL_B_SPLINE_SURFACE(((1.,0.707106781186553,1.),(0.707106781186557,
0.500000000000011,0.707106781186557),(1.,0.707106781186553,1.)))
REPRESENTATION_ITEM('')
SURFACE()
);
#25=(
BOUNDED_SURFACE()
B_SPLINE_SURFACE(2,2,((#2922,#2923,#2924),(#2925,#2926,#2927),(#2928,#2929,
#2930)),.UNSPECIFIED.,.F.,.F.,.F.)
B_SPLINE_SURFACE_WITH_KNOTS((3,3),(3,3),(-1.5707963267949,0.),(-1.77635683940029E-14,
1.57079632679491),.UNSPECIFIED.)
GEOMETRIC_REPRESENTATION_ITEM()
RATIONAL_B_SPLINE_SURFACE(((1.,0.707106781186538,1.),(0.70710678118656,
0.500000000000002,0.70710678118656),(1.,0.707106781186538,1.)))
REPRESENTATION_ITEM('')
SURFACE()
);
#26=(
BOUNDED_SURFACE()
B_SPLINE_SURFACE(2,2,((#2938,#2939,#2940),(#2941,#2942,#2943),(#2944,#2945,
#2946)),.UNSPECIFIED.,.F.,.F.,.F.)
B_SPLINE_SURFACE_WITH_KNOTS((3,3),(3,3),(-1.57079632679491,0.),(1.5707963267949,
3.14159265358979),.UNSPECIFIED.)
GEOMETRIC_REPRESENTATION_ITEM()
RATIONAL_B_SPLINE_SURFACE(((1.,0.707106781186548,1.),(0.707106781186557,
0.500000000000007,0.707106781186557),(1.,0.707106781186548,1.)))
REPRESENTATION_ITEM('')
SURFACE()
);
#27=(
BOUNDED_SURFACE()
B_SPLINE_SURFACE(2,2,((#2954,#2955,#2956),(#2957,#2958,#2959),(#2960,#2961,
#2962)),.UNSPECIFIED.,.F.,.F.,.F.)
B_SPLINE_SURFACE_WITH_KNOTS((3,3),(3,3),(-1.57079632679491,0.),(-3.14159265358979,
-1.57079632679489),.UNSPECIFIED.)
GEOMETRIC_REPRESENTATION_ITEM()
RATIONAL_B_SPLINE_SURFACE(((1.,0.707106781186544,1.),(0.707106781186547,
0.499999999999997,0.707106781186547),(1.,0.707106781186544,1.)))
REPRESENTATION_ITEM('')
SURFACE()
);
#28=(
BOUNDED_SURFACE()
B_SPLINE_SURFACE(2,2,((#2970,#2971,#2972),(#2973,#2974,#2975),(#2976,#2977,
#2978)),.UNSPECIFIED.,.F.,.F.,.F.)
B_SPLINE_SURFACE_WITH_KNOTS((3,3),(3,3),(-1.5707963267949,0.),(-1.57079632679489,
-6.14340818521091E-15),.UNSPECIFIED.)
GEOMETRIC_REPRESENTATION_ITEM()
RATIONAL_B_SPLINE_SURFACE(((1.,0.707106781186552,1.),(0.70710678118656,
0.500000000000012,0.70710678118656),(1.,0.707106781186552,1.)))
REPRESENTATION_ITEM('')
SURFACE()
);
#29=CONICAL_SURFACE('',#1803,3.85000000000001,0.785398163397437);
#30=B_SPLINE_CURVE_WITH_KNOTS('',3,(#2775,#2776,#2777,#2778),
 .UNSPECIFIED.,.F.,.F.,(4,4),(0.,0.0439586906974993),.UNSPECIFIED.);
#31=B_SPLINE_CURVE_WITH_KNOTS('',3,(#2781,#2782,#2783,#2784),
 .UNSPECIFIED.,.F.,.F.,(4,4),(0.,0.0439586906975202),.UNSPECIFIED.);
#32=FACE_BOUND('',#412,.T.);
#33=FACE_BOUND('',#416,.T.);
#34=FACE_BOUND('',#426,.T.);
#35=FACE_BOUND('',#430,.T.);
#36=FACE_BOUND('',#435,.T.);
#37=FACE_BOUND('',#439,.T.);
#38=FACE_BOUND('',#443,.T.);
#39=FACE_BOUND('',#447,.T.);
#40=FACE_BOUND('',#456,.T.);
#41=FACE_BOUND('',#460,.T.);
#42=FACE_BOUND('',#461,.T.);
#43=FACE_BOUND('',#462,.T.);
#44=FACE_BOUND('',#463,.T.);
#45=FACE_BOUND('',#464,.T.);
#46=FACE_BOUND('',#465,.T.);
#47=FACE_BOUND('',#466,.T.);
#48=FACE_BOUND('',#495,.T.);
#49=FACE_BOUND('',#496,.T.);
#50=FACE_BOUND('',#497,.T.);
#51=FACE_BOUND('',#498,.T.);
#52=FACE_BOUND('',#499,.T.);
#53=FACE_BOUND('',#500,.T.);
#54=FACE_BOUND('',#501,.T.);
#55=FACE_BOUND('',#512,.T.);
#56=FACE_BOUND('',#514,.T.);
#57=CYLINDRICAL_SURFACE('',#1644,2.5);
#58=CYLINDRICAL_SURFACE('',#1654,2.5);
#59=CYLINDRICAL_SURFACE('',#1664,2.5);
#60=CYLINDRICAL_SURFACE('',#1674,2.5);
#61=CYLINDRICAL_SURFACE('',#1692,4.);
#62=CYLINDRICAL_SURFACE('',#1700,4.);
#63=CYLINDRICAL_SURFACE('',#1710,3.9);
#64=CYLINDRICAL_SURFACE('',#1719,3.9);
#65=CYLINDRICAL_SURFACE('',#1726,4.);
#66=CYLINDRICAL_SURFACE('',#1734,4.);
#67=CYLINDRICAL_SURFACE('',#1744,3.90000000000001);
#68=CYLINDRICAL_SURFACE('',#1753,3.90000000000001);
#69=CYLINDRICAL_SURFACE('',#1760,3.90000000000001);
#70=CYLINDRICAL_SURFACE('',#1769,3.9);
#71=CYLINDRICAL_SURFACE('',#1778,3.9);
#72=CYLINDRICAL_SURFACE('',#1787,3.90000000000001);
#73=CYLINDRICAL_SURFACE('',#1805,4.);
#74=CYLINDRICAL_SURFACE('',#1813,9.4);
#75=CYLINDRICAL_SURFACE('',#1816,1.99999999999999);
#76=CYLINDRICAL_SURFACE('',#1817,2.);
#77=CYLINDRICAL_SURFACE('',#1818,1.);
#78=CYLINDRICAL_SURFACE('',#1823,1.);
#79=CYLINDRICAL_SURFACE('',#1827,1.);
#80=CYLINDRICAL_SURFACE('',#1831,1.);
#81=CYLINDRICAL_SURFACE('',#1834,1.99999999999999);
#82=CYLINDRICAL_SURFACE('',#1835,2.);
#83=CYLINDRICAL_SURFACE('',#1837,1.99999999999998);
#84=CYLINDRICAL_SURFACE('',#1840,1.99999999999999);
#85=CYLINDRICAL_SURFACE('',#1843,1.99999999999998);
#86=CYLINDRICAL_SURFACE('',#1845,2.00000000000002);
#87=CYLINDRICAL_SURFACE('',#1847,1.);
#88=CYLINDRICAL_SURFACE('',#1852,1.);
#89=CYLINDRICAL_SURFACE('',#1856,1.);
#90=CYLINDRICAL_SURFACE('',#1860,1.);
#91=CYLINDRICAL_SURFACE('',#1866,9.4);
#92=CYLINDRICAL_SURFACE('',#1875,15.5);
#93=CYLINDRICAL_SURFACE('',#1883,0.999999999999996);
#94=CYLINDRICAL_SURFACE('',#1888,6.);
#95=CYLINDRICAL_SURFACE('',#1891,15.5);
#96=CYLINDRICAL_SURFACE('',#1896,15.5);
#97=CIRCLE('',#1640,1.5);
#98=CIRCLE('',#1641,1.);
#99=CIRCLE('',#1642,2.5);
#100=CIRCLE('',#1643,2.5);
#101=CIRCLE('',#1645,2.5);
#102=CIRCLE('',#1646,2.5);
#103=CIRCLE('',#1647,2.5);
#104=CIRCLE('',#1650,1.5);
#105=CIRCLE('',#1651,1.);
#106=CIRCLE('',#1652,2.5);
#107=CIRCLE('',#1653,2.5);
#108=CIRCLE('',#1655,2.5);
#109=CIRCLE('',#1656,2.5);
#110=CIRCLE('',#1657,2.5);
#111=CIRCLE('',#1660,1.5);
#112=CIRCLE('',#1661,1.);
#113=CIRCLE('',#1662,2.5);
#114=CIRCLE('',#1663,2.5);
#115=CIRCLE('',#1665,2.5);
#116=CIRCLE('',#1666,2.5);
#117=CIRCLE('',#1667,2.5);
#118=CIRCLE('',#1670,1.5);
#119=CIRCLE('',#1671,1.);
#120=CIRCLE('',#1672,2.5);
#121=CIRCLE('',#1673,2.5);
#122=CIRCLE('',#1675,2.5);
#123=CIRCLE('',#1676,2.5);
#124=CIRCLE('',#1677,2.5);
#125=CIRCLE('',#1680,0.999999999999975);
#126=CIRCLE('',#1682,1.00000000000002);
#127=CIRCLE('',#1684,0.999999999999975);
#128=CIRCLE('',#1686,0.999999999999993);
#129=CIRCLE('',#1688,3.8);
#130=CIRCLE('',#1689,0.2);
#131=CIRCLE('',#1690,4.);
#132=CIRCLE('',#1691,4.);
#133=CIRCLE('',#1693,4.);
#134=CIRCLE('',#1696,3.8);
#135=CIRCLE('',#1697,0.2);
#136=CIRCLE('',#1698,4.);
#137=CIRCLE('',#1699,4.);
#138=CIRCLE('',#1701,4.);
#139=CIRCLE('',#1704,3.7);
#140=CIRCLE('',#1705,0.2);
#141=CIRCLE('',#1706,3.9);
#142=CIRCLE('',#1707,3.9);
#143=CIRCLE('',#1709,2.);
#144=CIRCLE('',#1711,3.9);
#145=CIRCLE('',#1713,3.7);
#146=CIRCLE('',#1714,0.2);
#147=CIRCLE('',#1715,3.9);
#148=CIRCLE('',#1716,3.9);
#149=CIRCLE('',#1718,2.);
#150=CIRCLE('',#1720,3.9);
#151=CIRCLE('',#1722,3.8);
#152=CIRCLE('',#1723,0.2);
#153=CIRCLE('',#1724,4.);
#154=CIRCLE('',#1725,4.);
#155=CIRCLE('',#1727,4.);
#156=CIRCLE('',#1730,3.8);
#157=CIRCLE('',#1731,0.2);
#158=CIRCLE('',#1732,4.);
#159=CIRCLE('',#1733,4.);
#160=CIRCLE('',#1735,4.);
#161=CIRCLE('',#1738,3.70000000000001);
#162=CIRCLE('',#1739,0.2);
#163=CIRCLE('',#1740,3.90000000000001);
#164=CIRCLE('',#1741,3.90000000000001);
#165=CIRCLE('',#1743,1.99999999999999);
#166=CIRCLE('',#1745,3.90000000000001);
#167=CIRCLE('',#1747,3.70000000000001);
#168=CIRCLE('',#1748,0.2);
#169=CIRCLE('',#1749,3.90000000000001);
#170=CIRCLE('',#1750,3.90000000000001);
#171=CIRCLE('',#1752,1.99999999999999);
#172=CIRCLE('',#1754,3.90000000000001);
#173=CIRCLE('',#1756,3.70000000000001);
#174=CIRCLE('',#1757,0.2);
#175=CIRCLE('',#1758,3.90000000000001);
#176=CIRCLE('',#1759,3.90000000000001);
#177=CIRCLE('',#1761,3.90000000000001);
#178=CIRCLE('',#1763,1.99999999999999);
#179=CIRCLE('',#1765,3.7);
#180=CIRCLE('',#1766,0.2);
#181=CIRCLE('',#1767,3.9);
#182=CIRCLE('',#1768,3.9);
#183=CIRCLE('',#1770,3.9);
#184=CIRCLE('',#1772,2.);
#185=CIRCLE('',#1774,3.7);
#186=CIRCLE('',#1775,0.2);
#187=CIRCLE('',#1776,3.9);
#188=CIRCLE('',#1777,3.9);
#189=CIRCLE('',#1779,3.9);
#190=CIRCLE('',#1781,2.);
#191=CIRCLE('',#1783,3.70000000000001);
#192=CIRCLE('',#1784,0.2);
#193=CIRCLE('',#1785,3.90000000000001);
#194=CIRCLE('',#1786,3.90000000000001);
#195=CIRCLE('',#1788,3.90000000000001);
#196=CIRCLE('',#1790,1.99999999999999);
#197=CIRCLE('',#1792,9.2);
#198=CIRCLE('',#1793,0.2);
#199=CIRCLE('',#1794,9.4);
#200=CIRCLE('',#1795,9.4);
#201=CIRCLE('',#1798,3.70000000000001);
#202=CIRCLE('',#1800,4.);
#203=CIRCLE('',#1801,4.);
#204=CIRCLE('',#1804,4.);
#205=CIRCLE('',#1806,4.);
#206=CIRCLE('',#1808,8.9);
#207=CIRCLE('',#1810,9.4);
#208=CIRCLE('',#1811,0.5);
#209=CIRCLE('',#1812,9.4);
#210=CIRCLE('',#1814,9.4);
#211=CIRCLE('',#1819,0.999999999999996);
#212=CIRCLE('',#1820,1.00000000000001);
#213=CIRCLE('',#1821,1.);
#214=CIRCLE('',#1822,1.99999999999997);
#215=CIRCLE('',#1824,0.999999999999996);
#216=CIRCLE('',#1825,1.00000000000001);
#217=CIRCLE('',#1826,1.99999999999999);
#218=CIRCLE('',#1828,0.999999999999996);
#219=CIRCLE('',#1829,0.999999999999996);
#220=CIRCLE('',#1830,1.99999999999997);
#221=CIRCLE('',#1832,0.999999999999996);
#222=CIRCLE('',#1833,2.00000000000002);
#223=CIRCLE('',#1838,1.99999999999997);
#224=CIRCLE('',#1841,1.99999999999999);
#225=CIRCLE('',#1844,1.99999999999997);
#226=CIRCLE('',#1846,2.00000000000002);
#227=CIRCLE('',#1848,1.);
#228=CIRCLE('',#1849,1.);
#229=CIRCLE('',#1850,1.);
#230=CIRCLE('',#1851,0.999999999999975);
#231=CIRCLE('',#1853,1.);
#232=CIRCLE('',#1854,1.);
#233=CIRCLE('',#1855,0.999999999999993);
#234=CIRCLE('',#1857,1.);
#235=CIRCLE('',#1858,1.);
#236=CIRCLE('',#1859,0.999999999999975);
#237=CIRCLE('',#1861,1.00000000000001);
#238=CIRCLE('',#1862,1.00000000000002);
#239=CIRCLE('',#1864,9.4);
#240=CIRCLE('',#1868,15.5);
#241=CIRCLE('',#1870,5.);
#242=CIRCLE('',#1871,1.);
#243=CIRCLE('',#1872,6.);
#244=CIRCLE('',#1874,0.749999999999996);
#245=CIRCLE('',#1876,15.5);
#246=CIRCLE('',#1878,0.25);
#247=CIRCLE('',#1879,0.999999999999996);
#248=CIRCLE('',#1881,14.);
#249=CIRCLE('',#1882,1.5);
#250=CIRCLE('',#1884,0.999999999999996);
#251=CIRCLE('',#1886,6.);
#252=CIRCLE('',#1890,15.5);
#253=CIRCLE('',#1892,15.5);
#254=CIRCLE('',#1895,15.5);
#255=CIRCLE('',#1897,15.5);
#256=TOROIDAL_SURFACE('',#1639,1.5,1.);
#257=TOROIDAL_SURFACE('',#1649,1.5,1.);
#258=TOROIDAL_SURFACE('',#1659,1.5,1.);
#259=TOROIDAL_SURFACE('',#1669,1.5,1.);
#260=TOROIDAL_SURFACE('',#1687,3.8,0.2);
#261=TOROIDAL_SURFACE('',#1695,3.8,0.2);
#262=TOROIDAL_SURFACE('',#1703,3.7,0.2);
#263=TOROIDAL_SURFACE('',#1712,3.7,0.2);
#264=TOROIDAL_SURFACE('',#1721,3.8,0.2);
#265=TOROIDAL_SURFACE('',#1729,3.8,0.2);
#266=TOROIDAL_SURFACE('',#1737,3.70000000000001,0.2);
#267=TOROIDAL_SURFACE('',#1746,3.70000000000001,0.2);
#268=TOROIDAL_SURFACE('',#1755,3.70000000000001,0.2);
#269=TOROIDAL_SURFACE('',#1764,3.7,0.2);
#270=TOROIDAL_SURFACE('',#1773,3.7,0.2);
#271=TOROIDAL_SURFACE('',#1782,3.70000000000001,0.2);
#272=TOROIDAL_SURFACE('',#1791,9.2,0.2);
#273=TOROIDAL_SURFACE('',#1809,8.9,0.5);
#274=TOROIDAL_SURFACE('',#1869,5.,1.);
#275=TOROIDAL_SURFACE('',#1877,0.749999999999996,0.25);
#276=TOROIDAL_SURFACE('',#1880,14.,1.5);
#277=FACE_OUTER_BOUND('',#387,.T.);
#278=FACE_OUTER_BOUND('',#388,.T.);
#279=FACE_OUTER_BOUND('',#389,.T.);
#280=FACE_OUTER_BOUND('',#390,.T.);
#281=FACE_OUTER_BOUND('',#391,.T.);
#282=FACE_OUTER_BOUND('',#392,.T.);
#283=FACE_OUTER_BOUND('',#393,.T.);
#284=FACE_OUTER_BOUND('',#394,.T.);
#285=FACE_OUTER_BOUND('',#395,.T.);
#286=FACE_OUTER_BOUND('',#396,.T.);
#287=FACE_OUTER_BOUND('',#397,.T.);
#288=FACE_OUTER_BOUND('',#398,.T.);
#289=FACE_OUTER_BOUND('',#399,.T.);
#290=FACE_OUTER_BOUND('',#400,.T.);
#291=FACE_OUTER_BOUND('',#401,.T.);
#292=FACE_OUTER_BOUND('',#402,.T.);
#293=FACE_OUTER_BOUND('',#403,.T.);
#294=FACE_OUTER_BOUND('',#404,.T.);
#295=FACE_OUTER_BOUND('',#405,.T.);
#296=FACE_OUTER_BOUND('',#406,.T.);
#297=FACE_OUTER_BOUND('',#407,.T.);
#298=FACE_OUTER_BOUND('',#408,.T.);
#299=FACE_OUTER_BOUND('',#409,.T.);
#300=FACE_OUTER_BOUND('',#410,.T.);
#301=FACE_OUTER_BOUND('',#411,.T.);
#302=FACE_OUTER_BOUND('',#413,.T.);
#303=FACE_OUTER_BOUND('',#414,.T.);
#304=FACE_OUTER_BOUND('',#415,.T.);
#305=FACE_OUTER_BOUND('',#417,.T.);
#306=FACE_OUTER_BOUND('',#418,.T.);
#307=FACE_OUTER_BOUND('',#419,.T.);
#308=FACE_OUTER_BOUND('',#420,.T.);
#309=FACE_OUTER_BOUND('',#421,.T.);
#310=FACE_OUTER_BOUND('',#422,.T.);
#311=FACE_OUTER_BOUND('',#423,.T.);
#312=FACE_OUTER_BOUND('',#424,.T.);
#313=FACE_OUTER_BOUND('',#425,.T.);
#314=FACE_OUTER_BOUND('',#427,.T.);
#315=FACE_OUTER_BOUND('',#428,.T.);
#316=FACE_OUTER_BOUND('',#429,.T.);
#317=FACE_OUTER_BOUND('',#431,.T.);
#318=FACE_OUTER_BOUND('',#432,.T.);
#319=FACE_OUTER_BOUND('',#433,.T.);
#320=FACE_OUTER_BOUND('',#434,.T.);
#321=FACE_OUTER_BOUND('',#436,.T.);
#322=FACE_OUTER_BOUND('',#437,.T.);
#323=FACE_OUTER_BOUND('',#438,.T.);
#324=FACE_OUTER_BOUND('',#440,.T.);
#325=FACE_OUTER_BOUND('',#441,.T.);
#326=FACE_OUTER_BOUND('',#442,.T.);
#327=FACE_OUTER_BOUND('',#444,.T.);
#328=FACE_OUTER_BOUND('',#445,.T.);
#329=FACE_OUTER_BOUND('',#446,.T.);
#330=FACE_OUTER_BOUND('',#448,.T.);
#331=FACE_OUTER_BOUND('',#449,.T.);
#332=FACE_OUTER_BOUND('',#450,.T.);
#333=FACE_OUTER_BOUND('',#451,.T.);
#334=FACE_OUTER_BOUND('',#452,.T.);
#335=FACE_OUTER_BOUND('',#453,.T.);
#336=FACE_OUTER_BOUND('',#454,.T.);
#337=FACE_OUTER_BOUND('',#455,.T.);
#338=FACE_OUTER_BOUND('',#457,.T.);
#339=FACE_OUTER_BOUND('',#458,.T.);
#340=FACE_OUTER_BOUND('',#459,.T.);
#341=FACE_OUTER_BOUND('',#467,.T.);
#342=FACE_OUTER_BOUND('',#468,.T.);
#343=FACE_OUTER_BOUND('',#469,.T.);
#344=FACE_OUTER_BOUND('',#470,.T.);
#345=FACE_OUTER_BOUND('',#471,.T.);
#346=FACE_OUTER_BOUND('',#472,.T.);
#347=FACE_OUTER_BOUND('',#473,.T.);
#348=FACE_OUTER_BOUND('',#474,.T.);
#349=FACE_OUTER_BOUND('',#475,.T.);
#350=FACE_OUTER_BOUND('',#476,.T.);
#351=FACE_OUTER_BOUND('',#477,.T.);
#352=FACE_OUTER_BOUND('',#478,.T.);
#353=FACE_OUTER_BOUND('',#479,.T.);
#354=FACE_OUTER_BOUND('',#480,.T.);
#355=FACE_OUTER_BOUND('',#481,.T.);
#356=FACE_OUTER_BOUND('',#482,.T.);
#357=FACE_OUTER_BOUND('',#483,.T.);
#358=FACE_OUTER_BOUND('',#484,.T.);
#359=FACE_OUTER_BOUND('',#485,.T.);
#360=FACE_OUTER_BOUND('',#486,.T.);
#361=FACE_OUTER_BOUND('',#487,.T.);
#362=FACE_OUTER_BOUND('',#488,.T.);
#363=FACE_OUTER_BOUND('',#489,.T.);
#364=FACE_OUTER_BOUND('',#490,.T.);
#365=FACE_OUTER_BOUND('',#491,.T.);
#366=FACE_OUTER_BOUND('',#492,.T.);
#367=FACE_OUTER_BOUND('',#493,.T.);
#368=FACE_OUTER_BOUND('',#494,.T.);
#369=FACE_OUTER_BOUND('',#502,.T.);
#370=FACE_OUTER_BOUND('',#503,.T.);
#371=FACE_OUTER_BOUND('',#504,.T.);
#372=FACE_OUTER_BOUND('',#505,.T.);
#373=FACE_OUTER_BOUND('',#506,.T.);
#374=FACE_OUTER_BOUND('',#507,.T.);
#375=FACE_OUTER_BOUND('',#508,.T.);
#376=FACE_OUTER_BOUND('',#509,.T.);
#377=FACE_OUTER_BOUND('',#510,.T.);
#378=FACE_OUTER_BOUND('',#511,.T.);
#379=FACE_OUTER_BOUND('',#513,.T.);
#380=FACE_OUTER_BOUND('',#515,.T.);
#381=FACE_OUTER_BOUND('',#516,.T.);
#382=FACE_OUTER_BOUND('',#517,.T.);
#383=FACE_OUTER_BOUND('',#518,.T.);
#384=FACE_OUTER_BOUND('',#519,.T.);
#385=FACE_OUTER_BOUND('',#520,.T.);
#386=FACE_OUTER_BOUND('',#521,.T.);
#387=EDGE_LOOP('',(#1019,#1020,#1021,#1022));
#388=EDGE_LOOP('',(#1023,#1024,#1025,#1026,#1027));
#389=EDGE_LOOP('',(#1028,#1029,#1030,#1031,#1032,#1033,#1034));
#390=EDGE_LOOP('',(#1035));
#391=EDGE_LOOP('',(#1036,#1037,#1038,#1039,#1040));
#392=EDGE_LOOP('',(#1041,#1042,#1043,#1044,#1045,#1046,#1047));
#393=EDGE_LOOP('',(#1048));
#394=EDGE_LOOP('',(#1049,#1050,#1051,#1052,#1053));
#395=EDGE_LOOP('',(#1054,#1055,#1056,#1057,#1058,#1059,#1060));
#396=EDGE_LOOP('',(#1061));
#397=EDGE_LOOP('',(#1062,#1063,#1064,#1065,#1066));
#398=EDGE_LOOP('',(#1067,#1068,#1069,#1070,#1071,#1072,#1073));
#399=EDGE_LOOP('',(#1074));
#400=EDGE_LOOP('',(#1075,#1076,#1077,#1078));
#401=EDGE_LOOP('',(#1079,#1080,#1081,#1082));
#402=EDGE_LOOP('',(#1083,#1084,#1085,#1086,#1087));
#403=EDGE_LOOP('',(#1088,#1089,#1090,#1091,#1092));
#404=EDGE_LOOP('',(#1093,#1094,#1095,#1096,#1097));
#405=EDGE_LOOP('',(#1098,#1099,#1100,#1101,#1102));
#406=EDGE_LOOP('',(#1103));
#407=EDGE_LOOP('',(#1104,#1105,#1106,#1107,#1108));
#408=EDGE_LOOP('',(#1109,#1110,#1111,#1112,#1113));
#409=EDGE_LOOP('',(#1114));
#410=EDGE_LOOP('',(#1115,#1116,#1117,#1118,#1119));
#411=EDGE_LOOP('',(#1120));
#412=EDGE_LOOP('',(#1121));
#413=EDGE_LOOP('',(#1122,#1123,#1124,#1125,#1126));
#414=EDGE_LOOP('',(#1127,#1128,#1129,#1130,#1131));
#415=EDGE_LOOP('',(#1132));
#416=EDGE_LOOP('',(#1133));
#417=EDGE_LOOP('',(#1134,#1135,#1136,#1137,#1138));
#418=EDGE_LOOP('',(#1139,#1140,#1141,#1142,#1143));
#419=EDGE_LOOP('',(#1144,#1145,#1146,#1147,#1148));
#420=EDGE_LOOP('',(#1149));
#421=EDGE_LOOP('',(#1150,#1151,#1152,#1153,#1154));
#422=EDGE_LOOP('',(#1155,#1156,#1157,#1158,#1159));
#423=EDGE_LOOP('',(#1160));
#424=EDGE_LOOP('',(#1161,#1162,#1163,#1164,#1165));
#425=EDGE_LOOP('',(#1166));
#426=EDGE_LOOP('',(#1167));
#427=EDGE_LOOP('',(#1168,#1169,#1170,#1171,#1172));
#428=EDGE_LOOP('',(#1173,#1174,#1175,#1176,#1177));
#429=EDGE_LOOP('',(#1178));
#430=EDGE_LOOP('',(#1179));
#431=EDGE_LOOP('',(#1180,#1181,#1182,#1183,#1184));
#432=EDGE_LOOP('',(#1185,#1186,#1187,#1188,#1189));
#433=EDGE_LOOP('',(#1190,#1191,#1192,#1193,#1194));
#434=EDGE_LOOP('',(#1195));
#435=EDGE_LOOP('',(#1196));
#436=EDGE_LOOP('',(#1197,#1198,#1199,#1200,#1201));
#437=EDGE_LOOP('',(#1202,#1203,#1204,#1205,#1206));
#438=EDGE_LOOP('',(#1207));
#439=EDGE_LOOP('',(#1208));
#440=EDGE_LOOP('',(#1209,#1210,#1211,#1212,#1213));
#441=EDGE_LOOP('',(#1214,#1215,#1216,#1217,#1218));
#442=EDGE_LOOP('',(#1219));
#443=EDGE_LOOP('',(#1220));
#444=EDGE_LOOP('',(#1221,#1222,#1223,#1224,#1225));
#445=EDGE_LOOP('',(#1226,#1227,#1228,#1229,#1230));
#446=EDGE_LOOP('',(#1231));
#447=EDGE_LOOP('',(#1232));
#448=EDGE_LOOP('',(#1233,#1234,#1235,#1236,#1237));
#449=EDGE_LOOP('',(#1238,#1239,#1240,#1241));
#450=EDGE_LOOP('',(#1242,#1243));
#451=EDGE_LOOP('',(#1244,#1245,#1246));
#452=EDGE_LOOP('',(#1247,#1248,#1249,#1250));
#453=EDGE_LOOP('',(#1251,#1252,#1253,#1254));
#454=EDGE_LOOP('',(#1255,#1256,#1257,#1258,#1259,#1260,#1261,#1262));
#455=EDGE_LOOP('',(#1263));
#456=EDGE_LOOP('',(#1264));
#457=EDGE_LOOP('',(#1265,#1266,#1267,#1268,#1269));
#458=EDGE_LOOP('',(#1270,#1271,#1272,#1273,#1274));
#459=EDGE_LOOP('',(#1275,#1276,#1277,#1278,#1279,#1280,#1281,#1282,#1283,
#1284));
#460=EDGE_LOOP('',(#1285));
#461=EDGE_LOOP('',(#1286));
#462=EDGE_LOOP('',(#1287));
#463=EDGE_LOOP('',(#1288));
#464=EDGE_LOOP('',(#1289));
#465=EDGE_LOOP('',(#1290));
#466=EDGE_LOOP('',(#1291));
#467=EDGE_LOOP('',(#1292,#1293,#1294,#1295));
#468=EDGE_LOOP('',(#1296,#1297,#1298,#1299));
#469=EDGE_LOOP('',(#1300,#1301,#1302,#1303,#1304,#1305));
#470=EDGE_LOOP('',(#1306,#1307,#1308,#1309));
#471=EDGE_LOOP('',(#1310,#1311,#1312,#1313,#1314,#1315));
#472=EDGE_LOOP('',(#1316,#1317,#1318,#1319));
#473=EDGE_LOOP('',(#1320,#1321,#1322,#1323,#1324,#1325));
#474=EDGE_LOOP('',(#1326,#1327,#1328,#1329));
#475=EDGE_LOOP('',(#1330,#1331,#1332,#1333,#1334,#1335));
#476=EDGE_LOOP('',(#1336,#1337,#1338,#1339));
#477=EDGE_LOOP('',(#1340,#1341,#1342,#1343));
#478=EDGE_LOOP('',(#1344,#1345,#1346,#1347));
#479=EDGE_LOOP('',(#1348,#1349,#1350,#1351));
#480=EDGE_LOOP('',(#1352,#1353,#1354,#1355));
#481=EDGE_LOOP('',(#1356,#1357,#1358,#1359));
#482=EDGE_LOOP('',(#1360,#1361,#1362,#1363));
#483=EDGE_LOOP('',(#1364,#1365,#1366,#1367));
#484=EDGE_LOOP('',(#1368,#1369,#1370,#1371));
#485=EDGE_LOOP('',(#1372,#1373,#1374,#1375));
#486=EDGE_LOOP('',(#1376,#1377,#1378,#1379));
#487=EDGE_LOOP('',(#1380,#1381,#1382,#1383));
#488=EDGE_LOOP('',(#1384,#1385,#1386,#1387));
#489=EDGE_LOOP('',(#1388,#1389,#1390,#1391));
#490=EDGE_LOOP('',(#1392,#1393,#1394,#1395));
#491=EDGE_LOOP('',(#1396,#1397,#1398,#1399));
#492=EDGE_LOOP('',(#1400,#1401,#1402,#1403));
#493=EDGE_LOOP('',(#1404,#1405,#1406,#1407));
#494=EDGE_LOOP('',(#1408,#1409,#1410,#1411,#1412,#1413,#1414,#1415));
#495=EDGE_LOOP('',(#1416));
#496=EDGE_LOOP('',(#1417));
#497=EDGE_LOOP('',(#1418));
#498=EDGE_LOOP('',(#1419));
#499=EDGE_LOOP('',(#1420));
#500=EDGE_LOOP('',(#1421));
#501=EDGE_LOOP('',(#1422));
#502=EDGE_LOOP('',(#1423));
#503=EDGE_LOOP('',(#1424,#1425,#1426,#1427,#1428));
#504=EDGE_LOOP('',(#1429));
#505=EDGE_LOOP('',(#1430,#1431,#1432,#1433));
#506=EDGE_LOOP('',(#1434));
#507=EDGE_LOOP('',(#1435,#1436,#1437,#1438));
#508=EDGE_LOOP('',(#1439,#1440,#1441,#1442));
#509=EDGE_LOOP('',(#1443,#1444,#1445,#1446));
#510=EDGE_LOOP('',(#1447,#1448,#1449,#1450));
#511=EDGE_LOOP('',(#1451));
#512=EDGE_LOOP('',(#1452));
#513=EDGE_LOOP('',(#1453));
#514=EDGE_LOOP('',(#1454));
#515=EDGE_LOOP('',(#1455,#1456,#1457,#1458));
#516=EDGE_LOOP('',(#1459));
#517=EDGE_LOOP('',(#1460,#1461,#1462,#1463));
#518=EDGE_LOOP('',(#1464));
#519=EDGE_LOOP('',(#1465));
#520=EDGE_LOOP('',(#1466,#1467,#1468,#1469));
#521=EDGE_LOOP('',(#1470));
#522=LINE('',#2492,#587);
#523=LINE('',#2494,#588);
#524=LINE('',#2496,#589);
#525=LINE('',#2497,#590);
#526=LINE('',#2508,#591);
#527=LINE('',#2525,#592);
#528=LINE('',#2542,#593);
#529=LINE('',#2559,#594);
#530=LINE('',#2568,#595);
#531=LINE('',#2570,#596);
#532=LINE('',#2574,#597);
#533=LINE('',#2576,#598);
#534=LINE('',#2580,#599);
#535=LINE('',#2582,#600);
#536=LINE('',#2586,#601);
#537=LINE('',#2588,#602);
#538=LINE('',#2600,#603);
#539=LINE('',#2613,#604);
#540=LINE('',#2629,#605);
#541=LINE('',#2644,#606);
#542=LINE('',#2656,#607);
#543=LINE('',#2669,#608);
#544=LINE('',#2685,#609);
#545=LINE('',#2700,#610);
#546=LINE('',#2712,#611);
#547=LINE('',#2727,#612);
#548=LINE('',#2742,#613);
#549=LINE('',#2757,#614);
#550=LINE('',#2773,#615);
#551=LINE('',#2780,#616);
#552=LINE('',#2790,#617);
#553=LINE('',#2795,#618);
#554=LINE('',#2796,#619);
#555=LINE('',#2801,#620);
#556=LINE('',#2814,#621);
#557=LINE('',#2817,#622);
#558=LINE('',#2818,#623);
#559=LINE('',#2819,#624);
#560=LINE('',#2820,#625);
#561=LINE('',#2822,#626);
#562=LINE('',#2824,#627);
#563=LINE('',#2830,#628);
#564=LINE('',#2845,#629);
#565=LINE('',#2862,#630);
#566=LINE('',#2887,#631);
#567=LINE('',#2889,#632);
#568=LINE('',#2893,#633);
#569=LINE('',#2894,#634);
#570=LINE('',#2895,#635);
#571=LINE('',#2899,#636);
#572=LINE('',#2902,#637);
#573=LINE('',#2903,#638);
#574=LINE('',#2907,#639);
#575=LINE('',#2910,#640);
#576=LINE('',#2911,#641);
#577=LINE('',#2921,#642);
#578=LINE('',#2937,#643);
#579=LINE('',#2953,#644);
#580=LINE('',#2968,#645);
#581=LINE('',#2985,#646);
#582=LINE('',#3001,#647);
#583=LINE('',#3012,#648);
#584=LINE('',#3019,#649);
#585=LINE('',#3026,#650);
#586=LINE('',#3033,#651);
#587=VECTOR('',#1903,10.);
#588=VECTOR('',#1904,10.);
#589=VECTOR('',#1905,10.);
#590=VECTOR('',#1906,10.);
#591=VECTOR('',#1919,2.5);
#592=VECTOR('',#1940,2.5);
#593=VECTOR('',#1961,2.5);
#594=VECTOR('',#1982,2.5);
#595=VECTOR('',#1993,10.);
#596=VECTOR('',#1994,10.);
#597=VECTOR('',#1999,10.);
#598=VECTOR('',#2000,10.);
#599=VECTOR('',#2005,10.);
#600=VECTOR('',#2006,10.);
#601=VECTOR('',#2011,10.);
#602=VECTOR('',#2012,10.);
#603=VECTOR('',#2027,4.);
#604=VECTOR('',#2044,4.);
#605=VECTOR('',#2065,3.9);
#606=VECTOR('',#2084,3.9);
#607=VECTOR('',#2099,4.);
#608=VECTOR('',#2116,4.);
#609=VECTOR('',#2137,3.90000000000001);
#610=VECTOR('',#2156,3.90000000000001);
#611=VECTOR('',#2171,3.90000000000001);
#612=VECTOR('',#2190,3.9);
#613=VECTOR('',#2209,3.9);
#614=VECTOR('',#2228,3.90000000000001);
#615=VECTOR('',#2247,10.);
#616=VECTOR('',#2248,10.);
#617=VECTOR('',#2255,10.);
#618=VECTOR('',#2262,10.);
#619=VECTOR('',#2263,10.);
#620=VECTOR('',#2270,4.);
#621=VECTOR('',#2287,9.4);
#622=VECTOR('',#2292,10.);
#623=VECTOR('',#2293,10.);
#624=VECTOR('',#2294,10.);
#625=VECTOR('',#2295,10.);
#626=VECTOR('',#2298,1.99999999999999);
#627=VECTOR('',#2301,2.);
#628=VECTOR('',#2308,10.);
#629=VECTOR('',#2315,10.);
#630=VECTOR('',#2326,10.);
#631=VECTOR('',#2339,1.99999999999999);
#632=VECTOR('',#2342,2.);
#633=VECTOR('',#2345,10.);
#634=VECTOR('',#2346,10.);
#635=VECTOR('',#2347,10.);
#636=VECTOR('',#2352,10.);
#637=VECTOR('',#2355,10.);
#638=VECTOR('',#2356,10.);
#639=VECTOR('',#2361,10.);
#640=VECTOR('',#2364,10.);
#641=VECTOR('',#2365,10.);
#642=VECTOR('',#2380,10.);
#643=VECTOR('',#2389,10.);
#644=VECTOR('',#2398,10.);
#645=VECTOR('',#2405,10.);
#646=VECTOR('',#2418,9.4);
#647=VECTOR('',#2439,15.5);
#648=VECTOR('',#2454,0.999999999999996);
#649=VECTOR('',#2465,6.);
#650=VECTOR('',#2474,15.5);
#651=VECTOR('',#2483,15.5);
#652=VERTEX_POINT('',#2490);
#653=VERTEX_POINT('',#2491);
#654=VERTEX_POINT('',#2493);
#655=VERTEX_POINT('',#2495);
#656=VERTEX_POINT('',#2499);
#657=VERTEX_POINT('',#2501);
#658=VERTEX_POINT('',#2503);
#659=VERTEX_POINT('',#2507);
#660=VERTEX_POINT('',#2509);
#661=VERTEX_POINT('',#2511);
#662=VERTEX_POINT('',#2516);
#663=VERTEX_POINT('',#2518);
#664=VERTEX_POINT('',#2520);
#665=VERTEX_POINT('',#2524);
#666=VERTEX_POINT('',#2526);
#667=VERTEX_POINT('',#2528);
#668=VERTEX_POINT('',#2533);
#669=VERTEX_POINT('',#2535);
#670=VERTEX_POINT('',#2537);
#671=VERTEX_POINT('',#2541);
#672=VERTEX_POINT('',#2543);
#673=VERTEX_POINT('',#2545);
#674=VERTEX_POINT('',#2550);
#675=VERTEX_POINT('',#2552);
#676=VERTEX_POINT('',#2554);
#677=VERTEX_POINT('',#2558);
#678=VERTEX_POINT('',#2560);
#679=VERTEX_POINT('',#2562);
#680=VERTEX_POINT('',#2567);
#681=VERTEX_POINT('',#2569);
#682=VERTEX_POINT('',#2573);
#683=VERTEX_POINT('',#2575);
#684=VERTEX_POINT('',#2579);
#685=VERTEX_POINT('',#2581);
#686=VERTEX_POINT('',#2585);
#687=VERTEX_POINT('',#2587);
#688=VERTEX_POINT('',#2591);
#689=VERTEX_POINT('',#2593);
#690=VERTEX_POINT('',#2595);
#691=VERTEX_POINT('',#2599);
#692=VERTEX_POINT('',#2604);
#693=VERTEX_POINT('',#2606);
#694=VERTEX_POINT('',#2608);
#695=VERTEX_POINT('',#2612);
#696=VERTEX_POINT('',#2617);
#697=VERTEX_POINT('',#2619);
#698=VERTEX_POINT('',#2621);
#699=VERTEX_POINT('',#2625);
#700=VERTEX_POINT('',#2628);
#701=VERTEX_POINT('',#2632);
#702=VERTEX_POINT('',#2634);
#703=VERTEX_POINT('',#2636);
#704=VERTEX_POINT('',#2640);
#705=VERTEX_POINT('',#2643);
#706=VERTEX_POINT('',#2647);
#707=VERTEX_POINT('',#2649);
#708=VERTEX_POINT('',#2651);
#709=VERTEX_POINT('',#2655);
#710=VERTEX_POINT('',#2660);
#711=VERTEX_POINT('',#2662);
#712=VERTEX_POINT('',#2664);
#713=VERTEX_POINT('',#2668);
#714=VERTEX_POINT('',#2673);
#715=VERTEX_POINT('',#2675);
#716=VERTEX_POINT('',#2677);
#717=VERTEX_POINT('',#2681);
#718=VERTEX_POINT('',#2684);
#719=VERTEX_POINT('',#2688);
#720=VERTEX_POINT('',#2690);
#721=VERTEX_POINT('',#2692);
#722=VERTEX_POINT('',#2696);
#723=VERTEX_POINT('',#2699);
#724=VERTEX_POINT('',#2703);
#725=VERTEX_POINT('',#2705);
#726=VERTEX_POINT('',#2707);
#727=VERTEX_POINT('',#2711);
#728=VERTEX_POINT('',#2715);
#729=VERTEX_POINT('',#2718);
#730=VERTEX_POINT('',#2720);
#731=VERTEX_POINT('',#2722);
#732=VERTEX_POINT('',#2726);
#733=VERTEX_POINT('',#2730);
#734=VERTEX_POINT('',#2733);
#735=VERTEX_POINT('',#2735);
#736=VERTEX_POINT('',#2737);
#737=VERTEX_POINT('',#2741);
#738=VERTEX_POINT('',#2745);
#739=VERTEX_POINT('',#2748);
#740=VERTEX_POINT('',#2750);
#741=VERTEX_POINT('',#2752);
#742=VERTEX_POINT('',#2756);
#743=VERTEX_POINT('',#2760);
#744=VERTEX_POINT('',#2763);
#745=VERTEX_POINT('',#2765);
#746=VERTEX_POINT('',#2767);
#747=VERTEX_POINT('',#2771);
#748=VERTEX_POINT('',#2772);
#749=VERTEX_POINT('',#2774);
#750=VERTEX_POINT('',#2779);
#751=VERTEX_POINT('',#2788);
#752=VERTEX_POINT('',#2789);
#753=VERTEX_POINT('',#2791);
#754=VERTEX_POINT('',#2800);
#755=VERTEX_POINT('',#2804);
#756=VERTEX_POINT('',#2807);
#757=VERTEX_POINT('',#2808);
#758=VERTEX_POINT('',#2813);
#759=VERTEX_POINT('',#2826);
#760=VERTEX_POINT('',#2828);
#761=VERTEX_POINT('',#2840);
#762=VERTEX_POINT('',#2844);
#763=VERTEX_POINT('',#2856);
#764=VERTEX_POINT('',#2860);
#765=VERTEX_POINT('',#2891);
#766=VERTEX_POINT('',#2892);
#767=VERTEX_POINT('',#2897);
#768=VERTEX_POINT('',#2901);
#769=VERTEX_POINT('',#2905);
#770=VERTEX_POINT('',#2909);
#771=VERTEX_POINT('',#2917);
#772=VERTEX_POINT('',#2919);
#773=VERTEX_POINT('',#2931);
#774=VERTEX_POINT('',#2935);
#775=VERTEX_POINT('',#2947);
#776=VERTEX_POINT('',#2951);
#777=VERTEX_POINT('',#2963);
#778=VERTEX_POINT('',#2967);
#779=VERTEX_POINT('',#2981);
#780=VERTEX_POINT('',#2987);
#781=VERTEX_POINT('',#2990);
#782=VERTEX_POINT('',#2992);
#783=VERTEX_POINT('',#2996);
#784=VERTEX_POINT('',#2999);
#785=VERTEX_POINT('',#3003);
#786=VERTEX_POINT('',#3007);
#787=VERTEX_POINT('',#3011);
#788=VERTEX_POINT('',#3015);
#789=VERTEX_POINT('',#3021);
#790=VERTEX_POINT('',#3024);
#791=VERTEX_POINT('',#3029);
#792=VERTEX_POINT('',#3032);
#793=EDGE_CURVE('',#652,#653,#522,.T.);
#794=EDGE_CURVE('',#652,#654,#523,.T.);
#795=EDGE_CURVE('',#655,#654,#524,.T.);
#796=EDGE_CURVE('',#653,#655,#525,.T.);
#797=EDGE_CURVE('',#656,#656,#97,.T.);
#798=EDGE_CURVE('',#656,#657,#98,.T.);
#799=EDGE_CURVE('',#657,#658,#99,.T.);
#800=EDGE_CURVE('',#658,#657,#100,.T.);
#801=EDGE_CURVE('',#658,#659,#526,.T.);
#802=EDGE_CURVE('',#660,#659,#101,.T.);
#803=EDGE_CURVE('',#660,#661,#102,.T.);
#804=EDGE_CURVE('',#659,#661,#103,.T.);
#805=EDGE_CURVE('',#662,#662,#104,.T.);
#806=EDGE_CURVE('',#662,#663,#105,.T.);
#807=EDGE_CURVE('',#663,#664,#106,.T.);
#808=EDGE_CURVE('',#664,#663,#107,.T.);
#809=EDGE_CURVE('',#664,#665,#527,.T.);
#810=EDGE_CURVE('',#665,#666,#108,.T.);
#811=EDGE_CURVE('',#667,#666,#109,.T.);
#812=EDGE_CURVE('',#667,#665,#110,.T.);
#813=EDGE_CURVE('',#668,#668,#111,.T.);
#814=EDGE_CURVE('',#668,#669,#112,.T.);
#815=EDGE_CURVE('',#669,#670,#113,.T.);
#816=EDGE_CURVE('',#670,#669,#114,.T.);
#817=EDGE_CURVE('',#670,#671,#528,.T.);
#818=EDGE_CURVE('',#671,#672,#115,.T.);
#819=EDGE_CURVE('',#673,#672,#116,.T.);
#820=EDGE_CURVE('',#673,#671,#117,.T.);
#821=EDGE_CURVE('',#674,#674,#118,.T.);
#822=EDGE_CURVE('',#674,#675,#119,.T.);
#823=EDGE_CURVE('',#675,#676,#120,.T.);
#824=EDGE_CURVE('',#676,#675,#121,.T.);
#825=EDGE_CURVE('',#676,#677,#529,.T.);
#826=EDGE_CURVE('',#678,#677,#122,.T.);
#827=EDGE_CURVE('',#678,#679,#123,.T.);
#828=EDGE_CURVE('',#677,#679,#124,.T.);
#829=EDGE_CURVE('',#661,#680,#530,.T.);
#830=EDGE_CURVE('',#681,#660,#531,.T.);
#831=EDGE_CURVE('',#680,#681,#125,.T.);
#832=EDGE_CURVE('',#679,#682,#532,.T.);
#833=EDGE_CURVE('',#683,#678,#533,.T.);
#834=EDGE_CURVE('',#682,#683,#126,.T.);
#835=EDGE_CURVE('',#672,#684,#534,.T.);
#836=EDGE_CURVE('',#685,#673,#535,.T.);
#837=EDGE_CURVE('',#684,#685,#127,.T.);
#838=EDGE_CURVE('',#666,#686,#536,.T.);
#839=EDGE_CURVE('',#687,#667,#537,.T.);
#840=EDGE_CURVE('',#686,#687,#128,.T.);
#841=EDGE_CURVE('',#688,#688,#129,.T.);
#842=EDGE_CURVE('',#688,#689,#130,.T.);
#843=EDGE_CURVE('',#689,#690,#131,.T.);
#844=EDGE_CURVE('',#690,#689,#132,.T.);
#845=EDGE_CURVE('',#690,#691,#538,.T.);
#846=EDGE_CURVE('',#691,#691,#133,.T.);
#847=EDGE_CURVE('',#692,#692,#134,.T.);
#848=EDGE_CURVE('',#692,#693,#135,.T.);
#849=EDGE_CURVE('',#693,#694,#136,.T.);
#850=EDGE_CURVE('',#694,#693,#137,.T.);
#851=EDGE_CURVE('',#694,#695,#539,.T.);
#852=EDGE_CURVE('',#695,#695,#138,.T.);
#853=EDGE_CURVE('',#696,#696,#139,.T.);
#854=EDGE_CURVE('',#696,#697,#140,.T.);
#855=EDGE_CURVE('',#697,#698,#141,.T.);
#856=EDGE_CURVE('',#698,#697,#142,.T.);
#857=EDGE_CURVE('',#699,#699,#143,.T.);
#858=EDGE_CURVE('',#698,#700,#540,.T.);
#859=EDGE_CURVE('',#700,#700,#144,.T.);
#860=EDGE_CURVE('',#701,#701,#145,.T.);
#861=EDGE_CURVE('',#701,#702,#146,.T.);
#862=EDGE_CURVE('',#702,#703,#147,.T.);
#863=EDGE_CURVE('',#703,#702,#148,.T.);
#864=EDGE_CURVE('',#704,#704,#149,.T.);
#865=EDGE_CURVE('',#703,#705,#541,.T.);
#866=EDGE_CURVE('',#705,#705,#150,.T.);
#867=EDGE_CURVE('',#706,#706,#151,.T.);
#868=EDGE_CURVE('',#706,#707,#152,.T.);
#869=EDGE_CURVE('',#707,#708,#153,.T.);
#870=EDGE_CURVE('',#708,#707,#154,.T.);
#871=EDGE_CURVE('',#708,#709,#542,.T.);
#872=EDGE_CURVE('',#709,#709,#155,.T.);
#873=EDGE_CURVE('',#710,#710,#156,.T.);
#874=EDGE_CURVE('',#710,#711,#157,.T.);
#875=EDGE_CURVE('',#711,#712,#158,.T.);
#876=EDGE_CURVE('',#712,#711,#159,.T.);
#877=EDGE_CURVE('',#712,#713,#543,.T.);
#878=EDGE_CURVE('',#713,#713,#160,.T.);
#879=EDGE_CURVE('',#714,#714,#161,.T.);
#880=EDGE_CURVE('',#714,#715,#162,.T.);
#881=EDGE_CURVE('',#715,#716,#163,.T.);
#882=EDGE_CURVE('',#716,#715,#164,.T.);
#883=EDGE_CURVE('',#717,#717,#165,.T.);
#884=EDGE_CURVE('',#716,#718,#544,.T.);
#885=EDGE_CURVE('',#718,#718,#166,.T.);
#886=EDGE_CURVE('',#719,#719,#167,.T.);
#887=EDGE_CURVE('',#719,#720,#168,.T.);
#888=EDGE_CURVE('',#720,#721,#169,.T.);
#889=EDGE_CURVE('',#721,#720,#170,.T.);
#890=EDGE_CURVE('',#722,#722,#171,.T.);
#891=EDGE_CURVE('',#721,#723,#545,.T.);
#892=EDGE_CURVE('',#723,#723,#172,.T.);
#893=EDGE_CURVE('',#724,#724,#173,.T.);
#894=EDGE_CURVE('',#724,#725,#174,.T.);
#895=EDGE_CURVE('',#725,#726,#175,.T.);
#896=EDGE_CURVE('',#726,#725,#176,.T.);
#897=EDGE_CURVE('',#726,#727,#546,.T.);
#898=EDGE_CURVE('',#727,#727,#177,.T.);
#899=EDGE_CURVE('',#728,#728,#178,.T.);
#900=EDGE_CURVE('',#729,#729,#179,.T.);
#901=EDGE_CURVE('',#729,#730,#180,.T.);
#902=EDGE_CURVE('',#730,#731,#181,.T.);
#903=EDGE_CURVE('',#731,#730,#182,.T.);
#904=EDGE_CURVE('',#731,#732,#547,.T.);
#905=EDGE_CURVE('',#732,#732,#183,.T.);
#906=EDGE_CURVE('',#733,#733,#184,.T.);
#907=EDGE_CURVE('',#734,#734,#185,.T.);
#908=EDGE_CURVE('',#734,#735,#186,.T.);
#909=EDGE_CURVE('',#735,#736,#187,.T.);
#910=EDGE_CURVE('',#736,#735,#188,.T.);
#911=EDGE_CURVE('',#736,#737,#548,.T.);
#912=EDGE_CURVE('',#737,#737,#189,.T.);
#913=EDGE_CURVE('',#738,#738,#190,.T.);
#914=EDGE_CURVE('',#739,#739,#191,.T.);
#915=EDGE_CURVE('',#739,#740,#192,.T.);
#916=EDGE_CURVE('',#740,#741,#193,.T.);
#917=EDGE_CURVE('',#741,#740,#194,.T.);
#918=EDGE_CURVE('',#741,#742,#549,.T.);
#919=EDGE_CURVE('',#742,#742,#195,.T.);
#920=EDGE_CURVE('',#743,#743,#196,.T.);
#921=EDGE_CURVE('',#744,#744,#197,.T.);
#922=EDGE_CURVE('',#744,#745,#198,.T.);
#923=EDGE_CURVE('',#745,#746,#199,.T.);
#924=EDGE_CURVE('',#746,#745,#200,.T.);
#925=EDGE_CURVE('',#747,#748,#550,.T.);
#926=EDGE_CURVE('',#749,#748,#30,.T.);
#927=EDGE_CURVE('',#749,#750,#551,.T.);
#928=EDGE_CURVE('',#750,#747,#31,.T.);
#929=EDGE_CURVE('',#750,#749,#201,.T.);
#930=EDGE_CURVE('',#751,#752,#552,.T.);
#931=EDGE_CURVE('',#753,#751,#202,.T.);
#932=EDGE_CURVE('',#752,#753,#203,.T.);
#933=EDGE_CURVE('',#751,#747,#553,.T.);
#934=EDGE_CURVE('',#748,#752,#554,.T.);
#935=EDGE_CURVE('',#748,#747,#204,.T.);
#936=EDGE_CURVE('',#753,#754,#555,.T.);
#937=EDGE_CURVE('',#754,#754,#205,.T.);
#938=EDGE_CURVE('',#755,#755,#206,.T.);
#939=EDGE_CURVE('',#756,#757,#207,.T.);
#940=EDGE_CURVE('',#757,#755,#208,.T.);
#941=EDGE_CURVE('',#757,#756,#209,.T.);
#942=EDGE_CURVE('',#756,#758,#556,.T.);
#943=EDGE_CURVE('',#758,#758,#210,.T.);
#944=EDGE_CURVE('',#678,#661,#557,.T.);
#945=EDGE_CURVE('',#673,#679,#558,.T.);
#946=EDGE_CURVE('',#667,#672,#559,.T.);
#947=EDGE_CURVE('',#660,#666,#560,.T.);
#948=EDGE_CURVE('',#728,#722,#561,.T.);
#949=EDGE_CURVE('',#733,#704,#562,.T.);
#950=EDGE_CURVE('',#759,#685,#211,.T.);
#951=EDGE_CURVE('',#760,#682,#212,.T.);
#952=EDGE_CURVE('',#760,#759,#563,.T.);
#953=EDGE_CURVE('',#684,#761,#213,.T.);
#954=EDGE_CURVE('',#759,#761,#214,.T.);
#955=EDGE_CURVE('',#761,#762,#564,.T.);
#956=EDGE_CURVE('',#762,#687,#215,.T.);
#957=EDGE_CURVE('',#763,#686,#216,.T.);
#958=EDGE_CURVE('',#762,#763,#217,.T.);
#959=EDGE_CURVE('',#764,#681,#218,.T.);
#960=EDGE_CURVE('',#763,#764,#565,.T.);
#961=EDGE_CURVE('',#655,#680,#219,.T.);
#962=EDGE_CURVE('',#764,#655,#220,.T.);
#963=EDGE_CURVE('',#654,#683,#221,.T.);
#964=EDGE_CURVE('',#654,#760,#222,.T.);
#965=EDGE_CURVE('',#743,#717,#566,.T.);
#966=EDGE_CURVE('',#738,#699,#567,.T.);
#967=EDGE_CURVE('',#765,#766,#568,.T.);
#968=EDGE_CURVE('',#765,#759,#569,.T.);
#969=EDGE_CURVE('',#766,#760,#570,.T.);
#970=EDGE_CURVE('',#767,#765,#223,.T.);
#971=EDGE_CURVE('',#767,#761,#571,.T.);
#972=EDGE_CURVE('',#768,#767,#572,.T.);
#973=EDGE_CURVE('',#768,#762,#573,.T.);
#974=EDGE_CURVE('',#769,#768,#224,.T.);
#975=EDGE_CURVE('',#769,#763,#574,.T.);
#976=EDGE_CURVE('',#770,#769,#575,.T.);
#977=EDGE_CURVE('',#770,#764,#576,.T.);
#978=EDGE_CURVE('',#653,#770,#225,.T.);
#979=EDGE_CURVE('',#766,#652,#226,.T.);
#980=EDGE_CURVE('',#771,#765,#227,.T.);
#981=EDGE_CURVE('',#772,#766,#228,.T.);
#982=EDGE_CURVE('',#772,#771,#577,.T.);
#983=EDGE_CURVE('',#773,#767,#229,.T.);
#984=EDGE_CURVE('',#771,#773,#230,.T.);
#985=EDGE_CURVE('',#774,#768,#231,.T.);
#986=EDGE_CURVE('',#773,#774,#578,.T.);
#987=EDGE_CURVE('',#775,#769,#232,.T.);
#988=EDGE_CURVE('',#774,#775,#233,.T.);
#989=EDGE_CURVE('',#776,#770,#234,.T.);
#990=EDGE_CURVE('',#775,#776,#579,.T.);
#991=EDGE_CURVE('',#777,#653,#235,.T.);
#992=EDGE_CURVE('',#776,#777,#236,.T.);
#993=EDGE_CURVE('',#777,#778,#580,.T.);
#994=EDGE_CURVE('',#652,#778,#237,.T.);
#995=EDGE_CURVE('',#778,#772,#238,.T.);
#996=EDGE_CURVE('',#779,#779,#239,.T.);
#997=EDGE_CURVE('',#746,#779,#581,.T.);
#998=EDGE_CURVE('',#780,#780,#240,.T.);
#999=EDGE_CURVE('',#781,#781,#241,.T.);
#1000=EDGE_CURVE('',#781,#782,#242,.T.);
#1001=EDGE_CURVE('',#782,#782,#243,.T.);
#1002=EDGE_CURVE('',#783,#783,#244,.T.);
#1003=EDGE_CURVE('',#784,#784,#245,.T.);
#1004=EDGE_CURVE('',#784,#780,#582,.T.);
#1005=EDGE_CURVE('',#783,#785,#246,.T.);
#1006=EDGE_CURVE('',#785,#785,#247,.T.);
#1007=EDGE_CURVE('',#786,#786,#248,.T.);
#1008=EDGE_CURVE('',#786,#784,#249,.T.);
#1009=EDGE_CURVE('',#785,#787,#583,.T.);
#1010=EDGE_CURVE('',#787,#787,#250,.T.);
#1011=EDGE_CURVE('',#788,#788,#251,.T.);
#1012=EDGE_CURVE('',#782,#788,#584,.T.);
#1013=EDGE_CURVE('',#789,#789,#252,.T.);
#1014=EDGE_CURVE('',#790,#790,#253,.T.);
#1015=EDGE_CURVE('',#790,#789,#585,.T.);
#1016=EDGE_CURVE('',#791,#791,#254,.T.);
#1017=EDGE_CURVE('',#791,#792,#586,.T.);
#1018=EDGE_CURVE('',#792,#792,#255,.T.);
#1019=ORIENTED_EDGE('',*,*,#793,.F.);
#1020=ORIENTED_EDGE('',*,*,#794,.T.);
#1021=ORIENTED_EDGE('',*,*,#795,.F.);
#1022=ORIENTED_EDGE('',*,*,#796,.F.);
#1023=ORIENTED_EDGE('',*,*,#797,.T.);
#1024=ORIENTED_EDGE('',*,*,#798,.T.);
#1025=ORIENTED_EDGE('',*,*,#799,.T.);
#1026=ORIENTED_EDGE('',*,*,#800,.T.);
#1027=ORIENTED_EDGE('',*,*,#798,.F.);
#1028=ORIENTED_EDGE('',*,*,#800,.F.);
#1029=ORIENTED_EDGE('',*,*,#801,.T.);
#1030=ORIENTED_EDGE('',*,*,#802,.F.);
#1031=ORIENTED_EDGE('',*,*,#803,.T.);
#1032=ORIENTED_EDGE('',*,*,#804,.F.);
#1033=ORIENTED_EDGE('',*,*,#801,.F.);
#1034=ORIENTED_EDGE('',*,*,#799,.F.);
#1035=ORIENTED_EDGE('',*,*,#797,.F.);
#1036=ORIENTED_EDGE('',*,*,#805,.T.);
#1037=ORIENTED_EDGE('',*,*,#806,.T.);
#1038=ORIENTED_EDGE('',*,*,#807,.T.);
#1039=ORIENTED_EDGE('',*,*,#808,.T.);
#1040=ORIENTED_EDGE('',*,*,#806,.F.);
#1041=ORIENTED_EDGE('',*,*,#808,.F.);
#1042=ORIENTED_EDGE('',*,*,#809,.T.);
#1043=ORIENTED_EDGE('',*,*,#810,.T.);
#1044=ORIENTED_EDGE('',*,*,#811,.F.);
#1045=ORIENTED_EDGE('',*,*,#812,.T.);
#1046=ORIENTED_EDGE('',*,*,#809,.F.);
#1047=ORIENTED_EDGE('',*,*,#807,.F.);
#1048=ORIENTED_EDGE('',*,*,#805,.F.);
#1049=ORIENTED_EDGE('',*,*,#813,.T.);
#1050=ORIENTED_EDGE('',*,*,#814,.T.);
#1051=ORIENTED_EDGE('',*,*,#815,.T.);
#1052=ORIENTED_EDGE('',*,*,#816,.T.);
#1053=ORIENTED_EDGE('',*,*,#814,.F.);
#1054=ORIENTED_EDGE('',*,*,#816,.F.);
#1055=ORIENTED_EDGE('',*,*,#817,.T.);
#1056=ORIENTED_EDGE('',*,*,#818,.T.);
#1057=ORIENTED_EDGE('',*,*,#819,.F.);
#1058=ORIENTED_EDGE('',*,*,#820,.T.);
#1059=ORIENTED_EDGE('',*,*,#817,.F.);
#1060=ORIENTED_EDGE('',*,*,#815,.F.);
#1061=ORIENTED_EDGE('',*,*,#813,.F.);
#1062=ORIENTED_EDGE('',*,*,#821,.T.);
#1063=ORIENTED_EDGE('',*,*,#822,.T.);
#1064=ORIENTED_EDGE('',*,*,#823,.T.);
#1065=ORIENTED_EDGE('',*,*,#824,.T.);
#1066=ORIENTED_EDGE('',*,*,#822,.F.);
#1067=ORIENTED_EDGE('',*,*,#824,.F.);
#1068=ORIENTED_EDGE('',*,*,#825,.T.);
#1069=ORIENTED_EDGE('',*,*,#826,.F.);
#1070=ORIENTED_EDGE('',*,*,#827,.T.);
#1071=ORIENTED_EDGE('',*,*,#828,.F.);
#1072=ORIENTED_EDGE('',*,*,#825,.F.);
#1073=ORIENTED_EDGE('',*,*,#823,.F.);
#1074=ORIENTED_EDGE('',*,*,#821,.F.);
#1075=ORIENTED_EDGE('',*,*,#829,.F.);
#1076=ORIENTED_EDGE('',*,*,#803,.F.);
#1077=ORIENTED_EDGE('',*,*,#830,.F.);
#1078=ORIENTED_EDGE('',*,*,#831,.F.);
#1079=ORIENTED_EDGE('',*,*,#832,.F.);
#1080=ORIENTED_EDGE('',*,*,#827,.F.);
#1081=ORIENTED_EDGE('',*,*,#833,.F.);
#1082=ORIENTED_EDGE('',*,*,#834,.F.);
#1083=ORIENTED_EDGE('',*,*,#835,.F.);
#1084=ORIENTED_EDGE('',*,*,#818,.F.);
#1085=ORIENTED_EDGE('',*,*,#820,.F.);
#1086=ORIENTED_EDGE('',*,*,#836,.F.);
#1087=ORIENTED_EDGE('',*,*,#837,.F.);
#1088=ORIENTED_EDGE('',*,*,#838,.F.);
#1089=ORIENTED_EDGE('',*,*,#810,.F.);
#1090=ORIENTED_EDGE('',*,*,#812,.F.);
#1091=ORIENTED_EDGE('',*,*,#839,.F.);
#1092=ORIENTED_EDGE('',*,*,#840,.F.);
#1093=ORIENTED_EDGE('',*,*,#841,.T.);
#1094=ORIENTED_EDGE('',*,*,#842,.T.);
#1095=ORIENTED_EDGE('',*,*,#843,.T.);
#1096=ORIENTED_EDGE('',*,*,#844,.T.);
#1097=ORIENTED_EDGE('',*,*,#842,.F.);
#1098=ORIENTED_EDGE('',*,*,#844,.F.);
#1099=ORIENTED_EDGE('',*,*,#845,.T.);
#1100=ORIENTED_EDGE('',*,*,#846,.F.);
#1101=ORIENTED_EDGE('',*,*,#845,.F.);
#1102=ORIENTED_EDGE('',*,*,#843,.F.);
#1103=ORIENTED_EDGE('',*,*,#841,.F.);
#1104=ORIENTED_EDGE('',*,*,#847,.T.);
#1105=ORIENTED_EDGE('',*,*,#848,.T.);
#1106=ORIENTED_EDGE('',*,*,#849,.T.);
#1107=ORIENTED_EDGE('',*,*,#850,.T.);
#1108=ORIENTED_EDGE('',*,*,#848,.F.);
#1109=ORIENTED_EDGE('',*,*,#850,.F.);
#1110=ORIENTED_EDGE('',*,*,#851,.T.);
#1111=ORIENTED_EDGE('',*,*,#852,.F.);
#1112=ORIENTED_EDGE('',*,*,#851,.F.);
#1113=ORIENTED_EDGE('',*,*,#849,.F.);
#1114=ORIENTED_EDGE('',*,*,#847,.F.);
#1115=ORIENTED_EDGE('',*,*,#853,.T.);
#1116=ORIENTED_EDGE('',*,*,#854,.T.);
#1117=ORIENTED_EDGE('',*,*,#855,.T.);
#1118=ORIENTED_EDGE('',*,*,#856,.T.);
#1119=ORIENTED_EDGE('',*,*,#854,.F.);
#1120=ORIENTED_EDGE('',*,*,#853,.F.);
#1121=ORIENTED_EDGE('',*,*,#857,.T.);
#1122=ORIENTED_EDGE('',*,*,#856,.F.);
#1123=ORIENTED_EDGE('',*,*,#858,.T.);
#1124=ORIENTED_EDGE('',*,*,#859,.F.);
#1125=ORIENTED_EDGE('',*,*,#858,.F.);
#1126=ORIENTED_EDGE('',*,*,#855,.F.);
#1127=ORIENTED_EDGE('',*,*,#860,.T.);
#1128=ORIENTED_EDGE('',*,*,#861,.T.);
#1129=ORIENTED_EDGE('',*,*,#862,.T.);
#1130=ORIENTED_EDGE('',*,*,#863,.T.);
#1131=ORIENTED_EDGE('',*,*,#861,.F.);
#1132=ORIENTED_EDGE('',*,*,#860,.F.);
#1133=ORIENTED_EDGE('',*,*,#864,.T.);
#1134=ORIENTED_EDGE('',*,*,#863,.F.);
#1135=ORIENTED_EDGE('',*,*,#865,.T.);
#1136=ORIENTED_EDGE('',*,*,#866,.F.);
#1137=ORIENTED_EDGE('',*,*,#865,.F.);
#1138=ORIENTED_EDGE('',*,*,#862,.F.);
#1139=ORIENTED_EDGE('',*,*,#867,.T.);
#1140=ORIENTED_EDGE('',*,*,#868,.T.);
#1141=ORIENTED_EDGE('',*,*,#869,.T.);
#1142=ORIENTED_EDGE('',*,*,#870,.T.);
#1143=ORIENTED_EDGE('',*,*,#868,.F.);
#1144=ORIENTED_EDGE('',*,*,#870,.F.);
#1145=ORIENTED_EDGE('',*,*,#871,.T.);
#1146=ORIENTED_EDGE('',*,*,#872,.F.);
#1147=ORIENTED_EDGE('',*,*,#871,.F.);
#1148=ORIENTED_EDGE('',*,*,#869,.F.);
#1149=ORIENTED_EDGE('',*,*,#867,.F.);
#1150=ORIENTED_EDGE('',*,*,#873,.T.);
#1151=ORIENTED_EDGE('',*,*,#874,.T.);
#1152=ORIENTED_EDGE('',*,*,#875,.T.);
#1153=ORIENTED_EDGE('',*,*,#876,.T.);
#1154=ORIENTED_EDGE('',*,*,#874,.F.);
#1155=ORIENTED_EDGE('',*,*,#876,.F.);
#1156=ORIENTED_EDGE('',*,*,#877,.T.);
#1157=ORIENTED_EDGE('',*,*,#878,.F.);
#1158=ORIENTED_EDGE('',*,*,#877,.F.);
#1159=ORIENTED_EDGE('',*,*,#875,.F.);
#1160=ORIENTED_EDGE('',*,*,#873,.F.);
#1161=ORIENTED_EDGE('',*,*,#879,.T.);
#1162=ORIENTED_EDGE('',*,*,#880,.T.);
#1163=ORIENTED_EDGE('',*,*,#881,.T.);
#1164=ORIENTED_EDGE('',*,*,#882,.T.);
#1165=ORIENTED_EDGE('',*,*,#880,.F.);
#1166=ORIENTED_EDGE('',*,*,#879,.F.);
#1167=ORIENTED_EDGE('',*,*,#883,.T.);
#1168=ORIENTED_EDGE('',*,*,#882,.F.);
#1169=ORIENTED_EDGE('',*,*,#884,.T.);
#1170=ORIENTED_EDGE('',*,*,#885,.F.);
#1171=ORIENTED_EDGE('',*,*,#884,.F.);
#1172=ORIENTED_EDGE('',*,*,#881,.F.);
#1173=ORIENTED_EDGE('',*,*,#886,.T.);
#1174=ORIENTED_EDGE('',*,*,#887,.T.);
#1175=ORIENTED_EDGE('',*,*,#888,.T.);
#1176=ORIENTED_EDGE('',*,*,#889,.T.);
#1177=ORIENTED_EDGE('',*,*,#887,.F.);
#1178=ORIENTED_EDGE('',*,*,#886,.F.);
#1179=ORIENTED_EDGE('',*,*,#890,.T.);
#1180=ORIENTED_EDGE('',*,*,#889,.F.);
#1181=ORIENTED_EDGE('',*,*,#891,.T.);
#1182=ORIENTED_EDGE('',*,*,#892,.F.);
#1183=ORIENTED_EDGE('',*,*,#891,.F.);
#1184=ORIENTED_EDGE('',*,*,#888,.F.);
#1185=ORIENTED_EDGE('',*,*,#893,.T.);
#1186=ORIENTED_EDGE('',*,*,#894,.T.);
#1187=ORIENTED_EDGE('',*,*,#895,.T.);
#1188=ORIENTED_EDGE('',*,*,#896,.T.);
#1189=ORIENTED_EDGE('',*,*,#894,.F.);
#1190=ORIENTED_EDGE('',*,*,#896,.F.);
#1191=ORIENTED_EDGE('',*,*,#897,.T.);
#1192=ORIENTED_EDGE('',*,*,#898,.F.);
#1193=ORIENTED_EDGE('',*,*,#897,.F.);
#1194=ORIENTED_EDGE('',*,*,#895,.F.);
#1195=ORIENTED_EDGE('',*,*,#893,.F.);
#1196=ORIENTED_EDGE('',*,*,#899,.T.);
#1197=ORIENTED_EDGE('',*,*,#900,.T.);
#1198=ORIENTED_EDGE('',*,*,#901,.T.);
#1199=ORIENTED_EDGE('',*,*,#902,.T.);
#1200=ORIENTED_EDGE('',*,*,#903,.T.);
#1201=ORIENTED_EDGE('',*,*,#901,.F.);
#1202=ORIENTED_EDGE('',*,*,#903,.F.);
#1203=ORIENTED_EDGE('',*,*,#904,.T.);
#1204=ORIENTED_EDGE('',*,*,#905,.F.);
#1205=ORIENTED_EDGE('',*,*,#904,.F.);
#1206=ORIENTED_EDGE('',*,*,#902,.F.);
#1207=ORIENTED_EDGE('',*,*,#900,.F.);
#1208=ORIENTED_EDGE('',*,*,#906,.T.);
#1209=ORIENTED_EDGE('',*,*,#907,.T.);
#1210=ORIENTED_EDGE('',*,*,#908,.T.);
#1211=ORIENTED_EDGE('',*,*,#909,.T.);
#1212=ORIENTED_EDGE('',*,*,#910,.T.);
#1213=ORIENTED_EDGE('',*,*,#908,.F.);
#1214=ORIENTED_EDGE('',*,*,#910,.F.);
#1215=ORIENTED_EDGE('',*,*,#911,.T.);
#1216=ORIENTED_EDGE('',*,*,#912,.F.);
#1217=ORIENTED_EDGE('',*,*,#911,.F.);
#1218=ORIENTED_EDGE('',*,*,#909,.F.);
#1219=ORIENTED_EDGE('',*,*,#907,.F.);
#1220=ORIENTED_EDGE('',*,*,#913,.T.);
#1221=ORIENTED_EDGE('',*,*,#914,.T.);
#1222=ORIENTED_EDGE('',*,*,#915,.T.);
#1223=ORIENTED_EDGE('',*,*,#916,.T.);
#1224=ORIENTED_EDGE('',*,*,#917,.T.);
#1225=ORIENTED_EDGE('',*,*,#915,.F.);
#1226=ORIENTED_EDGE('',*,*,#917,.F.);
#1227=ORIENTED_EDGE('',*,*,#918,.T.);
#1228=ORIENTED_EDGE('',*,*,#919,.F.);
#1229=ORIENTED_EDGE('',*,*,#918,.F.);
#1230=ORIENTED_EDGE('',*,*,#916,.F.);
#1231=ORIENTED_EDGE('',*,*,#914,.F.);
#1232=ORIENTED_EDGE('',*,*,#920,.T.);
#1233=ORIENTED_EDGE('',*,*,#921,.T.);
#1234=ORIENTED_EDGE('',*,*,#922,.T.);
#1235=ORIENTED_EDGE('',*,*,#923,.T.);
#1236=ORIENTED_EDGE('',*,*,#924,.T.);
#1237=ORIENTED_EDGE('',*,*,#922,.F.);
#1238=ORIENTED_EDGE('',*,*,#925,.T.);
#1239=ORIENTED_EDGE('',*,*,#926,.F.);
#1240=ORIENTED_EDGE('',*,*,#927,.T.);
#1241=ORIENTED_EDGE('',*,*,#928,.T.);
#1242=ORIENTED_EDGE('',*,*,#929,.F.);
#1243=ORIENTED_EDGE('',*,*,#927,.F.);
#1244=ORIENTED_EDGE('',*,*,#930,.F.);
#1245=ORIENTED_EDGE('',*,*,#931,.F.);
#1246=ORIENTED_EDGE('',*,*,#932,.F.);
#1247=ORIENTED_EDGE('',*,*,#925,.F.);
#1248=ORIENTED_EDGE('',*,*,#933,.F.);
#1249=ORIENTED_EDGE('',*,*,#930,.T.);
#1250=ORIENTED_EDGE('',*,*,#934,.F.);
#1251=ORIENTED_EDGE('',*,*,#929,.T.);
#1252=ORIENTED_EDGE('',*,*,#926,.T.);
#1253=ORIENTED_EDGE('',*,*,#935,.T.);
#1254=ORIENTED_EDGE('',*,*,#928,.F.);
#1255=ORIENTED_EDGE('',*,*,#935,.F.);
#1256=ORIENTED_EDGE('',*,*,#934,.T.);
#1257=ORIENTED_EDGE('',*,*,#932,.T.);
#1258=ORIENTED_EDGE('',*,*,#936,.T.);
#1259=ORIENTED_EDGE('',*,*,#937,.F.);
#1260=ORIENTED_EDGE('',*,*,#936,.F.);
#1261=ORIENTED_EDGE('',*,*,#931,.T.);
#1262=ORIENTED_EDGE('',*,*,#933,.T.);
#1263=ORIENTED_EDGE('',*,*,#938,.F.);
#1264=ORIENTED_EDGE('',*,*,#937,.T.);
#1265=ORIENTED_EDGE('',*,*,#939,.T.);
#1266=ORIENTED_EDGE('',*,*,#940,.T.);
#1267=ORIENTED_EDGE('',*,*,#938,.T.);
#1268=ORIENTED_EDGE('',*,*,#940,.F.);
#1269=ORIENTED_EDGE('',*,*,#941,.T.);
#1270=ORIENTED_EDGE('',*,*,#939,.F.);
#1271=ORIENTED_EDGE('',*,*,#942,.T.);
#1272=ORIENTED_EDGE('',*,*,#943,.F.);
#1273=ORIENTED_EDGE('',*,*,#942,.F.);
#1274=ORIENTED_EDGE('',*,*,#941,.F.);
#1275=ORIENTED_EDGE('',*,*,#802,.T.);
#1276=ORIENTED_EDGE('',*,*,#804,.T.);
#1277=ORIENTED_EDGE('',*,*,#944,.F.);
#1278=ORIENTED_EDGE('',*,*,#826,.T.);
#1279=ORIENTED_EDGE('',*,*,#828,.T.);
#1280=ORIENTED_EDGE('',*,*,#945,.F.);
#1281=ORIENTED_EDGE('',*,*,#819,.T.);
#1282=ORIENTED_EDGE('',*,*,#946,.F.);
#1283=ORIENTED_EDGE('',*,*,#811,.T.);
#1284=ORIENTED_EDGE('',*,*,#947,.F.);
#1285=ORIENTED_EDGE('',*,*,#846,.T.);
#1286=ORIENTED_EDGE('',*,*,#852,.T.);
#1287=ORIENTED_EDGE('',*,*,#912,.T.);
#1288=ORIENTED_EDGE('',*,*,#919,.T.);
#1289=ORIENTED_EDGE('',*,*,#943,.T.);
#1290=ORIENTED_EDGE('',*,*,#898,.T.);
#1291=ORIENTED_EDGE('',*,*,#905,.T.);
#1292=ORIENTED_EDGE('',*,*,#899,.F.);
#1293=ORIENTED_EDGE('',*,*,#948,.T.);
#1294=ORIENTED_EDGE('',*,*,#890,.F.);
#1295=ORIENTED_EDGE('',*,*,#948,.F.);
#1296=ORIENTED_EDGE('',*,*,#906,.F.);
#1297=ORIENTED_EDGE('',*,*,#949,.T.);
#1298=ORIENTED_EDGE('',*,*,#864,.F.);
#1299=ORIENTED_EDGE('',*,*,#949,.F.);
#1300=ORIENTED_EDGE('',*,*,#950,.T.);
#1301=ORIENTED_EDGE('',*,*,#836,.T.);
#1302=ORIENTED_EDGE('',*,*,#945,.T.);
#1303=ORIENTED_EDGE('',*,*,#832,.T.);
#1304=ORIENTED_EDGE('',*,*,#951,.F.);
#1305=ORIENTED_EDGE('',*,*,#952,.T.);
#1306=ORIENTED_EDGE('',*,*,#953,.F.);
#1307=ORIENTED_EDGE('',*,*,#837,.T.);
#1308=ORIENTED_EDGE('',*,*,#950,.F.);
#1309=ORIENTED_EDGE('',*,*,#954,.T.);
#1310=ORIENTED_EDGE('',*,*,#953,.T.);
#1311=ORIENTED_EDGE('',*,*,#955,.T.);
#1312=ORIENTED_EDGE('',*,*,#956,.T.);
#1313=ORIENTED_EDGE('',*,*,#839,.T.);
#1314=ORIENTED_EDGE('',*,*,#946,.T.);
#1315=ORIENTED_EDGE('',*,*,#835,.T.);
#1316=ORIENTED_EDGE('',*,*,#957,.T.);
#1317=ORIENTED_EDGE('',*,*,#840,.T.);
#1318=ORIENTED_EDGE('',*,*,#956,.F.);
#1319=ORIENTED_EDGE('',*,*,#958,.T.);
#1320=ORIENTED_EDGE('',*,*,#959,.T.);
#1321=ORIENTED_EDGE('',*,*,#830,.T.);
#1322=ORIENTED_EDGE('',*,*,#947,.T.);
#1323=ORIENTED_EDGE('',*,*,#838,.T.);
#1324=ORIENTED_EDGE('',*,*,#957,.F.);
#1325=ORIENTED_EDGE('',*,*,#960,.T.);
#1326=ORIENTED_EDGE('',*,*,#961,.T.);
#1327=ORIENTED_EDGE('',*,*,#831,.T.);
#1328=ORIENTED_EDGE('',*,*,#959,.F.);
#1329=ORIENTED_EDGE('',*,*,#962,.T.);
#1330=ORIENTED_EDGE('',*,*,#963,.T.);
#1331=ORIENTED_EDGE('',*,*,#833,.T.);
#1332=ORIENTED_EDGE('',*,*,#944,.T.);
#1333=ORIENTED_EDGE('',*,*,#829,.T.);
#1334=ORIENTED_EDGE('',*,*,#961,.F.);
#1335=ORIENTED_EDGE('',*,*,#795,.T.);
#1336=ORIENTED_EDGE('',*,*,#951,.T.);
#1337=ORIENTED_EDGE('',*,*,#834,.T.);
#1338=ORIENTED_EDGE('',*,*,#963,.F.);
#1339=ORIENTED_EDGE('',*,*,#964,.T.);
#1340=ORIENTED_EDGE('',*,*,#920,.F.);
#1341=ORIENTED_EDGE('',*,*,#965,.T.);
#1342=ORIENTED_EDGE('',*,*,#883,.F.);
#1343=ORIENTED_EDGE('',*,*,#965,.F.);
#1344=ORIENTED_EDGE('',*,*,#913,.F.);
#1345=ORIENTED_EDGE('',*,*,#966,.T.);
#1346=ORIENTED_EDGE('',*,*,#857,.F.);
#1347=ORIENTED_EDGE('',*,*,#966,.F.);
#1348=ORIENTED_EDGE('',*,*,#967,.F.);
#1349=ORIENTED_EDGE('',*,*,#968,.T.);
#1350=ORIENTED_EDGE('',*,*,#952,.F.);
#1351=ORIENTED_EDGE('',*,*,#969,.F.);
#1352=ORIENTED_EDGE('',*,*,#970,.F.);
#1353=ORIENTED_EDGE('',*,*,#971,.T.);
#1354=ORIENTED_EDGE('',*,*,#954,.F.);
#1355=ORIENTED_EDGE('',*,*,#968,.F.);
#1356=ORIENTED_EDGE('',*,*,#972,.F.);
#1357=ORIENTED_EDGE('',*,*,#973,.T.);
#1358=ORIENTED_EDGE('',*,*,#955,.F.);
#1359=ORIENTED_EDGE('',*,*,#971,.F.);
#1360=ORIENTED_EDGE('',*,*,#974,.F.);
#1361=ORIENTED_EDGE('',*,*,#975,.T.);
#1362=ORIENTED_EDGE('',*,*,#958,.F.);
#1363=ORIENTED_EDGE('',*,*,#973,.F.);
#1364=ORIENTED_EDGE('',*,*,#976,.F.);
#1365=ORIENTED_EDGE('',*,*,#977,.T.);
#1366=ORIENTED_EDGE('',*,*,#960,.F.);
#1367=ORIENTED_EDGE('',*,*,#975,.F.);
#1368=ORIENTED_EDGE('',*,*,#978,.F.);
#1369=ORIENTED_EDGE('',*,*,#796,.T.);
#1370=ORIENTED_EDGE('',*,*,#962,.F.);
#1371=ORIENTED_EDGE('',*,*,#977,.F.);
#1372=ORIENTED_EDGE('',*,*,#979,.F.);
#1373=ORIENTED_EDGE('',*,*,#969,.T.);
#1374=ORIENTED_EDGE('',*,*,#964,.F.);
#1375=ORIENTED_EDGE('',*,*,#794,.F.);
#1376=ORIENTED_EDGE('',*,*,#980,.T.);
#1377=ORIENTED_EDGE('',*,*,#967,.T.);
#1378=ORIENTED_EDGE('',*,*,#981,.F.);
#1379=ORIENTED_EDGE('',*,*,#982,.T.);
#1380=ORIENTED_EDGE('',*,*,#983,.T.);
#1381=ORIENTED_EDGE('',*,*,#970,.T.);
#1382=ORIENTED_EDGE('',*,*,#980,.F.);
#1383=ORIENTED_EDGE('',*,*,#984,.T.);
#1384=ORIENTED_EDGE('',*,*,#985,.T.);
#1385=ORIENTED_EDGE('',*,*,#972,.T.);
#1386=ORIENTED_EDGE('',*,*,#983,.F.);
#1387=ORIENTED_EDGE('',*,*,#986,.T.);
#1388=ORIENTED_EDGE('',*,*,#987,.T.);
#1389=ORIENTED_EDGE('',*,*,#974,.T.);
#1390=ORIENTED_EDGE('',*,*,#985,.F.);
#1391=ORIENTED_EDGE('',*,*,#988,.T.);
#1392=ORIENTED_EDGE('',*,*,#989,.T.);
#1393=ORIENTED_EDGE('',*,*,#976,.T.);
#1394=ORIENTED_EDGE('',*,*,#987,.F.);
#1395=ORIENTED_EDGE('',*,*,#990,.T.);
#1396=ORIENTED_EDGE('',*,*,#991,.T.);
#1397=ORIENTED_EDGE('',*,*,#978,.T.);
#1398=ORIENTED_EDGE('',*,*,#989,.F.);
#1399=ORIENTED_EDGE('',*,*,#992,.T.);
#1400=ORIENTED_EDGE('',*,*,#991,.F.);
#1401=ORIENTED_EDGE('',*,*,#993,.T.);
#1402=ORIENTED_EDGE('',*,*,#994,.F.);
#1403=ORIENTED_EDGE('',*,*,#793,.T.);
#1404=ORIENTED_EDGE('',*,*,#994,.T.);
#1405=ORIENTED_EDGE('',*,*,#995,.T.);
#1406=ORIENTED_EDGE('',*,*,#981,.T.);
#1407=ORIENTED_EDGE('',*,*,#979,.T.);
#1408=ORIENTED_EDGE('',*,*,#995,.F.);
#1409=ORIENTED_EDGE('',*,*,#993,.F.);
#1410=ORIENTED_EDGE('',*,*,#992,.F.);
#1411=ORIENTED_EDGE('',*,*,#990,.F.);
#1412=ORIENTED_EDGE('',*,*,#988,.F.);
#1413=ORIENTED_EDGE('',*,*,#986,.F.);
#1414=ORIENTED_EDGE('',*,*,#984,.F.);
#1415=ORIENTED_EDGE('',*,*,#982,.F.);
#1416=ORIENTED_EDGE('',*,*,#878,.T.);
#1417=ORIENTED_EDGE('',*,*,#872,.T.);
#1418=ORIENTED_EDGE('',*,*,#859,.T.);
#1419=ORIENTED_EDGE('',*,*,#885,.T.);
#1420=ORIENTED_EDGE('',*,*,#866,.T.);
#1421=ORIENTED_EDGE('',*,*,#892,.T.);
#1422=ORIENTED_EDGE('',*,*,#996,.T.);
#1423=ORIENTED_EDGE('',*,*,#921,.F.);
#1424=ORIENTED_EDGE('',*,*,#924,.F.);
#1425=ORIENTED_EDGE('',*,*,#997,.T.);
#1426=ORIENTED_EDGE('',*,*,#996,.F.);
#1427=ORIENTED_EDGE('',*,*,#997,.F.);
#1428=ORIENTED_EDGE('',*,*,#923,.F.);
#1429=ORIENTED_EDGE('',*,*,#998,.F.);
#1430=ORIENTED_EDGE('',*,*,#999,.T.);
#1431=ORIENTED_EDGE('',*,*,#1000,.T.);
#1432=ORIENTED_EDGE('',*,*,#1001,.T.);
#1433=ORIENTED_EDGE('',*,*,#1000,.F.);
#1434=ORIENTED_EDGE('',*,*,#1002,.F.);
#1435=ORIENTED_EDGE('',*,*,#1003,.F.);
#1436=ORIENTED_EDGE('',*,*,#1004,.T.);
#1437=ORIENTED_EDGE('',*,*,#998,.T.);
#1438=ORIENTED_EDGE('',*,*,#1004,.F.);
#1439=ORIENTED_EDGE('',*,*,#1002,.T.);
#1440=ORIENTED_EDGE('',*,*,#1005,.T.);
#1441=ORIENTED_EDGE('',*,*,#1006,.T.);
#1442=ORIENTED_EDGE('',*,*,#1005,.F.);
#1443=ORIENTED_EDGE('',*,*,#1007,.T.);
#1444=ORIENTED_EDGE('',*,*,#1008,.T.);
#1445=ORIENTED_EDGE('',*,*,#1003,.T.);
#1446=ORIENTED_EDGE('',*,*,#1008,.F.);
#1447=ORIENTED_EDGE('',*,*,#1006,.F.);
#1448=ORIENTED_EDGE('',*,*,#1009,.T.);
#1449=ORIENTED_EDGE('',*,*,#1010,.F.);
#1450=ORIENTED_EDGE('',*,*,#1009,.F.);
#1451=ORIENTED_EDGE('',*,*,#1007,.F.);
#1452=ORIENTED_EDGE('',*,*,#1011,.T.);
#1453=ORIENTED_EDGE('',*,*,#999,.F.);
#1454=ORIENTED_EDGE('',*,*,#1010,.T.);
#1455=ORIENTED_EDGE('',*,*,#1001,.F.);
#1456=ORIENTED_EDGE('',*,*,#1012,.T.);
#1457=ORIENTED_EDGE('',*,*,#1011,.F.);
#1458=ORIENTED_EDGE('',*,*,#1012,.F.);
#1459=ORIENTED_EDGE('',*,*,#1013,.F.);
#1460=ORIENTED_EDGE('',*,*,#1014,.F.);
#1461=ORIENTED_EDGE('',*,*,#1015,.T.);
#1462=ORIENTED_EDGE('',*,*,#1013,.T.);
#1463=ORIENTED_EDGE('',*,*,#1015,.F.);
#1464=ORIENTED_EDGE('',*,*,#1014,.T.);
#1465=ORIENTED_EDGE('',*,*,#1016,.T.);
#1466=ORIENTED_EDGE('',*,*,#1016,.F.);
#1467=ORIENTED_EDGE('',*,*,#1017,.T.);
#1468=ORIENTED_EDGE('',*,*,#1018,.F.);
#1469=ORIENTED_EDGE('',*,*,#1017,.F.);
#1470=ORIENTED_EDGE('',*,*,#1018,.T.);
#1471=PLANE('',#1638);
#1472=PLANE('',#1648);
#1473=PLANE('',#1658);
#1474=PLANE('',#1668);
#1475=PLANE('',#1678);
#1476=PLANE('',#1679);
#1477=PLANE('',#1681);
#1478=PLANE('',#1683);
#1479=PLANE('',#1685);
#1480=PLANE('',#1694);
#1481=PLANE('',#1702);
#1482=PLANE('',#1708);
#1483=PLANE('',#1717);
#1484=PLANE('',#1728);
#1485=PLANE('',#1736);
#1486=PLANE('',#1742);
#1487=PLANE('',#1751);
#1488=PLANE('',#1762);
#1489=PLANE('',#1771);
#1490=PLANE('',#1780);
#1491=PLANE('',#1789);
#1492=PLANE('',#1796);
#1493=PLANE('',#1797);
#1494=PLANE('',#1799);
#1495=PLANE('',#1802);
#1496=PLANE('',#1807);
#1497=PLANE('',#1815);
#1498=PLANE('',#1836);
#1499=PLANE('',#1839);
#1500=PLANE('',#1842);
#1501=PLANE('',#1863);
#1502=PLANE('',#1865);
#1503=PLANE('',#1867);
#1504=PLANE('',#1873);
#1505=PLANE('',#1885);
#1506=PLANE('',#1887);
#1507=PLANE('',#1889);
#1508=PLANE('',#1893);
#1509=PLANE('',#1894);
#1510=PLANE('',#1898);
#1511=ADVANCED_FACE('',(#277),#1471,.T.);
#1512=ADVANCED_FACE('',(#278),#256,.T.);
#1513=ADVANCED_FACE('',(#279),#57,.T.);
#1514=ADVANCED_FACE('',(#280),#1472,.T.);
#1515=ADVANCED_FACE('',(#281),#257,.T.);
#1516=ADVANCED_FACE('',(#282),#58,.T.);
#1517=ADVANCED_FACE('',(#283),#1473,.T.);
#1518=ADVANCED_FACE('',(#284),#258,.T.);
#1519=ADVANCED_FACE('',(#285),#59,.T.);
#1520=ADVANCED_FACE('',(#286),#1474,.T.);
#1521=ADVANCED_FACE('',(#287),#259,.T.);
#1522=ADVANCED_FACE('',(#288),#60,.T.);
#1523=ADVANCED_FACE('',(#289),#1475,.T.);
#1524=ADVANCED_FACE('',(#290),#1476,.F.);
#1525=ADVANCED_FACE('',(#291),#1477,.F.);
#1526=ADVANCED_FACE('',(#292),#1478,.F.);
#1527=ADVANCED_FACE('',(#293),#1479,.F.);
#1528=ADVANCED_FACE('',(#294),#260,.T.);
#1529=ADVANCED_FACE('',(#295),#61,.T.);
#1530=ADVANCED_FACE('',(#296),#1480,.T.);
#1531=ADVANCED_FACE('',(#297),#261,.T.);
#1532=ADVANCED_FACE('',(#298),#62,.T.);
#1533=ADVANCED_FACE('',(#299),#1481,.T.);
#1534=ADVANCED_FACE('',(#300),#262,.T.);
#1535=ADVANCED_FACE('',(#301,#32),#1482,.F.);
#1536=ADVANCED_FACE('',(#302),#63,.T.);
#1537=ADVANCED_FACE('',(#303),#263,.T.);
#1538=ADVANCED_FACE('',(#304,#33),#1483,.F.);
#1539=ADVANCED_FACE('',(#305),#64,.T.);
#1540=ADVANCED_FACE('',(#306),#264,.T.);
#1541=ADVANCED_FACE('',(#307),#65,.T.);
#1542=ADVANCED_FACE('',(#308),#1484,.F.);
#1543=ADVANCED_FACE('',(#309),#265,.T.);
#1544=ADVANCED_FACE('',(#310),#66,.T.);
#1545=ADVANCED_FACE('',(#311),#1485,.F.);
#1546=ADVANCED_FACE('',(#312),#266,.T.);
#1547=ADVANCED_FACE('',(#313,#34),#1486,.F.);
#1548=ADVANCED_FACE('',(#314),#67,.T.);
#1549=ADVANCED_FACE('',(#315),#267,.T.);
#1550=ADVANCED_FACE('',(#316,#35),#1487,.F.);
#1551=ADVANCED_FACE('',(#317),#68,.T.);
#1552=ADVANCED_FACE('',(#318),#268,.T.);
#1553=ADVANCED_FACE('',(#319),#69,.T.);
#1554=ADVANCED_FACE('',(#320,#36),#1488,.T.);
#1555=ADVANCED_FACE('',(#321),#269,.T.);
#1556=ADVANCED_FACE('',(#322),#70,.T.);
#1557=ADVANCED_FACE('',(#323,#37),#1489,.T.);
#1558=ADVANCED_FACE('',(#324),#270,.T.);
#1559=ADVANCED_FACE('',(#325),#71,.T.);
#1560=ADVANCED_FACE('',(#326,#38),#1490,.T.);
#1561=ADVANCED_FACE('',(#327),#271,.T.);
#1562=ADVANCED_FACE('',(#328),#72,.T.);
#1563=ADVANCED_FACE('',(#329,#39),#1491,.T.);
#1564=ADVANCED_FACE('',(#330),#272,.T.);
#1565=ADVANCED_FACE('',(#331),#1492,.T.);
#1566=ADVANCED_FACE('',(#332),#1493,.T.);
#1567=ADVANCED_FACE('',(#333),#1494,.T.);
#1568=ADVANCED_FACE('',(#334),#1495,.F.);
#1569=ADVANCED_FACE('',(#335),#29,.T.);
#1570=ADVANCED_FACE('',(#336),#73,.T.);
#1571=ADVANCED_FACE('',(#337,#40),#1496,.T.);
#1572=ADVANCED_FACE('',(#338),#273,.T.);
#1573=ADVANCED_FACE('',(#339),#74,.T.);
#1574=ADVANCED_FACE('',(#340,#41,#42,#43,#44,#45,#46,#47),#1497,.T.);
#1575=ADVANCED_FACE('',(#341),#75,.F.);
#1576=ADVANCED_FACE('',(#342),#76,.F.);
#1577=ADVANCED_FACE('',(#343),#77,.T.);
#1578=ADVANCED_FACE('',(#344),#21,.F.);
#1579=ADVANCED_FACE('',(#345),#78,.T.);
#1580=ADVANCED_FACE('',(#346),#22,.F.);
#1581=ADVANCED_FACE('',(#347),#79,.T.);
#1582=ADVANCED_FACE('',(#348),#23,.F.);
#1583=ADVANCED_FACE('',(#349),#80,.T.);
#1584=ADVANCED_FACE('',(#350),#24,.F.);
#1585=ADVANCED_FACE('',(#351),#81,.F.);
#1586=ADVANCED_FACE('',(#352),#82,.F.);
#1587=ADVANCED_FACE('',(#353),#1498,.T.);
#1588=ADVANCED_FACE('',(#354),#83,.T.);
#1589=ADVANCED_FACE('',(#355),#1499,.T.);
#1590=ADVANCED_FACE('',(#356),#84,.T.);
#1591=ADVANCED_FACE('',(#357),#1500,.T.);
#1592=ADVANCED_FACE('',(#358),#85,.T.);
#1593=ADVANCED_FACE('',(#359),#86,.T.);
#1594=ADVANCED_FACE('',(#360),#87,.T.);
#1595=ADVANCED_FACE('',(#361),#25,.F.);
#1596=ADVANCED_FACE('',(#362),#88,.T.);
#1597=ADVANCED_FACE('',(#363),#26,.F.);
#1598=ADVANCED_FACE('',(#364),#89,.T.);
#1599=ADVANCED_FACE('',(#365),#27,.F.);
#1600=ADVANCED_FACE('',(#366),#90,.T.);
#1601=ADVANCED_FACE('',(#367),#28,.F.);
#1602=ADVANCED_FACE('',(#368,#48,#49,#50,#51,#52,#53,#54),#1501,.F.);
#1603=ADVANCED_FACE('',(#369),#1502,.T.);
#1604=ADVANCED_FACE('',(#370),#91,.T.);
#1605=ADVANCED_FACE('',(#371),#1503,.F.);
#1606=ADVANCED_FACE('',(#372),#274,.T.);
#1607=ADVANCED_FACE('',(#373),#1504,.T.);
#1608=ADVANCED_FACE('',(#374),#92,.T.);
#1609=ADVANCED_FACE('',(#375),#275,.T.);
#1610=ADVANCED_FACE('',(#376),#276,.T.);
#1611=ADVANCED_FACE('',(#377),#93,.T.);
#1612=ADVANCED_FACE('',(#378,#55),#1505,.T.);
#1613=ADVANCED_FACE('',(#379,#56),#1506,.T.);
#1614=ADVANCED_FACE('',(#380),#94,.T.);
#1615=ADVANCED_FACE('',(#381),#1507,.F.);
#1616=ADVANCED_FACE('',(#382),#95,.T.);
#1617=ADVANCED_FACE('',(#383),#1508,.T.);
#1618=ADVANCED_FACE('',(#384),#1509,.T.);
#1619=ADVANCED_FACE('',(#385),#96,.T.);
#1620=ADVANCED_FACE('',(#386),#1510,.F.);
#1621=CLOSED_SHELL('',(#1511,#1512,#1513,#1514,#1515,#1516,#1517,#1518,
#1519,#1520,#1521,#1522,#1523,#1524,#1525,#1526,#1527,#1528,#1529,#1530,
#1531,#1532,#1533,#1534,#1535,#1536,#1537,#1538,#1539,#1540,#1541,#1542,
#1543,#1544,#1545,#1546,#1547,#1548,#1549,#1550,#1551,#1552,#1553,#1554,
#1555,#1556,#1557,#1558,#1559,#1560,#1561,#1562,#1563,#1564,#1565,#1566,
#1567,#1568,#1569,#1570,#1571,#1572,#1573,#1574,#1575,#1576,#1577,#1578,
#1579,#1580,#1581,#1582,#1583,#1584,#1585,#1586,#1587,#1588,#1589,#1590,
#1591,#1592,#1593,#1594,#1595,#1596,#1597,#1598,#1599,#1600,#1601,#1602,
#1603,#1604));
#1622=CLOSED_SHELL('',(#1605,#1606,#1607,#1608,#1609,#1610,#1611,#1612,
#1613,#1614));
#1623=CLOSED_SHELL('',(#1615,#1616,#1617));
#1624=CLOSED_SHELL('',(#1618,#1619,#1620));
#1625=DERIVED_UNIT_ELEMENT(#1627,1.);
#1626=DERIVED_UNIT_ELEMENT(#3041,-3.);
#1627=(
MASS_UNIT()
NAMED_UNIT(*)
SI_UNIT(.KILO.,.GRAM.)
);
#1628=DERIVED_UNIT((#1625,#1626));
#1629=MEASURE_REPRESENTATION_ITEM('density measure',
POSITIVE_RATIO_MEASURE(7850.),#1628);
#1630=PROPERTY_DEFINITION_REPRESENTATION(#1635,#1632);
#1631=PROPERTY_DEFINITION_REPRESENTATION(#1636,#1633);
#1632=REPRESENTATION('material name',(#1634),#3038);
#1633=REPRESENTATION('density',(#1629),#3038);
#1634=DESCRIPTIVE_REPRESENTATION_ITEM('Steel','Steel');
#1635=PROPERTY_DEFINITION('material property','material name',#3048);
#1636=PROPERTY_DEFINITION('material property','density of part',#3048);
#1637=AXIS2_PLACEMENT_3D('',#2488,#1899,#1900);
#1638=AXIS2_PLACEMENT_3D('',#2489,#1901,#1902);
#1639=AXIS2_PLACEMENT_3D('',#2498,#1907,#1908);
#1640=AXIS2_PLACEMENT_3D('',#2500,#1909,#1910);
#1641=AXIS2_PLACEMENT_3D('',#2502,#1911,#1912);
#1642=AXIS2_PLACEMENT_3D('',#2504,#1913,#1914);
#1643=AXIS2_PLACEMENT_3D('',#2505,#1915,#1916);
#1644=AXIS2_PLACEMENT_3D('',#2506,#1917,#1918);
#1645=AXIS2_PLACEMENT_3D('',#2510,#1920,#1921);
#1646=AXIS2_PLACEMENT_3D('',#2512,#1922,#1923);
#1647=AXIS2_PLACEMENT_3D('',#2513,#1924,#1925);
#1648=AXIS2_PLACEMENT_3D('',#2514,#1926,#1927);
#1649=AXIS2_PLACEMENT_3D('',#2515,#1928,#1929);
#1650=AXIS2_PLACEMENT_3D('',#2517,#1930,#1931);
#1651=AXIS2_PLACEMENT_3D('',#2519,#1932,#1933);
#1652=AXIS2_PLACEMENT_3D('',#2521,#1934,#1935);
#1653=AXIS2_PLACEMENT_3D('',#2522,#1936,#1937);
#1654=AXIS2_PLACEMENT_3D('',#2523,#1938,#1939);
#1655=AXIS2_PLACEMENT_3D('',#2527,#1941,#1942);
#1656=AXIS2_PLACEMENT_3D('',#2529,#1943,#1944);
#1657=AXIS2_PLACEMENT_3D('',#2530,#1945,#1946);
#1658=AXIS2_PLACEMENT_3D('',#2531,#1947,#1948);
#1659=AXIS2_PLACEMENT_3D('',#2532,#1949,#1950);
#1660=AXIS2_PLACEMENT_3D('',#2534,#1951,#1952);
#1661=AXIS2_PLACEMENT_3D('',#2536,#1953,#1954);
#1662=AXIS2_PLACEMENT_3D('',#2538,#1955,#1956);
#1663=AXIS2_PLACEMENT_3D('',#2539,#1957,#1958);
#1664=AXIS2_PLACEMENT_3D('',#2540,#1959,#1960);
#1665=AXIS2_PLACEMENT_3D('',#2544,#1962,#1963);
#1666=AXIS2_PLACEMENT_3D('',#2546,#1964,#1965);
#1667=AXIS2_PLACEMENT_3D('',#2547,#1966,#1967);
#1668=AXIS2_PLACEMENT_3D('',#2548,#1968,#1969);
#1669=AXIS2_PLACEMENT_3D('',#2549,#1970,#1971);
#1670=AXIS2_PLACEMENT_3D('',#2551,#1972,#1973);
#1671=AXIS2_PLACEMENT_3D('',#2553,#1974,#1975);
#1672=AXIS2_PLACEMENT_3D('',#2555,#1976,#1977);
#1673=AXIS2_PLACEMENT_3D('',#2556,#1978,#1979);
#1674=AXIS2_PLACEMENT_3D('',#2557,#1980,#1981);
#1675=AXIS2_PLACEMENT_3D('',#2561,#1983,#1984);
#1676=AXIS2_PLACEMENT_3D('',#2563,#1985,#1986);
#1677=AXIS2_PLACEMENT_3D('',#2564,#1987,#1988);
#1678=AXIS2_PLACEMENT_3D('',#2565,#1989,#1990);
#1679=AXIS2_PLACEMENT_3D('',#2566,#1991,#1992);
#1680=AXIS2_PLACEMENT_3D('',#2571,#1995,#1996);
#1681=AXIS2_PLACEMENT_3D('',#2572,#1997,#1998);
#1682=AXIS2_PLACEMENT_3D('',#2577,#2001,#2002);
#1683=AXIS2_PLACEMENT_3D('',#2578,#2003,#2004);
#1684=AXIS2_PLACEMENT_3D('',#2583,#2007,#2008);
#1685=AXIS2_PLACEMENT_3D('',#2584,#2009,#2010);
#1686=AXIS2_PLACEMENT_3D('',#2589,#2013,#2014);
#1687=AXIS2_PLACEMENT_3D('',#2590,#2015,#2016);
#1688=AXIS2_PLACEMENT_3D('',#2592,#2017,#2018);
#1689=AXIS2_PLACEMENT_3D('',#2594,#2019,#2020);
#1690=AXIS2_PLACEMENT_3D('',#2596,#2021,#2022);
#1691=AXIS2_PLACEMENT_3D('',#2597,#2023,#2024);
#1692=AXIS2_PLACEMENT_3D('',#2598,#2025,#2026);
#1693=AXIS2_PLACEMENT_3D('',#2601,#2028,#2029);
#1694=AXIS2_PLACEMENT_3D('',#2602,#2030,#2031);
#1695=AXIS2_PLACEMENT_3D('',#2603,#2032,#2033);
#1696=AXIS2_PLACEMENT_3D('',#2605,#2034,#2035);
#1697=AXIS2_PLACEMENT_3D('',#2607,#2036,#2037);
#1698=AXIS2_PLACEMENT_3D('',#2609,#2038,#2039);
#1699=AXIS2_PLACEMENT_3D('',#2610,#2040,#2041);
#1700=AXIS2_PLACEMENT_3D('',#2611,#2042,#2043);
#1701=AXIS2_PLACEMENT_3D('',#2614,#2045,#2046);
#1702=AXIS2_PLACEMENT_3D('',#2615,#2047,#2048);
#1703=AXIS2_PLACEMENT_3D('',#2616,#2049,#2050);
#1704=AXIS2_PLACEMENT_3D('',#2618,#2051,#2052);
#1705=AXIS2_PLACEMENT_3D('',#2620,#2053,#2054);
#1706=AXIS2_PLACEMENT_3D('',#2622,#2055,#2056);
#1707=AXIS2_PLACEMENT_3D('',#2623,#2057,#2058);
#1708=AXIS2_PLACEMENT_3D('',#2624,#2059,#2060);
#1709=AXIS2_PLACEMENT_3D('',#2626,#2061,#2062);
#1710=AXIS2_PLACEMENT_3D('',#2627,#2063,#2064);
#1711=AXIS2_PLACEMENT_3D('',#2630,#2066,#2067);
#1712=AXIS2_PLACEMENT_3D('',#2631,#2068,#2069);
#1713=AXIS2_PLACEMENT_3D('',#2633,#2070,#2071);
#1714=AXIS2_PLACEMENT_3D('',#2635,#2072,#2073);
#1715=AXIS2_PLACEMENT_3D('',#2637,#2074,#2075);
#1716=AXIS2_PLACEMENT_3D('',#2638,#2076,#2077);
#1717=AXIS2_PLACEMENT_3D('',#2639,#2078,#2079);
#1718=AXIS2_PLACEMENT_3D('',#2641,#2080,#2081);
#1719=AXIS2_PLACEMENT_3D('',#2642,#2082,#2083);
#1720=AXIS2_PLACEMENT_3D('',#2645,#2085,#2086);
#1721=AXIS2_PLACEMENT_3D('',#2646,#2087,#2088);
#1722=AXIS2_PLACEMENT_3D('',#2648,#2089,#2090);
#1723=AXIS2_PLACEMENT_3D('',#2650,#2091,#2092);
#1724=AXIS2_PLACEMENT_3D('',#2652,#2093,#2094);
#1725=AXIS2_PLACEMENT_3D('',#2653,#2095,#2096);
#1726=AXIS2_PLACEMENT_3D('',#2654,#2097,#2098);
#1727=AXIS2_PLACEMENT_3D('',#2657,#2100,#2101);
#1728=AXIS2_PLACEMENT_3D('',#2658,#2102,#2103);
#1729=AXIS2_PLACEMENT_3D('',#2659,#2104,#2105);
#1730=AXIS2_PLACEMENT_3D('',#2661,#2106,#2107);
#1731=AXIS2_PLACEMENT_3D('',#2663,#2108,#2109);
#1732=AXIS2_PLACEMENT_3D('',#2665,#2110,#2111);
#1733=AXIS2_PLACEMENT_3D('',#2666,#2112,#2113);
#1734=AXIS2_PLACEMENT_3D('',#2667,#2114,#2115);
#1735=AXIS2_PLACEMENT_3D('',#2670,#2117,#2118);
#1736=AXIS2_PLACEMENT_3D('',#2671,#2119,#2120);
#1737=AXIS2_PLACEMENT_3D('',#2672,#2121,#2122);
#1738=AXIS2_PLACEMENT_3D('',#2674,#2123,#2124);
#1739=AXIS2_PLACEMENT_3D('',#2676,#2125,#2126);
#1740=AXIS2_PLACEMENT_3D('',#2678,#2127,#2128);
#1741=AXIS2_PLACEMENT_3D('',#2679,#2129,#2130);
#1742=AXIS2_PLACEMENT_3D('',#2680,#2131,#2132);
#1743=AXIS2_PLACEMENT_3D('',#2682,#2133,#2134);
#1744=AXIS2_PLACEMENT_3D('',#2683,#2135,#2136);
#1745=AXIS2_PLACEMENT_3D('',#2686,#2138,#2139);
#1746=AXIS2_PLACEMENT_3D('',#2687,#2140,#2141);
#1747=AXIS2_PLACEMENT_3D('',#2689,#2142,#2143);
#1748=AXIS2_PLACEMENT_3D('',#2691,#2144,#2145);
#1749=AXIS2_PLACEMENT_3D('',#2693,#2146,#2147);
#1750=AXIS2_PLACEMENT_3D('',#2694,#2148,#2149);
#1751=AXIS2_PLACEMENT_3D('',#2695,#2150,#2151);
#1752=AXIS2_PLACEMENT_3D('',#2697,#2152,#2153);
#1753=AXIS2_PLACEMENT_3D('',#2698,#2154,#2155);
#1754=AXIS2_PLACEMENT_3D('',#2701,#2157,#2158);
#1755=AXIS2_PLACEMENT_3D('',#2702,#2159,#2160);
#1756=AXIS2_PLACEMENT_3D('',#2704,#2161,#2162);
#1757=AXIS2_PLACEMENT_3D('',#2706,#2163,#2164);
#1758=AXIS2_PLACEMENT_3D('',#2708,#2165,#2166);
#1759=AXIS2_PLACEMENT_3D('',#2709,#2167,#2168);
#1760=AXIS2_PLACEMENT_3D('',#2710,#2169,#2170);
#1761=AXIS2_PLACEMENT_3D('',#2713,#2172,#2173);
#1762=AXIS2_PLACEMENT_3D('',#2714,#2174,#2175);
#1763=AXIS2_PLACEMENT_3D('',#2716,#2176,#2177);
#1764=AXIS2_PLACEMENT_3D('',#2717,#2178,#2179);
#1765=AXIS2_PLACEMENT_3D('',#2719,#2180,#2181);
#1766=AXIS2_PLACEMENT_3D('',#2721,#2182,#2183);
#1767=AXIS2_PLACEMENT_3D('',#2723,#2184,#2185);
#1768=AXIS2_PLACEMENT_3D('',#2724,#2186,#2187);
#1769=AXIS2_PLACEMENT_3D('',#2725,#2188,#2189);
#1770=AXIS2_PLACEMENT_3D('',#2728,#2191,#2192);
#1771=AXIS2_PLACEMENT_3D('',#2729,#2193,#2194);
#1772=AXIS2_PLACEMENT_3D('',#2731,#2195,#2196);
#1773=AXIS2_PLACEMENT_3D('',#2732,#2197,#2198);
#1774=AXIS2_PLACEMENT_3D('',#2734,#2199,#2200);
#1775=AXIS2_PLACEMENT_3D('',#2736,#2201,#2202);
#1776=AXIS2_PLACEMENT_3D('',#2738,#2203,#2204);
#1777=AXIS2_PLACEMENT_3D('',#2739,#2205,#2206);
#1778=AXIS2_PLACEMENT_3D('',#2740,#2207,#2208);
#1779=AXIS2_PLACEMENT_3D('',#2743,#2210,#2211);
#1780=AXIS2_PLACEMENT_3D('',#2744,#2212,#2213);
#1781=AXIS2_PLACEMENT_3D('',#2746,#2214,#2215);
#1782=AXIS2_PLACEMENT_3D('',#2747,#2216,#2217);
#1783=AXIS2_PLACEMENT_3D('',#2749,#2218,#2219);
#1784=AXIS2_PLACEMENT_3D('',#2751,#2220,#2221);
#1785=AXIS2_PLACEMENT_3D('',#2753,#2222,#2223);
#1786=AXIS2_PLACEMENT_3D('',#2754,#2224,#2225);
#1787=AXIS2_PLACEMENT_3D('',#2755,#2226,#2227);
#1788=AXIS2_PLACEMENT_3D('',#2758,#2229,#2230);
#1789=AXIS2_PLACEMENT_3D('',#2759,#2231,#2232);
#1790=AXIS2_PLACEMENT_3D('',#2761,#2233,#2234);
#1791=AXIS2_PLACEMENT_3D('',#2762,#2235,#2236);
#1792=AXIS2_PLACEMENT_3D('',#2764,#2237,#2238);
#1793=AXIS2_PLACEMENT_3D('',#2766,#2239,#2240);
#1794=AXIS2_PLACEMENT_3D('',#2768,#2241,#2242);
#1795=AXIS2_PLACEMENT_3D('',#2769,#2243,#2244);
#1796=AXIS2_PLACEMENT_3D('',#2770,#2245,#2246);
#1797=AXIS2_PLACEMENT_3D('',#2785,#2249,#2250);
#1798=AXIS2_PLACEMENT_3D('',#2786,#2251,#2252);
#1799=AXIS2_PLACEMENT_3D('',#2787,#2253,#2254);
#1800=AXIS2_PLACEMENT_3D('',#2792,#2256,#2257);
#1801=AXIS2_PLACEMENT_3D('',#2793,#2258,#2259);
#1802=AXIS2_PLACEMENT_3D('',#2794,#2260,#2261);
#1803=AXIS2_PLACEMENT_3D('',#2797,#2264,#2265);
#1804=AXIS2_PLACEMENT_3D('',#2798,#2266,#2267);
#1805=AXIS2_PLACEMENT_3D('',#2799,#2268,#2269);
#1806=AXIS2_PLACEMENT_3D('',#2802,#2271,#2272);
#1807=AXIS2_PLACEMENT_3D('',#2803,#2273,#2274);
#1808=AXIS2_PLACEMENT_3D('',#2805,#2275,#2276);
#1809=AXIS2_PLACEMENT_3D('',#2806,#2277,#2278);
#1810=AXIS2_PLACEMENT_3D('',#2809,#2279,#2280);
#1811=AXIS2_PLACEMENT_3D('',#2810,#2281,#2282);
#1812=AXIS2_PLACEMENT_3D('',#2811,#2283,#2284);
#1813=AXIS2_PLACEMENT_3D('',#2812,#2285,#2286);
#1814=AXIS2_PLACEMENT_3D('',#2815,#2288,#2289);
#1815=AXIS2_PLACEMENT_3D('',#2816,#2290,#2291);
#1816=AXIS2_PLACEMENT_3D('',#2821,#2296,#2297);
#1817=AXIS2_PLACEMENT_3D('',#2823,#2299,#2300);
#1818=AXIS2_PLACEMENT_3D('',#2825,#2302,#2303);
#1819=AXIS2_PLACEMENT_3D('',#2827,#2304,#2305);
#1820=AXIS2_PLACEMENT_3D('',#2829,#2306,#2307);
#1821=AXIS2_PLACEMENT_3D('',#2841,#2309,#2310);
#1822=AXIS2_PLACEMENT_3D('',#2842,#2311,#2312);
#1823=AXIS2_PLACEMENT_3D('',#2843,#2313,#2314);
#1824=AXIS2_PLACEMENT_3D('',#2846,#2316,#2317);
#1825=AXIS2_PLACEMENT_3D('',#2857,#2318,#2319);
#1826=AXIS2_PLACEMENT_3D('',#2858,#2320,#2321);
#1827=AXIS2_PLACEMENT_3D('',#2859,#2322,#2323);
#1828=AXIS2_PLACEMENT_3D('',#2861,#2324,#2325);
#1829=AXIS2_PLACEMENT_3D('',#2872,#2327,#2328);
#1830=AXIS2_PLACEMENT_3D('',#2873,#2329,#2330);
#1831=AXIS2_PLACEMENT_3D('',#2874,#2331,#2332);
#1832=AXIS2_PLACEMENT_3D('',#2875,#2333,#2334);
#1833=AXIS2_PLACEMENT_3D('',#2885,#2335,#2336);
#1834=AXIS2_PLACEMENT_3D('',#2886,#2337,#2338);
#1835=AXIS2_PLACEMENT_3D('',#2888,#2340,#2341);
#1836=AXIS2_PLACEMENT_3D('',#2890,#2343,#2344);
#1837=AXIS2_PLACEMENT_3D('',#2896,#2348,#2349);
#1838=AXIS2_PLACEMENT_3D('',#2898,#2350,#2351);
#1839=AXIS2_PLACEMENT_3D('',#2900,#2353,#2354);
#1840=AXIS2_PLACEMENT_3D('',#2904,#2357,#2358);
#1841=AXIS2_PLACEMENT_3D('',#2906,#2359,#2360);
#1842=AXIS2_PLACEMENT_3D('',#2908,#2362,#2363);
#1843=AXIS2_PLACEMENT_3D('',#2912,#2366,#2367);
#1844=AXIS2_PLACEMENT_3D('',#2913,#2368,#2369);
#1845=AXIS2_PLACEMENT_3D('',#2914,#2370,#2371);
#1846=AXIS2_PLACEMENT_3D('',#2915,#2372,#2373);
#1847=AXIS2_PLACEMENT_3D('',#2916,#2374,#2375);
#1848=AXIS2_PLACEMENT_3D('',#2918,#2376,#2377);
#1849=AXIS2_PLACEMENT_3D('',#2920,#2378,#2379);
#1850=AXIS2_PLACEMENT_3D('',#2932,#2381,#2382);
#1851=AXIS2_PLACEMENT_3D('',#2933,#2383,#2384);
#1852=AXIS2_PLACEMENT_3D('',#2934,#2385,#2386);
#1853=AXIS2_PLACEMENT_3D('',#2936,#2387,#2388);
#1854=AXIS2_PLACEMENT_3D('',#2948,#2390,#2391);
#1855=AXIS2_PLACEMENT_3D('',#2949,#2392,#2393);
#1856=AXIS2_PLACEMENT_3D('',#2950,#2394,#2395);
#1857=AXIS2_PLACEMENT_3D('',#2952,#2396,#2397);
#1858=AXIS2_PLACEMENT_3D('',#2964,#2399,#2400);
#1859=AXIS2_PLACEMENT_3D('',#2965,#2401,#2402);
#1860=AXIS2_PLACEMENT_3D('',#2966,#2403,#2404);
#1861=AXIS2_PLACEMENT_3D('',#2969,#2406,#2407);
#1862=AXIS2_PLACEMENT_3D('',#2979,#2408,#2409);
#1863=AXIS2_PLACEMENT_3D('',#2980,#2410,#2411);
#1864=AXIS2_PLACEMENT_3D('',#2982,#2412,#2413);
#1865=AXIS2_PLACEMENT_3D('',#2983,#2414,#2415);
#1866=AXIS2_PLACEMENT_3D('',#2984,#2416,#2417);
#1867=AXIS2_PLACEMENT_3D('',#2986,#2419,#2420);
#1868=AXIS2_PLACEMENT_3D('',#2988,#2421,#2422);
#1869=AXIS2_PLACEMENT_3D('',#2989,#2423,#2424);
#1870=AXIS2_PLACEMENT_3D('',#2991,#2425,#2426);
#1871=AXIS2_PLACEMENT_3D('',#2993,#2427,#2428);
#1872=AXIS2_PLACEMENT_3D('',#2994,#2429,#2430);
#1873=AXIS2_PLACEMENT_3D('',#2995,#2431,#2432);
#1874=AXIS2_PLACEMENT_3D('',#2997,#2433,#2434);
#1875=AXIS2_PLACEMENT_3D('',#2998,#2435,#2436);
#1876=AXIS2_PLACEMENT_3D('',#3000,#2437,#2438);
#1877=AXIS2_PLACEMENT_3D('',#3002,#2440,#2441);
#1878=AXIS2_PLACEMENT_3D('',#3004,#2442,#2443);
#1879=AXIS2_PLACEMENT_3D('',#3005,#2444,#2445);
#1880=AXIS2_PLACEMENT_3D('',#3006,#2446,#2447);
#1881=AXIS2_PLACEMENT_3D('',#3008,#2448,#2449);
#1882=AXIS2_PLACEMENT_3D('',#3009,#2450,#2451);
#1883=AXIS2_PLACEMENT_3D('',#3010,#2452,#2453);
#1884=AXIS2_PLACEMENT_3D('',#3013,#2455,#2456);
#1885=AXIS2_PLACEMENT_3D('',#3014,#2457,#2458);
#1886=AXIS2_PLACEMENT_3D('',#3016,#2459,#2460);
#1887=AXIS2_PLACEMENT_3D('',#3017,#2461,#2462);
#1888=AXIS2_PLACEMENT_3D('',#3018,#2463,#2464);
#1889=AXIS2_PLACEMENT_3D('',#3020,#2466,#2467);
#1890=AXIS2_PLACEMENT_3D('',#3022,#2468,#2469);
#1891=AXIS2_PLACEMENT_3D('',#3023,#2470,#2471);
#1892=AXIS2_PLACEMENT_3D('',#3025,#2472,#2473);
#1893=AXIS2_PLACEMENT_3D('',#3027,#2475,#2476);
#1894=AXIS2_PLACEMENT_3D('',#3028,#2477,#2478);
#1895=AXIS2_PLACEMENT_3D('',#3030,#2479,#2480);
#1896=AXIS2_PLACEMENT_3D('',#3031,#2481,#2482);
#1897=AXIS2_PLACEMENT_3D('',#3034,#2484,#2485);
#1898=AXIS2_PLACEMENT_3D('',#3035,#2486,#2487);
#1899=DIRECTION('axis',(0.,0.,1.));
#1900=DIRECTION('refdir',(1.,0.,0.));
#1901=DIRECTION('center_axis',(-1.,0.,-2.46716227694479E-16));
#1902=DIRECTION('ref_axis',(-2.46716227694479E-16,0.,1.));
#1903=DIRECTION('',(2.46716227694479E-16,0.,-1.));
#1904=DIRECTION('',(0.,1.,0.));
#1905=DIRECTION('',(-2.46716227694479E-16,0.,1.));
#1906=DIRECTION('',(0.,1.,0.));
#1907=DIRECTION('center_axis',(0.,1.,0.));
#1908=DIRECTION('ref_axis',(0.,0.,1.));
#1909=DIRECTION('center_axis',(0.,-1.,0.));
#1910=DIRECTION('ref_axis',(-1.,0.,0.));
#1911=DIRECTION('center_axis',(-1.,0.,0.));
#1912=DIRECTION('ref_axis',(0.,0.,-1.));
#1913=DIRECTION('center_axis',(0.,1.,0.));
#1914=DIRECTION('ref_axis',(-1.,0.,0.));
#1915=DIRECTION('center_axis',(0.,1.,0.));
#1916=DIRECTION('ref_axis',(-1.,0.,0.));
#1917=DIRECTION('center_axis',(0.,1.,0.));
#1918=DIRECTION('ref_axis',(-1.,0.,0.));
#1919=DIRECTION('',(0.,-1.,0.));
#1920=DIRECTION('center_axis',(0.,-1.,0.));
#1921=DIRECTION('ref_axis',(-1.,0.,0.));
#1922=DIRECTION('center_axis',(0.,1.,0.));
#1923=DIRECTION('ref_axis',(-1.,0.,0.));
#1924=DIRECTION('center_axis',(0.,-1.,0.));
#1925=DIRECTION('ref_axis',(-1.,0.,0.));
#1926=DIRECTION('center_axis',(0.,1.,0.));
#1927=DIRECTION('ref_axis',(-1.,0.,0.));
#1928=DIRECTION('center_axis',(0.,1.,0.));
#1929=DIRECTION('ref_axis',(0.,0.,1.));
#1930=DIRECTION('center_axis',(0.,-1.,0.));
#1931=DIRECTION('ref_axis',(-1.,0.,0.));
#1932=DIRECTION('center_axis',(-1.,0.,0.));
#1933=DIRECTION('ref_axis',(0.,0.,-1.));
#1934=DIRECTION('center_axis',(0.,1.,0.));
#1935=DIRECTION('ref_axis',(-1.,0.,0.));
#1936=DIRECTION('center_axis',(0.,1.,0.));
#1937=DIRECTION('ref_axis',(-1.,0.,0.));
#1938=DIRECTION('center_axis',(0.,1.,0.));
#1939=DIRECTION('ref_axis',(-1.,0.,0.));
#1940=DIRECTION('',(0.,-1.,0.));
#1941=DIRECTION('center_axis',(0.,1.,0.));
#1942=DIRECTION('ref_axis',(-1.,0.,0.));
#1943=DIRECTION('center_axis',(0.,-1.,0.));
#1944=DIRECTION('ref_axis',(-1.,0.,0.));
#1945=DIRECTION('center_axis',(0.,1.,0.));
#1946=DIRECTION('ref_axis',(-1.,0.,0.));
#1947=DIRECTION('center_axis',(0.,1.,0.));
#1948=DIRECTION('ref_axis',(-1.,0.,0.));
#1949=DIRECTION('center_axis',(0.,1.,0.));
#1950=DIRECTION('ref_axis',(0.,0.,1.));
#1951=DIRECTION('center_axis',(0.,-1.,0.));
#1952=DIRECTION('ref_axis',(-1.,0.,0.));
#1953=DIRECTION('center_axis',(-1.,0.,0.));
#1954=DIRECTION('ref_axis',(0.,0.,-1.));
#1955=DIRECTION('center_axis',(0.,1.,0.));
#1956=DIRECTION('ref_axis',(-1.,0.,0.));
#1957=DIRECTION('center_axis',(0.,1.,0.));
#1958=DIRECTION('ref_axis',(-1.,0.,0.));
#1959=DIRECTION('center_axis',(0.,1.,0.));
#1960=DIRECTION('ref_axis',(-1.,0.,0.));
#1961=DIRECTION('',(0.,-1.,0.));
#1962=DIRECTION('center_axis',(0.,1.,0.));
#1963=DIRECTION('ref_axis',(-1.,0.,0.));
#1964=DIRECTION('center_axis',(0.,-1.,0.));
#1965=DIRECTION('ref_axis',(-1.,0.,0.));
#1966=DIRECTION('center_axis',(0.,1.,0.));
#1967=DIRECTION('ref_axis',(-1.,0.,0.));
#1968=DIRECTION('center_axis',(0.,1.,0.));
#1969=DIRECTION('ref_axis',(-1.,0.,0.));
#1970=DIRECTION('center_axis',(0.,1.,0.));
#1971=DIRECTION('ref_axis',(0.,0.,1.));
#1972=DIRECTION('center_axis',(0.,-1.,0.));
#1973=DIRECTION('ref_axis',(-1.,0.,0.));
#1974=DIRECTION('center_axis',(-1.,0.,0.));
#1975=DIRECTION('ref_axis',(0.,0.,-1.));
#1976=DIRECTION('center_axis',(0.,1.,0.));
#1977=DIRECTION('ref_axis',(-1.,0.,0.));
#1978=DIRECTION('center_axis',(0.,1.,0.));
#1979=DIRECTION('ref_axis',(-1.,0.,0.));
#1980=DIRECTION('center_axis',(0.,1.,0.));
#1981=DIRECTION('ref_axis',(-1.,0.,0.));
#1982=DIRECTION('',(0.,-1.,0.));
#1983=DIRECTION('center_axis',(0.,-1.,0.));
#1984=DIRECTION('ref_axis',(-1.,0.,0.));
#1985=DIRECTION('center_axis',(0.,1.,0.));
#1986=DIRECTION('ref_axis',(-1.,0.,0.));
#1987=DIRECTION('center_axis',(0.,-1.,0.));
#1988=DIRECTION('ref_axis',(-1.,0.,0.));
#1989=DIRECTION('center_axis',(0.,1.,0.));
#1990=DIRECTION('ref_axis',(-1.,0.,0.));
#1991=DIRECTION('center_axis',(0.,1.,0.));
#1992=DIRECTION('ref_axis',(-1.,0.,0.));
#1993=DIRECTION('',(2.46716227694479E-16,0.,-1.));
#1994=DIRECTION('',(1.,0.,0.));
#1995=DIRECTION('center_axis',(0.,-1.,0.));
#1996=DIRECTION('ref_axis',(-0.70710678118655,0.,-0.707106781186545));
#1997=DIRECTION('center_axis',(0.,1.,0.));
#1998=DIRECTION('ref_axis',(-1.,0.,0.));
#1999=DIRECTION('',(-1.,0.,1.64477485129653E-16));
#2000=DIRECTION('',(2.46716227694479E-16,0.,-1.));
#2001=DIRECTION('center_axis',(0.,-1.,0.));
#2002=DIRECTION('ref_axis',(-0.70710678118655,0.,0.707106781186545));
#2003=DIRECTION('center_axis',(0.,1.,0.));
#2004=DIRECTION('ref_axis',(-1.,0.,0.));
#2005=DIRECTION('',(0.,0.,1.));
#2006=DIRECTION('',(-1.,0.,1.64477485129653E-16));
#2007=DIRECTION('center_axis',(0.,-1.,0.));
#2008=DIRECTION('ref_axis',(0.707106781186547,0.,0.707106781186547));
#2009=DIRECTION('center_axis',(0.,1.,0.));
#2010=DIRECTION('ref_axis',(-1.,0.,0.));
#2011=DIRECTION('',(1.,0.,0.));
#2012=DIRECTION('',(0.,0.,1.));
#2013=DIRECTION('center_axis',(0.,-1.,0.));
#2014=DIRECTION('ref_axis',(0.707106781186548,0.,-0.707106781186548));
#2015=DIRECTION('center_axis',(0.,1.,0.));
#2016=DIRECTION('ref_axis',(0.,0.,1.));
#2017=DIRECTION('center_axis',(0.,-1.,0.));
#2018=DIRECTION('ref_axis',(-1.,0.,0.));
#2019=DIRECTION('center_axis',(-1.,0.,0.));
#2020=DIRECTION('ref_axis',(0.,0.,-1.));
#2021=DIRECTION('center_axis',(0.,1.,0.));
#2022=DIRECTION('ref_axis',(-1.,0.,0.));
#2023=DIRECTION('center_axis',(0.,1.,0.));
#2024=DIRECTION('ref_axis',(-1.,0.,0.));
#2025=DIRECTION('center_axis',(0.,1.,0.));
#2026=DIRECTION('ref_axis',(-1.,0.,0.));
#2027=DIRECTION('',(0.,-1.,0.));
#2028=DIRECTION('center_axis',(0.,-1.,0.));
#2029=DIRECTION('ref_axis',(-1.,0.,0.));
#2030=DIRECTION('center_axis',(0.,1.,0.));
#2031=DIRECTION('ref_axis',(-1.,0.,0.));
#2032=DIRECTION('center_axis',(0.,1.,0.));
#2033=DIRECTION('ref_axis',(0.,0.,1.));
#2034=DIRECTION('center_axis',(0.,-1.,0.));
#2035=DIRECTION('ref_axis',(-1.,0.,0.));
#2036=DIRECTION('center_axis',(-1.,0.,0.));
#2037=DIRECTION('ref_axis',(0.,0.,-1.));
#2038=DIRECTION('center_axis',(0.,1.,0.));
#2039=DIRECTION('ref_axis',(-1.,0.,0.));
#2040=DIRECTION('center_axis',(0.,1.,0.));
#2041=DIRECTION('ref_axis',(-1.,0.,0.));
#2042=DIRECTION('center_axis',(0.,1.,0.));
#2043=DIRECTION('ref_axis',(-1.,0.,0.));
#2044=DIRECTION('',(0.,-1.,0.));
#2045=DIRECTION('center_axis',(0.,-1.,0.));
#2046=DIRECTION('ref_axis',(-1.,0.,0.));
#2047=DIRECTION('center_axis',(0.,1.,0.));
#2048=DIRECTION('ref_axis',(-1.,0.,0.));
#2049=DIRECTION('center_axis',(0.,-1.,0.));
#2050=DIRECTION('ref_axis',(0.,0.,-1.));
#2051=DIRECTION('center_axis',(0.,1.,0.));
#2052=DIRECTION('ref_axis',(-1.,0.,0.));
#2053=DIRECTION('center_axis',(-1.,0.,0.));
#2054=DIRECTION('ref_axis',(0.,0.,1.));
#2055=DIRECTION('center_axis',(0.,-1.,0.));
#2056=DIRECTION('ref_axis',(-1.,0.,0.));
#2057=DIRECTION('center_axis',(0.,-1.,0.));
#2058=DIRECTION('ref_axis',(-1.,0.,0.));
#2059=DIRECTION('center_axis',(0.,1.,0.));
#2060=DIRECTION('ref_axis',(-1.,0.,0.));
#2061=DIRECTION('center_axis',(0.,1.,0.));
#2062=DIRECTION('ref_axis',(-1.,0.,0.));
#2063=DIRECTION('center_axis',(0.,-1.,0.));
#2064=DIRECTION('ref_axis',(-1.,0.,0.));
#2065=DIRECTION('',(0.,1.,0.));
#2066=DIRECTION('center_axis',(0.,1.,0.));
#2067=DIRECTION('ref_axis',(-1.,0.,0.));
#2068=DIRECTION('center_axis',(0.,-1.,0.));
#2069=DIRECTION('ref_axis',(0.,0.,-1.));
#2070=DIRECTION('center_axis',(0.,1.,0.));
#2071=DIRECTION('ref_axis',(-1.,0.,0.));
#2072=DIRECTION('center_axis',(-1.,0.,0.));
#2073=DIRECTION('ref_axis',(0.,0.,1.));
#2074=DIRECTION('center_axis',(0.,-1.,0.));
#2075=DIRECTION('ref_axis',(-1.,0.,0.));
#2076=DIRECTION('center_axis',(0.,-1.,0.));
#2077=DIRECTION('ref_axis',(-1.,0.,0.));
#2078=DIRECTION('center_axis',(0.,1.,0.));
#2079=DIRECTION('ref_axis',(-1.,0.,0.));
#2080=DIRECTION('center_axis',(0.,1.,0.));
#2081=DIRECTION('ref_axis',(-1.,0.,0.));
#2082=DIRECTION('center_axis',(0.,-1.,0.));
#2083=DIRECTION('ref_axis',(-1.,0.,0.));
#2084=DIRECTION('',(0.,1.,0.));
#2085=DIRECTION('center_axis',(0.,1.,0.));
#2086=DIRECTION('ref_axis',(-1.,0.,0.));
#2087=DIRECTION('center_axis',(0.,-1.,0.));
#2088=DIRECTION('ref_axis',(0.,0.,-1.));
#2089=DIRECTION('center_axis',(0.,1.,0.));
#2090=DIRECTION('ref_axis',(-1.,0.,0.));
#2091=DIRECTION('center_axis',(-1.,0.,0.));
#2092=DIRECTION('ref_axis',(0.,0.,1.));
#2093=DIRECTION('center_axis',(0.,-1.,0.));
#2094=DIRECTION('ref_axis',(-1.,0.,0.));
#2095=DIRECTION('center_axis',(0.,-1.,0.));
#2096=DIRECTION('ref_axis',(-1.,0.,0.));
#2097=DIRECTION('center_axis',(0.,-1.,0.));
#2098=DIRECTION('ref_axis',(-1.,0.,0.));
#2099=DIRECTION('',(0.,1.,0.));
#2100=DIRECTION('center_axis',(0.,1.,0.));
#2101=DIRECTION('ref_axis',(-1.,0.,0.));
#2102=DIRECTION('center_axis',(0.,1.,0.));
#2103=DIRECTION('ref_axis',(-1.,0.,0.));
#2104=DIRECTION('center_axis',(0.,-1.,0.));
#2105=DIRECTION('ref_axis',(0.,0.,-1.));
#2106=DIRECTION('center_axis',(0.,1.,0.));
#2107=DIRECTION('ref_axis',(-1.,0.,0.));
#2108=DIRECTION('center_axis',(-1.,0.,0.));
#2109=DIRECTION('ref_axis',(0.,0.,1.));
#2110=DIRECTION('center_axis',(0.,-1.,0.));
#2111=DIRECTION('ref_axis',(-1.,0.,0.));
#2112=DIRECTION('center_axis',(0.,-1.,0.));
#2113=DIRECTION('ref_axis',(-1.,0.,0.));
#2114=DIRECTION('center_axis',(0.,-1.,0.));
#2115=DIRECTION('ref_axis',(-1.,0.,0.));
#2116=DIRECTION('',(0.,1.,0.));
#2117=DIRECTION('center_axis',(0.,1.,0.));
#2118=DIRECTION('ref_axis',(-1.,0.,0.));
#2119=DIRECTION('center_axis',(0.,1.,0.));
#2120=DIRECTION('ref_axis',(-1.,0.,0.));
#2121=DIRECTION('center_axis',(0.,-1.,0.));
#2122=DIRECTION('ref_axis',(0.,0.,-1.));
#2123=DIRECTION('center_axis',(0.,1.,0.));
#2124=DIRECTION('ref_axis',(-1.,0.,0.));
#2125=DIRECTION('center_axis',(-1.,0.,0.));
#2126=DIRECTION('ref_axis',(0.,0.,1.));
#2127=DIRECTION('center_axis',(0.,-1.,0.));
#2128=DIRECTION('ref_axis',(-1.,0.,0.));
#2129=DIRECTION('center_axis',(0.,-1.,0.));
#2130=DIRECTION('ref_axis',(-1.,0.,0.));
#2131=DIRECTION('center_axis',(0.,1.,0.));
#2132=DIRECTION('ref_axis',(-1.,0.,0.));
#2133=DIRECTION('center_axis',(0.,1.,0.));
#2134=DIRECTION('ref_axis',(-1.,0.,0.));
#2135=DIRECTION('center_axis',(0.,-1.,0.));
#2136=DIRECTION('ref_axis',(-1.,0.,0.));
#2137=DIRECTION('',(0.,1.,0.));
#2138=DIRECTION('center_axis',(0.,1.,0.));
#2139=DIRECTION('ref_axis',(-1.,0.,0.));
#2140=DIRECTION('center_axis',(0.,-1.,0.));
#2141=DIRECTION('ref_axis',(0.,0.,-1.));
#2142=DIRECTION('center_axis',(0.,1.,0.));
#2143=DIRECTION('ref_axis',(-1.,0.,0.));
#2144=DIRECTION('center_axis',(-1.,0.,0.));
#2145=DIRECTION('ref_axis',(0.,0.,1.));
#2146=DIRECTION('center_axis',(0.,-1.,0.));
#2147=DIRECTION('ref_axis',(-1.,0.,0.));
#2148=DIRECTION('center_axis',(0.,-1.,0.));
#2149=DIRECTION('ref_axis',(-1.,0.,0.));
#2150=DIRECTION('center_axis',(0.,1.,0.));
#2151=DIRECTION('ref_axis',(-1.,0.,0.));
#2152=DIRECTION('center_axis',(0.,1.,0.));
#2153=DIRECTION('ref_axis',(-1.,0.,0.));
#2154=DIRECTION('center_axis',(0.,-1.,0.));
#2155=DIRECTION('ref_axis',(-1.,0.,0.));
#2156=DIRECTION('',(0.,1.,0.));
#2157=DIRECTION('center_axis',(0.,1.,0.));
#2158=DIRECTION('ref_axis',(-1.,0.,0.));
#2159=DIRECTION('center_axis',(0.,1.,0.));
#2160=DIRECTION('ref_axis',(0.,0.,1.));
#2161=DIRECTION('center_axis',(0.,-1.,0.));
#2162=DIRECTION('ref_axis',(-1.,0.,0.));
#2163=DIRECTION('center_axis',(-1.,0.,0.));
#2164=DIRECTION('ref_axis',(0.,0.,-1.));
#2165=DIRECTION('center_axis',(0.,1.,0.));
#2166=DIRECTION('ref_axis',(-1.,0.,0.));
#2167=DIRECTION('center_axis',(0.,1.,0.));
#2168=DIRECTION('ref_axis',(-1.,0.,0.));
#2169=DIRECTION('center_axis',(0.,1.,0.));
#2170=DIRECTION('ref_axis',(-1.,0.,0.));
#2171=DIRECTION('',(0.,-1.,0.));
#2172=DIRECTION('center_axis',(0.,-1.,0.));
#2173=DIRECTION('ref_axis',(-1.,0.,0.));
#2174=DIRECTION('center_axis',(0.,1.,0.));
#2175=DIRECTION('ref_axis',(-1.,0.,0.));
#2176=DIRECTION('center_axis',(0.,-1.,0.));
#2177=DIRECTION('ref_axis',(-1.,0.,0.));
#2178=DIRECTION('center_axis',(0.,1.,0.));
#2179=DIRECTION('ref_axis',(0.,0.,1.));
#2180=DIRECTION('center_axis',(0.,-1.,0.));
#2181=DIRECTION('ref_axis',(-1.,0.,0.));
#2182=DIRECTION('center_axis',(-1.,0.,0.));
#2183=DIRECTION('ref_axis',(0.,0.,-1.));
#2184=DIRECTION('center_axis',(0.,1.,0.));
#2185=DIRECTION('ref_axis',(-1.,0.,0.));
#2186=DIRECTION('center_axis',(0.,1.,0.));
#2187=DIRECTION('ref_axis',(-1.,0.,0.));
#2188=DIRECTION('center_axis',(0.,1.,0.));
#2189=DIRECTION('ref_axis',(-1.,0.,0.));
#2190=DIRECTION('',(0.,-1.,0.));
#2191=DIRECTION('center_axis',(0.,-1.,0.));
#2192=DIRECTION('ref_axis',(-1.,0.,0.));
#2193=DIRECTION('center_axis',(0.,1.,0.));
#2194=DIRECTION('ref_axis',(-1.,0.,0.));
#2195=DIRECTION('center_axis',(0.,-1.,0.));
#2196=DIRECTION('ref_axis',(-1.,0.,0.));
#2197=DIRECTION('center_axis',(0.,1.,0.));
#2198=DIRECTION('ref_axis',(0.,0.,1.));
#2199=DIRECTION('center_axis',(0.,-1.,0.));
#2200=DIRECTION('ref_axis',(-1.,0.,0.));
#2201=DIRECTION('center_axis',(-1.,0.,0.));
#2202=DIRECTION('ref_axis',(0.,0.,-1.));
#2203=DIRECTION('center_axis',(0.,1.,0.));
#2204=DIRECTION('ref_axis',(-1.,0.,0.));
#2205=DIRECTION('center_axis',(0.,1.,0.));
#2206=DIRECTION('ref_axis',(-1.,0.,0.));
#2207=DIRECTION('center_axis',(0.,1.,0.));
#2208=DIRECTION('ref_axis',(-1.,0.,0.));
#2209=DIRECTION('',(0.,-1.,0.));
#2210=DIRECTION('center_axis',(0.,-1.,0.));
#2211=DIRECTION('ref_axis',(-1.,0.,0.));
#2212=DIRECTION('center_axis',(0.,1.,0.));
#2213=DIRECTION('ref_axis',(-1.,0.,0.));
#2214=DIRECTION('center_axis',(0.,-1.,0.));
#2215=DIRECTION('ref_axis',(-1.,0.,0.));
#2216=DIRECTION('center_axis',(0.,1.,0.));
#2217=DIRECTION('ref_axis',(0.,0.,1.));
#2218=DIRECTION('center_axis',(0.,-1.,0.));
#2219=DIRECTION('ref_axis',(-1.,0.,0.));
#2220=DIRECTION('center_axis',(-1.,0.,0.));
#2221=DIRECTION('ref_axis',(0.,0.,-1.));
#2222=DIRECTION('center_axis',(0.,1.,0.));
#2223=DIRECTION('ref_axis',(-1.,0.,0.));
#2224=DIRECTION('center_axis',(0.,1.,0.));
#2225=DIRECTION('ref_axis',(-1.,0.,0.));
#2226=DIRECTION('center_axis',(0.,1.,0.));
#2227=DIRECTION('ref_axis',(-1.,0.,0.));
#2228=DIRECTION('',(0.,-1.,0.));
#2229=DIRECTION('center_axis',(0.,-1.,0.));
#2230=DIRECTION('ref_axis',(-1.,0.,0.));
#2231=DIRECTION('center_axis',(0.,1.,0.));
#2232=DIRECTION('ref_axis',(-1.,0.,0.));
#2233=DIRECTION('center_axis',(0.,-1.,0.));
#2234=DIRECTION('ref_axis',(-1.,0.,0.));
#2235=DIRECTION('center_axis',(0.,-1.,0.));
#2236=DIRECTION('ref_axis',(0.,0.,-1.));
#2237=DIRECTION('center_axis',(0.,1.,0.));
#2238=DIRECTION('ref_axis',(1.,0.,0.));
#2239=DIRECTION('center_axis',(-1.,0.,0.));
#2240=DIRECTION('ref_axis',(0.,0.,1.));
#2241=DIRECTION('center_axis',(0.,-1.,0.));
#2242=DIRECTION('ref_axis',(1.,0.,0.));
#2243=DIRECTION('center_axis',(0.,-1.,0.));
#2244=DIRECTION('ref_axis',(1.,0.,0.));
#2245=DIRECTION('center_axis',(0.707106781186558,0.707106781186537,0.));
#2246=DIRECTION('ref_axis',(0.,0.,-1.));
#2247=DIRECTION('',(0.,0.,-1.));
#2248=DIRECTION('',(0.,0.,1.));
#2249=DIRECTION('center_axis',(0.,1.,0.));
#2250=DIRECTION('ref_axis',(1.,0.,0.));
#2251=DIRECTION('center_axis',(0.,-1.,0.));
#2252=DIRECTION('ref_axis',(-1.,0.,0.));
#2253=DIRECTION('center_axis',(0.,1.,0.));
#2254=DIRECTION('ref_axis',(-1.,0.,0.));
#2255=DIRECTION('',(0.,0.,-1.));
#2256=DIRECTION('center_axis',(0.,-1.,0.));
#2257=DIRECTION('ref_axis',(-1.,0.,0.));
#2258=DIRECTION('center_axis',(0.,-1.,0.));
#2259=DIRECTION('ref_axis',(-1.,0.,0.));
#2260=DIRECTION('center_axis',(-1.,0.,0.));
#2261=DIRECTION('ref_axis',(0.,0.,-1.));
#2262=DIRECTION('',(0.,1.,0.));
#2263=DIRECTION('',(0.,-1.,0.));
#2264=DIRECTION('center_axis',(0.,-1.,0.));
#2265=DIRECTION('ref_axis',(-1.,0.,0.));
#2266=DIRECTION('center_axis',(0.,1.,0.));
#2267=DIRECTION('ref_axis',(-1.,0.,0.));
#2268=DIRECTION('center_axis',(0.,1.,0.));
#2269=DIRECTION('ref_axis',(-1.,0.,0.));
#2270=DIRECTION('',(0.,-1.,0.));
#2271=DIRECTION('center_axis',(0.,-1.,0.));
#2272=DIRECTION('ref_axis',(-1.,0.,0.));
#2273=DIRECTION('center_axis',(0.,1.,0.));
#2274=DIRECTION('ref_axis',(-1.,0.,0.));
#2275=DIRECTION('center_axis',(0.,-1.,0.));
#2276=DIRECTION('ref_axis',(-1.,0.,0.));
#2277=DIRECTION('center_axis',(0.,-1.,0.));
#2278=DIRECTION('ref_axis',(0.,0.,-1.));
#2279=DIRECTION('center_axis',(0.,1.,0.));
#2280=DIRECTION('ref_axis',(-1.,0.,0.));
#2281=DIRECTION('center_axis',(-1.,0.,0.));
#2282=DIRECTION('ref_axis',(0.,0.,1.));
#2283=DIRECTION('center_axis',(0.,1.,0.));
#2284=DIRECTION('ref_axis',(-1.,0.,0.));
#2285=DIRECTION('center_axis',(0.,1.,0.));
#2286=DIRECTION('ref_axis',(-1.,0.,0.));
#2287=DIRECTION('',(0.,-1.,0.));
#2288=DIRECTION('center_axis',(0.,-1.,0.));
#2289=DIRECTION('ref_axis',(-1.,0.,0.));
#2290=DIRECTION('center_axis',(0.,1.,0.));
#2291=DIRECTION('ref_axis',(1.,0.,0.));
#2292=DIRECTION('',(2.46716227694479E-16,0.,-1.));
#2293=DIRECTION('',(-1.,0.,1.64477485129653E-16));
#2294=DIRECTION('',(0.,0.,1.));
#2295=DIRECTION('',(1.,0.,0.));
#2296=DIRECTION('center_axis',(0.,1.,0.));
#2297=DIRECTION('ref_axis',(-1.,0.,0.));
#2298=DIRECTION('',(0.,-1.,0.));
#2299=DIRECTION('center_axis',(0.,1.,0.));
#2300=DIRECTION('ref_axis',(-1.,0.,0.));
#2301=DIRECTION('',(0.,-1.,0.));
#2302=DIRECTION('center_axis',(1.,0.,-1.64477485129653E-16));
#2303=DIRECTION('ref_axis',(0.,0.707106781186549,0.707106781186546));
#2304=DIRECTION('center_axis',(-1.,0.,0.));
#2305=DIRECTION('ref_axis',(0.,0.,1.));
#2306=DIRECTION('center_axis',(-1.,0.,-8.8817841970012E-15));
#2307=DIRECTION('ref_axis',(-8.8817841970012E-15,0.,1.));
#2308=DIRECTION('',(1.,0.,-1.64477485129653E-16));
#2309=DIRECTION('center_axis',(0.,0.,-1.));
#2310=DIRECTION('ref_axis',(0.,1.,0.));
#2311=DIRECTION('center_axis',(0.,1.,0.));
#2312=DIRECTION('ref_axis',(0.707106781186548,0.,0.707106781186548));
#2313=DIRECTION('center_axis',(0.,0.,-1.));
#2314=DIRECTION('ref_axis',(0.70710678118654,0.707106781186555,0.));
#2315=DIRECTION('',(0.,0.,-1.));
#2316=DIRECTION('center_axis',(0.,0.,1.));
#2317=DIRECTION('ref_axis',(1.,0.,0.));
#2318=DIRECTION('center_axis',(1.,0.,0.));
#2319=DIRECTION('ref_axis',(0.,0.,-1.));
#2320=DIRECTION('center_axis',(0.,1.,0.));
#2321=DIRECTION('ref_axis',(0.707106781186548,0.,-0.707106781186548));
#2322=DIRECTION('center_axis',(-1.,0.,0.));
#2323=DIRECTION('ref_axis',(0.,0.707106781186555,-0.70710678118654));
#2324=DIRECTION('center_axis',(1.,0.,0.));
#2325=DIRECTION('ref_axis',(0.,0.,-1.));
#2326=DIRECTION('',(-1.,0.,0.));
#2327=DIRECTION('center_axis',(-1.77635683940026E-14,0.,-1.));
#2328=DIRECTION('ref_axis',(-1.,0.,1.77635683940026E-14));
#2329=DIRECTION('center_axis',(0.,1.,0.));
#2330=DIRECTION('ref_axis',(-0.70710678118655,0.,-0.707106781186545));
#2331=DIRECTION('center_axis',(-2.46716227694479E-16,0.,1.));
#2332=DIRECTION('ref_axis',(-0.707106781186546,0.707106781186549,0.));
#2333=DIRECTION('center_axis',(0.,0.,-1.));
#2334=DIRECTION('ref_axis',(-1.,0.,0.));
#2335=DIRECTION('center_axis',(0.,1.,0.));
#2336=DIRECTION('ref_axis',(-0.70710678118655,0.,0.707106781186545));
#2337=DIRECTION('center_axis',(0.,1.,0.));
#2338=DIRECTION('ref_axis',(-1.,0.,0.));
#2339=DIRECTION('',(0.,-1.,0.));
#2340=DIRECTION('center_axis',(0.,1.,0.));
#2341=DIRECTION('ref_axis',(-1.,0.,0.));
#2342=DIRECTION('',(0.,-1.,0.));
#2343=DIRECTION('center_axis',(1.64477485129653E-16,0.,1.));
#2344=DIRECTION('ref_axis',(1.,0.,-1.64477485129653E-16));
#2345=DIRECTION('',(-1.,0.,1.64477485129653E-16));
#2346=DIRECTION('',(0.,1.,0.));
#2347=DIRECTION('',(0.,1.,0.));
#2348=DIRECTION('center_axis',(0.,1.,0.));
#2349=DIRECTION('ref_axis',(-8.88178419700136E-15,0.,1.));
#2350=DIRECTION('center_axis',(0.,-1.,0.));
#2351=DIRECTION('ref_axis',(0.707106781186548,0.,0.707106781186548));
#2352=DIRECTION('',(0.,1.,0.));
#2353=DIRECTION('center_axis',(1.,0.,0.));
#2354=DIRECTION('ref_axis',(0.,0.,-1.));
#2355=DIRECTION('',(0.,0.,1.));
#2356=DIRECTION('',(0.,1.,0.));
#2357=DIRECTION('center_axis',(0.,1.,0.));
#2358=DIRECTION('ref_axis',(1.,0.,0.));
#2359=DIRECTION('center_axis',(0.,-1.,0.));
#2360=DIRECTION('ref_axis',(0.707106781186548,0.,-0.707106781186548));
#2361=DIRECTION('',(0.,1.,0.));
#2362=DIRECTION('center_axis',(0.,0.,-1.));
#2363=DIRECTION('ref_axis',(-1.,0.,0.));
#2364=DIRECTION('',(1.,0.,0.));
#2365=DIRECTION('',(0.,1.,0.));
#2366=DIRECTION('center_axis',(0.,1.,0.));
#2367=DIRECTION('ref_axis',(8.88178419700136E-15,0.,-1.));
#2368=DIRECTION('center_axis',(0.,-1.,0.));
#2369=DIRECTION('ref_axis',(-0.70710678118655,0.,-0.707106781186545));
#2370=DIRECTION('center_axis',(0.,1.,0.));
#2371=DIRECTION('ref_axis',(-1.,0.,8.88178419700117E-15));
#2372=DIRECTION('center_axis',(0.,-1.,0.));
#2373=DIRECTION('ref_axis',(-0.70710678118655,0.,0.707106781186545));
#2374=DIRECTION('center_axis',(-1.,0.,1.64477485129653E-16));
#2375=DIRECTION('ref_axis',(0.,-0.707106781186548,0.707106781186548));
#2376=DIRECTION('center_axis',(-1.,0.,0.));
#2377=DIRECTION('ref_axis',(0.,-1.,0.));
#2378=DIRECTION('center_axis',(-1.,0.,-8.8817841970012E-15));
#2379=DIRECTION('ref_axis',(0.,-1.,0.));
#2380=DIRECTION('',(1.,0.,-1.64477485129653E-16));
#2381=DIRECTION('center_axis',(8.88178419700128E-15,0.,1.));
#2382=DIRECTION('ref_axis',(0.,-1.,0.));
#2383=DIRECTION('center_axis',(0.,1.,0.));
#2384=DIRECTION('ref_axis',(0.707106781186547,0.,0.707106781186547));
#2385=DIRECTION('center_axis',(0.,0.,1.));
#2386=DIRECTION('ref_axis',(0.707106781186541,-0.707106781186554,0.));
#2387=DIRECTION('center_axis',(0.,0.,1.));
#2388=DIRECTION('ref_axis',(0.,-1.,0.));
#2389=DIRECTION('',(0.,0.,-1.));
#2390=DIRECTION('center_axis',(1.,0.,0.));
#2391=DIRECTION('ref_axis',(0.,-1.,0.));
#2392=DIRECTION('center_axis',(0.,1.,0.));
#2393=DIRECTION('ref_axis',(0.707106781186548,0.,-0.707106781186548));
#2394=DIRECTION('center_axis',(1.,0.,0.));
#2395=DIRECTION('ref_axis',(0.,-0.707106781186554,-0.707106781186541));
#2396=DIRECTION('center_axis',(1.,0.,0.));
#2397=DIRECTION('ref_axis',(0.,-1.,0.));
#2398=DIRECTION('',(-1.,0.,0.));
#2399=DIRECTION('center_axis',(-1.77635683940026E-14,0.,-1.));
#2400=DIRECTION('ref_axis',(0.,-1.,0.));
#2401=DIRECTION('center_axis',(0.,1.,0.));
#2402=DIRECTION('ref_axis',(-0.70710678118655,0.,-0.707106781186545));
#2403=DIRECTION('center_axis',(2.46716227694479E-16,0.,-1.));
#2404=DIRECTION('ref_axis',(-0.707106781186548,-0.707106781186548,0.));
#2405=DIRECTION('',(-2.46716227694479E-16,0.,1.));
#2406=DIRECTION('center_axis',(8.8817841970012E-15,0.,1.));
#2407=DIRECTION('ref_axis',(-1.,0.,8.8817841970012E-15));
#2408=DIRECTION('center_axis',(0.,1.,0.));
#2409=DIRECTION('ref_axis',(-0.70710678118655,0.,0.707106781186545));
#2410=DIRECTION('center_axis',(0.,1.,0.));
#2411=DIRECTION('ref_axis',(1.,0.,0.));
#2412=DIRECTION('center_axis',(0.,1.,0.));
#2413=DIRECTION('ref_axis',(1.,0.,0.));
#2414=DIRECTION('center_axis',(0.,-1.,0.));
#2415=DIRECTION('ref_axis',(1.,0.,0.));
#2416=DIRECTION('center_axis',(0.,-1.,0.));
#2417=DIRECTION('ref_axis',(1.,0.,0.));
#2418=DIRECTION('',(0.,1.,0.));
#2419=DIRECTION('center_axis',(-1.,0.,0.));
#2420=DIRECTION('ref_axis',(0.,0.,1.));
#2421=DIRECTION('center_axis',(-1.,0.,0.));
#2422=DIRECTION('ref_axis',(0.,0.,1.));
#2423=DIRECTION('center_axis',(-1.,0.,0.));
#2424=DIRECTION('ref_axis',(0.,0.,1.));
#2425=DIRECTION('center_axis',(1.,0.,0.));
#2426=DIRECTION('ref_axis',(0.,0.,1.));
#2427=DIRECTION('center_axis',(0.,-1.,0.));
#2428=DIRECTION('ref_axis',(0.,0.,-1.));
#2429=DIRECTION('center_axis',(-1.,0.,0.));
#2430=DIRECTION('ref_axis',(0.,0.,1.));
#2431=DIRECTION('center_axis',(-1.,0.,0.));
#2432=DIRECTION('ref_axis',(0.,0.,1.));
#2433=DIRECTION('center_axis',(1.,0.,0.));
#2434=DIRECTION('ref_axis',(0.,0.,1.));
#2435=DIRECTION('center_axis',(-1.,0.,0.));
#2436=DIRECTION('ref_axis',(0.,0.,1.));
#2437=DIRECTION('center_axis',(-1.,0.,0.));
#2438=DIRECTION('ref_axis',(0.,0.,1.));
#2439=DIRECTION('',(1.,0.,0.));
#2440=DIRECTION('center_axis',(-1.,0.,0.));
#2441=DIRECTION('ref_axis',(0.,0.,1.));
#2442=DIRECTION('center_axis',(0.,-1.,0.));
#2443=DIRECTION('ref_axis',(0.,0.,-1.));
#2444=DIRECTION('center_axis',(-1.,0.,0.));
#2445=DIRECTION('ref_axis',(0.,0.,1.));
#2446=DIRECTION('center_axis',(-1.,0.,0.));
#2447=DIRECTION('ref_axis',(0.,0.,1.));
#2448=DIRECTION('center_axis',(1.,0.,0.));
#2449=DIRECTION('ref_axis',(0.,0.,1.));
#2450=DIRECTION('center_axis',(0.,-1.,1.43254583822601E-16));
#2451=DIRECTION('ref_axis',(0.,-1.43254583822601E-16,-1.));
#2452=DIRECTION('center_axis',(-1.,0.,0.));
#2453=DIRECTION('ref_axis',(0.,0.,1.));
#2454=DIRECTION('',(1.,0.,0.));
#2455=DIRECTION('center_axis',(1.,0.,0.));
#2456=DIRECTION('ref_axis',(0.,0.,1.));
#2457=DIRECTION('center_axis',(-1.,0.,0.));
#2458=DIRECTION('ref_axis',(0.,0.,1.));
#2459=DIRECTION('center_axis',(1.,0.,0.));
#2460=DIRECTION('ref_axis',(0.,0.,1.));
#2461=DIRECTION('center_axis',(-1.,0.,0.));
#2462=DIRECTION('ref_axis',(0.,0.,1.));
#2463=DIRECTION('center_axis',(-1.,0.,0.));
#2464=DIRECTION('ref_axis',(0.,0.,1.));
#2465=DIRECTION('',(1.,0.,0.));
#2466=DIRECTION('center_axis',(-1.,0.,0.));
#2467=DIRECTION('ref_axis',(0.,0.,1.));
#2468=DIRECTION('center_axis',(-1.,0.,0.));
#2469=DIRECTION('ref_axis',(0.,0.,1.));
#2470=DIRECTION('center_axis',(-1.,0.,0.));
#2471=DIRECTION('ref_axis',(0.,0.,1.));
#2472=DIRECTION('center_axis',(-1.,0.,0.));
#2473=DIRECTION('ref_axis',(0.,0.,1.));
#2474=DIRECTION('',(1.,0.,0.));
#2475=DIRECTION('center_axis',(-1.,0.,0.));
#2476=DIRECTION('ref_axis',(0.,0.,1.));
#2477=DIRECTION('center_axis',(-1.,0.,0.));
#2478=DIRECTION('ref_axis',(0.,0.,1.));
#2479=DIRECTION('center_axis',(-1.,0.,0.));
#2480=DIRECTION('ref_axis',(0.,0.,1.));
#2481=DIRECTION('center_axis',(-1.,0.,0.));
#2482=DIRECTION('ref_axis',(0.,0.,1.));
#2483=DIRECTION('',(1.,0.,0.));
#2484=DIRECTION('center_axis',(1.,0.,2.46716227694479E-16));
#2485=DIRECTION('ref_axis',(0.,0.,1.));
#2486=DIRECTION('center_axis',(-1.,0.,0.));
#2487=DIRECTION('ref_axis',(0.,0.,1.));
#2488=CARTESIAN_POINT('',(0.,0.,0.));
#2489=CARTESIAN_POINT('Origin',(47.0000007003546,-5.99999999960508,-74.0000014007092));
#2490=CARTESIAN_POINT('',(47.0000007003546,-25.8,-56.0000014007092));
#2491=CARTESIAN_POINT('',(47.0000007003546,-25.8,-92.0000014007092));
#2492=CARTESIAN_POINT('',(47.0000007003546,-25.8,-83.0000014007092));
#2493=CARTESIAN_POINT('',(47.0000007003546,-1.,-56.0000014007092));
#2494=CARTESIAN_POINT('',(47.0000007003546,-26.8,-56.0000014007092));
#2495=CARTESIAN_POINT('',(47.0000007003546,-1.,-92.0000014007092));
#2496=CARTESIAN_POINT('',(47.0000007003546,-1.,-83.0000014007092));
#2497=CARTESIAN_POINT('',(47.0000007003546,-26.8,-92.0000014007092));
#2498=CARTESIAN_POINT('Origin',(49.9397683053973,1.,-91.1400476620125));
#2499=CARTESIAN_POINT('',(49.9397683053973,2.,-92.6400476620125));
#2500=CARTESIAN_POINT('Origin',(49.9397683053973,2.,-91.1400476620125));
#2501=CARTESIAN_POINT('',(49.9397683053973,1.,-93.6400476620125));
#2502=CARTESIAN_POINT('Origin',(49.9397683053973,1.,-92.6400476620125));
#2503=CARTESIAN_POINT('',(52.4397683053973,1.,-91.1400476620125));
#2504=CARTESIAN_POINT('Origin',(49.9397683053973,1.,-91.1400476620125));
#2505=CARTESIAN_POINT('Origin',(49.9397683053973,1.,-91.1400476620125));
#2506=CARTESIAN_POINT('Origin',(49.9397683053973,0.,-91.1400476620125));
#2507=CARTESIAN_POINT('',(52.4397683053973,0.,-91.1400476620125));
#2508=CARTESIAN_POINT('',(52.4397683053973,0.,-91.1400476620125));
#2509=CARTESIAN_POINT('',(51.6102688561031,0.,-93.0000014007092));
#2510=CARTESIAN_POINT('Origin',(49.9397683053973,0.,-91.1400476620125));
#2511=CARTESIAN_POINT('',(48.0000007003546,0.,-89.5629295185537));
#2512=CARTESIAN_POINT('Origin',(49.9397683053973,0.,-91.1400476620125));
#2513=CARTESIAN_POINT('Origin',(49.9397683053973,0.,-91.1400476620125));
#2514=CARTESIAN_POINT('Origin',(49.9397683053973,2.,-91.1400476620125));
#2515=CARTESIAN_POINT('Origin',(102.060233095312,1.,-91.1400476620125));
#2516=CARTESIAN_POINT('',(102.060233095312,2.,-92.6400476620125));
#2517=CARTESIAN_POINT('Origin',(102.060233095312,2.,-91.1400476620125));
#2518=CARTESIAN_POINT('',(102.060233095312,1.,-93.6400476620125));
#2519=CARTESIAN_POINT('Origin',(102.060233095312,1.,-92.6400476620125));
#2520=CARTESIAN_POINT('',(104.560233095312,1.,-91.1400476620125));
#2521=CARTESIAN_POINT('Origin',(102.060233095312,1.,-91.1400476620125));
#2522=CARTESIAN_POINT('Origin',(102.060233095312,1.,-91.1400476620125));
#2523=CARTESIAN_POINT('Origin',(102.060233095312,0.,-91.1400476620125));
#2524=CARTESIAN_POINT('',(104.560233095312,0.,-91.1400476620125));
#2525=CARTESIAN_POINT('',(104.560233095312,0.,-91.1400476620125));
#2526=CARTESIAN_POINT('',(100.389732544606,0.,-93.0000014007092));
#2527=CARTESIAN_POINT('Origin',(102.060233095312,0.,-91.1400476620125));
#2528=CARTESIAN_POINT('',(104.000000700355,0.,-89.5629295185537));
#2529=CARTESIAN_POINT('Origin',(102.060233095312,0.,-91.1400476620125));
#2530=CARTESIAN_POINT('Origin',(102.060233095312,0.,-91.1400476620125));
#2531=CARTESIAN_POINT('Origin',(102.060233095312,2.,-91.1400476620125));
#2532=CARTESIAN_POINT('Origin',(102.060233095312,1.,-56.8599551394058));
#2533=CARTESIAN_POINT('',(102.060233095312,2.,-58.3599551394058));
#2534=CARTESIAN_POINT('Origin',(102.060233095312,2.,-56.8599551394058));
#2535=CARTESIAN_POINT('',(102.060233095312,1.,-59.3599551394058));
#2536=CARTESIAN_POINT('Origin',(102.060233095312,1.,-58.3599551394058));
#2537=CARTESIAN_POINT('',(104.560233095312,1.,-56.8599551394058));
#2538=CARTESIAN_POINT('Origin',(102.060233095312,1.,-56.8599551394058));
#2539=CARTESIAN_POINT('Origin',(102.060233095312,1.,-56.8599551394058));
#2540=CARTESIAN_POINT('Origin',(102.060233095312,0.,-56.8599551394058));
#2541=CARTESIAN_POINT('',(104.560233095312,0.,-56.8599551394058));
#2542=CARTESIAN_POINT('',(104.560233095312,0.,-56.8599551394058));
#2543=CARTESIAN_POINT('',(104.000000700355,0.,-58.4370732828646));
#2544=CARTESIAN_POINT('Origin',(102.060233095312,0.,-56.8599551394058));
#2545=CARTESIAN_POINT('',(100.389732544606,0.,-55.0000014007092));
#2546=CARTESIAN_POINT('Origin',(102.060233095312,0.,-56.8599551394058));
#2547=CARTESIAN_POINT('Origin',(102.060233095312,0.,-56.8599551394058));
#2548=CARTESIAN_POINT('Origin',(102.060233095312,2.,-56.8599551394058));
#2549=CARTESIAN_POINT('Origin',(49.9397683053973,1.,-56.8599551394058));
#2550=CARTESIAN_POINT('',(49.9397683053973,2.,-58.3599551394058));
#2551=CARTESIAN_POINT('Origin',(49.9397683053973,2.,-56.8599551394058));
#2552=CARTESIAN_POINT('',(49.9397683053973,1.,-59.3599551394058));
#2553=CARTESIAN_POINT('Origin',(49.9397683053973,1.,-58.3599551394058));
#2554=CARTESIAN_POINT('',(52.4397683053973,1.,-56.8599551394058));
#2555=CARTESIAN_POINT('Origin',(49.9397683053973,1.,-56.8599551394058));
#2556=CARTESIAN_POINT('Origin',(49.9397683053973,1.,-56.8599551394058));
#2557=CARTESIAN_POINT('Origin',(49.9397683053973,0.,-56.8599551394058));
#2558=CARTESIAN_POINT('',(52.4397683053973,0.,-56.8599551394058));
#2559=CARTESIAN_POINT('',(52.4397683053973,0.,-56.8599551394058));
#2560=CARTESIAN_POINT('',(48.0000007003546,0.,-58.4370732828646));
#2561=CARTESIAN_POINT('Origin',(49.9397683053973,0.,-56.8599551394058));
#2562=CARTESIAN_POINT('',(51.6102688561031,0.,-55.0000014007092));
#2563=CARTESIAN_POINT('Origin',(49.9397683053973,0.,-56.8599551394058));
#2564=CARTESIAN_POINT('Origin',(49.9397683053973,0.,-56.8599551394058));
#2565=CARTESIAN_POINT('Origin',(49.9397683053973,2.,-56.8599551394058));
#2566=CARTESIAN_POINT('Origin',(49.9397683053973,0.,-91.1400476620125));
#2567=CARTESIAN_POINT('',(48.0000007003546,0.,-92.0000014007092));
#2568=CARTESIAN_POINT('',(48.0000007003546,0.,-83.0000014007092));
#2569=CARTESIAN_POINT('',(49.0000007003546,0.,-93.0000014007092));
#2570=CARTESIAN_POINT('',(89.5000007003546,0.,-93.0000014007092));
#2571=CARTESIAN_POINT('Origin',(49.0000007003546,0.,-92.0000014007092));
#2572=CARTESIAN_POINT('Origin',(49.9397683053973,0.,-56.8599551394058));
#2573=CARTESIAN_POINT('',(49.0000007003546,0.,-55.0000014007092));
#2574=CARTESIAN_POINT('',(62.5000007003546,0.,-55.0000014007092));
#2575=CARTESIAN_POINT('',(48.0000007003546,0.,-56.0000014007092));
#2576=CARTESIAN_POINT('',(48.0000007003546,0.,-83.0000014007092));
#2577=CARTESIAN_POINT('Origin',(49.0000007003546,0.,-56.0000014007092));
#2578=CARTESIAN_POINT('Origin',(102.060233095312,0.,-56.8599551394058));
#2579=CARTESIAN_POINT('',(104.000000700355,0.,-56.0000014007092));
#2580=CARTESIAN_POINT('',(104.000000700355,0.,-65.0000014007092));
#2581=CARTESIAN_POINT('',(103.000000700355,0.,-55.0000014007092));
#2582=CARTESIAN_POINT('',(62.5000007003546,0.,-55.0000014007092));
#2583=CARTESIAN_POINT('Origin',(103.000000700355,0.,-56.0000014007091));
#2584=CARTESIAN_POINT('Origin',(102.060233095312,0.,-91.1400476620125));
#2585=CARTESIAN_POINT('',(103.000000700355,0.,-93.0000014007091));
#2586=CARTESIAN_POINT('',(89.5000007003546,0.,-93.0000014007092));
#2587=CARTESIAN_POINT('',(104.000000700355,0.,-92.0000014007092));
#2588=CARTESIAN_POINT('',(104.000000700355,0.,-65.0000014007092));
#2589=CARTESIAN_POINT('Origin',(103.000000700355,0.,-92.0000014007092));
#2590=CARTESIAN_POINT('Origin',(69.7062108887986,1.8,-79.607302989313));
#2591=CARTESIAN_POINT('',(69.7062108887986,2.,-83.407302989313));
#2592=CARTESIAN_POINT('Origin',(69.7062108887986,2.,-79.607302989313));
#2593=CARTESIAN_POINT('',(69.7062108887986,1.8,-83.607302989313));
#2594=CARTESIAN_POINT('Origin',(69.7062108887986,1.8,-83.407302989313));
#2595=CARTESIAN_POINT('',(73.7062108887986,1.8,-79.607302989313));
#2596=CARTESIAN_POINT('Origin',(69.7062108887986,1.8,-79.607302989313));
#2597=CARTESIAN_POINT('Origin',(69.7062108887986,1.8,-79.607302989313));
#2598=CARTESIAN_POINT('Origin',(69.7062108887986,0.,-79.607302989313));
#2599=CARTESIAN_POINT('',(73.7062108887986,0.,-79.607302989313));
#2600=CARTESIAN_POINT('',(73.7062108887986,0.,-79.607302989313));
#2601=CARTESIAN_POINT('Origin',(69.7062108887986,0.,-79.607302989313));
#2602=CARTESIAN_POINT('Origin',(69.7062108887986,2.,-79.607302989313));
#2603=CARTESIAN_POINT('Origin',(69.7062108887986,1.8,-68.3926998121054));
#2604=CARTESIAN_POINT('',(69.7062108887986,2.,-72.1926998121054));
#2605=CARTESIAN_POINT('Origin',(69.7062108887986,2.,-68.3926998121054));
#2606=CARTESIAN_POINT('',(69.7062108887986,1.8,-72.3926998121054));
#2607=CARTESIAN_POINT('Origin',(69.7062108887986,1.8,-72.1926998121054));
#2608=CARTESIAN_POINT('',(73.7062108887986,1.8,-68.3926998121054));
#2609=CARTESIAN_POINT('Origin',(69.7062108887986,1.8,-68.3926998121054));
#2610=CARTESIAN_POINT('Origin',(69.7062108887986,1.8,-68.3926998121054));
#2611=CARTESIAN_POINT('Origin',(69.7062108887986,0.,-68.3926998121054));
#2612=CARTESIAN_POINT('',(73.7062108887986,0.,-68.3926998121054));
#2613=CARTESIAN_POINT('',(73.7062108887986,0.,-68.3926998121054));
#2614=CARTESIAN_POINT('Origin',(69.7062108887986,0.,-68.3926998121054));
#2615=CARTESIAN_POINT('Origin',(69.7062108887986,2.,-68.3926998121054));
#2616=CARTESIAN_POINT('Origin',(56.0000007003546,-28.6,-60.0000014007092));
#2617=CARTESIAN_POINT('',(56.0000007003546,-28.8,-56.3000014007092));
#2618=CARTESIAN_POINT('Origin',(56.0000007003546,-28.8,-60.0000014007092));
#2619=CARTESIAN_POINT('',(56.0000007003546,-28.6,-56.1000014007092));
#2620=CARTESIAN_POINT('Origin',(56.0000007003546,-28.6,-56.3000014007092));
#2621=CARTESIAN_POINT('',(59.9000007003546,-28.6,-60.0000014007092));
#2622=CARTESIAN_POINT('Origin',(56.0000007003546,-28.6,-60.0000014007092));
#2623=CARTESIAN_POINT('Origin',(56.0000007003546,-28.6,-60.0000014007092));
#2624=CARTESIAN_POINT('Origin',(56.0000007003546,-28.8,-60.0000014007092));
#2625=CARTESIAN_POINT('',(58.0000007003546,-28.8,-60.0000014007092));
#2626=CARTESIAN_POINT('Origin',(56.0000007003546,-28.8,-60.0000014007092));
#2627=CARTESIAN_POINT('Origin',(56.0000007003546,2.,-60.0000014007092));
#2628=CARTESIAN_POINT('',(59.9000007003546,-26.8,-60.0000014007092));
#2629=CARTESIAN_POINT('',(59.9000007003546,2.,-60.0000014007092));
#2630=CARTESIAN_POINT('Origin',(56.0000007003546,-26.8,-60.0000014007092));
#2631=CARTESIAN_POINT('Origin',(56.0000007003546,-28.6,-88.0000014007092));
#2632=CARTESIAN_POINT('',(56.0000007003546,-28.8,-84.3000014007092));
#2633=CARTESIAN_POINT('Origin',(56.0000007003546,-28.8,-88.0000014007092));
#2634=CARTESIAN_POINT('',(56.0000007003546,-28.6,-84.1000014007092));
#2635=CARTESIAN_POINT('Origin',(56.0000007003546,-28.6,-84.3000014007092));
#2636=CARTESIAN_POINT('',(59.9000007003546,-28.6,-88.0000014007092));
#2637=CARTESIAN_POINT('Origin',(56.0000007003546,-28.6,-88.0000014007092));
#2638=CARTESIAN_POINT('Origin',(56.0000007003546,-28.6,-88.0000014007092));
#2639=CARTESIAN_POINT('Origin',(56.0000007003546,-28.8,-88.0000014007092));
#2640=CARTESIAN_POINT('',(58.0000007003546,-28.8,-88.0000014007092));
#2641=CARTESIAN_POINT('Origin',(56.0000007003546,-28.8,-88.0000014007092));
#2642=CARTESIAN_POINT('Origin',(56.0000007003546,2.,-88.0000014007092));
#2643=CARTESIAN_POINT('',(59.9000007003546,-26.8,-88.0000014007092));
#2644=CARTESIAN_POINT('',(59.9000007003546,2.,-88.0000014007092));
#2645=CARTESIAN_POINT('Origin',(56.0000007003546,-26.8,-88.0000014007092));
#2646=CARTESIAN_POINT('Origin',(69.7062108887986,-28.6,-68.3926998121054));
#2647=CARTESIAN_POINT('',(69.7062108887986,-28.8,-64.5926998121054));
#2648=CARTESIAN_POINT('Origin',(69.7062108887986,-28.8,-68.3926998121054));
#2649=CARTESIAN_POINT('',(69.7062108887986,-28.6,-64.3926998121054));
#2650=CARTESIAN_POINT('Origin',(69.7062108887986,-28.6,-64.5926998121054));
#2651=CARTESIAN_POINT('',(73.7062108887986,-28.6,-68.3926998121054));
#2652=CARTESIAN_POINT('Origin',(69.7062108887986,-28.6,-68.3926998121054));
#2653=CARTESIAN_POINT('Origin',(69.7062108887986,-28.6,-68.3926998121054));
#2654=CARTESIAN_POINT('Origin',(69.7062108887986,2.,-68.3926998121054));
#2655=CARTESIAN_POINT('',(73.7062108887986,-26.8,-68.3926998121054));
#2656=CARTESIAN_POINT('',(73.7062108887986,2.,-68.3926998121054));
#2657=CARTESIAN_POINT('Origin',(69.7062108887986,-26.8,-68.3926998121054));
#2658=CARTESIAN_POINT('Origin',(69.7062108887986,-28.8,-68.3926998121054));
#2659=CARTESIAN_POINT('Origin',(69.7062108887986,-28.6,-79.607302989313));
#2660=CARTESIAN_POINT('',(69.7062108887986,-28.8,-75.8073029893129));
#2661=CARTESIAN_POINT('Origin',(69.7062108887986,-28.8,-79.607302989313));
#2662=CARTESIAN_POINT('',(69.7062108887986,-28.6,-75.607302989313));
#2663=CARTESIAN_POINT('Origin',(69.7062108887986,-28.6,-75.8073029893129));
#2664=CARTESIAN_POINT('',(73.7062108887986,-28.6,-79.607302989313));
#2665=CARTESIAN_POINT('Origin',(69.7062108887986,-28.6,-79.607302989313));
#2666=CARTESIAN_POINT('Origin',(69.7062108887986,-28.6,-79.607302989313));
#2667=CARTESIAN_POINT('Origin',(69.7062108887986,2.,-79.607302989313));
#2668=CARTESIAN_POINT('',(73.7062108887986,-26.8,-79.607302989313));
#2669=CARTESIAN_POINT('',(73.7062108887986,2.,-79.607302989313));
#2670=CARTESIAN_POINT('Origin',(69.7062108887986,-26.8,-79.607302989313));
#2671=CARTESIAN_POINT('Origin',(69.7062108887986,-28.8,-79.607302989313));
#2672=CARTESIAN_POINT('Origin',(96.0000007003546,-28.6,-60.0000014007092));
#2673=CARTESIAN_POINT('',(96.0000007003546,-28.8,-56.3000014007091));
#2674=CARTESIAN_POINT('Origin',(96.0000007003546,-28.8,-60.0000014007092));
#2675=CARTESIAN_POINT('',(96.0000007003546,-28.6,-56.1000014007091));
#2676=CARTESIAN_POINT('Origin',(96.0000007003546,-28.6,-56.3000014007091));
#2677=CARTESIAN_POINT('',(99.9000007003546,-28.6,-60.0000014007092));
#2678=CARTESIAN_POINT('Origin',(96.0000007003546,-28.6,-60.0000014007092));
#2679=CARTESIAN_POINT('Origin',(96.0000007003546,-28.6,-60.0000014007092));
#2680=CARTESIAN_POINT('Origin',(96.0000007003546,-28.8,-60.0000014007092));
#2681=CARTESIAN_POINT('',(98.0000007003546,-28.8,-60.0000014007092));
#2682=CARTESIAN_POINT('Origin',(96.0000007003546,-28.8,-60.0000014007092));
#2683=CARTESIAN_POINT('Origin',(96.0000007003546,2.,-60.0000014007092));
#2684=CARTESIAN_POINT('',(99.9000007003546,-26.8,-60.0000014007092));
#2685=CARTESIAN_POINT('',(99.9000007003546,2.,-60.0000014007092));
#2686=CARTESIAN_POINT('Origin',(96.0000007003546,-26.8,-60.0000014007092));
#2687=CARTESIAN_POINT('Origin',(96.0000007003546,-28.6,-88.0000014007092));
#2688=CARTESIAN_POINT('',(96.0000007003546,-28.8,-84.3000014007091));
#2689=CARTESIAN_POINT('Origin',(96.0000007003546,-28.8,-88.0000014007092));
#2690=CARTESIAN_POINT('',(96.0000007003546,-28.6,-84.1000014007091));
#2691=CARTESIAN_POINT('Origin',(96.0000007003546,-28.6,-84.3000014007091));
#2692=CARTESIAN_POINT('',(99.9000007003546,-28.6,-88.0000014007092));
#2693=CARTESIAN_POINT('Origin',(96.0000007003546,-28.6,-88.0000014007092));
#2694=CARTESIAN_POINT('Origin',(96.0000007003546,-28.6,-88.0000014007092));
#2695=CARTESIAN_POINT('Origin',(96.0000007003546,-28.8,-88.0000014007092));
#2696=CARTESIAN_POINT('',(98.0000007003546,-28.8,-88.0000014007092));
#2697=CARTESIAN_POINT('Origin',(96.0000007003546,-28.8,-88.0000014007092));
#2698=CARTESIAN_POINT('Origin',(96.0000007003546,2.,-88.0000014007092));
#2699=CARTESIAN_POINT('',(99.9000007003546,-26.8,-88.0000014007092));
#2700=CARTESIAN_POINT('',(99.9000007003546,2.,-88.0000014007092));
#2701=CARTESIAN_POINT('Origin',(96.0000007003546,-26.8,-88.0000014007092));
#2702=CARTESIAN_POINT('Origin',(96.0000007003546,1.8,-88.0000014007092));
#2703=CARTESIAN_POINT('',(96.0000007003546,2.,-91.7000014007092));
#2704=CARTESIAN_POINT('Origin',(96.0000007003546,2.,-88.0000014007092));
#2705=CARTESIAN_POINT('',(96.0000007003546,1.8,-91.9000014007092));
#2706=CARTESIAN_POINT('Origin',(96.0000007003546,1.8,-91.7000014007092));
#2707=CARTESIAN_POINT('',(99.9000007003546,1.8,-88.0000014007092));
#2708=CARTESIAN_POINT('Origin',(96.0000007003546,1.8,-88.0000014007092));
#2709=CARTESIAN_POINT('Origin',(96.0000007003546,1.8,-88.0000014007092));
#2710=CARTESIAN_POINT('Origin',(96.0000007003546,0.,-88.0000014007092));
#2711=CARTESIAN_POINT('',(99.9000007003546,0.,-88.0000014007092));
#2712=CARTESIAN_POINT('',(99.9000007003546,0.,-88.0000014007092));
#2713=CARTESIAN_POINT('Origin',(96.0000007003546,0.,-88.0000014007092));
#2714=CARTESIAN_POINT('Origin',(96.0000007003546,2.,-88.0000014007092));
#2715=CARTESIAN_POINT('',(98.0000007003546,2.,-88.0000014007092));
#2716=CARTESIAN_POINT('Origin',(96.0000007003546,2.,-88.0000014007092));
#2717=CARTESIAN_POINT('Origin',(56.0000007003546,1.8,-88.0000014007092));
#2718=CARTESIAN_POINT('',(56.0000007003546,2.,-91.7000014007091));
#2719=CARTESIAN_POINT('Origin',(56.0000007003546,2.,-88.0000014007092));
#2720=CARTESIAN_POINT('',(56.0000007003546,1.8,-91.9000014007091));
#2721=CARTESIAN_POINT('Origin',(56.0000007003546,1.8,-91.7000014007091));
#2722=CARTESIAN_POINT('',(59.9000007003546,1.8,-88.0000014007092));
#2723=CARTESIAN_POINT('Origin',(56.0000007003546,1.8,-88.0000014007092));
#2724=CARTESIAN_POINT('Origin',(56.0000007003546,1.8,-88.0000014007092));
#2725=CARTESIAN_POINT('Origin',(56.0000007003546,0.,-88.0000014007092));
#2726=CARTESIAN_POINT('',(59.9000007003546,0.,-88.0000014007092));
#2727=CARTESIAN_POINT('',(59.9000007003546,0.,-88.0000014007092));
#2728=CARTESIAN_POINT('Origin',(56.0000007003546,0.,-88.0000014007092));
#2729=CARTESIAN_POINT('Origin',(56.0000007003546,2.,-88.0000014007092));
#2730=CARTESIAN_POINT('',(58.0000007003546,2.,-88.0000014007092));
#2731=CARTESIAN_POINT('Origin',(56.0000007003546,2.,-88.0000014007092));
#2732=CARTESIAN_POINT('Origin',(56.0000007003546,1.8,-60.0000014007092));
#2733=CARTESIAN_POINT('',(56.0000007003546,2.,-63.7000014007091));
#2734=CARTESIAN_POINT('Origin',(56.0000007003546,2.,-60.0000014007092));
#2735=CARTESIAN_POINT('',(56.0000007003546,1.8,-63.9000014007091));
#2736=CARTESIAN_POINT('Origin',(56.0000007003546,1.8,-63.7000014007091));
#2737=CARTESIAN_POINT('',(59.9000007003546,1.8,-60.0000014007092));
#2738=CARTESIAN_POINT('Origin',(56.0000007003546,1.8,-60.0000014007092));
#2739=CARTESIAN_POINT('Origin',(56.0000007003546,1.8,-60.0000014007092));
#2740=CARTESIAN_POINT('Origin',(56.0000007003546,0.,-60.0000014007092));
#2741=CARTESIAN_POINT('',(59.9000007003546,0.,-60.0000014007092));
#2742=CARTESIAN_POINT('',(59.9000007003546,0.,-60.0000014007092));
#2743=CARTESIAN_POINT('Origin',(56.0000007003546,0.,-60.0000014007092));
#2744=CARTESIAN_POINT('Origin',(56.0000007003546,2.,-60.0000014007092));
#2745=CARTESIAN_POINT('',(58.0000007003546,2.,-60.0000014007092));
#2746=CARTESIAN_POINT('Origin',(56.0000007003546,2.,-60.0000014007092));
#2747=CARTESIAN_POINT('Origin',(96.0000007003546,1.8,-60.0000014007092));
#2748=CARTESIAN_POINT('',(96.0000007003546,2.,-63.7000014007092));
#2749=CARTESIAN_POINT('Origin',(96.0000007003546,2.,-60.0000014007092));
#2750=CARTESIAN_POINT('',(96.0000007003546,1.8,-63.9000014007092));
#2751=CARTESIAN_POINT('Origin',(96.0000007003546,1.8,-63.7000014007092));
#2752=CARTESIAN_POINT('',(99.9000007003546,1.8,-60.0000014007092));
#2753=CARTESIAN_POINT('Origin',(96.0000007003546,1.8,-60.0000014007092));
#2754=CARTESIAN_POINT('Origin',(96.0000007003546,1.8,-60.0000014007092));
#2755=CARTESIAN_POINT('Origin',(96.0000007003546,0.,-60.0000014007092));
#2756=CARTESIAN_POINT('',(99.9000007003546,0.,-60.0000014007092));
#2757=CARTESIAN_POINT('',(99.9000007003546,0.,-60.0000014007092));
#2758=CARTESIAN_POINT('Origin',(96.0000007003546,0.,-60.0000014007092));
#2759=CARTESIAN_POINT('Origin',(96.0000007003546,2.,-60.0000014007092));
#2760=CARTESIAN_POINT('',(98.0000007003546,2.,-60.0000014007092));
#2761=CARTESIAN_POINT('Origin',(96.0000007003546,2.,-60.0000014007092));
#2762=CARTESIAN_POINT('Origin',(85.0000007003546,-31.,-74.0000014007092));
#2763=CARTESIAN_POINT('',(85.0000007003546,-31.2,-64.8000014007091));
#2764=CARTESIAN_POINT('Origin',(85.0000007003546,-31.2,-74.0000014007092));
#2765=CARTESIAN_POINT('',(85.0000007003546,-31.,-64.6000014007092));
#2766=CARTESIAN_POINT('Origin',(85.0000007003546,-31.,-64.8000014007091));
#2767=CARTESIAN_POINT('',(75.6000007003546,-31.,-74.0000014007092));
#2768=CARTESIAN_POINT('Origin',(85.0000007003546,-31.,-74.0000014007092));
#2769=CARTESIAN_POINT('Origin',(85.0000007003546,-31.,-74.0000014007092));
#2770=CARTESIAN_POINT('Origin',(87.8500012069941,19.85,-72.6771260324145));
#2771=CARTESIAN_POINT('',(88.000001206994,19.7,-71.3542506641198));
#2772=CARTESIAN_POINT('',(88.000001206994,19.7,-76.6457521372985));
#2773=CARTESIAN_POINT('',(88.000001206994,19.7,-72.6771260324145));
#2774=CARTESIAN_POINT('',(87.700001206994,20.,-76.5298229881233));
#2775=CARTESIAN_POINT('Ctrl Pts',(87.700001206994,20.,-76.5298229881233));
#2776=CARTESIAN_POINT('Ctrl Pts',(87.7997882025516,19.9002130044425,-76.5692672499234));
#2777=CARTESIAN_POINT('Ctrl Pts',(87.8999035299332,19.8000976770608,-76.6079187824918));
#2778=CARTESIAN_POINT('Ctrl Pts',(88.000001206994,19.7,-76.6457521372985));
#2779=CARTESIAN_POINT('',(87.700001206994,20.,-71.470179813295));
#2780=CARTESIAN_POINT('',(87.700001206994,20.,-72.6771260324145));
#2781=CARTESIAN_POINT('Ctrl Pts',(87.700001206994,20.,-71.470179813295));
#2782=CARTESIAN_POINT('Ctrl Pts',(87.7997882025516,19.9002130044424,-71.4307355514949));
#2783=CARTESIAN_POINT('Ctrl Pts',(87.8999035299333,19.8000976770607,-71.3920840189264));
#2784=CARTESIAN_POINT('Ctrl Pts',(88.000001206994,19.7,-71.3542506641198));
#2785=CARTESIAN_POINT('Origin',(76.0000007003546,20.,-74.0000014007092));
#2786=CARTESIAN_POINT('Origin',(85.0000007003546,20.,-74.0000014007092));
#2787=CARTESIAN_POINT('Origin',(88.5000009536743,7.,-74.0000014007092));
#2788=CARTESIAN_POINT('',(88.000001206994,7.,-71.3542506641198));
#2789=CARTESIAN_POINT('',(88.000001206994,7.,-76.6457521372985));
#2790=CARTESIAN_POINT('',(88.000001206994,7.,-70.5000010505319));
#2791=CARTESIAN_POINT('',(89.0000007003546,7.,-74.0000014007092));
#2792=CARTESIAN_POINT('Origin',(85.0000007003546,7.,-74.0000014007092));
#2793=CARTESIAN_POINT('Origin',(85.0000007003546,7.,-74.0000014007092));
#2794=CARTESIAN_POINT('Origin',(88.000001206994,20.,-71.3542506641198));
#2795=CARTESIAN_POINT('',(88.000001206994,0.,-71.3542506641198));
#2796=CARTESIAN_POINT('',(88.000001206994,0.,-76.6457521372985));
#2797=CARTESIAN_POINT('Origin',(85.0000007003546,19.85,-74.0000014007092));
#2798=CARTESIAN_POINT('Origin',(85.0000007003546,19.7,-74.0000014007092));
#2799=CARTESIAN_POINT('Origin',(85.0000007003546,0.,-74.0000014007092));
#2800=CARTESIAN_POINT('',(89.0000007003546,4.5,-74.0000014007092));
#2801=CARTESIAN_POINT('',(89.0000007003546,0.,-74.0000014007092));
#2802=CARTESIAN_POINT('Origin',(85.0000007003546,4.5,-74.0000014007092));
#2803=CARTESIAN_POINT('Origin',(85.0000007003546,4.5,-74.0000014007092));
#2804=CARTESIAN_POINT('',(85.0000007003546,4.5,-65.1000014007091));
#2805=CARTESIAN_POINT('Origin',(85.0000007003546,4.5,-74.0000014007092));
#2806=CARTESIAN_POINT('Origin',(85.0000007003546,4.,-74.0000014007092));
#2807=CARTESIAN_POINT('',(94.4000007003546,4.,-74.0000014007092));
#2808=CARTESIAN_POINT('',(85.0000007003546,4.,-64.6000014007091));
#2809=CARTESIAN_POINT('Origin',(85.0000007003546,4.,-74.0000014007092));
#2810=CARTESIAN_POINT('Origin',(85.0000007003546,4.,-65.1000014007091));
#2811=CARTESIAN_POINT('Origin',(85.0000007003546,4.,-74.0000014007092));
#2812=CARTESIAN_POINT('Origin',(85.0000007003546,0.,-74.0000014007092));
#2813=CARTESIAN_POINT('',(94.4000007003546,0.,-74.0000014007092));
#2814=CARTESIAN_POINT('',(94.4000007003546,0.,-74.0000014007092));
#2815=CARTESIAN_POINT('Origin',(85.0000007003546,0.,-74.0000014007092));
#2816=CARTESIAN_POINT('Origin',(76.0000007003546,0.,-74.0000014007092));
#2817=CARTESIAN_POINT('',(48.0000007003546,0.,-83.0000014007092));
#2818=CARTESIAN_POINT('',(62.5000007003546,0.,-55.0000014007092));
#2819=CARTESIAN_POINT('',(104.000000700355,0.,-65.0000014007092));
#2820=CARTESIAN_POINT('',(89.5000007003546,0.,-93.0000014007092));
#2821=CARTESIAN_POINT('Origin',(96.0000007003546,0.,-88.0000014007092));
#2822=CARTESIAN_POINT('',(98.0000007003546,0.,-88.0000014007092));
#2823=CARTESIAN_POINT('Origin',(56.0000007003546,0.,-88.0000014007092));
#2824=CARTESIAN_POINT('',(58.0000007003546,0.,-88.0000014007092));
#2825=CARTESIAN_POINT('Origin',(62.5000007003546,-1.,-55.0000014007092));
#2826=CARTESIAN_POINT('',(103.000000700355,-1.,-54.0000014007092));
#2827=CARTESIAN_POINT('Origin',(103.000000700355,-1.,-55.0000014007092));
#2828=CARTESIAN_POINT('',(49.0000007003546,-1.,-54.0000014007092));
#2829=CARTESIAN_POINT('Origin',(49.0000007003546,-1.,-55.0000014007092));
#2830=CARTESIAN_POINT('',(62.5000007003546,-1.,-54.0000014007092));
#2831=CARTESIAN_POINT('Ctrl Pts',(103.000000700355,-1.,-54.0000014007092));
#2832=CARTESIAN_POINT('Ctrl Pts',(105.000000700355,-1.,-54.0000014007091));
#2833=CARTESIAN_POINT('Ctrl Pts',(105.000000700355,-1.,-56.0000014007091));
#2834=CARTESIAN_POINT('Ctrl Pts',(103.000000700355,1.78737403284501E-15,
-54.0000014007092));
#2835=CARTESIAN_POINT('Ctrl Pts',(105.000000700355,1.78737403284501E-15,
-54.0000014007091));
#2836=CARTESIAN_POINT('Ctrl Pts',(105.000000700355,1.80411241501588E-15,
-56.0000014007091));
#2837=CARTESIAN_POINT('Ctrl Pts',(103.000000700355,-8.32667268468867E-16,
-55.0000014007092));
#2838=CARTESIAN_POINT('Ctrl Pts',(104.000000700355,-8.32667268468867E-16,
-55.0000014007091));
#2839=CARTESIAN_POINT('Ctrl Pts',(104.000000700355,-8.32667268468867E-16,
-56.0000014007091));
#2840=CARTESIAN_POINT('',(105.000000700355,-1.,-56.0000014007092));
#2841=CARTESIAN_POINT('Origin',(104.000000700355,-1.,-56.0000014007092));
#2842=CARTESIAN_POINT('Origin',(103.000000700355,-1.,-56.0000014007091));
#2843=CARTESIAN_POINT('Origin',(104.000000700355,-1.,-65.0000014007092));
#2844=CARTESIAN_POINT('',(105.000000700355,-1.,-92.0000014007092));
#2845=CARTESIAN_POINT('',(105.000000700355,-1.,-65.0000014007092));
#2846=CARTESIAN_POINT('Origin',(104.000000700355,-1.,-92.0000014007092));
#2847=CARTESIAN_POINT('Ctrl Pts',(105.000000700355,-1.,-92.0000014007092));
#2848=CARTESIAN_POINT('Ctrl Pts',(105.000000700355,-1.,-94.0000014007092));
#2849=CARTESIAN_POINT('Ctrl Pts',(103.000000700355,-1.,-94.0000014007092));
#2850=CARTESIAN_POINT('Ctrl Pts',(105.000000700355,1.33226762955019E-14,
-92.0000014007092));
#2851=CARTESIAN_POINT('Ctrl Pts',(105.000000700355,1.33255368898648E-14,
-94.0000014007092));
#2852=CARTESIAN_POINT('Ctrl Pts',(103.000000700355,1.33255368898648E-14,
-94.0000014007092));
#2853=CARTESIAN_POINT('Ctrl Pts',(104.000000700355,-8.32667268468867E-16,
-92.0000014007092));
#2854=CARTESIAN_POINT('Ctrl Pts',(104.000000700355,-8.32667268468867E-16,
-93.0000014007091));
#2855=CARTESIAN_POINT('Ctrl Pts',(103.000000700355,-8.32667268468867E-16,
-93.0000014007091));
#2856=CARTESIAN_POINT('',(103.000000700355,-1.,-94.0000014007092));
#2857=CARTESIAN_POINT('Origin',(103.000000700355,-1.,-93.0000014007091));
#2858=CARTESIAN_POINT('Origin',(103.000000700355,-1.,-92.0000014007092));
#2859=CARTESIAN_POINT('Origin',(89.5000007003546,-1.,-93.0000014007092));
#2860=CARTESIAN_POINT('',(49.0000007003546,-1.,-94.0000014007092));
#2861=CARTESIAN_POINT('Origin',(49.0000007003546,-1.,-93.0000014007092));
#2862=CARTESIAN_POINT('',(89.5000007003546,-1.,-94.0000014007092));
#2863=CARTESIAN_POINT('Ctrl Pts',(49.0000007003546,-1.,-94.0000014007092));
#2864=CARTESIAN_POINT('Ctrl Pts',(47.0000007003546,-1.,-94.0000014007092));
#2865=CARTESIAN_POINT('Ctrl Pts',(47.0000007003546,-1.,-92.0000014007092));
#2866=CARTESIAN_POINT('Ctrl Pts',(49.0000007003546,8.07973309851108E-15,
-94.0000014007092));
#2867=CARTESIAN_POINT('Ctrl Pts',(47.0000007003546,8.07973309851108E-15,
-94.0000014007092));
#2868=CARTESIAN_POINT('Ctrl Pts',(47.0000007003546,8.04911692853238E-15,
-92.0000014007092));
#2869=CARTESIAN_POINT('Ctrl Pts',(49.0000007003546,-8.32667268468867E-16,
-93.0000014007092));
#2870=CARTESIAN_POINT('Ctrl Pts',(48.0000007003546,-8.32667268468867E-16,
-93.0000014007092));
#2871=CARTESIAN_POINT('Ctrl Pts',(48.0000007003546,-8.32667268468867E-16,
-92.0000014007092));
#2872=CARTESIAN_POINT('Origin',(48.0000007003546,-1.,-92.0000014007092));
#2873=CARTESIAN_POINT('Origin',(49.0000007003546,-1.,-92.0000014007092));
#2874=CARTESIAN_POINT('Origin',(48.0000007003546,-1.,-83.0000014007092));
#2875=CARTESIAN_POINT('Origin',(48.0000007003546,-1.,-56.0000014007092));
#2876=CARTESIAN_POINT('Ctrl Pts',(47.0000007003546,-1.,-56.0000014007092));
#2877=CARTESIAN_POINT('Ctrl Pts',(47.0000007003546,-1.,-54.0000014007092));
#2878=CARTESIAN_POINT('Ctrl Pts',(49.0000007003546,-1.,-54.0000014007092));
#2879=CARTESIAN_POINT('Ctrl Pts',(47.0000007003546,4.71844785465692E-15,
-56.0000014007092));
#2880=CARTESIAN_POINT('Ctrl Pts',(47.0000007003546,4.68783168467825E-15,
-54.0000014007092));
#2881=CARTESIAN_POINT('Ctrl Pts',(49.0000007003546,4.68783168467825E-15,
-54.0000014007092));
#2882=CARTESIAN_POINT('Ctrl Pts',(48.0000007003546,-8.32667268468867E-16,
-56.0000014007092));
#2883=CARTESIAN_POINT('Ctrl Pts',(48.0000007003546,-8.32667268468867E-16,
-55.0000014007092));
#2884=CARTESIAN_POINT('Ctrl Pts',(49.0000007003546,-8.32667268468867E-16,
-55.0000014007092));
#2885=CARTESIAN_POINT('Origin',(49.0000007003546,-1.,-56.0000014007092));
#2886=CARTESIAN_POINT('Origin',(96.0000007003546,0.,-60.0000014007092));
#2887=CARTESIAN_POINT('',(98.0000007003546,0.,-60.0000014007092));
#2888=CARTESIAN_POINT('Origin',(56.0000007003546,0.,-60.0000014007092));
#2889=CARTESIAN_POINT('',(58.0000007003546,0.,-60.0000014007092));
#2890=CARTESIAN_POINT('Origin',(49.0000007003546,-26.8,-54.0000014007092));
#2891=CARTESIAN_POINT('',(103.000000700355,-25.8,-54.0000014007092));
#2892=CARTESIAN_POINT('',(49.0000007003546,-25.8,-54.0000014007092));
#2893=CARTESIAN_POINT('',(62.5000007003546,-25.8,-54.0000014007092));
#2894=CARTESIAN_POINT('',(103.000000700355,-26.8,-54.0000014007092));
#2895=CARTESIAN_POINT('',(49.0000007003546,-26.8,-54.0000014007092));
#2896=CARTESIAN_POINT('Origin',(103.000000700355,-26.8,-56.0000014007091));
#2897=CARTESIAN_POINT('',(105.000000700355,-25.8,-56.0000014007092));
#2898=CARTESIAN_POINT('Origin',(103.000000700355,-25.8,-56.0000014007091));
#2899=CARTESIAN_POINT('',(105.000000700355,-26.8,-56.0000014007092));
#2900=CARTESIAN_POINT('Origin',(105.000000700355,-26.8,-56.0000014007092));
#2901=CARTESIAN_POINT('',(105.000000700355,-25.8,-92.0000014007092));
#2902=CARTESIAN_POINT('',(105.000000700355,-25.8,-65.0000014007092));
#2903=CARTESIAN_POINT('',(105.000000700355,-26.8,-92.0000014007092));
#2904=CARTESIAN_POINT('Origin',(103.000000700355,-26.8,-92.0000014007092));
#2905=CARTESIAN_POINT('',(103.000000700355,-25.8,-94.0000014007092));
#2906=CARTESIAN_POINT('Origin',(103.000000700355,-25.8,-92.0000014007092));
#2907=CARTESIAN_POINT('',(103.000000700355,-26.8,-94.0000014007092));
#2908=CARTESIAN_POINT('Origin',(103.000000700355,-26.8,-94.0000014007092));
#2909=CARTESIAN_POINT('',(49.0000007003546,-25.8,-94.0000014007092));
#2910=CARTESIAN_POINT('',(89.5000007003546,-25.8,-94.0000014007092));
#2911=CARTESIAN_POINT('',(49.0000007003546,-26.8,-94.0000014007092));
#2912=CARTESIAN_POINT('Origin',(49.0000007003546,-26.8,-92.0000014007092));
#2913=CARTESIAN_POINT('Origin',(49.0000007003546,-25.8,-92.0000014007092));
#2914=CARTESIAN_POINT('Origin',(49.0000007003546,-26.8,-56.0000014007092));
#2915=CARTESIAN_POINT('Origin',(49.0000007003546,-25.8,-56.0000014007092));
#2916=CARTESIAN_POINT('Origin',(62.5000007003546,-25.8,-55.0000014007092));
#2917=CARTESIAN_POINT('',(103.000000700355,-26.8,-55.0000014007092));
#2918=CARTESIAN_POINT('Origin',(103.000000700355,-25.8,-55.0000014007092));
#2919=CARTESIAN_POINT('',(49.0000007003546,-26.8,-55.0000014007092));
#2920=CARTESIAN_POINT('Origin',(49.0000007003546,-25.8,-55.0000014007092));
#2921=CARTESIAN_POINT('',(62.5000007003546,-26.8,-55.0000014007092));
#2922=CARTESIAN_POINT('Ctrl Pts',(103.000000700355,-26.8,-55.0000014007092));
#2923=CARTESIAN_POINT('Ctrl Pts',(104.000000700355,-26.8,-55.0000014007092));
#2924=CARTESIAN_POINT('Ctrl Pts',(104.000000700355,-26.8,-56.0000014007091));
#2925=CARTESIAN_POINT('Ctrl Pts',(103.000000700355,-26.8,-54.0000014007092));
#2926=CARTESIAN_POINT('Ctrl Pts',(105.000000700355,-26.8,-54.0000014007091));
#2927=CARTESIAN_POINT('Ctrl Pts',(105.000000700355,-26.8,-56.0000014007091));
#2928=CARTESIAN_POINT('Ctrl Pts',(103.000000700355,-25.8,-54.0000014007092));
#2929=CARTESIAN_POINT('Ctrl Pts',(105.000000700355,-25.8,-54.0000014007091));
#2930=CARTESIAN_POINT('Ctrl Pts',(105.000000700355,-25.8,-56.0000014007091));
#2931=CARTESIAN_POINT('',(104.000000700355,-26.8,-56.0000014007091));
#2932=CARTESIAN_POINT('Origin',(104.000000700355,-25.8,-56.0000014007091));
#2933=CARTESIAN_POINT('Origin',(103.000000700355,-26.8,-56.0000014007091));
#2934=CARTESIAN_POINT('Origin',(104.000000700355,-25.8,-65.0000014007092));
#2935=CARTESIAN_POINT('',(104.000000700355,-26.8,-92.0000014007092));
#2936=CARTESIAN_POINT('Origin',(104.000000700355,-25.8,-92.0000014007092));
#2937=CARTESIAN_POINT('',(104.000000700355,-26.8,-65.0000014007092));
#2938=CARTESIAN_POINT('Ctrl Pts',(104.000000700355,-26.8,-92.0000014007092));
#2939=CARTESIAN_POINT('Ctrl Pts',(104.000000700355,-26.8,-93.0000014007091));
#2940=CARTESIAN_POINT('Ctrl Pts',(103.000000700355,-26.8,-93.0000014007091));
#2941=CARTESIAN_POINT('Ctrl Pts',(105.000000700355,-26.8,-92.0000014007092));
#2942=CARTESIAN_POINT('Ctrl Pts',(105.000000700355,-26.8,-94.0000014007092));
#2943=CARTESIAN_POINT('Ctrl Pts',(103.000000700355,-26.8,-94.0000014007092));
#2944=CARTESIAN_POINT('Ctrl Pts',(105.000000700355,-25.8,-92.0000014007092));
#2945=CARTESIAN_POINT('Ctrl Pts',(105.000000700355,-25.8,-94.0000014007092));
#2946=CARTESIAN_POINT('Ctrl Pts',(103.000000700355,-25.8,-94.0000014007092));
#2947=CARTESIAN_POINT('',(103.000000700355,-26.8,-93.0000014007091));
#2948=CARTESIAN_POINT('Origin',(103.000000700355,-25.8,-93.0000014007091));
#2949=CARTESIAN_POINT('Origin',(103.000000700355,-26.8,-92.0000014007092));
#2950=CARTESIAN_POINT('Origin',(89.5000007003546,-25.8,-93.0000014007092));
#2951=CARTESIAN_POINT('',(49.0000007003546,-26.8,-93.0000014007092));
#2952=CARTESIAN_POINT('Origin',(49.0000007003546,-25.8,-93.0000014007092));
#2953=CARTESIAN_POINT('',(89.5000007003546,-26.8,-93.0000014007092));
#2954=CARTESIAN_POINT('Ctrl Pts',(49.0000007003546,-26.8,-93.0000014007092));
#2955=CARTESIAN_POINT('Ctrl Pts',(48.0000007003546,-26.8,-93.0000014007092));
#2956=CARTESIAN_POINT('Ctrl Pts',(48.0000007003546,-26.8,-92.0000014007092));
#2957=CARTESIAN_POINT('Ctrl Pts',(49.0000007003546,-26.8,-94.0000014007092));
#2958=CARTESIAN_POINT('Ctrl Pts',(47.0000007003546,-26.8,-94.0000014007092));
#2959=CARTESIAN_POINT('Ctrl Pts',(47.0000007003546,-26.8,-92.0000014007092));
#2960=CARTESIAN_POINT('Ctrl Pts',(49.0000007003546,-25.8,-94.0000014007092));
#2961=CARTESIAN_POINT('Ctrl Pts',(47.0000007003546,-25.8,-94.0000014007092));
#2962=CARTESIAN_POINT('Ctrl Pts',(47.0000007003546,-25.8,-92.0000014007092));
#2963=CARTESIAN_POINT('',(48.0000007003546,-26.8,-92.0000014007092));
#2964=CARTESIAN_POINT('Origin',(48.0000007003546,-25.8,-92.0000014007092));
#2965=CARTESIAN_POINT('Origin',(49.0000007003546,-26.8,-92.0000014007092));
#2966=CARTESIAN_POINT('Origin',(48.0000007003546,-25.8,-83.0000014007092));
#2967=CARTESIAN_POINT('',(48.0000007003546,-26.8,-56.0000014007092));
#2968=CARTESIAN_POINT('',(48.0000007003546,-26.8,-83.0000014007092));
#2969=CARTESIAN_POINT('Origin',(48.0000007003546,-25.8,-56.0000014007092));
#2970=CARTESIAN_POINT('Ctrl Pts',(48.0000007003546,-26.8,-56.0000014007092));
#2971=CARTESIAN_POINT('Ctrl Pts',(48.0000007003546,-26.8,-55.0000014007092));
#2972=CARTESIAN_POINT('Ctrl Pts',(49.0000007003546,-26.8,-55.0000014007092));
#2973=CARTESIAN_POINT('Ctrl Pts',(47.0000007003546,-26.8,-56.0000014007092));
#2974=CARTESIAN_POINT('Ctrl Pts',(47.0000007003546,-26.8,-54.0000014007092));
#2975=CARTESIAN_POINT('Ctrl Pts',(49.0000007003546,-26.8,-54.0000014007092));
#2976=CARTESIAN_POINT('Ctrl Pts',(47.0000007003546,-25.8,-56.0000014007092));
#2977=CARTESIAN_POINT('Ctrl Pts',(47.0000007003546,-25.8,-54.0000014007092));
#2978=CARTESIAN_POINT('Ctrl Pts',(49.0000007003546,-25.8,-54.0000014007092));
#2979=CARTESIAN_POINT('Origin',(49.0000007003546,-26.8,-56.0000014007092));
#2980=CARTESIAN_POINT('Origin',(76.0000007003546,-26.8,-74.0000014007092));
#2981=CARTESIAN_POINT('',(75.6000007003546,-26.8,-74.0000014007092));
#2982=CARTESIAN_POINT('Origin',(85.0000007003546,-26.8,-74.0000014007092));
#2983=CARTESIAN_POINT('Origin',(85.0000007003546,-31.2,-74.0000014007092));
#2984=CARTESIAN_POINT('Origin',(85.0000007003546,-26.8,-74.0000014007092));
#2985=CARTESIAN_POINT('',(75.6000007003546,-26.8,-74.0000014007092));
#2986=CARTESIAN_POINT('Origin',(-6.99999929964542,-5.99999999960508,-74.0000014007092));
#2987=CARTESIAN_POINT('',(-6.99999929964542,-16.5,-89.5000014007092));
#2988=CARTESIAN_POINT('Origin',(-6.99999929964542,-16.5,-74.0000014007092));
#2989=CARTESIAN_POINT('Origin',(-10.5999992996454,-16.5,-74.0000014007092));
#2990=CARTESIAN_POINT('',(-11.5999992996454,-16.5,-79.0000014007092));
#2991=CARTESIAN_POINT('Origin',(-11.5999992996454,-16.5,-74.0000014007092));
#2992=CARTESIAN_POINT('',(-10.5999992996454,-16.5,-80.0000014007092));
#2993=CARTESIAN_POINT('Origin',(-10.5999992996454,-16.5,-79.0000014007092));
#2994=CARTESIAN_POINT('Origin',(-10.5999992996454,-16.5,-74.0000014007092));
#2995=CARTESIAN_POINT('Origin',(-12.0999992996454,-16.5,-74.0000014007092));
#2996=CARTESIAN_POINT('',(-12.0999992996454,-16.5,-74.7500014007092));
#2997=CARTESIAN_POINT('Origin',(-12.0999992996454,-16.5,-74.0000014007092));
#2998=CARTESIAN_POINT('Origin',(47.0000007003546,-16.5,-74.0000014007092));
#2999=CARTESIAN_POINT('',(-8.09999929964541,-16.5,-89.5000014007092));
#3000=CARTESIAN_POINT('Origin',(-8.09999929964541,-16.5,-74.0000014007092));
#3001=CARTESIAN_POINT('',(47.0000007003546,-16.5,-89.5000014007092));
#3002=CARTESIAN_POINT('Origin',(-11.8499992996454,-16.5,-74.0000014007092));
#3003=CARTESIAN_POINT('',(-11.8499992996454,-16.5,-75.0000014007092));
#3004=CARTESIAN_POINT('Origin',(-11.8499992996454,-16.5,-74.7500014007092));
#3005=CARTESIAN_POINT('Origin',(-11.8499992996454,-16.5,-74.0000014007092));
#3006=CARTESIAN_POINT('Origin',(-8.09999929964541,-16.5,-74.0000014007092));
#3007=CARTESIAN_POINT('',(-9.59999929964542,-16.5,-88.0000014007092));
#3008=CARTESIAN_POINT('Origin',(-9.59999929964542,-16.5,-74.0000014007092));
#3009=CARTESIAN_POINT('Origin',(-8.09999929964541,-16.5,-88.0000014007092));
#3010=CARTESIAN_POINT('Origin',(-9.59999929964542,-16.5,-74.0000014007092));
#3011=CARTESIAN_POINT('',(-11.5999992996454,-16.5,-75.0000014007092));
#3012=CARTESIAN_POINT('',(-9.59999929964542,-16.5,-75.0000014007092));
#3013=CARTESIAN_POINT('Origin',(-11.5999992996454,-16.5,-74.0000014007092));
#3014=CARTESIAN_POINT('Origin',(-9.59999929964542,-16.5,-74.0000014007092));
#3015=CARTESIAN_POINT('',(-9.59999929964542,-16.5,-80.0000014007092));
#3016=CARTESIAN_POINT('Origin',(-9.59999929964542,-16.5,-74.0000014007092));
#3017=CARTESIAN_POINT('Origin',(-11.5999992996454,-16.5,-74.0000014007092));
#3018=CARTESIAN_POINT('Origin',(-9.59999929964542,-16.5,-74.0000014007092));
#3019=CARTESIAN_POINT('',(-9.59999929964542,-16.5,-80.0000014007092));
#3020=CARTESIAN_POINT('Origin',(42.5000007003546,-5.99999999960508,-74.0000014007092));
#3021=CARTESIAN_POINT('',(42.5000007003546,-16.5,-89.5000014007092));
#3022=CARTESIAN_POINT('Origin',(42.5000007003546,-16.5,-74.0000014007092));
#3023=CARTESIAN_POINT('Origin',(47.0000007003546,-16.5,-74.0000014007092));
#3024=CARTESIAN_POINT('',(-6.99999929964542,-16.5,-89.5000014007092));
#3025=CARTESIAN_POINT('Origin',(-6.99999929964542,-16.5,-74.0000014007092));
#3026=CARTESIAN_POINT('',(47.0000007003546,-16.5,-89.5000014007092));
#3027=CARTESIAN_POINT('Origin',(-6.99999929964542,-5.99999999960508,-74.0000014007092));
#3028=CARTESIAN_POINT('Origin',(42.5000007003546,-5.99999999960508,-74.0000014007092));
#3029=CARTESIAN_POINT('',(42.5000007003546,-16.5,-89.5000014007092));
#3030=CARTESIAN_POINT('Origin',(42.5000007003546,-16.5,-74.0000014007092));
#3031=CARTESIAN_POINT('Origin',(47.0000007003546,-16.5,-74.0000014007092));
#3032=CARTESIAN_POINT('',(47.0000007003546,-16.5,-89.5000014007092));
#3033=CARTESIAN_POINT('',(47.0000007003546,-16.5,-89.5000014007092));
#3034=CARTESIAN_POINT('Origin',(47.0000007003546,-16.5,-74.0000014007092));
#3035=CARTESIAN_POINT('Origin',(47.0000007003546,-16.5,-74.0000014007092));
#3036=UNCERTAINTY_MEASURE_WITH_UNIT(LENGTH_MEASURE(0.01),#3040,
'DISTANCE_ACCURACY_VALUE',
'Maximum model space distance between geometric entities at asserted c
onnectivities');
#3037=UNCERTAINTY_MEASURE_WITH_UNIT(LENGTH_MEASURE(0.01),#3040,
'DISTANCE_ACCURACY_VALUE',
'Maximum model space distance between geometric entities at asserted c
onnectivities');
#3038=(
GEOMETRIC_REPRESENTATION_CONTEXT(3)
GLOBAL_UNCERTAINTY_ASSIGNED_CONTEXT((#3036))
GLOBAL_UNIT_ASSIGNED_CONTEXT((#3040,#3042,#3043))
REPRESENTATION_CONTEXT('','3D')
);
#3039=(
GEOMETRIC_REPRESENTATION_CONTEXT(3)
GLOBAL_UNCERTAINTY_ASSIGNED_CONTEXT((#3037))
GLOBAL_UNIT_ASSIGNED_CONTEXT((#3040,#3042,#3043))
REPRESENTATION_CONTEXT('','3D')
);
#3040=(
LENGTH_UNIT()
NAMED_UNIT(*)
SI_UNIT(.MILLI.,.METRE.)
);
#3041=(
LENGTH_UNIT()
NAMED_UNIT(*)
SI_UNIT($,.METRE.)
);
#3042=(
NAMED_UNIT(*)
PLANE_ANGLE_UNIT()
SI_UNIT($,.RADIAN.)
);
#3043=(
NAMED_UNIT(*)
SI_UNIT($,.STERADIAN.)
SOLID_ANGLE_UNIT()
);
#3044=SHAPE_DEFINITION_REPRESENTATION(#3045,#3046);
#3045=PRODUCT_DEFINITION_SHAPE('',$,#3048);
#3046=SHAPE_REPRESENTATION('',(#1637),#3038);
#3047=PRODUCT_DEFINITION_CONTEXT('part definition',#3052,'design');
#3048=PRODUCT_DEFINITION('ChiHai Motor CHW-GW4058-31ZY',
'ChiHai Motor CHW-GW4058-31ZY v5',#3049,#3047);
#3049=PRODUCT_DEFINITION_FORMATION('',$,#3054);
#3050=PRODUCT_RELATED_PRODUCT_CATEGORY(
'ChiHai Motor CHW-GW4058-31ZY v5','ChiHai Motor CHW-GW4058-31ZY v5',(#3054));
#3051=APPLICATION_PROTOCOL_DEFINITION('international standard',
'automotive_design',2009,#3052);
#3052=APPLICATION_CONTEXT(
'Core Data for Automotive Mechanical Design Process');
#3053=PRODUCT_CONTEXT('part definition',#3052,'mechanical');
#3054=PRODUCT('ChiHai Motor CHW-GW4058-31ZY',
'ChiHai Motor CHW-GW4058-31ZY v5',$,(#3053));
#3055=PRESENTATION_STYLE_ASSIGNMENT((#3058));
#3056=PRESENTATION_STYLE_ASSIGNMENT((#3059));
#3057=PRESENTATION_STYLE_ASSIGNMENT((#3060));
#3058=SURFACE_STYLE_USAGE(.BOTH.,#3061);
#3059=SURFACE_STYLE_USAGE(.BOTH.,#3062);
#3060=SURFACE_STYLE_USAGE(.BOTH.,#3063);
#3061=SURFACE_SIDE_STYLE('',(#3064));
#3062=SURFACE_SIDE_STYLE('',(#3065));
#3063=SURFACE_SIDE_STYLE('',(#3066));
#3064=SURFACE_STYLE_FILL_AREA(#3067);
#3065=SURFACE_STYLE_FILL_AREA(#3068);
#3066=SURFACE_STYLE_FILL_AREA(#3069);
#3067=FILL_AREA_STYLE('Iron - Polished',(#3070));
#3068=FILL_AREA_STYLE('Aluminum - Polished',(#3071));
#3069=FILL_AREA_STYLE('Coating - Black Oxide',(#3072));
#3070=FILL_AREA_STYLE_COLOUR('Iron - Polished',#3073);
#3071=FILL_AREA_STYLE_COLOUR('Aluminum - Polished',#3074);
#3072=FILL_AREA_STYLE_COLOUR('Coating - Black Oxide',#3075);
#3073=COLOUR_RGB('Iron - Polished',0.749019607843137,0.741176470588235,
0.733333333333333);
#3074=COLOUR_RGB('Aluminum - Polished',0.96078431372549,0.96078431372549,
0.964705882352941);
#3075=COLOUR_RGB('Coating - Black Oxide',0.450980392156863,0.450980392156863,
0.450980392156863);
ENDSEC;
END-ISO-10303-21;
