ISO-10303-21;
HEADER;
/* Generated by software containing ST-Developer
 * from STEP Tools, Inc. (www.steptools.com) 
 */

FILE_DESCRIPTION(
/* description */ (''),
/* implementation_level */ '2;1');

FILE_NAME(
/* name */ 'MR52ZZ 2x5x2.5mm Bearing.step',
/* time_stamp */ '2023-05-03T16:26:53-10:00',
/* author */ (''),
/* organization */ (''),
/* preprocessor_version */ 'ST-DEVELOPER v19.2',
/* originating_system */ 'Autodesk Translation Framework v12.4.0.73',
/* authorisation */ '');

FILE_SCHEMA (('AUTOMOTIVE_DESIGN { 1 0 10303 214 3 1 1 }'));
ENDSEC;

DATA;
#10=MECHANICAL_DESIGN_GEOMETRIC_PRESENTATION_REPRESENTATION('',(#373,#374,
#375,#376,#377,#378,#379,#380,#381,#382,#383,#384),#10886);
#11=SHAPE_REPRESENTATION_RELATIONSHIP('SRR','None',#10893,#12);
#12=ADVANCED_BREP_SHAPE_REPRESENTATION('',(#385,#386,#387,#388,#389,#390,
#391,#392,#393,#394,#395,#396),#10885);
#13=B_SPLINE_CURVE_WITH_KNOTS('',3,(#6833,#6834,#6835,#6836,#6837,#6838),
 .UNSPECIFIED.,.F.,.F.,(4,2,4),(0.,0.000870274729879127,0.00174054945975825),
 .UNSPECIFIED.);
#14=B_SPLINE_CURVE_WITH_KNOTS('',3,(#6840,#6841,#6842,#6843,#6844,#6845,
#6846),.UNSPECIFIED.,.F.,.F.,(4,1,1,1,4),(-2.08166817117217E-17,0.0437121114951155,
0.0524545337941386,0.087424222990231,0.122393912186323),.UNSPECIFIED.);
#15=B_SPLINE_CURVE_WITH_KNOTS('',3,(#6848,#6849,#6850,#6851,#6852,#6853),
 .UNSPECIFIED.,.F.,.F.,(4,2,4),(0.,0.000870274729879146,0.0017405494597583),
 .UNSPECIFIED.);
#16=B_SPLINE_CURVE_WITH_KNOTS('',3,(#6854,#6855,#6856,#6857,#6858,#6859,
#6860),.UNSPECIFIED.,.F.,.F.,(4,1,1,1,4),(-0.122393912186323,-0.087424222990231,
-0.0524545337941386,-0.0437121114951155,2.08166817117217E-17),
 .UNSPECIFIED.);
#17=B_SPLINE_CURVE_WITH_KNOTS('',3,(#6865,#6866,#6867,#6868,#6869,#6870,
#6871,#6872,#6873,#6874,#6875,#6876,#6877,#6878,#6879,#6880,#6881,#6882,
#6883,#6884,#6885,#6886),.UNSPECIFIED.,.F.,.F.,(4,2,2,2,2,2,2,2,2,2,4),
(-0.112859197023814,-0.0931613257965438,-0.083312390182909,-0.0734634545692742,
-0.0649465265405905,-0.0564295985119067,-0.0479126704832231,-0.0393957424545394,
-0.0295468068409045,-0.0196978712272697,0.),.UNSPECIFIED.);
#18=B_SPLINE_CURVE_WITH_KNOTS('',3,(#6896,#6897,#6898,#6899,#6900,#6901),
 .UNSPECIFIED.,.F.,.F.,(4,2,4),(0.,0.00087027472987914,0.00174054945975827),
 .UNSPECIFIED.);
#19=B_SPLINE_CURVE_WITH_KNOTS('',3,(#6909,#6910,#6911,#6912,#6913,#6914),
 .UNSPECIFIED.,.F.,.F.,(4,2,4),(0.,0.00092363687629943,0.00184727375259886),
 .UNSPECIFIED.);
#20=B_SPLINE_CURVE_WITH_KNOTS('',3,(#6922,#6923,#6924,#6925,#6926,#6927),
 .UNSPECIFIED.,.F.,.F.,(4,2,4),(0.,0.000923636876299398,0.0018472737525988),
 .UNSPECIFIED.);
#21=B_SPLINE_CURVE_WITH_KNOTS('',3,(#6962,#6963,#6964,#6965,#6966,#6967,
#6968),.UNSPECIFIED.,.F.,.F.,(4,1,1,1,4),(-2.08166817117217E-17,0.0437121114951155,
0.0524545337941386,0.087424222990231,0.122393912186323),.UNSPECIFIED.);
#22=B_SPLINE_CURVE_WITH_KNOTS('',3,(#6970,#6971,#6972,#6973,#6974,#6975),
 .UNSPECIFIED.,.F.,.F.,(4,2,4),(0.,0.00087027472987914,0.00174054945975828),
 .UNSPECIFIED.);
#23=B_SPLINE_CURVE_WITH_KNOTS('',3,(#6976,#6977,#6978,#6979,#6980,#6981,
#6982),.UNSPECIFIED.,.F.,.F.,(4,1,1,1,4),(-0.122393912186323,-0.087424222990231,
-0.0524545337941386,-0.0437121114951155,2.08166817117217E-17),
 .UNSPECIFIED.);
#24=B_SPLINE_CURVE_WITH_KNOTS('',3,(#6985,#6986,#6987,#6988),
 .UNSPECIFIED.,.F.,.F.,(4,4),(0.143672732551909,0.157569670778587),
 .UNSPECIFIED.);
#25=B_SPLINE_CURVE_WITH_KNOTS('',3,(#6990,#6991,#6992,#6993),
 .UNSPECIFIED.,.F.,.F.,(4,4),(0.116232526989825,0.117622845257427),
 .UNSPECIFIED.);
#26=B_SPLINE_CURVE_WITH_KNOTS('',3,(#6997,#6998,#6999,#7000),
 .UNSPECIFIED.,.F.,.F.,(4,4),(0.0102943779748594,0.0116776330932283),
 .UNSPECIFIED.);
#27=B_SPLINE_CURVE_WITH_KNOTS('',3,(#7001,#7002,#7003,#7004),
 .UNSPECIFIED.,.F.,.F.,(4,4),(-0.0136917604575601,0.),.UNSPECIFIED.);
#28=B_SPLINE_CURVE_WITH_KNOTS('',3,(#7006,#7007,#7008,#7009,#7010,#7011,
#7012,#7013,#7014),.UNSPECIFIED.,.F.,.F.,(4,1,1,1,1,1,4),(-3.95113606169531E-20,
0.0189805768816694,0.0379611537633388,0.0759223075266776,0.094902884408347,
0.113883461290016,0.132864038171686),.UNSPECIFIED.);
#29=B_SPLINE_CURVE_WITH_KNOTS('',3,(#7018,#7019,#7020,#7021),
 .UNSPECIFIED.,.F.,.F.,(4,4),(0.151503396596987,0.165195157044165),
 .UNSPECIFIED.);
#30=B_SPLINE_CURVE_WITH_KNOTS('',3,(#7023,#7024,#7025,#7026),
 .UNSPECIFIED.,.F.,.F.,(4,4),(0.151019469570086,0.152402724688313),
 .UNSPECIFIED.);
#31=B_SPLINE_CURVE_WITH_KNOTS('',3,(#7034,#7035,#7036,#7037),
 .UNSPECIFIED.,.F.,.F.,(4,4),(0.00114695696000038,0.00253727522757651),
 .UNSPECIFIED.);
#32=B_SPLINE_CURVE_WITH_KNOTS('',3,(#7039,#7040,#7041,#7042),
 .UNSPECIFIED.,.F.,.F.,(4,4),(-0.0138969381650522,0.),.UNSPECIFIED.);
#33=B_SPLINE_CURVE_WITH_KNOTS('',3,(#7074,#7075,#7076,#7077,#7078,#7079),
 .UNSPECIFIED.,.F.,.F.,(4,2,4),(0.,0.000870274729879134,0.00174054945975826),
 .UNSPECIFIED.);
#34=B_SPLINE_CURVE_WITH_KNOTS('',3,(#7081,#7082,#7083,#7084,#7085,#7086,
#7087),.UNSPECIFIED.,.F.,.F.,(4,1,1,1,4),(-1.04083408558608E-17,0.0437121114951155,
0.0524545337941386,0.087424222990231,0.122393912186323),.UNSPECIFIED.);
#35=B_SPLINE_CURVE_WITH_KNOTS('',3,(#7089,#7090,#7091,#7092,#7093,#7094),
 .UNSPECIFIED.,.F.,.F.,(4,2,4),(0.,0.000870274729879134,0.00174054945975827),
 .UNSPECIFIED.);
#36=B_SPLINE_CURVE_WITH_KNOTS('',3,(#7095,#7096,#7097,#7098,#7099,#7100,
#7101),.UNSPECIFIED.,.F.,.F.,(4,1,1,1,4),(-0.122393912186323,-0.087424222990231,
-0.0524545337941386,-0.0437121114951155,1.04083408558608E-17),
 .UNSPECIFIED.);
#37=B_SPLINE_CURVE_WITH_KNOTS('',3,(#7106,#7107,#7108,#7109,#7110,#7111,
#7112,#7113,#7114,#7115,#7116,#7117,#7118,#7119,#7120,#7121,#7122,#7123,
#7124,#7125,#7126,#7127),.UNSPECIFIED.,.F.,.F.,(4,2,2,2,2,2,2,2,2,2,4),
(-0.112859197023814,-0.0931613257965438,-0.083312390182909,-0.0734634545692742,
-0.0649465265405905,-0.0564295985119067,-0.0479126704832231,-0.0393957424545394,
-0.0295468068409045,-0.0196978712272697,0.),.UNSPECIFIED.);
#38=B_SPLINE_CURVE_WITH_KNOTS('',3,(#7137,#7138,#7139,#7140,#7141,#7142),
 .UNSPECIFIED.,.F.,.F.,(4,2,4),(0.,0.00087027472987914,0.00174054945975827),
 .UNSPECIFIED.);
#39=B_SPLINE_CURVE_WITH_KNOTS('',3,(#7150,#7151,#7152,#7153,#7154,#7155),
 .UNSPECIFIED.,.F.,.F.,(4,2,4),(0.,0.00092363687629943,0.00184727375259887),
 .UNSPECIFIED.);
#40=B_SPLINE_CURVE_WITH_KNOTS('',3,(#7163,#7164,#7165,#7166,#7167,#7168),
 .UNSPECIFIED.,.F.,.F.,(4,2,4),(0.,0.000923636876299416,0.00184727375259885),
 .UNSPECIFIED.);
#41=B_SPLINE_CURVE_WITH_KNOTS('',3,(#7203,#7204,#7205,#7206,#7207,#7208,
#7209),.UNSPECIFIED.,.F.,.F.,(4,1,1,1,4),(-1.90819582357449E-17,0.0437121114951155,
0.0524545337941386,0.087424222990231,0.122393912186323),.UNSPECIFIED.);
#42=B_SPLINE_CURVE_WITH_KNOTS('',3,(#7211,#7212,#7213,#7214,#7215,#7216),
 .UNSPECIFIED.,.F.,.F.,(4,2,4),(0.,0.00087027472987912,0.00174054945975824),
 .UNSPECIFIED.);
#43=B_SPLINE_CURVE_WITH_KNOTS('',3,(#7217,#7218,#7219,#7220,#7221,#7222,
#7223),.UNSPECIFIED.,.F.,.F.,(4,1,1,1,4),(-0.122393912186323,-0.087424222990231,
-0.0524545337941386,-0.0437121114951155,1.90819582357449E-17),
 .UNSPECIFIED.);
#44=B_SPLINE_CURVE_WITH_KNOTS('',3,(#7226,#7227,#7228,#7229),
 .UNSPECIFIED.,.F.,.F.,(4,4),(0.143672732551909,0.157569670778587),
 .UNSPECIFIED.);
#45=B_SPLINE_CURVE_WITH_KNOTS('',3,(#7231,#7232,#7233,#7234),
 .UNSPECIFIED.,.F.,.F.,(4,4),(0.116232526989825,0.117622845257427),
 .UNSPECIFIED.);
#46=B_SPLINE_CURVE_WITH_KNOTS('',3,(#7238,#7239,#7240,#7241),
 .UNSPECIFIED.,.F.,.F.,(4,4),(0.0102943779748594,0.0116776330932283),
 .UNSPECIFIED.);
#47=B_SPLINE_CURVE_WITH_KNOTS('',3,(#7242,#7243,#7244,#7245),
 .UNSPECIFIED.,.F.,.F.,(4,4),(-0.0136917604575601,0.),.UNSPECIFIED.);
#48=B_SPLINE_CURVE_WITH_KNOTS('',3,(#7247,#7248,#7249,#7250,#7251,#7252,
#7253,#7254,#7255),.UNSPECIFIED.,.F.,.F.,(4,1,1,1,1,1,4),(-1.05363628311891E-19,
0.0189805768816694,0.0379611537633388,0.0759223075266775,0.0949028844083469,
0.113883461290016,0.132864038171686),.UNSPECIFIED.);
#49=B_SPLINE_CURVE_WITH_KNOTS('',3,(#7259,#7260,#7261,#7262),
 .UNSPECIFIED.,.F.,.F.,(4,4),(0.151503396596987,0.165195157044165),
 .UNSPECIFIED.);
#50=B_SPLINE_CURVE_WITH_KNOTS('',3,(#7264,#7265,#7266,#7267),
 .UNSPECIFIED.,.F.,.F.,(4,4),(0.151019469570086,0.152402724688313),
 .UNSPECIFIED.);
#51=B_SPLINE_CURVE_WITH_KNOTS('',3,(#7275,#7276,#7277,#7278),
 .UNSPECIFIED.,.F.,.F.,(4,4),(0.0011469569599998,0.00253727522757592),
 .UNSPECIFIED.);
#52=B_SPLINE_CURVE_WITH_KNOTS('',3,(#7280,#7281,#7282,#7283),
 .UNSPECIFIED.,.F.,.F.,(4,4),(-0.0138969381650522,0.),.UNSPECIFIED.);
#53=B_SPLINE_CURVE_WITH_KNOTS('',3,(#7315,#7316,#7317,#7318,#7319,#7320),
 .UNSPECIFIED.,.F.,.F.,(4,2,4),(0.,0.000870274729879127,0.00174054945975827),
 .UNSPECIFIED.);
#54=B_SPLINE_CURVE_WITH_KNOTS('',3,(#7322,#7323,#7324,#7325,#7326,#7327,
#7328),.UNSPECIFIED.,.F.,.F.,(4,1,1,1,4),(-2.25514051876985E-17,0.0349696891960924,
0.0699393783921848,0.0786818006912079,0.122393912186323),.UNSPECIFIED.);
#55=B_SPLINE_CURVE_WITH_KNOTS('',3,(#7330,#7331,#7332,#7333,#7334,#7335),
 .UNSPECIFIED.,.F.,.F.,(4,2,4),(0.,0.000870274729879146,0.00174054945975829),
 .UNSPECIFIED.);
#56=B_SPLINE_CURVE_WITH_KNOTS('',3,(#7336,#7337,#7338,#7339,#7340,#7341,
#7342),.UNSPECIFIED.,.F.,.F.,(4,1,1,1,4),(-0.122393912186323,-0.0786818006912079,
-0.0699393783921848,-0.0349696891960924,2.25514051876985E-17),
 .UNSPECIFIED.);
#57=B_SPLINE_CURVE_WITH_KNOTS('',3,(#7347,#7348,#7349,#7350),
 .UNSPECIFIED.,.F.,.F.,(4,4),(0.143672732551909,0.157569670778587),
 .UNSPECIFIED.);
#58=B_SPLINE_CURVE_WITH_KNOTS('',3,(#7352,#7353,#7354,#7355),
 .UNSPECIFIED.,.F.,.F.,(4,4),(0.116232526989825,0.117622845257426),
 .UNSPECIFIED.);
#59=B_SPLINE_CURVE_WITH_KNOTS('',3,(#7359,#7360,#7361,#7362),
 .UNSPECIFIED.,.F.,.F.,(4,4),(0.0102943779748595,0.0116776330932283),
 .UNSPECIFIED.);
#60=B_SPLINE_CURVE_WITH_KNOTS('',3,(#7364,#7365,#7366,#7367),
 .UNSPECIFIED.,.F.,.F.,(4,4),(-0.0136917604575601,0.),.UNSPECIFIED.);
#61=B_SPLINE_CURVE_WITH_KNOTS('',3,(#7371,#7372,#7373,#7374,#7375,#7376,
#7377,#7378,#7379),.UNSPECIFIED.,.F.,.F.,(4,1,1,1,1,1,4),(-2.63409070779678E-20,
0.0189805768816694,0.0379611537633388,0.0759223075266776,0.094902884408347,
0.113883461290016,0.132864038171686),.UNSPECIFIED.);
#62=B_SPLINE_CURVE_WITH_KNOTS('',3,(#7383,#7384,#7385,#7386),
 .UNSPECIFIED.,.F.,.F.,(4,4),(0.151503396596987,0.165195157044165),
 .UNSPECIFIED.);
#63=B_SPLINE_CURVE_WITH_KNOTS('',3,(#7388,#7389,#7390,#7391),
 .UNSPECIFIED.,.F.,.F.,(4,4),(0.151019469570086,0.152402724688313),
 .UNSPECIFIED.);
#64=B_SPLINE_CURVE_WITH_KNOTS('',3,(#7399,#7400,#7401,#7402),
 .UNSPECIFIED.,.F.,.F.,(4,4),(0.00114695695999982,0.00253727522757595),
 .UNSPECIFIED.);
#65=B_SPLINE_CURVE_WITH_KNOTS('',3,(#7404,#7405,#7406,#7407),
 .UNSPECIFIED.,.F.,.F.,(4,4),(-0.0138969381650522,0.),.UNSPECIFIED.);
#66=B_SPLINE_CURVE_WITH_KNOTS('',3,(#7417,#7418,#7419,#7420,#7421,#7422),
 .UNSPECIFIED.,.F.,.F.,(4,2,4),(0.,0.00092363687629943,0.0018472737525988),
 .UNSPECIFIED.);
#67=B_SPLINE_CURVE_WITH_KNOTS('',3,(#7425,#7426,#7427,#7428,#7429,#7430),
 .UNSPECIFIED.,.F.,.F.,(4,2,4),(0.,0.000923636876299441,0.00184727375259884),
 .UNSPECIFIED.);
#68=B_SPLINE_CURVE_WITH_KNOTS('',3,(#7468,#7469,#7470,#7471,#7472,#7473),
 .UNSPECIFIED.,.F.,.F.,(4,2,4),(0.,0.000870274729879106,0.00174054945975821),
 .UNSPECIFIED.);
#69=B_SPLINE_CURVE_WITH_KNOTS('',3,(#7475,#7476,#7477,#7478,#7479,#7480,
#7481),.UNSPECIFIED.,.F.,.F.,(4,1,1,1,4),(-1.73472347597681E-17,0.0437121114951155,
0.0524545337941386,0.087424222990231,0.122393912186323),.UNSPECIFIED.);
#70=B_SPLINE_CURVE_WITH_KNOTS('',3,(#7483,#7484,#7485,#7486,#7487,#7488),
 .UNSPECIFIED.,.F.,.F.,(4,2,4),(0.,0.00087027472987914,0.00174054945975828),
 .UNSPECIFIED.);
#71=B_SPLINE_CURVE_WITH_KNOTS('',3,(#7489,#7490,#7491,#7492,#7493,#7494,
#7495),.UNSPECIFIED.,.F.,.F.,(4,1,1,1,4),(-0.122393912186323,-0.087424222990231,
-0.0524545337941386,-0.0437121114951155,1.73472347597681E-17),
 .UNSPECIFIED.);
#72=B_SPLINE_CURVE_WITH_KNOTS('',3,(#7500,#7501,#7502,#7503),
 .UNSPECIFIED.,.F.,.F.,(4,4),(0.143672732551909,0.157569670778587),
 .UNSPECIFIED.);
#73=B_SPLINE_CURVE_WITH_KNOTS('',3,(#7505,#7506,#7507,#7508),
 .UNSPECIFIED.,.F.,.F.,(4,4),(0.116232526989825,0.117622845257427),
 .UNSPECIFIED.);
#74=B_SPLINE_CURVE_WITH_KNOTS('',3,(#7512,#7513,#7514,#7515),
 .UNSPECIFIED.,.F.,.F.,(4,4),(0.0102943779748594,0.0116776330932283),
 .UNSPECIFIED.);
#75=B_SPLINE_CURVE_WITH_KNOTS('',3,(#7517,#7518,#7519,#7520),
 .UNSPECIFIED.,.F.,.F.,(4,4),(-0.0136917604575601,0.),.UNSPECIFIED.);
#76=B_SPLINE_CURVE_WITH_KNOTS('',3,(#7524,#7525,#7526,#7527,#7528,#7529,
#7530,#7531,#7532),.UNSPECIFIED.,.F.,.F.,(4,1,1,1,1,1,4),(1.84889274661175E-32,
0.0189805768816694,0.0379611537633388,0.0569417306450082,0.0949028844083469,
0.113883461290016,0.132864038171686),.UNSPECIFIED.);
#77=B_SPLINE_CURVE_WITH_KNOTS('',3,(#7536,#7537,#7538,#7539),
 .UNSPECIFIED.,.F.,.F.,(4,4),(0.151503396596987,0.165195157044165),
 .UNSPECIFIED.);
#78=B_SPLINE_CURVE_WITH_KNOTS('',3,(#7541,#7542,#7543,#7544),
 .UNSPECIFIED.,.F.,.F.,(4,4),(0.151019469570086,0.152402724688313),
 .UNSPECIFIED.);
#79=B_SPLINE_CURVE_WITH_KNOTS('',3,(#7552,#7553,#7554,#7555),
 .UNSPECIFIED.,.F.,.F.,(4,4),(0.0011469569599998,0.00253727522757595),
 .UNSPECIFIED.);
#80=B_SPLINE_CURVE_WITH_KNOTS('',3,(#7557,#7558,#7559,#7560),
 .UNSPECIFIED.,.F.,.F.,(4,4),(-0.0138969381650522,0.),.UNSPECIFIED.);
#81=B_SPLINE_CURVE_WITH_KNOTS('',3,(#7570,#7571,#7572,#7573,#7574,#7575),
 .UNSPECIFIED.,.F.,.F.,(4,2,4),(0.,0.000923636876299435,0.00184727375259887),
 .UNSPECIFIED.);
#82=B_SPLINE_CURVE_WITH_KNOTS('',3,(#7578,#7579,#7580,#7581,#7582,#7583),
 .UNSPECIFIED.,.F.,.F.,(4,2,4),(0.,0.000923636876299421,0.00184727375259885),
 .UNSPECIFIED.);
#83=B_SPLINE_CURVE_WITH_KNOTS('',3,(#7621,#7622,#7623,#7624,#7625,#7626),
 .UNSPECIFIED.,.F.,.F.,(4,2,4),(0.,0.000870274729879134,0.00174054945975828),
 .UNSPECIFIED.);
#84=B_SPLINE_CURVE_WITH_KNOTS('',3,(#7628,#7629,#7630,#7631,#7632,#7633,
#7634),.UNSPECIFIED.,.F.,.F.,(4,1,1,1,4),(-2.60208521396521E-17,0.0349696891960924,
0.0699393783921848,0.0786818006912079,0.122393912186323),.UNSPECIFIED.);
#85=B_SPLINE_CURVE_WITH_KNOTS('',3,(#7636,#7637,#7638,#7639,#7640,#7641),
 .UNSPECIFIED.,.F.,.F.,(4,2,4),(0.,0.000870274729879146,0.00174054945975829),
 .UNSPECIFIED.);
#86=B_SPLINE_CURVE_WITH_KNOTS('',3,(#7642,#7643,#7644,#7645,#7646,#7647,
#7648),.UNSPECIFIED.,.F.,.F.,(4,1,1,1,4),(-0.122393912186323,-0.0786818006912079,
-0.0699393783921848,-0.0349696891960924,2.60208521396521E-17),
 .UNSPECIFIED.);
#87=B_SPLINE_CURVE_WITH_KNOTS('',3,(#7653,#7654,#7655,#7656,#7657,#7658,
#7659,#7660,#7661,#7662,#7663,#7664,#7665,#7666,#7667,#7668,#7669,#7670,
#7671,#7672,#7673,#7674),.UNSPECIFIED.,.F.,.F.,(4,2,2,2,2,2,2,2,2,2,4),
(-0.112859197023814,-0.0931613257965438,-0.083312390182909,-0.0734634545692742,
-0.0649465265405905,-0.0564295985119067,-0.0479126704832231,-0.0393957424545394,
-0.0295468068409045,-0.0196978712272697,0.),.UNSPECIFIED.);
#88=B_SPLINE_CURVE_WITH_KNOTS('',3,(#7684,#7685,#7686,#7687,#7688,#7689),
 .UNSPECIFIED.,.F.,.F.,(4,2,4),(0.,0.000870274729879133,0.00174054945975827),
 .UNSPECIFIED.);
#89=B_SPLINE_CURVE_WITH_KNOTS('',3,(#7697,#7698,#7699,#7700,#7701,#7702),
 .UNSPECIFIED.,.F.,.F.,(4,2,4),(0.,0.000923636876299435,0.00184727375259887),
 .UNSPECIFIED.);
#90=B_SPLINE_CURVE_WITH_KNOTS('',3,(#7710,#7711,#7712,#7713,#7714,#7715),
 .UNSPECIFIED.,.F.,.F.,(4,2,4),(0.,0.00092363687629943,0.00184727375259883),
 .UNSPECIFIED.);
#91=B_SPLINE_CURVE_WITH_KNOTS('',3,(#7750,#7751,#7752,#7753,#7754,#7755,
#7756),.UNSPECIFIED.,.F.,.F.,(4,1,1,1,4),(-5.20417042793042E-18,0.0349696891960924,
0.0699393783921848,0.0786818006912079,0.122393912186323),.UNSPECIFIED.);
#92=B_SPLINE_CURVE_WITH_KNOTS('',3,(#7758,#7759,#7760,#7761,#7762,#7763),
 .UNSPECIFIED.,.F.,.F.,(4,2,4),(0.,0.00087027472987914,0.00174054945975827),
 .UNSPECIFIED.);
#93=B_SPLINE_CURVE_WITH_KNOTS('',3,(#7764,#7765,#7766,#7767,#7768,#7769,
#7770),.UNSPECIFIED.,.F.,.F.,(4,1,1,1,4),(-0.122393912186323,-0.0786818006912079,
-0.0699393783921848,-0.0349696891960924,5.20417042793042E-18),
 .UNSPECIFIED.);
#94=B_SPLINE_CURVE_WITH_KNOTS('',3,(#7773,#7774,#7775,#7776),
 .UNSPECIFIED.,.F.,.F.,(4,4),(0.143672732551909,0.157569670778587),
 .UNSPECIFIED.);
#95=B_SPLINE_CURVE_WITH_KNOTS('',3,(#7778,#7779,#7780,#7781),
 .UNSPECIFIED.,.F.,.F.,(4,4),(0.116232526989825,0.117622845257427),
 .UNSPECIFIED.);
#96=B_SPLINE_CURVE_WITH_KNOTS('',3,(#7785,#7786,#7787,#7788),
 .UNSPECIFIED.,.F.,.F.,(4,4),(0.0102943779748594,0.0116776330932283),
 .UNSPECIFIED.);
#97=B_SPLINE_CURVE_WITH_KNOTS('',3,(#7789,#7790,#7791,#7792),
 .UNSPECIFIED.,.F.,.F.,(4,4),(-0.0136917604575601,0.),.UNSPECIFIED.);
#98=B_SPLINE_CURVE_WITH_KNOTS('',3,(#7794,#7795,#7796,#7797,#7798,#7799,
#7800,#7801,#7802),.UNSPECIFIED.,.F.,.F.,(4,1,1,1,1,1,4),(-6.58522676949298E-20,
0.0189805768816694,0.0379611537633388,0.0569417306450082,0.0949028844083469,
0.113883461290016,0.132864038171686),.UNSPECIFIED.);
#99=B_SPLINE_CURVE_WITH_KNOTS('',3,(#7806,#7807,#7808,#7809),
 .UNSPECIFIED.,.F.,.F.,(4,4),(0.151503396596987,0.165195157044165),
 .UNSPECIFIED.);
#100=B_SPLINE_CURVE_WITH_KNOTS('',3,(#7811,#7812,#7813,#7814),
 .UNSPECIFIED.,.F.,.F.,(4,4),(0.151019469570086,0.152402724688313),
 .UNSPECIFIED.);
#101=B_SPLINE_CURVE_WITH_KNOTS('',3,(#7822,#7823,#7824,#7825),
 .UNSPECIFIED.,.F.,.F.,(4,4),(0.00114695695999979,0.00253727522757594),
 .UNSPECIFIED.);
#102=B_SPLINE_CURVE_WITH_KNOTS('',3,(#7827,#7828,#7829,#7830),
 .UNSPECIFIED.,.F.,.F.,(4,4),(-0.0138969381650522,0.),.UNSPECIFIED.);
#103=B_SPLINE_CURVE_WITH_KNOTS('',3,(#7869,#7870,#7871,#7872,#7873,#7874),
 .UNSPECIFIED.,.F.,.F.,(4,2,4),(0.,0.000923636876299441,0.0018472737525989),
 .UNSPECIFIED.);
#104=B_SPLINE_CURVE_WITH_KNOTS('',3,(#7875,#7876,#7877,#7878,#7879,#7880,
#7881,#7882,#7883),.UNSPECIFIED.,.F.,.F.,(4,1,1,1,1,1,4),(-0.132864038171686,
-0.113883461290016,-0.0949028844083469,-0.0569417306450082,-0.0379611537633388,
-0.0189805768816694,6.58522676949298E-20),.UNSPECIFIED.);
#105=B_SPLINE_CURVE_WITH_KNOTS('',3,(#7886,#7887,#7888,#7889,#7890,#7891,
#7892,#7893,#7894,#7895,#7896,#7897,#7898,#7899,#7900,#7901,#7902,#7903),
 .UNSPECIFIED.,.F.,.F.,(4,2,2,2,2,2,2,2,4),(-0.122525365910387,-0.10907150169834,
-0.0956176374862926,-0.0828826375348772,-0.0612626829551933,-0.0396427283755094,
-0.0269077284240941,-0.013453864212047,0.),.UNSPECIFIED.);
#106=B_SPLINE_CURVE_WITH_KNOTS('',3,(#7942,#7943,#7944,#7945,#7946,#7947,
#7948,#7949,#7950),.UNSPECIFIED.,.F.,.F.,(4,1,1,1,1,1,4),(-2.63409070779672E-20,
0.0189805768816694,0.0379611537633388,0.0569417306450082,0.0949028844083469,
0.113883461290016,0.132864038171686),.UNSPECIFIED.);
#107=B_SPLINE_CURVE_WITH_KNOTS('',3,(#7952,#7953,#7954,#7955,#7956,#7957),
 .UNSPECIFIED.,.F.,.F.,(4,2,4),(0.,0.00092363687629943,0.00184727375259885),
 .UNSPECIFIED.);
#108=B_SPLINE_CURVE_WITH_KNOTS('',3,(#7958,#7959,#7960,#7961,#7962,#7963,
#7964,#7965,#7966),.UNSPECIFIED.,.F.,.F.,(4,1,1,1,1,1,4),(-0.132864038171686,
-0.113883461290016,-0.0949028844083469,-0.0569417306450082,-0.0379611537633388,
-0.0189805768816694,2.63409070779672E-20),.UNSPECIFIED.);
#109=B_SPLINE_CURVE_WITH_KNOTS('',3,(#7971,#7972,#7973,#7974),
 .UNSPECIFIED.,.F.,.F.,(4,4),(0.143672732551909,0.157569670778587),
 .UNSPECIFIED.);
#110=B_SPLINE_CURVE_WITH_KNOTS('',3,(#7976,#7977,#7978,#7979),
 .UNSPECIFIED.,.F.,.F.,(4,4),(0.116232526989825,0.117622845257427),
 .UNSPECIFIED.);
#111=B_SPLINE_CURVE_WITH_KNOTS('',3,(#7983,#7984,#7985,#7986),
 .UNSPECIFIED.,.F.,.F.,(4,4),(0.0102943779748595,0.0116776330932283),
 .UNSPECIFIED.);
#112=B_SPLINE_CURVE_WITH_KNOTS('',3,(#7988,#7989,#7990,#7991),
 .UNSPECIFIED.,.F.,.F.,(4,4),(-0.0136917604575601,0.),.UNSPECIFIED.);
#113=B_SPLINE_CURVE_WITH_KNOTS('',3,(#7994,#7995,#7996,#7997),
 .UNSPECIFIED.,.F.,.F.,(4,4),(0.151503396596987,0.165195157044165),
 .UNSPECIFIED.);
#114=B_SPLINE_CURVE_WITH_KNOTS('',3,(#7999,#8000,#8001,#8002),
 .UNSPECIFIED.,.F.,.F.,(4,4),(0.151019469570086,0.152402724688313),
 .UNSPECIFIED.);
#115=B_SPLINE_CURVE_WITH_KNOTS('',3,(#8010,#8011,#8012,#8013),
 .UNSPECIFIED.,.F.,.F.,(4,4),(0.00114695695999979,0.00253727522757593),
 .UNSPECIFIED.);
#116=B_SPLINE_CURVE_WITH_KNOTS('',3,(#8014,#8015,#8016,#8017),
 .UNSPECIFIED.,.F.,.F.,(4,4),(-0.0138969381650532,0.),.UNSPECIFIED.);
#117=B_SPLINE_CURVE_WITH_KNOTS('',3,(#8055,#8056,#8057,#8058,#8059,#8060),
 .UNSPECIFIED.,.F.,.F.,(4,2,4),(0.,0.000923636876299441,0.0018472737525989),
 .UNSPECIFIED.);
#118=B_SPLINE_CURVE_WITH_KNOTS('',3,(#8061,#8062,#8063,#8064,#8065,#8066,
#8067,#8068,#8069),.UNSPECIFIED.,.F.,.F.,(4,1,1,1,1,1,4),(-0.132864038171686,
-0.113883461290016,-0.0949028844083469,-0.0569417306450082,-0.0379611537633388,
-0.0189805768816694,-1.84889274661175E-32),.UNSPECIFIED.);
#119=B_SPLINE_CURVE_WITH_KNOTS('',3,(#8072,#8073,#8074,#8075,#8076,#8077,
#8078,#8079,#8080,#8081,#8082,#8083,#8084,#8085,#8086,#8087,#8088,#8089),
 .UNSPECIFIED.,.F.,.F.,(4,2,2,2,2,2,2,2,4),(-0.122525365910387,-0.10907150169834,
-0.0956176374862926,-0.0828826375348772,-0.0612626829551933,-0.0396427283755094,
-0.0269077284240941,-0.013453864212047,0.),.UNSPECIFIED.);
#120=B_SPLINE_CURVE_WITH_KNOTS('',3,(#8127,#8128,#8129,#8130,#8131,#8132,
#8133,#8134,#8135),.UNSPECIFIED.,.F.,.F.,(4,1,1,1,1,1,4),(-0.132864038171686,
-0.113883461290016,-0.094902884408347,-0.0759223075266776,-0.0379611537633388,
-0.0189805768816694,2.63409070779678E-20),.UNSPECIFIED.);
#121=B_SPLINE_CURVE_WITH_KNOTS('',3,(#8137,#8138,#8139,#8140,#8141,#8142,
#8143,#8144,#8145,#8146,#8147,#8148,#8149,#8150,#8151,#8152,#8153,#8154),
 .UNSPECIFIED.,.F.,.F.,(4,2,2,2,2,2,2,2,4),(-0.122525365910387,-0.10907150169834,
-0.0956176374862926,-0.0828826375348772,-0.0612626829551933,-0.0396427283755094,
-0.0269077284240941,-0.013453864212047,0.),.UNSPECIFIED.);
#122=B_SPLINE_CURVE_WITH_KNOTS('',3,(#8191,#8192,#8193,#8194,#8195,#8196,
#8197,#8198,#8199),.UNSPECIFIED.,.F.,.F.,(4,1,1,1,1,1,4),(-0.132864038171686,
-0.113883461290016,-0.0949028844083469,-0.0759223075266775,-0.0379611537633388,
-0.0189805768816694,1.05363628311891E-19),.UNSPECIFIED.);
#123=B_SPLINE_CURVE_WITH_KNOTS('',3,(#8201,#8202,#8203,#8204,#8205,#8206,
#8207,#8208,#8209,#8210,#8211,#8212,#8213,#8214,#8215,#8216,#8217,#8218),
 .UNSPECIFIED.,.F.,.F.,(4,2,2,2,2,2,2,2,4),(-0.122525365910387,-0.10907150169834,
-0.0956176374862926,-0.0828826375348772,-0.0612626829551933,-0.0396427283755094,
-0.0269077284240941,-0.013453864212047,0.),.UNSPECIFIED.);
#124=B_SPLINE_CURVE_WITH_KNOTS('',3,(#8256,#8257,#8258,#8259,#8260,#8261,
#8262,#8263,#8264),.UNSPECIFIED.,.F.,.F.,(4,1,1,1,1,1,4),(-2.79616100771071E-17,
0.0189805768816693,0.0379611537633388,0.0759223075266775,0.0949028844083469,
0.113883461290016,0.132864038171686),.UNSPECIFIED.);
#125=B_SPLINE_CURVE_WITH_KNOTS('',3,(#8266,#8267,#8268,#8269,#8270,#8271),
 .UNSPECIFIED.,.F.,.F.,(4,2,4),(0.,0.000923636876299403,0.0018472737525988),
 .UNSPECIFIED.);
#126=B_SPLINE_CURVE_WITH_KNOTS('',3,(#8272,#8273,#8274,#8275,#8276,#8277,
#8278,#8279,#8280),.UNSPECIFIED.,.F.,.F.,(4,1,1,1,1,1,4),(-0.132864038171686,
-0.113883461290016,-0.0949028844083469,-0.0759223075266775,-0.0379611537633388,
-0.0189805768816693,2.79616100771071E-17),.UNSPECIFIED.);
#127=B_SPLINE_CURVE_WITH_KNOTS('',3,(#8284,#8285,#8286,#8287,#8288,#8289,
#8290,#8291,#8292,#8293,#8294,#8295,#8296,#8297,#8298,#8299,#8300,#8301),
 .UNSPECIFIED.,.F.,.F.,(4,2,2,2,2,2,2,2,4),(-0.122525365910387,-0.10907150169834,
-0.0956176374862926,-0.0828826375348772,-0.0612626829551933,-0.0396427283755094,
-0.0269077284240941,-0.013453864212047,0.),.UNSPECIFIED.);
#128=B_SPLINE_CURVE_WITH_KNOTS('',3,(#8339,#8340,#8341,#8342,#8343,#8344),
 .UNSPECIFIED.,.F.,.F.,(4,2,4),(0.,0.000923636876299407,0.00184727375259881),
 .UNSPECIFIED.);
#129=B_SPLINE_CURVE_WITH_KNOTS('',3,(#8345,#8346,#8347,#8348,#8349,#8350,
#8351,#8352,#8353),.UNSPECIFIED.,.F.,.F.,(4,1,1,1,1,1,4),(-0.132864038171686,
-0.113883461290016,-0.094902884408347,-0.0759223075266776,-0.0379611537633388,
-0.0189805768816694,3.95113606169531E-20),.UNSPECIFIED.);
#130=B_SPLINE_CURVE_WITH_KNOTS('',3,(#8356,#8357,#8358,#8359,#8360,#8361,
#8362,#8363,#8364,#8365,#8366,#8367,#8368,#8369,#8370,#8371,#8372,#8373),
 .UNSPECIFIED.,.F.,.F.,(4,2,2,2,2,2,2,2,4),(-0.122525365910387,-0.10907150169834,
-0.0956176374862926,-0.0828826375348772,-0.0612626829551933,-0.0396427283755094,
-0.0269077284240941,-0.013453864212047,0.),.UNSPECIFIED.);
#131=B_SPLINE_CURVE_WITH_KNOTS('',3,(#8412,#8413,#8414,#8415,#8416,#8417,
#8418,#8419,#8420),.UNSPECIFIED.,.F.,.F.,(4,1,1,1,1,1,4),(-5.26818141559434E-20,
0.0189805768816694,0.0379611537633388,0.0759223075266776,0.094902884408347,
0.113883461290016,0.132864038171686),.UNSPECIFIED.);
#132=B_SPLINE_CURVE_WITH_KNOTS('',3,(#8422,#8423,#8424,#8425,#8426,#8427),
 .UNSPECIFIED.,.F.,.F.,(4,2,4),(0.,0.00092363687629943,0.00184727375259886),
 .UNSPECIFIED.);
#133=B_SPLINE_CURVE_WITH_KNOTS('',3,(#8428,#8429,#8430,#8431,#8432,#8433,
#8434,#8435,#8436),.UNSPECIFIED.,.F.,.F.,(4,1,1,1,1,1,4),(-0.132864038171686,
-0.113883461290016,-0.094902884408347,-0.0759223075266776,-0.0379611537633388,
-0.0189805768816694,5.26818141559434E-20),.UNSPECIFIED.);
#134=B_SPLINE_CURVE_WITH_KNOTS('',3,(#8440,#8441,#8442,#8443,#8444,#8445,
#8446,#8447,#8448,#8449,#8450,#8451,#8452,#8453,#8454,#8455,#8456,#8457),
 .UNSPECIFIED.,.F.,.F.,(4,2,2,2,2,2,2,2,4),(-0.122525365910387,-0.10907150169834,
-0.0956176374862926,-0.0828826375348772,-0.0612626829551933,-0.0396427283755094,
-0.0269077284240941,-0.013453864212047,0.),.UNSPECIFIED.);
#135=B_SPLINE_CURVE_WITH_KNOTS('',3,(#8462,#8463,#8464,#8465),
 .UNSPECIFIED.,.F.,.F.,(4,4),(0.0011469569599998,0.00253727522757593),
 .UNSPECIFIED.);
#136=B_SPLINE_CURVE_WITH_KNOTS('',3,(#8468,#8469,#8470,#8471),
 .UNSPECIFIED.,.F.,.F.,(4,4),(-0.0138969381650531,0.),.UNSPECIFIED.);
#137=B_SPLINE_CURVE_WITH_KNOTS('',3,(#8475,#8476,#8477,#8478),
 .UNSPECIFIED.,.F.,.F.,(4,4),(0.116232526989824,0.117622845257426),
 .UNSPECIFIED.);
#138=B_SPLINE_CURVE_WITH_KNOTS('',3,(#8483,#8484,#8485,#8486),
 .UNSPECIFIED.,.F.,.F.,(4,4),(0.143672732551909,0.157569670778588),
 .UNSPECIFIED.);
#139=B_SPLINE_CURVE_WITH_KNOTS('',3,(#8492,#8493,#8494,#8495),
 .UNSPECIFIED.,.F.,.F.,(4,4),(0.00114695695999982,0.00253727522757595),
 .UNSPECIFIED.);
#140=B_SPLINE_CURVE_WITH_KNOTS('',3,(#8498,#8499,#8500,#8501),
 .UNSPECIFIED.,.F.,.F.,(4,4),(-0.0138969381650522,0.),.UNSPECIFIED.);
#141=B_SPLINE_CURVE_WITH_KNOTS('',3,(#8522,#8523,#8524,#8525),
 .UNSPECIFIED.,.F.,.F.,(4,4),(0.116232526989825,0.117622845257427),
 .UNSPECIFIED.);
#142=B_SPLINE_CURVE_WITH_KNOTS('',3,(#8530,#8531,#8532,#8533),
 .UNSPECIFIED.,.F.,.F.,(4,4),(0.143672732551909,0.157569670778587),
 .UNSPECIFIED.);
#143=B_SPLINE_CURVE_WITH_KNOTS('',3,(#8555,#8556,#8557,#8558),
 .UNSPECIFIED.,.F.,.F.,(4,4),(0.151019469570086,0.152402724688313),
 .UNSPECIFIED.);
#144=B_SPLINE_CURVE_WITH_KNOTS('',3,(#8562,#8563,#8564,#8565),
 .UNSPECIFIED.,.F.,.F.,(4,4),(0.151503396596987,0.165195157044165),
 .UNSPECIFIED.);
#145=B_SPLINE_CURVE_WITH_KNOTS('',3,(#8570,#8571,#8572,#8573),
 .UNSPECIFIED.,.F.,.F.,(4,4),(0.0102943779748595,0.0116776330932283),
 .UNSPECIFIED.);
#146=B_SPLINE_CURVE_WITH_KNOTS('',3,(#8578,#8579,#8580,#8581),
 .UNSPECIFIED.,.F.,.F.,(4,4),(-0.0136917604575601,0.),.UNSPECIFIED.);
#147=B_SPLINE_CURVE_WITH_KNOTS('',3,(#8585,#8586,#8587,#8588),
 .UNSPECIFIED.,.F.,.F.,(4,4),(0.151019469570086,0.152402724688313),
 .UNSPECIFIED.);
#148=B_SPLINE_CURVE_WITH_KNOTS('',3,(#8592,#8593,#8594,#8595),
 .UNSPECIFIED.,.F.,.F.,(4,4),(0.151503396596987,0.165195157044165),
 .UNSPECIFIED.);
#149=B_SPLINE_CURVE_WITH_KNOTS('',3,(#8600,#8601,#8602,#8603),
 .UNSPECIFIED.,.F.,.F.,(4,4),(0.0102943779748594,0.0116776330932283),
 .UNSPECIFIED.);
#150=B_SPLINE_CURVE_WITH_KNOTS('',3,(#8608,#8609,#8610,#8611),
 .UNSPECIFIED.,.F.,.F.,(4,4),(-0.0136917604575601,0.),.UNSPECIFIED.);
#151=B_SPLINE_CURVE_WITH_KNOTS('',3,(#8642,#8643,#8644,#8645,#8646,#8647,
#8648,#8649,#8650,#8651,#8652,#8653,#8654,#8655,#8656,#8657,#8658,#8659,
#8660,#8661,#8662,#8663),.UNSPECIFIED.,.F.,.F.,(4,2,2,2,2,2,2,2,2,2,4),
(-0.112859197023814,-0.0931613257965438,-0.083312390182909,-0.0734634545692742,
-0.0649465265405905,-0.0564295985119067,-0.0479126704832231,-0.0393957424545394,
-0.0295468068409045,-0.0196978712272697,0.),.UNSPECIFIED.);
#152=B_SPLINE_CURVE_WITH_KNOTS('',3,(#8678,#8679,#8680,#8681,#8682,#8683,
#8684,#8685,#8686,#8687,#8688,#8689,#8690,#8691,#8692,#8693,#8694,#8695,
#8696,#8697,#8698,#8699),.UNSPECIFIED.,.F.,.F.,(4,2,2,2,2,2,2,2,2,2,4),
(-0.112859197023814,-0.0931613257965438,-0.083312390182909,-0.0734634545692742,
-0.0649465265405905,-0.0564295985119067,-0.0479126704832231,-0.0393957424545394,
-0.0295468068409045,-0.0196978712272697,0.),.UNSPECIFIED.);
#153=B_SPLINE_CURVE_WITH_KNOTS('',3,(#8711,#8712,#8713,#8714,#8715,#8716,
#8717,#8718,#8719,#8720,#8721,#8722,#8723,#8724,#8725,#8726,#8727,#8728),
 .UNSPECIFIED.,.F.,.F.,(4,2,2,2,2,2,2,2,4),(-0.122525365910387,-0.10907150169834,
-0.0956176374862926,-0.0828826375348772,-0.0612626829551933,-0.0396427283755094,
-0.0269077284240941,-0.013453864212047,0.),.UNSPECIFIED.);
#154=B_SPLINE_CURVE_WITH_KNOTS('',3,(#8735,#8736,#8737,#8738,#8739,#8740,
#8741,#8742,#8743,#8744,#8745,#8746,#8747,#8748,#8749,#8750,#8751,#8752,
#8753,#8754,#8755,#8756),.UNSPECIFIED.,.F.,.F.,(4,2,2,2,2,2,2,2,2,2,4),
(-0.112859197023814,-0.0931613257965438,-0.083312390182909,-0.0734634545692742,
-0.0649465265405905,-0.0564295985119067,-0.0479126704832231,-0.0393957424545394,
-0.0295468068409045,-0.0196978712272697,0.),.UNSPECIFIED.);
#155=B_SPLINE_CURVE_WITH_KNOTS('',3,(#8762,#8763,#8764,#8765,#8766,#8767,
#8768,#8769,#8770,#8771,#8772,#8773,#8774,#8775,#8776,#8777,#8778,#8779,
#8780,#8781,#8782,#8783),.UNSPECIFIED.,.F.,.F.,(4,2,2,2,2,2,2,2,2,2,4),
(-0.112859197023814,-0.0931613257965438,-0.083312390182909,-0.0734634545692742,
-0.0649465265405905,-0.0564295985119067,-0.0479126704832231,-0.0393957424545394,
-0.0295468068409045,-0.0196978712272697,0.),.UNSPECIFIED.);
#156=B_SPLINE_CURVE_WITH_KNOTS('',3,(#8790,#8791,#8792,#8793,#8794,#8795,
#8796,#8797,#8798,#8799,#8800,#8801,#8802,#8803,#8804,#8805,#8806,#8807,
#8808,#8809,#8810,#8811),.UNSPECIFIED.,.F.,.F.,(4,2,2,2,2,2,2,2,2,2,4),
(-0.112859197023814,-0.0931613257965438,-0.083312390182909,-0.0734634545692742,
-0.0649465265405905,-0.0564295985119067,-0.0479126704832231,-0.0393957424545394,
-0.0295468068409045,-0.0196978712272697,0.),.UNSPECIFIED.);
#157=B_SPLINE_CURVE_WITH_KNOTS('',3,(#8897,#8898,#8899,#8900,#8901,#8902),
 .UNSPECIFIED.,.F.,.F.,(4,2,4),(0.,0.000870274729879127,0.00174054945975825),
 .UNSPECIFIED.);
#158=B_SPLINE_CURVE_WITH_KNOTS('',3,(#8904,#8905,#8906,#8907,#8908,#8909,
#8910),.UNSPECIFIED.,.F.,.F.,(4,1,1,1,4),(-0.122393912186323,-0.087424222990231,
-0.0524545337941386,-0.0437121114951155,2.08166817117217E-17),
 .UNSPECIFIED.);
#159=B_SPLINE_CURVE_WITH_KNOTS('',3,(#8912,#8913,#8914,#8915,#8916,#8917),
 .UNSPECIFIED.,.F.,.F.,(4,2,4),(0.,0.000870274729879146,0.0017405494597583),
 .UNSPECIFIED.);
#160=B_SPLINE_CURVE_WITH_KNOTS('',3,(#8918,#8919,#8920,#8921,#8922,#8923,
#8924),.UNSPECIFIED.,.F.,.F.,(4,1,1,1,4),(-2.08166817117217E-17,0.0437121114951155,
0.0524545337941386,0.087424222990231,0.122393912186323),.UNSPECIFIED.);
#161=B_SPLINE_CURVE_WITH_KNOTS('',3,(#8929,#8930,#8931,#8932,#8933,#8934,
#8935,#8936,#8937,#8938,#8939,#8940,#8941,#8942,#8943,#8944,#8945,#8946,
#8947,#8948,#8949,#8950),.UNSPECIFIED.,.F.,.F.,(4,2,2,2,2,2,2,2,2,2,4),
(-0.112859197023814,-0.0931613257965438,-0.083312390182909,-0.0734634545692742,
-0.0649465265405905,-0.0564295985119067,-0.0479126704832231,-0.0393957424545394,
-0.0295468068409045,-0.0196978712272697,0.),.UNSPECIFIED.);
#162=B_SPLINE_CURVE_WITH_KNOTS('',3,(#8960,#8961,#8962,#8963,#8964,#8965),
 .UNSPECIFIED.,.F.,.F.,(4,2,4),(0.,0.000923636876299398,0.0018472737525988),
 .UNSPECIFIED.);
#163=B_SPLINE_CURVE_WITH_KNOTS('',3,(#8973,#8974,#8975,#8976,#8977,#8978),
 .UNSPECIFIED.,.F.,.F.,(4,2,4),(0.,0.00092363687629943,0.00184727375259886),
 .UNSPECIFIED.);
#164=B_SPLINE_CURVE_WITH_KNOTS('',3,(#8986,#8987,#8988,#8989,#8990,#8991),
 .UNSPECIFIED.,.F.,.F.,(4,2,4),(0.,0.00087027472987914,0.00174054945975827),
 .UNSPECIFIED.);
#165=B_SPLINE_CURVE_WITH_KNOTS('',3,(#9026,#9027,#9028,#9029,#9030,#9031,
#9032),.UNSPECIFIED.,.F.,.F.,(4,1,1,1,4),(-0.122393912186323,-0.087424222990231,
-0.0524545337941386,-0.0437121114951155,2.08166817117217E-17),
 .UNSPECIFIED.);
#166=B_SPLINE_CURVE_WITH_KNOTS('',3,(#9034,#9035,#9036,#9037,#9038,#9039),
 .UNSPECIFIED.,.F.,.F.,(4,2,4),(0.,0.00087027472987914,0.00174054945975828),
 .UNSPECIFIED.);
#167=B_SPLINE_CURVE_WITH_KNOTS('',3,(#9040,#9041,#9042,#9043,#9044,#9045,
#9046),.UNSPECIFIED.,.F.,.F.,(4,1,1,1,4),(-2.08166817117217E-17,0.0437121114951155,
0.0524545337941386,0.087424222990231,0.122393912186323),.UNSPECIFIED.);
#168=B_SPLINE_CURVE_WITH_KNOTS('',3,(#9051,#9052,#9053,#9054),
 .UNSPECIFIED.,.F.,.F.,(4,4),(-0.0138969381650522,0.),.UNSPECIFIED.);
#169=B_SPLINE_CURVE_WITH_KNOTS('',3,(#9056,#9057,#9058,#9059),
 .UNSPECIFIED.,.F.,.F.,(4,4),(0.00114695696000038,0.00253727522757651),
 .UNSPECIFIED.);
#170=B_SPLINE_CURVE_WITH_KNOTS('',3,(#9067,#9068,#9069,#9070),
 .UNSPECIFIED.,.F.,.F.,(4,4),(0.151019469570086,0.152402724688313),
 .UNSPECIFIED.);
#171=B_SPLINE_CURVE_WITH_KNOTS('',3,(#9072,#9073,#9074,#9075),
 .UNSPECIFIED.,.F.,.F.,(4,4),(0.151503396596987,0.165195157044165),
 .UNSPECIFIED.);
#172=B_SPLINE_CURVE_WITH_KNOTS('',3,(#9078,#9079,#9080,#9081,#9082,#9083,
#9084,#9085,#9086),.UNSPECIFIED.,.F.,.F.,(4,1,1,1,1,1,4),(-3.95113606169531E-20,
0.0189805768816694,0.0379611537633388,0.0759223075266776,0.094902884408347,
0.113883461290016,0.132864038171686),.UNSPECIFIED.);
#173=B_SPLINE_CURVE_WITH_KNOTS('',3,(#9088,#9089,#9090,#9091),
 .UNSPECIFIED.,.F.,.F.,(4,4),(-0.0136917604575601,0.),.UNSPECIFIED.);
#174=B_SPLINE_CURVE_WITH_KNOTS('',3,(#9093,#9094,#9095,#9096),
 .UNSPECIFIED.,.F.,.F.,(4,4),(0.0102943779748594,0.0116776330932283),
 .UNSPECIFIED.);
#175=B_SPLINE_CURVE_WITH_KNOTS('',3,(#9100,#9101,#9102,#9103),
 .UNSPECIFIED.,.F.,.F.,(4,4),(0.116232526989825,0.117622845257427),
 .UNSPECIFIED.);
#176=B_SPLINE_CURVE_WITH_KNOTS('',3,(#9104,#9105,#9106,#9107),
 .UNSPECIFIED.,.F.,.F.,(4,4),(0.143672732551909,0.157569670778587),
 .UNSPECIFIED.);
#177=B_SPLINE_CURVE_WITH_KNOTS('',3,(#9138,#9139,#9140,#9141,#9142,#9143),
 .UNSPECIFIED.,.F.,.F.,(4,2,4),(0.,0.000870274729879134,0.00174054945975826),
 .UNSPECIFIED.);
#178=B_SPLINE_CURVE_WITH_KNOTS('',3,(#9145,#9146,#9147,#9148,#9149,#9150,
#9151),.UNSPECIFIED.,.F.,.F.,(4,1,1,1,4),(-0.122393912186323,-0.087424222990231,
-0.0524545337941386,-0.0437121114951155,1.04083408558608E-17),
 .UNSPECIFIED.);
#179=B_SPLINE_CURVE_WITH_KNOTS('',3,(#9153,#9154,#9155,#9156,#9157,#9158),
 .UNSPECIFIED.,.F.,.F.,(4,2,4),(0.,0.000870274729879134,0.00174054945975827),
 .UNSPECIFIED.);
#180=B_SPLINE_CURVE_WITH_KNOTS('',3,(#9159,#9160,#9161,#9162,#9163,#9164,
#9165),.UNSPECIFIED.,.F.,.F.,(4,1,1,1,4),(-1.04083408558608E-17,0.0437121114951155,
0.0524545337941386,0.087424222990231,0.122393912186323),.UNSPECIFIED.);
#181=B_SPLINE_CURVE_WITH_KNOTS('',3,(#9170,#9171,#9172,#9173,#9174,#9175,
#9176,#9177,#9178,#9179,#9180,#9181,#9182,#9183,#9184,#9185,#9186,#9187,
#9188,#9189,#9190,#9191),.UNSPECIFIED.,.F.,.F.,(4,2,2,2,2,2,2,2,2,2,4),
(-0.112859197023814,-0.0931613257965438,-0.083312390182909,-0.0734634545692742,
-0.0649465265405905,-0.0564295985119067,-0.0479126704832231,-0.0393957424545394,
-0.0295468068409045,-0.0196978712272697,0.),.UNSPECIFIED.);
#182=B_SPLINE_CURVE_WITH_KNOTS('',3,(#9201,#9202,#9203,#9204,#9205,#9206),
 .UNSPECIFIED.,.F.,.F.,(4,2,4),(0.,0.000923636876299416,0.00184727375259885),
 .UNSPECIFIED.);
#183=B_SPLINE_CURVE_WITH_KNOTS('',3,(#9214,#9215,#9216,#9217,#9218,#9219),
 .UNSPECIFIED.,.F.,.F.,(4,2,4),(0.,0.00092363687629943,0.00184727375259887),
 .UNSPECIFIED.);
#184=B_SPLINE_CURVE_WITH_KNOTS('',3,(#9227,#9228,#9229,#9230,#9231,#9232),
 .UNSPECIFIED.,.F.,.F.,(4,2,4),(0.,0.00087027472987914,0.00174054945975827),
 .UNSPECIFIED.);
#185=B_SPLINE_CURVE_WITH_KNOTS('',3,(#9267,#9268,#9269,#9270,#9271,#9272,
#9273),.UNSPECIFIED.,.F.,.F.,(4,1,1,1,4),(-0.122393912186323,-0.087424222990231,
-0.0524545337941386,-0.0437121114951155,1.90819582357449E-17),
 .UNSPECIFIED.);
#186=B_SPLINE_CURVE_WITH_KNOTS('',3,(#9275,#9276,#9277,#9278,#9279,#9280),
 .UNSPECIFIED.,.F.,.F.,(4,2,4),(0.,0.00087027472987912,0.00174054945975824),
 .UNSPECIFIED.);
#187=B_SPLINE_CURVE_WITH_KNOTS('',3,(#9281,#9282,#9283,#9284,#9285,#9286,
#9287),.UNSPECIFIED.,.F.,.F.,(4,1,1,1,4),(-1.90819582357449E-17,0.0437121114951155,
0.0524545337941386,0.087424222990231,0.122393912186323),.UNSPECIFIED.);
#188=B_SPLINE_CURVE_WITH_KNOTS('',3,(#9292,#9293,#9294,#9295),
 .UNSPECIFIED.,.F.,.F.,(4,4),(-0.0138969381650522,0.),.UNSPECIFIED.);
#189=B_SPLINE_CURVE_WITH_KNOTS('',3,(#9297,#9298,#9299,#9300),
 .UNSPECIFIED.,.F.,.F.,(4,4),(0.0011469569599998,0.00253727522757592),
 .UNSPECIFIED.);
#190=B_SPLINE_CURVE_WITH_KNOTS('',3,(#9308,#9309,#9310,#9311),
 .UNSPECIFIED.,.F.,.F.,(4,4),(0.151019469570086,0.152402724688313),
 .UNSPECIFIED.);
#191=B_SPLINE_CURVE_WITH_KNOTS('',3,(#9313,#9314,#9315,#9316),
 .UNSPECIFIED.,.F.,.F.,(4,4),(0.151503396596987,0.165195157044165),
 .UNSPECIFIED.);
#192=B_SPLINE_CURVE_WITH_KNOTS('',3,(#9319,#9320,#9321,#9322,#9323,#9324,
#9325,#9326,#9327),.UNSPECIFIED.,.F.,.F.,(4,1,1,1,1,1,4),(-1.05363628311891E-19,
0.0189805768816694,0.0379611537633388,0.0759223075266775,0.0949028844083469,
0.113883461290016,0.132864038171686),.UNSPECIFIED.);
#193=B_SPLINE_CURVE_WITH_KNOTS('',3,(#9329,#9330,#9331,#9332),
 .UNSPECIFIED.,.F.,.F.,(4,4),(-0.0136917604575601,0.),.UNSPECIFIED.);
#194=B_SPLINE_CURVE_WITH_KNOTS('',3,(#9334,#9335,#9336,#9337),
 .UNSPECIFIED.,.F.,.F.,(4,4),(0.0102943779748594,0.0116776330932283),
 .UNSPECIFIED.);
#195=B_SPLINE_CURVE_WITH_KNOTS('',3,(#9341,#9342,#9343,#9344),
 .UNSPECIFIED.,.F.,.F.,(4,4),(0.116232526989825,0.117622845257427),
 .UNSPECIFIED.);
#196=B_SPLINE_CURVE_WITH_KNOTS('',3,(#9345,#9346,#9347,#9348),
 .UNSPECIFIED.,.F.,.F.,(4,4),(0.143672732551909,0.157569670778587),
 .UNSPECIFIED.);
#197=B_SPLINE_CURVE_WITH_KNOTS('',3,(#9379,#9380,#9381,#9382,#9383,#9384),
 .UNSPECIFIED.,.F.,.F.,(4,2,4),(0.,0.000870274729879127,0.00174054945975827),
 .UNSPECIFIED.);
#198=B_SPLINE_CURVE_WITH_KNOTS('',3,(#9386,#9387,#9388,#9389,#9390,#9391,
#9392),.UNSPECIFIED.,.F.,.F.,(4,1,1,1,4),(-0.122393912186323,-0.0786818006912079,
-0.0699393783921848,-0.0349696891960924,2.25514051876985E-17),
 .UNSPECIFIED.);
#199=B_SPLINE_CURVE_WITH_KNOTS('',3,(#9394,#9395,#9396,#9397,#9398,#9399),
 .UNSPECIFIED.,.F.,.F.,(4,2,4),(0.,0.000870274729879146,0.00174054945975829),
 .UNSPECIFIED.);
#200=B_SPLINE_CURVE_WITH_KNOTS('',3,(#9400,#9401,#9402,#9403,#9404,#9405,
#9406),.UNSPECIFIED.,.F.,.F.,(4,1,1,1,4),(-2.25514051876985E-17,0.0349696891960924,
0.0699393783921848,0.0786818006912079,0.122393912186323),.UNSPECIFIED.);
#201=B_SPLINE_CURVE_WITH_KNOTS('',3,(#9411,#9412,#9413,#9414),
 .UNSPECIFIED.,.F.,.F.,(4,4),(-0.0138969381650522,0.),.UNSPECIFIED.);
#202=B_SPLINE_CURVE_WITH_KNOTS('',3,(#9416,#9417,#9418,#9419),
 .UNSPECIFIED.,.F.,.F.,(4,4),(0.00114695695999982,0.00253727522757595),
 .UNSPECIFIED.);
#203=B_SPLINE_CURVE_WITH_KNOTS('',3,(#9427,#9428,#9429,#9430),
 .UNSPECIFIED.,.F.,.F.,(4,4),(0.151019469570086,0.152402724688313),
 .UNSPECIFIED.);
#204=B_SPLINE_CURVE_WITH_KNOTS('',3,(#9432,#9433,#9434,#9435),
 .UNSPECIFIED.,.F.,.F.,(4,4),(0.151503396596987,0.165195157044165),
 .UNSPECIFIED.);
#205=B_SPLINE_CURVE_WITH_KNOTS('',3,(#9439,#9440,#9441,#9442,#9443,#9444,
#9445,#9446,#9447),.UNSPECIFIED.,.F.,.F.,(4,1,1,1,1,1,4),(-2.63409070779678E-20,
0.0189805768816694,0.0379611537633388,0.0759223075266776,0.094902884408347,
0.113883461290016,0.132864038171686),.UNSPECIFIED.);
#206=B_SPLINE_CURVE_WITH_KNOTS('',3,(#9451,#9452,#9453,#9454),
 .UNSPECIFIED.,.F.,.F.,(4,4),(-0.0136917604575601,0.),.UNSPECIFIED.);
#207=B_SPLINE_CURVE_WITH_KNOTS('',3,(#9456,#9457,#9458,#9459),
 .UNSPECIFIED.,.F.,.F.,(4,4),(0.0102943779748595,0.0116776330932283),
 .UNSPECIFIED.);
#208=B_SPLINE_CURVE_WITH_KNOTS('',3,(#9463,#9464,#9465,#9466),
 .UNSPECIFIED.,.F.,.F.,(4,4),(0.116232526989825,0.117622845257426),
 .UNSPECIFIED.);
#209=B_SPLINE_CURVE_WITH_KNOTS('',3,(#9468,#9469,#9470,#9471),
 .UNSPECIFIED.,.F.,.F.,(4,4),(0.143672732551909,0.157569670778587),
 .UNSPECIFIED.);
#210=B_SPLINE_CURVE_WITH_KNOTS('',3,(#9482,#9483,#9484,#9485,#9486,#9487),
 .UNSPECIFIED.,.F.,.F.,(4,2,4),(0.,0.000923636876299441,0.00184727375259884),
 .UNSPECIFIED.);
#211=B_SPLINE_CURVE_WITH_KNOTS('',3,(#9490,#9491,#9492,#9493,#9494,#9495),
 .UNSPECIFIED.,.F.,.F.,(4,2,4),(0.,0.00092363687629943,0.0018472737525988),
 .UNSPECIFIED.);
#212=B_SPLINE_CURVE_WITH_KNOTS('',3,(#9532,#9533,#9534,#9535,#9536,#9537),
 .UNSPECIFIED.,.F.,.F.,(4,2,4),(0.,0.000870274729879106,0.00174054945975821),
 .UNSPECIFIED.);
#213=B_SPLINE_CURVE_WITH_KNOTS('',3,(#9539,#9540,#9541,#9542,#9543,#9544,
#9545),.UNSPECIFIED.,.F.,.F.,(4,1,1,1,4),(-0.122393912186323,-0.087424222990231,
-0.0524545337941386,-0.0437121114951155,1.73472347597681E-17),
 .UNSPECIFIED.);
#214=B_SPLINE_CURVE_WITH_KNOTS('',3,(#9547,#9548,#9549,#9550,#9551,#9552),
 .UNSPECIFIED.,.F.,.F.,(4,2,4),(0.,0.00087027472987914,0.00174054945975828),
 .UNSPECIFIED.);
#215=B_SPLINE_CURVE_WITH_KNOTS('',3,(#9553,#9554,#9555,#9556,#9557,#9558,
#9559),.UNSPECIFIED.,.F.,.F.,(4,1,1,1,4),(-1.73472347597681E-17,0.0437121114951155,
0.0524545337941386,0.087424222990231,0.122393912186323),.UNSPECIFIED.);
#216=B_SPLINE_CURVE_WITH_KNOTS('',3,(#9564,#9565,#9566,#9567),
 .UNSPECIFIED.,.F.,.F.,(4,4),(-0.0138969381650522,0.),.UNSPECIFIED.);
#217=B_SPLINE_CURVE_WITH_KNOTS('',3,(#9569,#9570,#9571,#9572),
 .UNSPECIFIED.,.F.,.F.,(4,4),(0.0011469569599998,0.00253727522757595),
 .UNSPECIFIED.);
#218=B_SPLINE_CURVE_WITH_KNOTS('',3,(#9580,#9581,#9582,#9583),
 .UNSPECIFIED.,.F.,.F.,(4,4),(0.151019469570086,0.152402724688313),
 .UNSPECIFIED.);
#219=B_SPLINE_CURVE_WITH_KNOTS('',3,(#9585,#9586,#9587,#9588),
 .UNSPECIFIED.,.F.,.F.,(4,4),(0.151503396596987,0.165195157044165),
 .UNSPECIFIED.);
#220=B_SPLINE_CURVE_WITH_KNOTS('',3,(#9592,#9593,#9594,#9595,#9596,#9597,
#9598,#9599,#9600),.UNSPECIFIED.,.F.,.F.,(4,1,1,1,1,1,4),(1.84889274661175E-32,
0.0189805768816694,0.0379611537633388,0.0569417306450082,0.0949028844083469,
0.113883461290016,0.132864038171686),.UNSPECIFIED.);
#221=B_SPLINE_CURVE_WITH_KNOTS('',3,(#9604,#9605,#9606,#9607),
 .UNSPECIFIED.,.F.,.F.,(4,4),(-0.0136917604575601,0.),.UNSPECIFIED.);
#222=B_SPLINE_CURVE_WITH_KNOTS('',3,(#9609,#9610,#9611,#9612),
 .UNSPECIFIED.,.F.,.F.,(4,4),(0.0102943779748594,0.0116776330932283),
 .UNSPECIFIED.);
#223=B_SPLINE_CURVE_WITH_KNOTS('',3,(#9616,#9617,#9618,#9619),
 .UNSPECIFIED.,.F.,.F.,(4,4),(0.116232526989825,0.117622845257427),
 .UNSPECIFIED.);
#224=B_SPLINE_CURVE_WITH_KNOTS('',3,(#9621,#9622,#9623,#9624),
 .UNSPECIFIED.,.F.,.F.,(4,4),(0.143672732551909,0.157569670778587),
 .UNSPECIFIED.);
#225=B_SPLINE_CURVE_WITH_KNOTS('',3,(#9635,#9636,#9637,#9638,#9639,#9640),
 .UNSPECIFIED.,.F.,.F.,(4,2,4),(0.,0.000923636876299421,0.00184727375259885),
 .UNSPECIFIED.);
#226=B_SPLINE_CURVE_WITH_KNOTS('',3,(#9643,#9644,#9645,#9646,#9647,#9648),
 .UNSPECIFIED.,.F.,.F.,(4,2,4),(0.,0.000923636876299435,0.00184727375259887),
 .UNSPECIFIED.);
#227=B_SPLINE_CURVE_WITH_KNOTS('',3,(#9685,#9686,#9687,#9688,#9689,#9690),
 .UNSPECIFIED.,.F.,.F.,(4,2,4),(0.,0.000870274729879134,0.00174054945975828),
 .UNSPECIFIED.);
#228=B_SPLINE_CURVE_WITH_KNOTS('',3,(#9692,#9693,#9694,#9695,#9696,#9697,
#9698),.UNSPECIFIED.,.F.,.F.,(4,1,1,1,4),(-0.122393912186323,-0.0786818006912079,
-0.0699393783921848,-0.0349696891960924,2.60208521396521E-17),
 .UNSPECIFIED.);
#229=B_SPLINE_CURVE_WITH_KNOTS('',3,(#9700,#9701,#9702,#9703,#9704,#9705),
 .UNSPECIFIED.,.F.,.F.,(4,2,4),(0.,0.000870274729879146,0.00174054945975829),
 .UNSPECIFIED.);
#230=B_SPLINE_CURVE_WITH_KNOTS('',3,(#9706,#9707,#9708,#9709,#9710,#9711,
#9712),.UNSPECIFIED.,.F.,.F.,(4,1,1,1,4),(-2.60208521396521E-17,0.0349696891960924,
0.0699393783921848,0.0786818006912079,0.122393912186323),.UNSPECIFIED.);
#231=B_SPLINE_CURVE_WITH_KNOTS('',3,(#9717,#9718,#9719,#9720,#9721,#9722,
#9723,#9724,#9725,#9726,#9727,#9728,#9729,#9730,#9731,#9732,#9733,#9734,
#9735,#9736,#9737,#9738),.UNSPECIFIED.,.F.,.F.,(4,2,2,2,2,2,2,2,2,2,4),
(-0.112859197023814,-0.0931613257965438,-0.083312390182909,-0.0734634545692742,
-0.0649465265405905,-0.0564295985119067,-0.0479126704832231,-0.0393957424545394,
-0.0295468068409045,-0.0196978712272697,0.),.UNSPECIFIED.);
#232=B_SPLINE_CURVE_WITH_KNOTS('',3,(#9748,#9749,#9750,#9751,#9752,#9753),
 .UNSPECIFIED.,.F.,.F.,(4,2,4),(0.,0.00092363687629943,0.00184727375259883),
 .UNSPECIFIED.);
#233=B_SPLINE_CURVE_WITH_KNOTS('',3,(#9761,#9762,#9763,#9764,#9765,#9766),
 .UNSPECIFIED.,.F.,.F.,(4,2,4),(0.,0.000923636876299435,0.00184727375259887),
 .UNSPECIFIED.);
#234=B_SPLINE_CURVE_WITH_KNOTS('',3,(#9774,#9775,#9776,#9777,#9778,#9779),
 .UNSPECIFIED.,.F.,.F.,(4,2,4),(0.,0.000870274729879133,0.00174054945975827),
 .UNSPECIFIED.);
#235=B_SPLINE_CURVE_WITH_KNOTS('',3,(#9814,#9815,#9816,#9817,#9818,#9819,
#9820),.UNSPECIFIED.,.F.,.F.,(4,1,1,1,4),(-0.122393912186323,-0.0786818006912079,
-0.0699393783921848,-0.0349696891960924,5.20417042793042E-18),
 .UNSPECIFIED.);
#236=B_SPLINE_CURVE_WITH_KNOTS('',3,(#9822,#9823,#9824,#9825,#9826,#9827),
 .UNSPECIFIED.,.F.,.F.,(4,2,4),(0.,0.00087027472987914,0.00174054945975827),
 .UNSPECIFIED.);
#237=B_SPLINE_CURVE_WITH_KNOTS('',3,(#9828,#9829,#9830,#9831,#9832,#9833,
#9834),.UNSPECIFIED.,.F.,.F.,(4,1,1,1,4),(-5.20417042793042E-18,0.0349696891960924,
0.0699393783921848,0.0786818006912079,0.122393912186323),.UNSPECIFIED.);
#238=B_SPLINE_CURVE_WITH_KNOTS('',3,(#9839,#9840,#9841,#9842),
 .UNSPECIFIED.,.F.,.F.,(4,4),(-0.0138969381650522,0.),.UNSPECIFIED.);
#239=B_SPLINE_CURVE_WITH_KNOTS('',3,(#9844,#9845,#9846,#9847),
 .UNSPECIFIED.,.F.,.F.,(4,4),(0.00114695695999979,0.00253727522757594),
 .UNSPECIFIED.);
#240=B_SPLINE_CURVE_WITH_KNOTS('',3,(#9855,#9856,#9857,#9858),
 .UNSPECIFIED.,.F.,.F.,(4,4),(0.151019469570086,0.152402724688313),
 .UNSPECIFIED.);
#241=B_SPLINE_CURVE_WITH_KNOTS('',3,(#9860,#9861,#9862,#9863),
 .UNSPECIFIED.,.F.,.F.,(4,4),(0.151503396596987,0.165195157044165),
 .UNSPECIFIED.);
#242=B_SPLINE_CURVE_WITH_KNOTS('',3,(#9866,#9867,#9868,#9869,#9870,#9871,
#9872,#9873,#9874),.UNSPECIFIED.,.F.,.F.,(4,1,1,1,1,1,4),(-6.58522676949298E-20,
0.0189805768816694,0.0379611537633388,0.0569417306450082,0.0949028844083469,
0.113883461290016,0.132864038171686),.UNSPECIFIED.);
#243=B_SPLINE_CURVE_WITH_KNOTS('',3,(#9876,#9877,#9878,#9879),
 .UNSPECIFIED.,.F.,.F.,(4,4),(-0.0136917604575601,0.),.UNSPECIFIED.);
#244=B_SPLINE_CURVE_WITH_KNOTS('',3,(#9881,#9882,#9883,#9884),
 .UNSPECIFIED.,.F.,.F.,(4,4),(0.0102943779748594,0.0116776330932283),
 .UNSPECIFIED.);
#245=B_SPLINE_CURVE_WITH_KNOTS('',3,(#9888,#9889,#9890,#9891),
 .UNSPECIFIED.,.F.,.F.,(4,4),(0.116232526989825,0.117622845257427),
 .UNSPECIFIED.);
#246=B_SPLINE_CURVE_WITH_KNOTS('',3,(#9892,#9893,#9894,#9895),
 .UNSPECIFIED.,.F.,.F.,(4,4),(0.143672732551909,0.157569670778587),
 .UNSPECIFIED.);
#247=B_SPLINE_CURVE_WITH_KNOTS('',3,(#9933,#9934,#9935,#9936,#9937,#9938),
 .UNSPECIFIED.,.F.,.F.,(4,2,4),(0.,0.000923636876299441,0.0018472737525989),
 .UNSPECIFIED.);
#248=B_SPLINE_CURVE_WITH_KNOTS('',3,(#9939,#9940,#9941,#9942,#9943,#9944,
#9945,#9946,#9947),.UNSPECIFIED.,.F.,.F.,(4,1,1,1,1,1,4),(-0.132864038171686,
-0.113883461290016,-0.0949028844083469,-0.0569417306450082,-0.0379611537633388,
-0.0189805768816694,6.58522676949298E-20),.UNSPECIFIED.);
#249=B_SPLINE_CURVE_WITH_KNOTS('',3,(#9951,#9952,#9953,#9954,#9955,#9956,
#9957,#9958,#9959,#9960,#9961,#9962,#9963,#9964,#9965,#9966,#9967,#9968),
 .UNSPECIFIED.,.F.,.F.,(4,2,2,2,2,2,2,2,4),(-0.122525365910387,-0.10907150169834,
-0.0956176374862926,-0.0828826375348772,-0.0612626829551933,-0.0396427283755094,
-0.0269077284240941,-0.013453864212047,0.),.UNSPECIFIED.);
#250=B_SPLINE_CURVE_WITH_KNOTS('',3,(#10006,#10007,#10008,#10009,#10010,
#10011,#10012,#10013,#10014),.UNSPECIFIED.,.F.,.F.,(4,1,1,1,1,1,4),(-0.132864038171686,
-0.113883461290016,-0.0949028844083469,-0.0569417306450082,-0.0379611537633388,
-0.0189805768816694,2.63409070779672E-20),.UNSPECIFIED.);
#251=B_SPLINE_CURVE_WITH_KNOTS('',3,(#10016,#10017,#10018,#10019,#10020,
#10021),.UNSPECIFIED.,.F.,.F.,(4,2,4),(0.,0.00092363687629943,0.00184727375259885),
 .UNSPECIFIED.);
#252=B_SPLINE_CURVE_WITH_KNOTS('',3,(#10022,#10023,#10024,#10025,#10026,
#10027,#10028,#10029,#10030),.UNSPECIFIED.,.F.,.F.,(4,1,1,1,1,1,4),(-2.63409070779672E-20,
0.0189805768816694,0.0379611537633388,0.0569417306450082,0.0949028844083469,
0.113883461290016,0.132864038171686),.UNSPECIFIED.);
#253=B_SPLINE_CURVE_WITH_KNOTS('',3,(#10033,#10034,#10035,#10036),
 .UNSPECIFIED.,.F.,.F.,(4,4),(-0.0138969381650532,0.),.UNSPECIFIED.);
#254=B_SPLINE_CURVE_WITH_KNOTS('',3,(#10038,#10039,#10040,#10041),
 .UNSPECIFIED.,.F.,.F.,(4,4),(0.00114695695999979,0.00253727522757593),
 .UNSPECIFIED.);
#255=B_SPLINE_CURVE_WITH_KNOTS('',3,(#10049,#10050,#10051,#10052),
 .UNSPECIFIED.,.F.,.F.,(4,4),(0.151019469570086,0.152402724688313),
 .UNSPECIFIED.);
#256=B_SPLINE_CURVE_WITH_KNOTS('',3,(#10053,#10054,#10055,#10056),
 .UNSPECIFIED.,.F.,.F.,(4,4),(0.151503396596987,0.165195157044165),
 .UNSPECIFIED.);
#257=B_SPLINE_CURVE_WITH_KNOTS('',3,(#10060,#10061,#10062,#10063),
 .UNSPECIFIED.,.F.,.F.,(4,4),(-0.0136917604575601,0.),.UNSPECIFIED.);
#258=B_SPLINE_CURVE_WITH_KNOTS('',3,(#10065,#10066,#10067,#10068),
 .UNSPECIFIED.,.F.,.F.,(4,4),(0.0102943779748595,0.0116776330932283),
 .UNSPECIFIED.);
#259=B_SPLINE_CURVE_WITH_KNOTS('',3,(#10072,#10073,#10074,#10075),
 .UNSPECIFIED.,.F.,.F.,(4,4),(0.116232526989825,0.117622845257427),
 .UNSPECIFIED.);
#260=B_SPLINE_CURVE_WITH_KNOTS('',3,(#10077,#10078,#10079,#10080),
 .UNSPECIFIED.,.F.,.F.,(4,4),(0.143672732551909,0.157569670778587),
 .UNSPECIFIED.);
#261=B_SPLINE_CURVE_WITH_KNOTS('',3,(#10119,#10120,#10121,#10122,#10123,
#10124),.UNSPECIFIED.,.F.,.F.,(4,2,4),(0.,0.000923636876299441,0.0018472737525989),
 .UNSPECIFIED.);
#262=B_SPLINE_CURVE_WITH_KNOTS('',3,(#10125,#10126,#10127,#10128,#10129,
#10130,#10131,#10132,#10133),.UNSPECIFIED.,.F.,.F.,(4,1,1,1,1,1,4),(-0.132864038171686,
-0.113883461290016,-0.0949028844083469,-0.0569417306450082,-0.0379611537633388,
-0.0189805768816694,-1.84889274661175E-32),.UNSPECIFIED.);
#263=B_SPLINE_CURVE_WITH_KNOTS('',3,(#10137,#10138,#10139,#10140,#10141,
#10142,#10143,#10144,#10145,#10146,#10147,#10148,#10149,#10150,#10151,#10152,
#10153,#10154),.UNSPECIFIED.,.F.,.F.,(4,2,2,2,2,2,2,2,4),(-0.122525365910387,
-0.10907150169834,-0.0956176374862926,-0.0828826375348772,-0.0612626829551933,
-0.0396427283755094,-0.0269077284240941,-0.013453864212047,0.),
 .UNSPECIFIED.);
#264=B_SPLINE_CURVE_WITH_KNOTS('',3,(#10191,#10192,#10193,#10194,#10195,
#10196,#10197,#10198,#10199),.UNSPECIFIED.,.F.,.F.,(4,1,1,1,1,1,4),(-0.132864038171686,
-0.113883461290016,-0.094902884408347,-0.0759223075266776,-0.0379611537633388,
-0.0189805768816694,2.63409070779678E-20),.UNSPECIFIED.);
#265=B_SPLINE_CURVE_WITH_KNOTS('',3,(#10201,#10202,#10203,#10204,#10205,
#10206,#10207,#10208,#10209,#10210,#10211,#10212,#10213,#10214,#10215,#10216,
#10217,#10218),.UNSPECIFIED.,.F.,.F.,(4,2,2,2,2,2,2,2,4),(-0.122525365910387,
-0.10907150169834,-0.0956176374862926,-0.0828826375348772,-0.0612626829551933,
-0.0396427283755094,-0.0269077284240941,-0.013453864212047,0.),
 .UNSPECIFIED.);
#266=B_SPLINE_CURVE_WITH_KNOTS('',3,(#10255,#10256,#10257,#10258,#10259,
#10260,#10261,#10262,#10263),.UNSPECIFIED.,.F.,.F.,(4,1,1,1,1,1,4),(-0.132864038171686,
-0.113883461290016,-0.0949028844083469,-0.0759223075266775,-0.0379611537633388,
-0.0189805768816694,1.05363628311891E-19),.UNSPECIFIED.);
#267=B_SPLINE_CURVE_WITH_KNOTS('',3,(#10265,#10266,#10267,#10268,#10269,
#10270,#10271,#10272,#10273,#10274,#10275,#10276,#10277,#10278,#10279,#10280,
#10281,#10282),.UNSPECIFIED.,.F.,.F.,(4,2,2,2,2,2,2,2,4),(-0.122525365910387,
-0.10907150169834,-0.0956176374862926,-0.0828826375348772,-0.0612626829551933,
-0.0396427283755094,-0.0269077284240941,-0.013453864212047,0.),
 .UNSPECIFIED.);
#268=B_SPLINE_CURVE_WITH_KNOTS('',3,(#10320,#10321,#10322,#10323,#10324,
#10325,#10326,#10327,#10328),.UNSPECIFIED.,.F.,.F.,(4,1,1,1,1,1,4),(-0.132864038171686,
-0.113883461290016,-0.0949028844083469,-0.0759223075266775,-0.0379611537633388,
-0.0189805768816693,2.79616100771071E-17),.UNSPECIFIED.);
#269=B_SPLINE_CURVE_WITH_KNOTS('',3,(#10330,#10331,#10332,#10333,#10334,
#10335),.UNSPECIFIED.,.F.,.F.,(4,2,4),(0.,0.000923636876299403,0.0018472737525988),
 .UNSPECIFIED.);
#270=B_SPLINE_CURVE_WITH_KNOTS('',3,(#10336,#10337,#10338,#10339,#10340,
#10341,#10342,#10343,#10344),.UNSPECIFIED.,.F.,.F.,(4,1,1,1,1,1,4),(-2.79616100771071E-17,
0.0189805768816693,0.0379611537633388,0.0759223075266775,0.0949028844083469,
0.113883461290016,0.132864038171686),.UNSPECIFIED.);
#271=B_SPLINE_CURVE_WITH_KNOTS('',3,(#10347,#10348,#10349,#10350,#10351,
#10352,#10353,#10354,#10355,#10356,#10357,#10358,#10359,#10360,#10361,#10362,
#10363,#10364),.UNSPECIFIED.,.F.,.F.,(4,2,2,2,2,2,2,2,4),(-0.122525365910387,
-0.10907150169834,-0.0956176374862926,-0.0828826375348772,-0.0612626829551933,
-0.0396427283755094,-0.0269077284240941,-0.013453864212047,0.),
 .UNSPECIFIED.);
#272=B_SPLINE_CURVE_WITH_KNOTS('',3,(#10403,#10404,#10405,#10406,#10407,
#10408),.UNSPECIFIED.,.F.,.F.,(4,2,4),(0.,0.000923636876299407,0.00184727375259881),
 .UNSPECIFIED.);
#273=B_SPLINE_CURVE_WITH_KNOTS('',3,(#10409,#10410,#10411,#10412,#10413,
#10414,#10415,#10416,#10417),.UNSPECIFIED.,.F.,.F.,(4,1,1,1,1,1,4),(-0.132864038171686,
-0.113883461290016,-0.094902884408347,-0.0759223075266776,-0.0379611537633388,
-0.0189805768816694,3.95113606169531E-20),.UNSPECIFIED.);
#274=B_SPLINE_CURVE_WITH_KNOTS('',3,(#10421,#10422,#10423,#10424,#10425,
#10426,#10427,#10428,#10429,#10430,#10431,#10432,#10433,#10434,#10435,#10436,
#10437,#10438),.UNSPECIFIED.,.F.,.F.,(4,2,2,2,2,2,2,2,4),(-0.122525365910387,
-0.10907150169834,-0.0956176374862926,-0.0828826375348772,-0.0612626829551933,
-0.0396427283755094,-0.0269077284240941,-0.013453864212047,0.),
 .UNSPECIFIED.);
#275=B_SPLINE_CURVE_WITH_KNOTS('',3,(#10476,#10477,#10478,#10479,#10480,
#10481,#10482,#10483,#10484),.UNSPECIFIED.,.F.,.F.,(4,1,1,1,1,1,4),(-0.132864038171686,
-0.113883461290016,-0.094902884408347,-0.0759223075266776,-0.0379611537633388,
-0.0189805768816694,5.26818141559434E-20),.UNSPECIFIED.);
#276=B_SPLINE_CURVE_WITH_KNOTS('',3,(#10486,#10487,#10488,#10489,#10490,
#10491),.UNSPECIFIED.,.F.,.F.,(4,2,4),(0.,0.00092363687629943,0.00184727375259886),
 .UNSPECIFIED.);
#277=B_SPLINE_CURVE_WITH_KNOTS('',3,(#10492,#10493,#10494,#10495,#10496,
#10497,#10498,#10499,#10500),.UNSPECIFIED.,.F.,.F.,(4,1,1,1,1,1,4),(-5.26818141559434E-20,
0.0189805768816694,0.0379611537633388,0.0759223075266776,0.094902884408347,
0.113883461290016,0.132864038171686),.UNSPECIFIED.);
#278=B_SPLINE_CURVE_WITH_KNOTS('',3,(#10503,#10504,#10505,#10506,#10507,
#10508,#10509,#10510,#10511,#10512,#10513,#10514,#10515,#10516,#10517,#10518,
#10519,#10520),.UNSPECIFIED.,.F.,.F.,(4,2,2,2,2,2,2,2,4),(-0.122525365910387,
-0.10907150169834,-0.0956176374862926,-0.0828826375348772,-0.0612626829551933,
-0.0396427283755094,-0.0269077284240941,-0.013453864212047,0.),
 .UNSPECIFIED.);
#279=B_SPLINE_CURVE_WITH_KNOTS('',3,(#10526,#10527,#10528,#10529),
 .UNSPECIFIED.,.F.,.F.,(4,4),(0.0011469569599998,0.00253727522757593),
 .UNSPECIFIED.);
#280=B_SPLINE_CURVE_WITH_KNOTS('',3,(#10532,#10533,#10534,#10535),
 .UNSPECIFIED.,.F.,.F.,(4,4),(-0.0138969381650531,0.),.UNSPECIFIED.);
#281=B_SPLINE_CURVE_WITH_KNOTS('',3,(#10539,#10540,#10541,#10542),
 .UNSPECIFIED.,.F.,.F.,(4,4),(0.116232526989824,0.117622845257426),
 .UNSPECIFIED.);
#282=B_SPLINE_CURVE_WITH_KNOTS('',3,(#10548,#10549,#10550,#10551),
 .UNSPECIFIED.,.F.,.F.,(4,4),(0.143672732551909,0.157569670778588),
 .UNSPECIFIED.);
#283=B_SPLINE_CURVE_WITH_KNOTS('',3,(#10556,#10557,#10558,#10559),
 .UNSPECIFIED.,.F.,.F.,(4,4),(0.00114695695999982,0.00253727522757595),
 .UNSPECIFIED.);
#284=B_SPLINE_CURVE_WITH_KNOTS('',3,(#10562,#10563,#10564,#10565),
 .UNSPECIFIED.,.F.,.F.,(4,4),(-0.0138969381650522,0.),.UNSPECIFIED.);
#285=B_SPLINE_CURVE_WITH_KNOTS('',3,(#10586,#10587,#10588,#10589),
 .UNSPECIFIED.,.F.,.F.,(4,4),(0.116232526989825,0.117622845257427),
 .UNSPECIFIED.);
#286=B_SPLINE_CURVE_WITH_KNOTS('',3,(#10595,#10596,#10597,#10598),
 .UNSPECIFIED.,.F.,.F.,(4,4),(0.143672732551909,0.157569670778587),
 .UNSPECIFIED.);
#287=B_SPLINE_CURVE_WITH_KNOTS('',3,(#10619,#10620,#10621,#10622),
 .UNSPECIFIED.,.F.,.F.,(4,4),(0.151019469570086,0.152402724688313),
 .UNSPECIFIED.);
#288=B_SPLINE_CURVE_WITH_KNOTS('',3,(#10626,#10627,#10628,#10629),
 .UNSPECIFIED.,.F.,.F.,(4,4),(0.151503396596987,0.165195157044165),
 .UNSPECIFIED.);
#289=B_SPLINE_CURVE_WITH_KNOTS('',3,(#10634,#10635,#10636,#10637),
 .UNSPECIFIED.,.F.,.F.,(4,4),(0.0102943779748595,0.0116776330932283),
 .UNSPECIFIED.);
#290=B_SPLINE_CURVE_WITH_KNOTS('',3,(#10641,#10642,#10643,#10644),
 .UNSPECIFIED.,.F.,.F.,(4,4),(-0.0136917604575601,0.),.UNSPECIFIED.);
#291=B_SPLINE_CURVE_WITH_KNOTS('',3,(#10649,#10650,#10651,#10652),
 .UNSPECIFIED.,.F.,.F.,(4,4),(0.151019469570086,0.152402724688313),
 .UNSPECIFIED.);
#292=B_SPLINE_CURVE_WITH_KNOTS('',3,(#10656,#10657,#10658,#10659),
 .UNSPECIFIED.,.F.,.F.,(4,4),(0.151503396596987,0.165195157044165),
 .UNSPECIFIED.);
#293=B_SPLINE_CURVE_WITH_KNOTS('',3,(#10664,#10665,#10666,#10667),
 .UNSPECIFIED.,.F.,.F.,(4,4),(0.0102943779748594,0.0116776330932283),
 .UNSPECIFIED.);
#294=B_SPLINE_CURVE_WITH_KNOTS('',3,(#10671,#10672,#10673,#10674),
 .UNSPECIFIED.,.F.,.F.,(4,4),(-0.0136917604575601,0.),.UNSPECIFIED.);
#295=B_SPLINE_CURVE_WITH_KNOTS('',3,(#10705,#10706,#10707,#10708,#10709,
#10710,#10711,#10712,#10713,#10714,#10715,#10716,#10717,#10718,#10719,#10720,
#10721,#10722,#10723,#10724,#10725,#10726),.UNSPECIFIED.,.F.,.F.,(4,2,2,
2,2,2,2,2,2,2,4),(-0.112859197023814,-0.0931613257965438,-0.083312390182909,
-0.0734634545692742,-0.0649465265405905,-0.0564295985119067,-0.0479126704832231,
-0.0393957424545394,-0.0295468068409045,-0.0196978712272697,0.),
 .UNSPECIFIED.);
#296=B_SPLINE_CURVE_WITH_KNOTS('',3,(#10741,#10742,#10743,#10744,#10745,
#10746,#10747,#10748,#10749,#10750,#10751,#10752,#10753,#10754,#10755,#10756,
#10757,#10758,#10759,#10760,#10761,#10762),.UNSPECIFIED.,.F.,.F.,(4,2,2,
2,2,2,2,2,2,2,4),(-0.112859197023814,-0.0931613257965438,-0.083312390182909,
-0.0734634545692742,-0.0649465265405905,-0.0564295985119067,-0.0479126704832231,
-0.0393957424545394,-0.0295468068409045,-0.0196978712272697,0.),
 .UNSPECIFIED.);
#297=B_SPLINE_CURVE_WITH_KNOTS('',3,(#10774,#10775,#10776,#10777,#10778,
#10779,#10780,#10781,#10782,#10783,#10784,#10785,#10786,#10787,#10788,#10789,
#10790,#10791),.UNSPECIFIED.,.F.,.F.,(4,2,2,2,2,2,2,2,4),(-0.122525365910387,
-0.10907150169834,-0.0956176374862926,-0.0828826375348772,-0.0612626829551933,
-0.0396427283755094,-0.0269077284240941,-0.013453864212047,0.),
 .UNSPECIFIED.);
#298=B_SPLINE_CURVE_WITH_KNOTS('',3,(#10799,#10800,#10801,#10802,#10803,
#10804,#10805,#10806,#10807,#10808,#10809,#10810,#10811,#10812,#10813,#10814,
#10815,#10816,#10817,#10818,#10819,#10820),.UNSPECIFIED.,.F.,.F.,(4,2,2,
2,2,2,2,2,2,2,4),(-0.112859197023814,-0.0931613257965438,-0.083312390182909,
-0.0734634545692742,-0.0649465265405905,-0.0564295985119067,-0.0479126704832231,
-0.0393957424545394,-0.0295468068409045,-0.0196978712272697,0.),
 .UNSPECIFIED.);
#299=B_SPLINE_CURVE_WITH_KNOTS('',3,(#10826,#10827,#10828,#10829,#10830,
#10831,#10832,#10833,#10834,#10835,#10836,#10837,#10838,#10839,#10840,#10841,
#10842,#10843,#10844,#10845,#10846,#10847),.UNSPECIFIED.,.F.,.F.,(4,2,2,
2,2,2,2,2,2,2,4),(-0.112859197023814,-0.0931613257965438,-0.083312390182909,
-0.0734634545692742,-0.0649465265405905,-0.0564295985119067,-0.0479126704832231,
-0.0393957424545394,-0.0295468068409045,-0.0196978712272697,0.),
 .UNSPECIFIED.);
#300=B_SPLINE_CURVE_WITH_KNOTS('',3,(#10853,#10854,#10855,#10856,#10857,
#10858,#10859,#10860,#10861,#10862,#10863,#10864,#10865,#10866,#10867,#10868,
#10869,#10870,#10871,#10872,#10873,#10874),.UNSPECIFIED.,.F.,.F.,(4,2,2,
2,2,2,2,2,2,2,4),(-0.112859197023814,-0.0931613257965438,-0.083312390182909,
-0.0734634545692742,-0.0649465265405905,-0.0564295985119067,-0.0479126704832231,
-0.0393957424545394,-0.0295468068409045,-0.0196978712272697,0.),
 .UNSPECIFIED.);
#301=B_SPLINE_SURFACE_WITH_KNOTS('',3,3,((#6803,#6804,#6805,#6806,#6807,
#6808,#6809),(#6810,#6811,#6812,#6813,#6814,#6815,#6816),(#6817,#6818,#6819,
#6820,#6821,#6822,#6823),(#6824,#6825,#6826,#6827,#6828,#6829,#6830)),
 .UNSPECIFIED.,.F.,.F.,.F.,(4,4),(4,1,1,1,4),(0.,1.),(-0.122393912186323,
-0.087424222990231,-0.0524545337941386,-0.0437121114951155,2.08166817117217E-17),
 .UNSPECIFIED.);
#302=B_SPLINE_SURFACE_WITH_KNOTS('',3,3,((#6933,#6934,#6935,#6936,#6937,
#6938,#6939),(#6940,#6941,#6942,#6943,#6944,#6945,#6946),(#6947,#6948,#6949,
#6950,#6951,#6952,#6953),(#6954,#6955,#6956,#6957,#6958,#6959,#6960)),
 .UNSPECIFIED.,.F.,.F.,.F.,(4,4),(4,1,1,1,4),(0.,1.),(-0.122393912186323,
-0.087424222990231,-0.0524545337941386,-0.0437121114951155,2.08166817117217E-17),
 .UNSPECIFIED.);
#303=B_SPLINE_SURFACE_WITH_KNOTS('',3,3,((#7044,#7045,#7046,#7047,#7048,
#7049,#7050),(#7051,#7052,#7053,#7054,#7055,#7056,#7057),(#7058,#7059,#7060,
#7061,#7062,#7063,#7064),(#7065,#7066,#7067,#7068,#7069,#7070,#7071)),
 .UNSPECIFIED.,.F.,.F.,.F.,(4,4),(4,1,1,1,4),(0.,1.),(-0.122393912186323,
-0.087424222990231,-0.0524545337941386,-0.0437121114951155,1.04083408558608E-17),
 .UNSPECIFIED.);
#304=B_SPLINE_SURFACE_WITH_KNOTS('',3,3,((#7174,#7175,#7176,#7177,#7178,
#7179,#7180),(#7181,#7182,#7183,#7184,#7185,#7186,#7187),(#7188,#7189,#7190,
#7191,#7192,#7193,#7194),(#7195,#7196,#7197,#7198,#7199,#7200,#7201)),
 .UNSPECIFIED.,.F.,.F.,.F.,(4,4),(4,1,1,1,4),(0.,1.),(-0.122393912186323,
-0.087424222990231,-0.0524545337941386,-0.0437121114951155,1.90819582357449E-17),
 .UNSPECIFIED.);
#305=B_SPLINE_SURFACE_WITH_KNOTS('',3,3,((#7285,#7286,#7287,#7288,#7289,
#7290,#7291),(#7292,#7293,#7294,#7295,#7296,#7297,#7298),(#7299,#7300,#7301,
#7302,#7303,#7304,#7305),(#7306,#7307,#7308,#7309,#7310,#7311,#7312)),
 .UNSPECIFIED.,.F.,.F.,.F.,(4,4),(4,1,1,1,4),(0.,1.),(-0.122393912186323,
-0.0786818006912079,-0.0699393783921848,-0.0349696891960924,2.25514051876985E-17),
 .UNSPECIFIED.);
#306=B_SPLINE_SURFACE_WITH_KNOTS('',3,3,((#7438,#7439,#7440,#7441,#7442,
#7443,#7444),(#7445,#7446,#7447,#7448,#7449,#7450,#7451),(#7452,#7453,#7454,
#7455,#7456,#7457,#7458),(#7459,#7460,#7461,#7462,#7463,#7464,#7465)),
 .UNSPECIFIED.,.F.,.F.,.F.,(4,4),(4,1,1,1,4),(0.,1.),(-0.122393912186323,
-0.087424222990231,-0.0524545337941386,-0.0437121114951155,1.73472347597681E-17),
 .UNSPECIFIED.);
#307=B_SPLINE_SURFACE_WITH_KNOTS('',3,3,((#7591,#7592,#7593,#7594,#7595,
#7596,#7597),(#7598,#7599,#7600,#7601,#7602,#7603,#7604),(#7605,#7606,#7607,
#7608,#7609,#7610,#7611),(#7612,#7613,#7614,#7615,#7616,#7617,#7618)),
 .UNSPECIFIED.,.F.,.F.,.F.,(4,4),(4,1,1,1,4),(0.,1.),(-0.122393912186323,
-0.0786818006912079,-0.0699393783921848,-0.0349696891960924,2.60208521396521E-17),
 .UNSPECIFIED.);
#308=B_SPLINE_SURFACE_WITH_KNOTS('',3,3,((#7721,#7722,#7723,#7724,#7725,
#7726,#7727),(#7728,#7729,#7730,#7731,#7732,#7733,#7734),(#7735,#7736,#7737,
#7738,#7739,#7740,#7741),(#7742,#7743,#7744,#7745,#7746,#7747,#7748)),
 .UNSPECIFIED.,.F.,.F.,.F.,(4,4),(4,1,1,1,4),(0.,1.),(-0.122393912186323,
-0.0786818006912079,-0.0699393783921848,-0.0349696891960924,5.20417042793042E-18),
 .UNSPECIFIED.);
#309=B_SPLINE_SURFACE_WITH_KNOTS('',3,3,((#7832,#7833,#7834,#7835,#7836,
#7837,#7838,#7839,#7840),(#7841,#7842,#7843,#7844,#7845,#7846,#7847,#7848,
#7849),(#7850,#7851,#7852,#7853,#7854,#7855,#7856,#7857,#7858),(#7859,#7860,
#7861,#7862,#7863,#7864,#7865,#7866,#7867)),.UNSPECIFIED.,.F.,.F.,.F.,(4,
4),(4,1,1,1,1,1,4),(0.,1.),(-0.132864038171686,-0.113883461290016,-0.0949028844083469,
-0.0569417306450082,-0.0379611537633388,-0.0189805768816694,6.58522676949298E-20),
 .UNSPECIFIED.);
#310=B_SPLINE_SURFACE_WITH_KNOTS('',3,3,((#7905,#7906,#7907,#7908,#7909,
#7910,#7911,#7912,#7913),(#7914,#7915,#7916,#7917,#7918,#7919,#7920,#7921,
#7922),(#7923,#7924,#7925,#7926,#7927,#7928,#7929,#7930,#7931),(#7932,#7933,
#7934,#7935,#7936,#7937,#7938,#7939,#7940)),.UNSPECIFIED.,.F.,.F.,.F.,(4,
4),(4,1,1,1,1,1,4),(0.,1.),(-0.132864038171686,-0.113883461290016,-0.0949028844083469,
-0.0569417306450082,-0.0379611537633388,-0.0189805768816694,2.63409070779672E-20),
 .UNSPECIFIED.);
#311=B_SPLINE_SURFACE_WITH_KNOTS('',3,3,((#8018,#8019,#8020,#8021,#8022,
#8023,#8024,#8025,#8026),(#8027,#8028,#8029,#8030,#8031,#8032,#8033,#8034,
#8035),(#8036,#8037,#8038,#8039,#8040,#8041,#8042,#8043,#8044),(#8045,#8046,
#8047,#8048,#8049,#8050,#8051,#8052,#8053)),.UNSPECIFIED.,.F.,.F.,.F.,(4,
4),(4,1,1,1,1,1,4),(0.,1.),(-0.132864038171686,-0.113883461290016,-0.0949028844083469,
-0.0569417306450082,-0.0379611537633388,-0.0189805768816694,-1.84889274661175E-32),
 .UNSPECIFIED.);
#312=B_SPLINE_SURFACE_WITH_KNOTS('',3,3,((#8091,#8092,#8093,#8094,#8095,
#8096,#8097,#8098,#8099),(#8100,#8101,#8102,#8103,#8104,#8105,#8106,#8107,
#8108),(#8109,#8110,#8111,#8112,#8113,#8114,#8115,#8116,#8117),(#8118,#8119,
#8120,#8121,#8122,#8123,#8124,#8125,#8126)),.UNSPECIFIED.,.F.,.F.,.F.,(4,
4),(4,1,1,1,1,1,4),(0.,1.),(-0.132864038171686,-0.113883461290016,-0.094902884408347,
-0.0759223075266776,-0.0379611537633388,-0.0189805768816694,2.63409070779678E-20),
 .UNSPECIFIED.);
#313=B_SPLINE_SURFACE_WITH_KNOTS('',3,3,((#8155,#8156,#8157,#8158,#8159,
#8160,#8161,#8162,#8163),(#8164,#8165,#8166,#8167,#8168,#8169,#8170,#8171,
#8172),(#8173,#8174,#8175,#8176,#8177,#8178,#8179,#8180,#8181),(#8182,#8183,
#8184,#8185,#8186,#8187,#8188,#8189,#8190)),.UNSPECIFIED.,.F.,.F.,.F.,(4,
4),(4,1,1,1,1,1,4),(0.,1.),(-0.132864038171686,-0.113883461290016,-0.0949028844083469,
-0.0759223075266775,-0.0379611537633388,-0.0189805768816694,1.05363628311891E-19),
 .UNSPECIFIED.);
#314=B_SPLINE_SURFACE_WITH_KNOTS('',3,3,((#8219,#8220,#8221,#8222,#8223,
#8224,#8225,#8226,#8227),(#8228,#8229,#8230,#8231,#8232,#8233,#8234,#8235,
#8236),(#8237,#8238,#8239,#8240,#8241,#8242,#8243,#8244,#8245),(#8246,#8247,
#8248,#8249,#8250,#8251,#8252,#8253,#8254)),.UNSPECIFIED.,.F.,.F.,.F.,(4,
4),(4,1,1,1,1,1,4),(0.,1.),(-0.132864038171686,-0.113883461290016,-0.0949028844083469,
-0.0759223075266775,-0.0379611537633388,-0.0189805768816693,2.79616100771071E-17),
 .UNSPECIFIED.);
#315=B_SPLINE_SURFACE_WITH_KNOTS('',3,3,((#8302,#8303,#8304,#8305,#8306,
#8307,#8308,#8309,#8310),(#8311,#8312,#8313,#8314,#8315,#8316,#8317,#8318,
#8319),(#8320,#8321,#8322,#8323,#8324,#8325,#8326,#8327,#8328),(#8329,#8330,
#8331,#8332,#8333,#8334,#8335,#8336,#8337)),.UNSPECIFIED.,.F.,.F.,.F.,(4,
4),(4,1,1,1,1,1,4),(0.,1.),(-0.132864038171686,-0.113883461290016,-0.094902884408347,
-0.0759223075266776,-0.0379611537633388,-0.0189805768816694,3.95113606169531E-20),
 .UNSPECIFIED.);
#316=B_SPLINE_SURFACE_WITH_KNOTS('',3,3,((#8375,#8376,#8377,#8378,#8379,
#8380,#8381,#8382,#8383),(#8384,#8385,#8386,#8387,#8388,#8389,#8390,#8391,
#8392),(#8393,#8394,#8395,#8396,#8397,#8398,#8399,#8400,#8401),(#8402,#8403,
#8404,#8405,#8406,#8407,#8408,#8409,#8410)),.UNSPECIFIED.,.F.,.F.,.F.,(4,
4),(4,1,1,1,1,1,4),(0.,1.),(-0.132864038171686,-0.113883461290016,-0.094902884408347,
-0.0759223075266776,-0.0379611537633388,-0.0189805768816694,5.26818141559434E-20),
 .UNSPECIFIED.);
#317=B_SPLINE_SURFACE_WITH_KNOTS('',3,3,((#8867,#8868,#8869,#8870,#8871,
#8872,#8873),(#8874,#8875,#8876,#8877,#8878,#8879,#8880),(#8881,#8882,#8883,
#8884,#8885,#8886,#8887),(#8888,#8889,#8890,#8891,#8892,#8893,#8894)),
 .UNSPECIFIED.,.F.,.F.,.F.,(4,4),(4,1,1,1,4),(0.,1.),(-0.122393912186323,
-0.087424222990231,-0.0524545337941386,-0.0437121114951155,2.08166817117217E-17),
 .UNSPECIFIED.);
#318=B_SPLINE_SURFACE_WITH_KNOTS('',3,3,((#8997,#8998,#8999,#9000,#9001,
#9002,#9003),(#9004,#9005,#9006,#9007,#9008,#9009,#9010),(#9011,#9012,#9013,
#9014,#9015,#9016,#9017),(#9018,#9019,#9020,#9021,#9022,#9023,#9024)),
 .UNSPECIFIED.,.F.,.F.,.F.,(4,4),(4,1,1,1,4),(0.,1.),(-0.122393912186323,
-0.087424222990231,-0.0524545337941386,-0.0437121114951155,2.08166817117217E-17),
 .UNSPECIFIED.);
#319=B_SPLINE_SURFACE_WITH_KNOTS('',3,3,((#9108,#9109,#9110,#9111,#9112,
#9113,#9114),(#9115,#9116,#9117,#9118,#9119,#9120,#9121),(#9122,#9123,#9124,
#9125,#9126,#9127,#9128),(#9129,#9130,#9131,#9132,#9133,#9134,#9135)),
 .UNSPECIFIED.,.F.,.F.,.F.,(4,4),(4,1,1,1,4),(0.,1.),(-0.122393912186323,
-0.087424222990231,-0.0524545337941386,-0.0437121114951155,1.04083408558608E-17),
 .UNSPECIFIED.);
#320=B_SPLINE_SURFACE_WITH_KNOTS('',3,3,((#9238,#9239,#9240,#9241,#9242,
#9243,#9244),(#9245,#9246,#9247,#9248,#9249,#9250,#9251),(#9252,#9253,#9254,
#9255,#9256,#9257,#9258),(#9259,#9260,#9261,#9262,#9263,#9264,#9265)),
 .UNSPECIFIED.,.F.,.F.,.F.,(4,4),(4,1,1,1,4),(0.,1.),(-0.122393912186323,
-0.087424222990231,-0.0524545337941386,-0.0437121114951155,1.90819582357449E-17),
 .UNSPECIFIED.);
#321=B_SPLINE_SURFACE_WITH_KNOTS('',3,3,((#9349,#9350,#9351,#9352,#9353,
#9354,#9355),(#9356,#9357,#9358,#9359,#9360,#9361,#9362),(#9363,#9364,#9365,
#9366,#9367,#9368,#9369),(#9370,#9371,#9372,#9373,#9374,#9375,#9376)),
 .UNSPECIFIED.,.F.,.F.,.F.,(4,4),(4,1,1,1,4),(0.,1.),(-0.122393912186323,
-0.0786818006912079,-0.0699393783921848,-0.0349696891960924,2.25514051876985E-17),
 .UNSPECIFIED.);
#322=B_SPLINE_SURFACE_WITH_KNOTS('',3,3,((#9502,#9503,#9504,#9505,#9506,
#9507,#9508),(#9509,#9510,#9511,#9512,#9513,#9514,#9515),(#9516,#9517,#9518,
#9519,#9520,#9521,#9522),(#9523,#9524,#9525,#9526,#9527,#9528,#9529)),
 .UNSPECIFIED.,.F.,.F.,.F.,(4,4),(4,1,1,1,4),(0.,1.),(-0.122393912186323,
-0.087424222990231,-0.0524545337941386,-0.0437121114951155,1.73472347597681E-17),
 .UNSPECIFIED.);
#323=B_SPLINE_SURFACE_WITH_KNOTS('',3,3,((#9655,#9656,#9657,#9658,#9659,
#9660,#9661),(#9662,#9663,#9664,#9665,#9666,#9667,#9668),(#9669,#9670,#9671,
#9672,#9673,#9674,#9675),(#9676,#9677,#9678,#9679,#9680,#9681,#9682)),
 .UNSPECIFIED.,.F.,.F.,.F.,(4,4),(4,1,1,1,4),(0.,1.),(-0.122393912186323,
-0.0786818006912079,-0.0699393783921848,-0.0349696891960924,2.60208521396521E-17),
 .UNSPECIFIED.);
#324=B_SPLINE_SURFACE_WITH_KNOTS('',3,3,((#9785,#9786,#9787,#9788,#9789,
#9790,#9791),(#9792,#9793,#9794,#9795,#9796,#9797,#9798),(#9799,#9800,#9801,
#9802,#9803,#9804,#9805),(#9806,#9807,#9808,#9809,#9810,#9811,#9812)),
 .UNSPECIFIED.,.F.,.F.,.F.,(4,4),(4,1,1,1,4),(0.,1.),(-0.122393912186323,
-0.0786818006912079,-0.0699393783921848,-0.0349696891960924,5.20417042793042E-18),
 .UNSPECIFIED.);
#325=B_SPLINE_SURFACE_WITH_KNOTS('',3,3,((#9896,#9897,#9898,#9899,#9900,
#9901,#9902,#9903,#9904),(#9905,#9906,#9907,#9908,#9909,#9910,#9911,#9912,
#9913),(#9914,#9915,#9916,#9917,#9918,#9919,#9920,#9921,#9922),(#9923,#9924,
#9925,#9926,#9927,#9928,#9929,#9930,#9931)),.UNSPECIFIED.,.F.,.F.,.F.,(4,
4),(4,1,1,1,1,1,4),(0.,1.),(-0.132864038171686,-0.113883461290016,-0.0949028844083469,
-0.0569417306450082,-0.0379611537633388,-0.0189805768816694,6.58522676949298E-20),
 .UNSPECIFIED.);
#326=B_SPLINE_SURFACE_WITH_KNOTS('',3,3,((#9969,#9970,#9971,#9972,#9973,
#9974,#9975,#9976,#9977),(#9978,#9979,#9980,#9981,#9982,#9983,#9984,#9985,
#9986),(#9987,#9988,#9989,#9990,#9991,#9992,#9993,#9994,#9995),(#9996,#9997,
#9998,#9999,#10000,#10001,#10002,#10003,#10004)),.UNSPECIFIED.,.F.,.F.,
 .F.,(4,4),(4,1,1,1,1,1,4),(0.,1.),(-0.132864038171686,-0.113883461290016,
-0.0949028844083469,-0.0569417306450082,-0.0379611537633388,-0.0189805768816694,
2.63409070779672E-20),.UNSPECIFIED.);
#327=B_SPLINE_SURFACE_WITH_KNOTS('',3,3,((#10082,#10083,#10084,#10085,#10086,
#10087,#10088,#10089,#10090),(#10091,#10092,#10093,#10094,#10095,#10096,
#10097,#10098,#10099),(#10100,#10101,#10102,#10103,#10104,#10105,#10106,
#10107,#10108),(#10109,#10110,#10111,#10112,#10113,#10114,#10115,#10116,
#10117)),.UNSPECIFIED.,.F.,.F.,.F.,(4,4),(4,1,1,1,1,1,4),(0.,1.),(-0.132864038171686,
-0.113883461290016,-0.0949028844083469,-0.0569417306450082,-0.0379611537633388,
-0.0189805768816694,-1.84889274661175E-32),.UNSPECIFIED.);
#328=B_SPLINE_SURFACE_WITH_KNOTS('',3,3,((#10155,#10156,#10157,#10158,#10159,
#10160,#10161,#10162,#10163),(#10164,#10165,#10166,#10167,#10168,#10169,
#10170,#10171,#10172),(#10173,#10174,#10175,#10176,#10177,#10178,#10179,
#10180,#10181),(#10182,#10183,#10184,#10185,#10186,#10187,#10188,#10189,
#10190)),.UNSPECIFIED.,.F.,.F.,.F.,(4,4),(4,1,1,1,1,1,4),(0.,1.),(-0.132864038171686,
-0.113883461290016,-0.094902884408347,-0.0759223075266776,-0.0379611537633388,
-0.0189805768816694,2.63409070779678E-20),.UNSPECIFIED.);
#329=B_SPLINE_SURFACE_WITH_KNOTS('',3,3,((#10219,#10220,#10221,#10222,#10223,
#10224,#10225,#10226,#10227),(#10228,#10229,#10230,#10231,#10232,#10233,
#10234,#10235,#10236),(#10237,#10238,#10239,#10240,#10241,#10242,#10243,
#10244,#10245),(#10246,#10247,#10248,#10249,#10250,#10251,#10252,#10253,
#10254)),.UNSPECIFIED.,.F.,.F.,.F.,(4,4),(4,1,1,1,1,1,4),(0.,1.),(-0.132864038171686,
-0.113883461290016,-0.0949028844083469,-0.0759223075266775,-0.0379611537633388,
-0.0189805768816694,1.05363628311891E-19),.UNSPECIFIED.);
#330=B_SPLINE_SURFACE_WITH_KNOTS('',3,3,((#10283,#10284,#10285,#10286,#10287,
#10288,#10289,#10290,#10291),(#10292,#10293,#10294,#10295,#10296,#10297,
#10298,#10299,#10300),(#10301,#10302,#10303,#10304,#10305,#10306,#10307,
#10308,#10309),(#10310,#10311,#10312,#10313,#10314,#10315,#10316,#10317,
#10318)),.UNSPECIFIED.,.F.,.F.,.F.,(4,4),(4,1,1,1,1,1,4),(0.,1.),(-0.132864038171686,
-0.113883461290016,-0.0949028844083469,-0.0759223075266775,-0.0379611537633388,
-0.0189805768816693,2.79616100771071E-17),.UNSPECIFIED.);
#331=B_SPLINE_SURFACE_WITH_KNOTS('',3,3,((#10366,#10367,#10368,#10369,#10370,
#10371,#10372,#10373,#10374),(#10375,#10376,#10377,#10378,#10379,#10380,
#10381,#10382,#10383),(#10384,#10385,#10386,#10387,#10388,#10389,#10390,
#10391,#10392),(#10393,#10394,#10395,#10396,#10397,#10398,#10399,#10400,
#10401)),.UNSPECIFIED.,.F.,.F.,.F.,(4,4),(4,1,1,1,1,1,4),(0.,1.),(-0.132864038171686,
-0.113883461290016,-0.094902884408347,-0.0759223075266776,-0.0379611537633388,
-0.0189805768816694,3.95113606169531E-20),.UNSPECIFIED.);
#332=B_SPLINE_SURFACE_WITH_KNOTS('',3,3,((#10439,#10440,#10441,#10442,#10443,
#10444,#10445,#10446,#10447),(#10448,#10449,#10450,#10451,#10452,#10453,
#10454,#10455,#10456),(#10457,#10458,#10459,#10460,#10461,#10462,#10463,
#10464,#10465),(#10466,#10467,#10468,#10469,#10470,#10471,#10472,#10473,
#10474)),.UNSPECIFIED.,.F.,.F.,.F.,(4,4),(4,1,1,1,1,1,4),(0.,1.),(-0.132864038171686,
-0.113883461290016,-0.094902884408347,-0.0759223075266776,-0.0379611537633388,
-0.0189805768816694,5.26818141559434E-20),.UNSPECIFIED.);
#333=SPHERICAL_SURFACE('',#4718,0.5);
#334=SPHERICAL_SURFACE('',#4720,0.5);
#335=SPHERICAL_SURFACE('',#4722,0.5);
#336=SPHERICAL_SURFACE('',#4724,0.5);
#337=SPHERICAL_SURFACE('',#4726,0.5);
#338=SPHERICAL_SURFACE('',#4728,0.5);
#339=SPHERICAL_SURFACE('',#4730,0.5);
#340=SPHERICAL_SURFACE('',#4732,0.5);
#341=SPHERICAL_SURFACE('',#4774,0.55);
#342=SPHERICAL_SURFACE('',#4797,0.55);
#343=SPHERICAL_SURFACE('',#4804,0.55);
#344=SPHERICAL_SURFACE('',#4823,0.55);
#345=SPHERICAL_SURFACE('',#4858,0.55);
#346=SPHERICAL_SURFACE('',#4867,0.55);
#347=SPHERICAL_SURFACE('',#4960,0.55);
#348=SPHERICAL_SURFACE('',#4964,0.525);
#349=SPHERICAL_SURFACE('',#4969,0.55);
#350=SPHERICAL_SURFACE('',#4978,0.525);
#351=SPHERICAL_SURFACE('',#4983,0.525);
#352=SPHERICAL_SURFACE('',#4988,0.525);
#353=SPHERICAL_SURFACE('',#4996,0.525);
#354=SPHERICAL_SURFACE('',#5001,0.525);
#355=SPHERICAL_SURFACE('',#5005,0.525);
#356=SPHERICAL_SURFACE('',#5009,0.525);
#357=SPHERICAL_SURFACE('',#5054,0.55);
#358=SPHERICAL_SURFACE('',#5077,0.55);
#359=SPHERICAL_SURFACE('',#5084,0.55);
#360=SPHERICAL_SURFACE('',#5103,0.55);
#361=SPHERICAL_SURFACE('',#5138,0.55);
#362=SPHERICAL_SURFACE('',#5147,0.55);
#363=SPHERICAL_SURFACE('',#5240,0.55);
#364=SPHERICAL_SURFACE('',#5244,0.525);
#365=SPHERICAL_SURFACE('',#5249,0.55);
#366=SPHERICAL_SURFACE('',#5258,0.525);
#367=SPHERICAL_SURFACE('',#5263,0.525);
#368=SPHERICAL_SURFACE('',#5268,0.525);
#369=SPHERICAL_SURFACE('',#5276,0.525);
#370=SPHERICAL_SURFACE('',#5281,0.525);
#371=SPHERICAL_SURFACE('',#5285,0.525);
#372=SPHERICAL_SURFACE('',#5289,0.525);
#373=STYLED_ITEM('',(#10903),#385);
#374=STYLED_ITEM('',(#10903),#386);
#375=STYLED_ITEM('',(#10904),#387);
#376=STYLED_ITEM('',(#10904),#388);
#377=STYLED_ITEM('',(#10904),#389);
#378=STYLED_ITEM('',(#10904),#390);
#379=STYLED_ITEM('',(#10904),#391);
#380=STYLED_ITEM('',(#10904),#392);
#381=STYLED_ITEM('',(#10904),#393);
#382=STYLED_ITEM('',(#10904),#394);
#383=STYLED_ITEM('',(#10903),#395);
#384=STYLED_ITEM('',(#10903),#396);
#385=MANIFOLD_SOLID_BREP('Body1',#4625);
#386=MANIFOLD_SOLID_BREP('Body2',#4626);
#387=MANIFOLD_SOLID_BREP('Body3',#4627);
#388=MANIFOLD_SOLID_BREP('Body4',#4628);
#389=MANIFOLD_SOLID_BREP('Body5',#4629);
#390=MANIFOLD_SOLID_BREP('Body6',#4630);
#391=MANIFOLD_SOLID_BREP('Body7',#4631);
#392=MANIFOLD_SOLID_BREP('Body8',#4632);
#393=MANIFOLD_SOLID_BREP('Body9',#4633);
#394=MANIFOLD_SOLID_BREP('Body10',#4634);
#395=MANIFOLD_SOLID_BREP('Body11',#4635);
#396=MANIFOLD_SOLID_BREP('Body19',#4636);
#397=CONICAL_SURFACE('',#4679,1.025,0.785398163397448);
#398=CONICAL_SURFACE('',#4683,1.025,0.785398163397448);
#399=CONICAL_SURFACE('',#4713,2.475,0.785398163397448);
#400=CONICAL_SURFACE('',#4717,2.475,0.785398163397448);
#401=CONICAL_SURFACE('',#4884,1.50499996647239,0.785398163397435);
#402=CONICAL_SURFACE('',#4888,1.50499996647239,0.785398163397462);
#403=CONICAL_SURFACE('',#4893,1.50499996647239,0.785398163397435);
#404=CONICAL_SURFACE('',#4897,1.50499996647239,0.785398163397435);
#405=CONICAL_SURFACE('',#4901,1.50499996647239,0.785398163397435);
#406=CONICAL_SURFACE('',#4905,1.50499996647239,0.785398163397435);
#407=CONICAL_SURFACE('',#4910,1.50499996647239,0.785398163397435);
#408=CONICAL_SURFACE('',#4914,1.50499996647239,0.785398163397435);
#409=CONICAL_SURFACE('',#4919,1.99499995529652,0.785398163397435);
#410=CONICAL_SURFACE('',#4923,1.99499995529652,0.785398163397435);
#411=CONICAL_SURFACE('',#4928,1.99499995529652,0.785398163397435);
#412=CONICAL_SURFACE('',#4932,1.99499995529652,0.785398163397435);
#413=CONICAL_SURFACE('',#4936,1.99499995529652,0.785398163397435);
#414=CONICAL_SURFACE('',#4940,1.99499995529652,0.785398163397435);
#415=CONICAL_SURFACE('',#4945,1.99499995529652,0.785398163397435);
#416=CONICAL_SURFACE('',#4949,1.99499995529652,0.785398163397435);
#417=CONICAL_SURFACE('',#5164,1.50499996647239,0.785398163397435);
#418=CONICAL_SURFACE('',#5168,1.50499996647239,0.785398163397462);
#419=CONICAL_SURFACE('',#5173,1.50499996647239,0.785398163397435);
#420=CONICAL_SURFACE('',#5177,1.50499996647239,0.785398163397435);
#421=CONICAL_SURFACE('',#5181,1.50499996647239,0.785398163397435);
#422=CONICAL_SURFACE('',#5185,1.50499996647239,0.785398163397435);
#423=CONICAL_SURFACE('',#5190,1.50499996647239,0.785398163397435);
#424=CONICAL_SURFACE('',#5194,1.50499996647239,0.785398163397435);
#425=CONICAL_SURFACE('',#5199,1.99499995529652,0.785398163397435);
#426=CONICAL_SURFACE('',#5203,1.99499995529652,0.785398163397435);
#427=CONICAL_SURFACE('',#5208,1.99499995529652,0.785398163397435);
#428=CONICAL_SURFACE('',#5212,1.99499995529652,0.785398163397435);
#429=CONICAL_SURFACE('',#5216,1.99499995529652,0.785398163397435);
#430=CONICAL_SURFACE('',#5220,1.99499995529652,0.785398163397435);
#431=CONICAL_SURFACE('',#5225,1.99499995529652,0.785398163397435);
#432=CONICAL_SURFACE('',#5229,1.99499995529652,0.785398163397435);
#433=FACE_BOUND('',#890,.T.);
#434=FACE_BOUND('',#893,.T.);
#435=FACE_BOUND('',#904,.T.);
#436=FACE_BOUND('',#907,.T.);
#437=FACE_BOUND('',#930,.T.);
#438=FACE_BOUND('',#936,.T.);
#439=FACE_BOUND('',#942,.T.);
#440=FACE_BOUND('',#946,.T.);
#441=FACE_BOUND('',#950,.T.);
#442=FACE_BOUND('',#1002,.T.);
#443=FACE_BOUND('',#1004,.T.);
#444=FACE_BOUND('',#1006,.T.);
#445=FACE_BOUND('',#1010,.T.);
#446=FACE_BOUND('',#1013,.T.);
#447=FACE_BOUND('',#1017,.T.);
#448=FACE_BOUND('',#1022,.T.);
#449=FACE_BOUND('',#1024,.T.);
#450=FACE_BOUND('',#1028,.T.);
#451=FACE_BOUND('',#1032,.T.);
#452=FACE_BOUND('',#1038,.T.);
#453=FACE_BOUND('',#1050,.T.);
#454=FACE_BOUND('',#1056,.T.);
#455=FACE_BOUND('',#1062,.T.);
#456=FACE_BOUND('',#1066,.T.);
#457=FACE_BOUND('',#1070,.T.);
#458=FACE_BOUND('',#1122,.T.);
#459=FACE_BOUND('',#1124,.T.);
#460=FACE_BOUND('',#1126,.T.);
#461=FACE_BOUND('',#1130,.T.);
#462=FACE_BOUND('',#1133,.T.);
#463=FACE_BOUND('',#1137,.T.);
#464=FACE_BOUND('',#1142,.T.);
#465=FACE_BOUND('',#1144,.T.);
#466=FACE_BOUND('',#1148,.T.);
#467=FACE_BOUND('',#1152,.T.);
#468=FACE_BOUND('',#1158,.T.);
#469=PLANE('',#4672);
#470=PLANE('',#4677);
#471=PLANE('',#4706);
#472=PLANE('',#4711);
#473=PLANE('',#4761);
#474=PLANE('',#4784);
#475=PLANE('',#4813);
#476=PLANE('',#4832);
#477=PLANE('',#4845);
#478=PLANE('',#4954);
#479=PLANE('',#4955);
#480=PLANE('',#4958);
#481=PLANE('',#4967);
#482=PLANE('',#4975);
#483=PLANE('',#4982);
#484=PLANE('',#4992);
#485=PLANE('',#4993);
#486=PLANE('',#4999);
#487=PLANE('',#5003);
#488=PLANE('',#5013);
#489=PLANE('',#5041);
#490=PLANE('',#5064);
#491=PLANE('',#5093);
#492=PLANE('',#5112);
#493=PLANE('',#5125);
#494=PLANE('',#5234);
#495=PLANE('',#5235);
#496=PLANE('',#5238);
#497=PLANE('',#5247);
#498=PLANE('',#5255);
#499=PLANE('',#5262);
#500=PLANE('',#5272);
#501=PLANE('',#5273);
#502=PLANE('',#5279);
#503=PLANE('',#5283);
#504=PLANE('',#5293);
#505=LINE('',#6621,#531);
#506=LINE('',#6639,#532);
#507=LINE('',#6659,#533);
#508=LINE('',#6664,#534);
#509=LINE('',#6666,#535);
#510=LINE('',#6679,#536);
#511=LINE('',#6695,#537);
#512=LINE('',#6715,#538);
#513=LINE('',#6720,#539);
#514=LINE('',#6722,#540);
#515=LINE('',#6759,#541);
#516=LINE('',#6765,#542);
#517=LINE('',#6771,#543);
#518=LINE('',#6777,#544);
#519=LINE('',#6783,#545);
#520=LINE('',#6789,#546);
#521=LINE('',#6795,#547);
#522=LINE('',#6801,#548);
#523=LINE('',#8823,#549);
#524=LINE('',#8829,#550);
#525=LINE('',#8835,#551);
#526=LINE('',#8841,#552);
#527=LINE('',#8847,#553);
#528=LINE('',#8853,#554);
#529=LINE('',#8859,#555);
#530=LINE('',#8865,#556);
#531=VECTOR('',#5308,1.375);
#532=VECTOR('',#5329,1.375);
#533=VECTOR('',#5358,1.025);
#534=VECTOR('',#5365,1.);
#535=VECTOR('',#5368,1.025);
#536=VECTOR('',#5383,2.125);
#537=VECTOR('',#5402,2.125);
#538=VECTOR('',#5431,2.475);
#539=VECTOR('',#5438,2.5);
#540=VECTOR('',#5441,2.475);
#541=VECTOR('',#5478,0.075);
#542=VECTOR('',#5485,0.0750000000000001);
#543=VECTOR('',#5492,0.0749999999999999);
#544=VECTOR('',#5499,0.0750000000000001);
#545=VECTOR('',#5506,0.0750000000000001);
#546=VECTOR('',#5513,0.0750000000000001);
#547=VECTOR('',#5520,0.075);
#548=VECTOR('',#5527,0.0749999999999999);
#549=VECTOR('',#6046,0.075);
#550=VECTOR('',#6053,0.0750000000000001);
#551=VECTOR('',#6060,0.0749999999999999);
#552=VECTOR('',#6067,0.0750000000000001);
#553=VECTOR('',#6074,0.0750000000000001);
#554=VECTOR('',#6081,0.0750000000000001);
#555=VECTOR('',#6088,0.075);
#556=VECTOR('',#6095,0.0749999999999999);
#557=CYLINDRICAL_SURFACE('',#4655,1.375);
#558=CYLINDRICAL_SURFACE('',#4664,1.375);
#559=CYLINDRICAL_SURFACE('',#4681,1.);
#560=CYLINDRICAL_SURFACE('',#4690,2.125);
#561=CYLINDRICAL_SURFACE('',#4698,2.125);
#562=CYLINDRICAL_SURFACE('',#4715,2.5);
#563=CYLINDRICAL_SURFACE('',#4734,0.075);
#564=CYLINDRICAL_SURFACE('',#4737,0.0750000000000001);
#565=CYLINDRICAL_SURFACE('',#4740,0.0749999999999999);
#566=CYLINDRICAL_SURFACE('',#4743,0.0750000000000001);
#567=CYLINDRICAL_SURFACE('',#4746,0.0750000000000001);
#568=CYLINDRICAL_SURFACE('',#4749,0.0750000000000001);
#569=CYLINDRICAL_SURFACE('',#4752,0.075);
#570=CYLINDRICAL_SURFACE('',#4755,0.0749999999999999);
#571=CYLINDRICAL_SURFACE('',#4758,1.39999996870756);
#572=CYLINDRICAL_SURFACE('',#4781,1.39999996870756);
#573=CYLINDRICAL_SURFACE('',#4842,1.39999996870756);
#574=CYLINDRICAL_SURFACE('',#4865,2.09999995306134);
#575=CYLINDRICAL_SURFACE('',#4874,2.09999995306134);
#576=CYLINDRICAL_SURFACE('',#4876,2.09999995306134);
#577=CYLINDRICAL_SURFACE('',#4877,2.09999995306134);
#578=CYLINDRICAL_SURFACE('',#4878,2.09999995306134);
#579=CYLINDRICAL_SURFACE('',#4880,2.09999995306134);
#580=CYLINDRICAL_SURFACE('',#4882,2.09999995306134);
#581=CYLINDRICAL_SURFACE('',#4887,1.49999996647239);
#582=CYLINDRICAL_SURFACE('',#4891,1.49999996647239);
#583=CYLINDRICAL_SURFACE('',#4896,1.49999996647239);
#584=CYLINDRICAL_SURFACE('',#4900,1.49999996647239);
#585=CYLINDRICAL_SURFACE('',#4904,1.49999996647239);
#586=CYLINDRICAL_SURFACE('',#4908,1.49999996647239);
#587=CYLINDRICAL_SURFACE('',#4913,1.49999996647239);
#588=CYLINDRICAL_SURFACE('',#4917,1.49999996647239);
#589=CYLINDRICAL_SURFACE('',#4922,1.99999995529652);
#590=CYLINDRICAL_SURFACE('',#4926,1.99999995529652);
#591=CYLINDRICAL_SURFACE('',#4931,1.99999995529652);
#592=CYLINDRICAL_SURFACE('',#4935,1.99999995529652);
#593=CYLINDRICAL_SURFACE('',#4939,1.99999995529652);
#594=CYLINDRICAL_SURFACE('',#4943,1.99999995529652);
#595=CYLINDRICAL_SURFACE('',#4948,1.99999995529652);
#596=CYLINDRICAL_SURFACE('',#4952,1.99999995529652);
#597=CYLINDRICAL_SURFACE('',#4976,1.39999996870756);
#598=CYLINDRICAL_SURFACE('',#4986,1.39999996870756);
#599=CYLINDRICAL_SURFACE('',#4994,2.09999995306134);
#600=CYLINDRICAL_SURFACE('',#5000,1.39999996870756);
#601=CYLINDRICAL_SURFACE('',#5004,1.39999996870756);
#602=CYLINDRICAL_SURFACE('',#5007,1.39999996870756);
#603=CYLINDRICAL_SURFACE('',#5014,0.075);
#604=CYLINDRICAL_SURFACE('',#5017,0.0750000000000001);
#605=CYLINDRICAL_SURFACE('',#5020,0.0749999999999999);
#606=CYLINDRICAL_SURFACE('',#5023,0.0750000000000001);
#607=CYLINDRICAL_SURFACE('',#5026,0.0750000000000001);
#608=CYLINDRICAL_SURFACE('',#5029,0.0750000000000001);
#609=CYLINDRICAL_SURFACE('',#5032,0.075);
#610=CYLINDRICAL_SURFACE('',#5035,0.0749999999999999);
#611=CYLINDRICAL_SURFACE('',#5038,1.39999996870756);
#612=CYLINDRICAL_SURFACE('',#5061,1.39999996870756);
#613=CYLINDRICAL_SURFACE('',#5122,1.39999996870756);
#614=CYLINDRICAL_SURFACE('',#5145,2.09999995306134);
#615=CYLINDRICAL_SURFACE('',#5154,2.09999995306134);
#616=CYLINDRICAL_SURFACE('',#5156,2.09999995306134);
#617=CYLINDRICAL_SURFACE('',#5157,2.09999995306134);
#618=CYLINDRICAL_SURFACE('',#5158,2.09999995306134);
#619=CYLINDRICAL_SURFACE('',#5160,2.09999995306134);
#620=CYLINDRICAL_SURFACE('',#5162,2.09999995306134);
#621=CYLINDRICAL_SURFACE('',#5167,1.49999996647239);
#622=CYLINDRICAL_SURFACE('',#5171,1.49999996647239);
#623=CYLINDRICAL_SURFACE('',#5176,1.49999996647239);
#624=CYLINDRICAL_SURFACE('',#5180,1.49999996647239);
#625=CYLINDRICAL_SURFACE('',#5184,1.49999996647239);
#626=CYLINDRICAL_SURFACE('',#5188,1.49999996647239);
#627=CYLINDRICAL_SURFACE('',#5193,1.49999996647239);
#628=CYLINDRICAL_SURFACE('',#5197,1.49999996647239);
#629=CYLINDRICAL_SURFACE('',#5202,1.99999995529652);
#630=CYLINDRICAL_SURFACE('',#5206,1.99999995529652);
#631=CYLINDRICAL_SURFACE('',#5211,1.99999995529652);
#632=CYLINDRICAL_SURFACE('',#5215,1.99999995529652);
#633=CYLINDRICAL_SURFACE('',#5219,1.99999995529652);
#634=CYLINDRICAL_SURFACE('',#5223,1.99999995529652);
#635=CYLINDRICAL_SURFACE('',#5228,1.99999995529652);
#636=CYLINDRICAL_SURFACE('',#5232,1.99999995529652);
#637=CYLINDRICAL_SURFACE('',#5256,1.39999996870756);
#638=CYLINDRICAL_SURFACE('',#5266,1.39999996870756);
#639=CYLINDRICAL_SURFACE('',#5274,2.09999995306134);
#640=CYLINDRICAL_SURFACE('',#5280,1.39999996870756);
#641=CYLINDRICAL_SURFACE('',#5284,1.39999996870756);
#642=CYLINDRICAL_SURFACE('',#5287,1.39999996870756);
#643=FACE_OUTER_BOUND('',#883,.T.);
#644=FACE_OUTER_BOUND('',#884,.T.);
#645=FACE_OUTER_BOUND('',#885,.T.);
#646=FACE_OUTER_BOUND('',#886,.T.);
#647=FACE_OUTER_BOUND('',#887,.T.);
#648=FACE_OUTER_BOUND('',#888,.T.);
#649=FACE_OUTER_BOUND('',#889,.T.);
#650=FACE_OUTER_BOUND('',#891,.T.);
#651=FACE_OUTER_BOUND('',#892,.T.);
#652=FACE_OUTER_BOUND('',#894,.T.);
#653=FACE_OUTER_BOUND('',#895,.T.);
#654=FACE_OUTER_BOUND('',#896,.T.);
#655=FACE_OUTER_BOUND('',#897,.T.);
#656=FACE_OUTER_BOUND('',#898,.T.);
#657=FACE_OUTER_BOUND('',#899,.T.);
#658=FACE_OUTER_BOUND('',#900,.T.);
#659=FACE_OUTER_BOUND('',#901,.T.);
#660=FACE_OUTER_BOUND('',#902,.T.);
#661=FACE_OUTER_BOUND('',#903,.T.);
#662=FACE_OUTER_BOUND('',#905,.T.);
#663=FACE_OUTER_BOUND('',#906,.T.);
#664=FACE_OUTER_BOUND('',#908,.T.);
#665=FACE_OUTER_BOUND('',#909,.T.);
#666=FACE_OUTER_BOUND('',#910,.T.);
#667=FACE_OUTER_BOUND('',#911,.T.);
#668=FACE_OUTER_BOUND('',#912,.T.);
#669=FACE_OUTER_BOUND('',#913,.T.);
#670=FACE_OUTER_BOUND('',#914,.T.);
#671=FACE_OUTER_BOUND('',#915,.T.);
#672=FACE_OUTER_BOUND('',#916,.T.);
#673=FACE_OUTER_BOUND('',#917,.T.);
#674=FACE_OUTER_BOUND('',#918,.T.);
#675=FACE_OUTER_BOUND('',#919,.T.);
#676=FACE_OUTER_BOUND('',#920,.T.);
#677=FACE_OUTER_BOUND('',#921,.T.);
#678=FACE_OUTER_BOUND('',#922,.T.);
#679=FACE_OUTER_BOUND('',#923,.T.);
#680=FACE_OUTER_BOUND('',#924,.T.);
#681=FACE_OUTER_BOUND('',#925,.T.);
#682=FACE_OUTER_BOUND('',#926,.T.);
#683=FACE_OUTER_BOUND('',#927,.T.);
#684=FACE_OUTER_BOUND('',#928,.T.);
#685=FACE_OUTER_BOUND('',#929,.T.);
#686=FACE_OUTER_BOUND('',#931,.T.);
#687=FACE_OUTER_BOUND('',#932,.T.);
#688=FACE_OUTER_BOUND('',#933,.T.);
#689=FACE_OUTER_BOUND('',#934,.T.);
#690=FACE_OUTER_BOUND('',#935,.T.);
#691=FACE_OUTER_BOUND('',#937,.T.);
#692=FACE_OUTER_BOUND('',#938,.T.);
#693=FACE_OUTER_BOUND('',#939,.T.);
#694=FACE_OUTER_BOUND('',#940,.T.);
#695=FACE_OUTER_BOUND('',#941,.T.);
#696=FACE_OUTER_BOUND('',#943,.T.);
#697=FACE_OUTER_BOUND('',#944,.T.);
#698=FACE_OUTER_BOUND('',#945,.T.);
#699=FACE_OUTER_BOUND('',#947,.T.);
#700=FACE_OUTER_BOUND('',#948,.T.);
#701=FACE_OUTER_BOUND('',#949,.T.);
#702=FACE_OUTER_BOUND('',#951,.T.);
#703=FACE_OUTER_BOUND('',#952,.T.);
#704=FACE_OUTER_BOUND('',#953,.T.);
#705=FACE_OUTER_BOUND('',#954,.T.);
#706=FACE_OUTER_BOUND('',#955,.T.);
#707=FACE_OUTER_BOUND('',#956,.T.);
#708=FACE_OUTER_BOUND('',#957,.T.);
#709=FACE_OUTER_BOUND('',#958,.T.);
#710=FACE_OUTER_BOUND('',#959,.T.);
#711=FACE_OUTER_BOUND('',#960,.T.);
#712=FACE_OUTER_BOUND('',#961,.T.);
#713=FACE_OUTER_BOUND('',#962,.T.);
#714=FACE_OUTER_BOUND('',#963,.T.);
#715=FACE_OUTER_BOUND('',#964,.T.);
#716=FACE_OUTER_BOUND('',#965,.T.);
#717=FACE_OUTER_BOUND('',#966,.T.);
#718=FACE_OUTER_BOUND('',#967,.T.);
#719=FACE_OUTER_BOUND('',#968,.T.);
#720=FACE_OUTER_BOUND('',#969,.T.);
#721=FACE_OUTER_BOUND('',#970,.T.);
#722=FACE_OUTER_BOUND('',#971,.T.);
#723=FACE_OUTER_BOUND('',#972,.T.);
#724=FACE_OUTER_BOUND('',#973,.T.);
#725=FACE_OUTER_BOUND('',#974,.T.);
#726=FACE_OUTER_BOUND('',#975,.T.);
#727=FACE_OUTER_BOUND('',#976,.T.);
#728=FACE_OUTER_BOUND('',#977,.T.);
#729=FACE_OUTER_BOUND('',#978,.T.);
#730=FACE_OUTER_BOUND('',#979,.T.);
#731=FACE_OUTER_BOUND('',#980,.T.);
#732=FACE_OUTER_BOUND('',#981,.T.);
#733=FACE_OUTER_BOUND('',#982,.T.);
#734=FACE_OUTER_BOUND('',#983,.T.);
#735=FACE_OUTER_BOUND('',#984,.T.);
#736=FACE_OUTER_BOUND('',#985,.T.);
#737=FACE_OUTER_BOUND('',#986,.T.);
#738=FACE_OUTER_BOUND('',#987,.T.);
#739=FACE_OUTER_BOUND('',#988,.T.);
#740=FACE_OUTER_BOUND('',#989,.T.);
#741=FACE_OUTER_BOUND('',#990,.T.);
#742=FACE_OUTER_BOUND('',#991,.T.);
#743=FACE_OUTER_BOUND('',#992,.T.);
#744=FACE_OUTER_BOUND('',#993,.T.);
#745=FACE_OUTER_BOUND('',#994,.T.);
#746=FACE_OUTER_BOUND('',#995,.T.);
#747=FACE_OUTER_BOUND('',#996,.T.);
#748=FACE_OUTER_BOUND('',#997,.T.);
#749=FACE_OUTER_BOUND('',#998,.T.);
#750=FACE_OUTER_BOUND('',#999,.T.);
#751=FACE_OUTER_BOUND('',#1000,.T.);
#752=FACE_OUTER_BOUND('',#1001,.T.);
#753=FACE_OUTER_BOUND('',#1003,.T.);
#754=FACE_OUTER_BOUND('',#1005,.T.);
#755=FACE_OUTER_BOUND('',#1007,.T.);
#756=FACE_OUTER_BOUND('',#1008,.T.);
#757=FACE_OUTER_BOUND('',#1009,.T.);
#758=FACE_OUTER_BOUND('',#1011,.T.);
#759=FACE_OUTER_BOUND('',#1012,.T.);
#760=FACE_OUTER_BOUND('',#1014,.T.);
#761=FACE_OUTER_BOUND('',#1015,.T.);
#762=FACE_OUTER_BOUND('',#1016,.T.);
#763=FACE_OUTER_BOUND('',#1018,.T.);
#764=FACE_OUTER_BOUND('',#1019,.T.);
#765=FACE_OUTER_BOUND('',#1020,.T.);
#766=FACE_OUTER_BOUND('',#1021,.T.);
#767=FACE_OUTER_BOUND('',#1023,.T.);
#768=FACE_OUTER_BOUND('',#1025,.T.);
#769=FACE_OUTER_BOUND('',#1026,.T.);
#770=FACE_OUTER_BOUND('',#1027,.T.);
#771=FACE_OUTER_BOUND('',#1029,.T.);
#772=FACE_OUTER_BOUND('',#1030,.T.);
#773=FACE_OUTER_BOUND('',#1031,.T.);
#774=FACE_OUTER_BOUND('',#1033,.T.);
#775=FACE_OUTER_BOUND('',#1034,.T.);
#776=FACE_OUTER_BOUND('',#1035,.T.);
#777=FACE_OUTER_BOUND('',#1036,.T.);
#778=FACE_OUTER_BOUND('',#1037,.T.);
#779=FACE_OUTER_BOUND('',#1039,.T.);
#780=FACE_OUTER_BOUND('',#1040,.T.);
#781=FACE_OUTER_BOUND('',#1041,.T.);
#782=FACE_OUTER_BOUND('',#1042,.T.);
#783=FACE_OUTER_BOUND('',#1043,.T.);
#784=FACE_OUTER_BOUND('',#1044,.T.);
#785=FACE_OUTER_BOUND('',#1045,.T.);
#786=FACE_OUTER_BOUND('',#1046,.T.);
#787=FACE_OUTER_BOUND('',#1047,.T.);
#788=FACE_OUTER_BOUND('',#1048,.T.);
#789=FACE_OUTER_BOUND('',#1049,.T.);
#790=FACE_OUTER_BOUND('',#1051,.T.);
#791=FACE_OUTER_BOUND('',#1052,.T.);
#792=FACE_OUTER_BOUND('',#1053,.T.);
#793=FACE_OUTER_BOUND('',#1054,.T.);
#794=FACE_OUTER_BOUND('',#1055,.T.);
#795=FACE_OUTER_BOUND('',#1057,.T.);
#796=FACE_OUTER_BOUND('',#1058,.T.);
#797=FACE_OUTER_BOUND('',#1059,.T.);
#798=FACE_OUTER_BOUND('',#1060,.T.);
#799=FACE_OUTER_BOUND('',#1061,.T.);
#800=FACE_OUTER_BOUND('',#1063,.T.);
#801=FACE_OUTER_BOUND('',#1064,.T.);
#802=FACE_OUTER_BOUND('',#1065,.T.);
#803=FACE_OUTER_BOUND('',#1067,.T.);
#804=FACE_OUTER_BOUND('',#1068,.T.);
#805=FACE_OUTER_BOUND('',#1069,.T.);
#806=FACE_OUTER_BOUND('',#1071,.T.);
#807=FACE_OUTER_BOUND('',#1072,.T.);
#808=FACE_OUTER_BOUND('',#1073,.T.);
#809=FACE_OUTER_BOUND('',#1074,.T.);
#810=FACE_OUTER_BOUND('',#1075,.T.);
#811=FACE_OUTER_BOUND('',#1076,.T.);
#812=FACE_OUTER_BOUND('',#1077,.T.);
#813=FACE_OUTER_BOUND('',#1078,.T.);
#814=FACE_OUTER_BOUND('',#1079,.T.);
#815=FACE_OUTER_BOUND('',#1080,.T.);
#816=FACE_OUTER_BOUND('',#1081,.T.);
#817=FACE_OUTER_BOUND('',#1082,.T.);
#818=FACE_OUTER_BOUND('',#1083,.T.);
#819=FACE_OUTER_BOUND('',#1084,.T.);
#820=FACE_OUTER_BOUND('',#1085,.T.);
#821=FACE_OUTER_BOUND('',#1086,.T.);
#822=FACE_OUTER_BOUND('',#1087,.T.);
#823=FACE_OUTER_BOUND('',#1088,.T.);
#824=FACE_OUTER_BOUND('',#1089,.T.);
#825=FACE_OUTER_BOUND('',#1090,.T.);
#826=FACE_OUTER_BOUND('',#1091,.T.);
#827=FACE_OUTER_BOUND('',#1092,.T.);
#828=FACE_OUTER_BOUND('',#1093,.T.);
#829=FACE_OUTER_BOUND('',#1094,.T.);
#830=FACE_OUTER_BOUND('',#1095,.T.);
#831=FACE_OUTER_BOUND('',#1096,.T.);
#832=FACE_OUTER_BOUND('',#1097,.T.);
#833=FACE_OUTER_BOUND('',#1098,.T.);
#834=FACE_OUTER_BOUND('',#1099,.T.);
#835=FACE_OUTER_BOUND('',#1100,.T.);
#836=FACE_OUTER_BOUND('',#1101,.T.);
#837=FACE_OUTER_BOUND('',#1102,.T.);
#838=FACE_OUTER_BOUND('',#1103,.T.);
#839=FACE_OUTER_BOUND('',#1104,.T.);
#840=FACE_OUTER_BOUND('',#1105,.T.);
#841=FACE_OUTER_BOUND('',#1106,.T.);
#842=FACE_OUTER_BOUND('',#1107,.T.);
#843=FACE_OUTER_BOUND('',#1108,.T.);
#844=FACE_OUTER_BOUND('',#1109,.T.);
#845=FACE_OUTER_BOUND('',#1110,.T.);
#846=FACE_OUTER_BOUND('',#1111,.T.);
#847=FACE_OUTER_BOUND('',#1112,.T.);
#848=FACE_OUTER_BOUND('',#1113,.T.);
#849=FACE_OUTER_BOUND('',#1114,.T.);
#850=FACE_OUTER_BOUND('',#1115,.T.);
#851=FACE_OUTER_BOUND('',#1116,.T.);
#852=FACE_OUTER_BOUND('',#1117,.T.);
#853=FACE_OUTER_BOUND('',#1118,.T.);
#854=FACE_OUTER_BOUND('',#1119,.T.);
#855=FACE_OUTER_BOUND('',#1120,.T.);
#856=FACE_OUTER_BOUND('',#1121,.T.);
#857=FACE_OUTER_BOUND('',#1123,.T.);
#858=FACE_OUTER_BOUND('',#1125,.T.);
#859=FACE_OUTER_BOUND('',#1127,.T.);
#860=FACE_OUTER_BOUND('',#1128,.T.);
#861=FACE_OUTER_BOUND('',#1129,.T.);
#862=FACE_OUTER_BOUND('',#1131,.T.);
#863=FACE_OUTER_BOUND('',#1132,.T.);
#864=FACE_OUTER_BOUND('',#1134,.T.);
#865=FACE_OUTER_BOUND('',#1135,.T.);
#866=FACE_OUTER_BOUND('',#1136,.T.);
#867=FACE_OUTER_BOUND('',#1138,.T.);
#868=FACE_OUTER_BOUND('',#1139,.T.);
#869=FACE_OUTER_BOUND('',#1140,.T.);
#870=FACE_OUTER_BOUND('',#1141,.T.);
#871=FACE_OUTER_BOUND('',#1143,.T.);
#872=FACE_OUTER_BOUND('',#1145,.T.);
#873=FACE_OUTER_BOUND('',#1146,.T.);
#874=FACE_OUTER_BOUND('',#1147,.T.);
#875=FACE_OUTER_BOUND('',#1149,.T.);
#876=FACE_OUTER_BOUND('',#1150,.T.);
#877=FACE_OUTER_BOUND('',#1151,.T.);
#878=FACE_OUTER_BOUND('',#1153,.T.);
#879=FACE_OUTER_BOUND('',#1154,.T.);
#880=FACE_OUTER_BOUND('',#1155,.T.);
#881=FACE_OUTER_BOUND('',#1156,.T.);
#882=FACE_OUTER_BOUND('',#1157,.T.);
#883=EDGE_LOOP('',(#2875,#2876,#2877,#2878,#2879));
#884=EDGE_LOOP('',(#2880,#2881,#2882,#2883,#2884,#2885));
#885=EDGE_LOOP('',(#2886,#2887,#2888,#2889,#2890,#2891));
#886=EDGE_LOOP('',(#2892,#2893,#2894,#2895,#2896,#2897));
#887=EDGE_LOOP('',(#2898,#2899,#2900,#2901,#2902));
#888=EDGE_LOOP('',(#2903,#2904,#2905,#2906,#2907));
#889=EDGE_LOOP('',(#2908));
#890=EDGE_LOOP('',(#2909));
#891=EDGE_LOOP('',(#2910,#2911,#2912,#2913,#2914));
#892=EDGE_LOOP('',(#2915));
#893=EDGE_LOOP('',(#2916));
#894=EDGE_LOOP('',(#2917,#2918,#2919,#2920));
#895=EDGE_LOOP('',(#2921,#2922,#2923,#2924));
#896=EDGE_LOOP('',(#2925,#2926,#2927,#2928));
#897=EDGE_LOOP('',(#2929,#2930,#2931,#2932,#2933,#2934));
#898=EDGE_LOOP('',(#2935,#2936,#2937,#2938,#2939,#2940));
#899=EDGE_LOOP('',(#2941,#2942,#2943,#2944,#2945));
#900=EDGE_LOOP('',(#2946,#2947,#2948,#2949,#2950,#2951));
#901=EDGE_LOOP('',(#2952,#2953,#2954,#2955,#2956));
#902=EDGE_LOOP('',(#2957,#2958,#2959,#2960,#2961));
#903=EDGE_LOOP('',(#2962));
#904=EDGE_LOOP('',(#2963));
#905=EDGE_LOOP('',(#2964,#2965,#2966,#2967,#2968));
#906=EDGE_LOOP('',(#2969));
#907=EDGE_LOOP('',(#2970));
#908=EDGE_LOOP('',(#2971,#2972,#2973,#2974));
#909=EDGE_LOOP('',(#2975,#2976,#2977,#2978));
#910=EDGE_LOOP('',(#2979,#2980,#2981,#2982));
#911=EDGE_LOOP('',(#2983,#2984));
#912=EDGE_LOOP('',(#2985,#2986));
#913=EDGE_LOOP('',(#2987,#2988));
#914=EDGE_LOOP('',(#2989,#2990));
#915=EDGE_LOOP('',(#2991,#2992));
#916=EDGE_LOOP('',(#2993,#2994));
#917=EDGE_LOOP('',(#2995,#2996));
#918=EDGE_LOOP('',(#2997,#2998));
#919=EDGE_LOOP('',(#2999,#3000,#3001,#3002));
#920=EDGE_LOOP('',(#3003,#3004,#3005,#3006));
#921=EDGE_LOOP('',(#3007,#3008,#3009,#3010));
#922=EDGE_LOOP('',(#3011,#3012,#3013,#3014));
#923=EDGE_LOOP('',(#3015,#3016,#3017,#3018));
#924=EDGE_LOOP('',(#3019,#3020,#3021,#3022));
#925=EDGE_LOOP('',(#3023,#3024,#3025,#3026));
#926=EDGE_LOOP('',(#3027,#3028,#3029,#3030));
#927=EDGE_LOOP('',(#3031,#3032,#3033,#3034));
#928=EDGE_LOOP('',(#3035,#3036,#3037,#3038));
#929=EDGE_LOOP('',(#3039,#3040,#3041,#3042,#3043,#3044,#3045,#3046,#3047,
#3048,#3049,#3050,#3051,#3052,#3053,#3054,#3055));
#930=EDGE_LOOP('',(#3056));
#931=EDGE_LOOP('',(#3057,#3058,#3059,#3060));
#932=EDGE_LOOP('',(#3061,#3062,#3063,#3064,#3065,#3066,#3067,#3068,#3069,
#3070,#3071,#3072,#3073,#3074,#3075,#3076,#3077,#3078,#3079));
#933=EDGE_LOOP('',(#3080,#3081,#3082,#3083));
#934=EDGE_LOOP('',(#3084,#3085,#3086,#3087));
#935=EDGE_LOOP('',(#3088,#3089,#3090,#3091,#3092,#3093,#3094,#3095,#3096,
#3097,#3098,#3099,#3100,#3101,#3102,#3103,#3104));
#936=EDGE_LOOP('',(#3105));
#937=EDGE_LOOP('',(#3106,#3107,#3108,#3109));
#938=EDGE_LOOP('',(#3110,#3111,#3112,#3113,#3114,#3115,#3116,#3117,#3118,
#3119,#3120,#3121,#3122,#3123,#3124,#3125,#3126,#3127,#3128));
#939=EDGE_LOOP('',(#3129,#3130,#3131,#3132));
#940=EDGE_LOOP('',(#3133,#3134,#3135,#3136,#3137,#3138,#3139,#3140,#3141,
#3142,#3143,#3144,#3145,#3146,#3147,#3148,#3149,#3150,#3151));
#941=EDGE_LOOP('',(#3152,#3153,#3154,#3155,#3156,#3157,#3158,#3159,#3160,
#3161,#3162,#3163,#3164,#3165,#3166,#3167,#3168));
#942=EDGE_LOOP('',(#3169));
#943=EDGE_LOOP('',(#3170,#3171,#3172,#3173));
#944=EDGE_LOOP('',(#3174,#3175,#3176,#3177,#3178,#3179,#3180,#3181,#3182,
#3183,#3184,#3185,#3186,#3187,#3188,#3189,#3190,#3191,#3192));
#945=EDGE_LOOP('',(#3193,#3194,#3195,#3196,#3197,#3198,#3199,#3200,#3201,
#3202,#3203,#3204,#3205,#3206,#3207,#3208,#3209));
#946=EDGE_LOOP('',(#3210));
#947=EDGE_LOOP('',(#3211,#3212,#3213,#3214));
#948=EDGE_LOOP('',(#3215,#3216,#3217,#3218));
#949=EDGE_LOOP('',(#3219,#3220,#3221,#3222,#3223,#3224,#3225,#3226,#3227,
#3228,#3229,#3230,#3231,#3232,#3233,#3234,#3235));
#950=EDGE_LOOP('',(#3236));
#951=EDGE_LOOP('',(#3237,#3238,#3239,#3240));
#952=EDGE_LOOP('',(#3241,#3242,#3243,#3244,#3245,#3246,#3247,#3248,#3249,
#3250,#3251,#3252,#3253,#3254,#3255,#3256,#3257,#3258,#3259));
#953=EDGE_LOOP('',(#3260,#3261,#3262,#3263));
#954=EDGE_LOOP('',(#3264,#3265,#3266,#3267));
#955=EDGE_LOOP('',(#3268,#3269,#3270,#3271));
#956=EDGE_LOOP('',(#3272,#3273,#3274,#3275,#3276,#3277,#3278,#3279,#3280,
#3281,#3282,#3283,#3284,#3285,#3286,#3287,#3288,#3289,#3290));
#957=EDGE_LOOP('',(#3291,#3292,#3293,#3294));
#958=EDGE_LOOP('',(#3295,#3296,#3297,#3298));
#959=EDGE_LOOP('',(#3299,#3300,#3301,#3302));
#960=EDGE_LOOP('',(#3303,#3304,#3305,#3306));
#961=EDGE_LOOP('',(#3307,#3308,#3309,#3310));
#962=EDGE_LOOP('',(#3311,#3312,#3313,#3314));
#963=EDGE_LOOP('',(#3315,#3316,#3317,#3318));
#964=EDGE_LOOP('',(#3319,#3320,#3321,#3322));
#965=EDGE_LOOP('',(#3323,#3324,#3325,#3326));
#966=EDGE_LOOP('',(#3327,#3328,#3329,#3330));
#967=EDGE_LOOP('',(#3331,#3332,#3333,#3334));
#968=EDGE_LOOP('',(#3335,#3336,#3337,#3338));
#969=EDGE_LOOP('',(#3339,#3340,#3341,#3342));
#970=EDGE_LOOP('',(#3343,#3344,#3345,#3346));
#971=EDGE_LOOP('',(#3347,#3348,#3349,#3350));
#972=EDGE_LOOP('',(#3351,#3352,#3353,#3354));
#973=EDGE_LOOP('',(#3355,#3356,#3357,#3358));
#974=EDGE_LOOP('',(#3359,#3360,#3361,#3362));
#975=EDGE_LOOP('',(#3363,#3364,#3365,#3366));
#976=EDGE_LOOP('',(#3367,#3368,#3369,#3370));
#977=EDGE_LOOP('',(#3371,#3372,#3373,#3374));
#978=EDGE_LOOP('',(#3375,#3376,#3377,#3378));
#979=EDGE_LOOP('',(#3379,#3380,#3381,#3382));
#980=EDGE_LOOP('',(#3383,#3384,#3385,#3386));
#981=EDGE_LOOP('',(#3387,#3388,#3389,#3390));
#982=EDGE_LOOP('',(#3391,#3392,#3393,#3394));
#983=EDGE_LOOP('',(#3395,#3396,#3397,#3398));
#984=EDGE_LOOP('',(#3399,#3400,#3401,#3402));
#985=EDGE_LOOP('',(#3403,#3404,#3405,#3406));
#986=EDGE_LOOP('',(#3407,#3408,#3409,#3410));
#987=EDGE_LOOP('',(#3411,#3412,#3413,#3414));
#988=EDGE_LOOP('',(#3415,#3416,#3417,#3418));
#989=EDGE_LOOP('',(#3419,#3420,#3421,#3422));
#990=EDGE_LOOP('',(#3423,#3424,#3425,#3426));
#991=EDGE_LOOP('',(#3427,#3428,#3429,#3430));
#992=EDGE_LOOP('',(#3431,#3432,#3433,#3434));
#993=EDGE_LOOP('',(#3435,#3436,#3437,#3438));
#994=EDGE_LOOP('',(#3439,#3440,#3441,#3442));
#995=EDGE_LOOP('',(#3443,#3444,#3445,#3446));
#996=EDGE_LOOP('',(#3447,#3448,#3449,#3450));
#997=EDGE_LOOP('',(#3451,#3452,#3453,#3454));
#998=EDGE_LOOP('',(#3455,#3456,#3457,#3458));
#999=EDGE_LOOP('',(#3459,#3460,#3461,#3462));
#1000=EDGE_LOOP('',(#3463,#3464,#3465,#3466));
#1001=EDGE_LOOP('',(#3467,#3468,#3469,#3470,#3471));
#1002=EDGE_LOOP('',(#3472));
#1003=EDGE_LOOP('',(#3473,#3474,#3475,#3476,#3477));
#1004=EDGE_LOOP('',(#3478));
#1005=EDGE_LOOP('',(#3479,#3480,#3481,#3482,#3483));
#1006=EDGE_LOOP('',(#3484));
#1007=EDGE_LOOP('',(#3485,#3486,#3487,#3488,#3489,#3490,#3491,#3492,#3493,
#3494,#3495,#3496,#3497,#3498,#3499,#3500,#3501,#3502,#3503));
#1008=EDGE_LOOP('',(#3504,#3505,#3506,#3507,#3508,#3509,#3510));
#1009=EDGE_LOOP('',(#3511,#3512,#3513,#3514,#3515));
#1010=EDGE_LOOP('',(#3516));
#1011=EDGE_LOOP('',(#3517,#3518,#3519,#3520,#3521,#3522,#3523,#3524,#3525,
#3526,#3527,#3528,#3529,#3530,#3531,#3532,#3533,#3534,#3535));
#1012=EDGE_LOOP('',(#3536,#3537,#3538,#3539,#3540));
#1013=EDGE_LOOP('',(#3541));
#1014=EDGE_LOOP('',(#3542,#3543,#3544,#3545));
#1015=EDGE_LOOP('',(#3546,#3547,#3548,#3549,#3550,#3551,#3552));
#1016=EDGE_LOOP('',(#3553,#3554,#3555,#3556,#3557,#3558,#3559,#3560,#3561,
#3562,#3563,#3564,#3565,#3566,#3567,#3568,#3569));
#1017=EDGE_LOOP('',(#3570));
#1018=EDGE_LOOP('',(#3571,#3572,#3573,#3574,#3575,#3576,#3577));
#1019=EDGE_LOOP('',(#3578,#3579,#3580,#3581));
#1020=EDGE_LOOP('',(#3582,#3583,#3584,#3585,#3586,#3587,#3588));
#1021=EDGE_LOOP('',(#3589,#3590,#3591,#3592,#3593,#3594,#3595,#3596,#3597,
#3598,#3599,#3600,#3601,#3602,#3603,#3604,#3605));
#1022=EDGE_LOOP('',(#3606));
#1023=EDGE_LOOP('',(#3607,#3608,#3609,#3610,#3611));
#1024=EDGE_LOOP('',(#3612));
#1025=EDGE_LOOP('',(#3613,#3614,#3615,#3616));
#1026=EDGE_LOOP('',(#3617,#3618,#3619,#3620,#3621,#3622,#3623));
#1027=EDGE_LOOP('',(#3624,#3625,#3626,#3627,#3628));
#1028=EDGE_LOOP('',(#3629));
#1029=EDGE_LOOP('',(#3630,#3631,#3632,#3633));
#1030=EDGE_LOOP('',(#3634,#3635,#3636,#3637,#3638,#3639,#3640));
#1031=EDGE_LOOP('',(#3641,#3642,#3643,#3644,#3645));
#1032=EDGE_LOOP('',(#3646));
#1033=EDGE_LOOP('',(#3647,#3648,#3649,#3650));
#1034=EDGE_LOOP('',(#3651,#3652,#3653,#3654,#3655,#3656,#3657));
#1035=EDGE_LOOP('',(#3658,#3659,#3660,#3661));
#1036=EDGE_LOOP('',(#3662,#3663,#3664,#3665,#3666,#3667,#3668));
#1037=EDGE_LOOP('',(#3669,#3670,#3671,#3672,#3673,#3674,#3675,#3676,#3677,
#3678,#3679,#3680,#3681,#3682,#3683,#3684,#3685));
#1038=EDGE_LOOP('',(#3686));
#1039=EDGE_LOOP('',(#3687,#3688,#3689,#3690));
#1040=EDGE_LOOP('',(#3691,#3692,#3693,#3694));
#1041=EDGE_LOOP('',(#3695,#3696,#3697,#3698));
#1042=EDGE_LOOP('',(#3699,#3700,#3701,#3702));
#1043=EDGE_LOOP('',(#3703,#3704,#3705,#3706));
#1044=EDGE_LOOP('',(#3707,#3708,#3709,#3710));
#1045=EDGE_LOOP('',(#3711,#3712,#3713,#3714));
#1046=EDGE_LOOP('',(#3715,#3716,#3717,#3718));
#1047=EDGE_LOOP('',(#3719,#3720,#3721,#3722));
#1048=EDGE_LOOP('',(#3723,#3724,#3725,#3726));
#1049=EDGE_LOOP('',(#3727,#3728,#3729,#3730,#3731,#3732,#3733,#3734,#3735,
#3736,#3737,#3738,#3739,#3740,#3741,#3742,#3743));
#1050=EDGE_LOOP('',(#3744));
#1051=EDGE_LOOP('',(#3745,#3746,#3747,#3748));
#1052=EDGE_LOOP('',(#3749,#3750,#3751,#3752,#3753,#3754,#3755,#3756,#3757,
#3758,#3759,#3760,#3761,#3762,#3763,#3764,#3765,#3766,#3767));
#1053=EDGE_LOOP('',(#3768,#3769,#3770,#3771));
#1054=EDGE_LOOP('',(#3772,#3773,#3774,#3775));
#1055=EDGE_LOOP('',(#3776,#3777,#3778,#3779,#3780,#3781,#3782,#3783,#3784,
#3785,#3786,#3787,#3788,#3789,#3790,#3791,#3792));
#1056=EDGE_LOOP('',(#3793));
#1057=EDGE_LOOP('',(#3794,#3795,#3796,#3797));
#1058=EDGE_LOOP('',(#3798,#3799,#3800,#3801,#3802,#3803,#3804,#3805,#3806,
#3807,#3808,#3809,#3810,#3811,#3812,#3813,#3814,#3815,#3816));
#1059=EDGE_LOOP('',(#3817,#3818,#3819,#3820));
#1060=EDGE_LOOP('',(#3821,#3822,#3823,#3824,#3825,#3826,#3827,#3828,#3829,
#3830,#3831,#3832,#3833,#3834,#3835,#3836,#3837,#3838,#3839));
#1061=EDGE_LOOP('',(#3840,#3841,#3842,#3843,#3844,#3845,#3846,#3847,#3848,
#3849,#3850,#3851,#3852,#3853,#3854,#3855,#3856));
#1062=EDGE_LOOP('',(#3857));
#1063=EDGE_LOOP('',(#3858,#3859,#3860,#3861));
#1064=EDGE_LOOP('',(#3862,#3863,#3864,#3865,#3866,#3867,#3868,#3869,#3870,
#3871,#3872,#3873,#3874,#3875,#3876,#3877,#3878,#3879,#3880));
#1065=EDGE_LOOP('',(#3881,#3882,#3883,#3884,#3885,#3886,#3887,#3888,#3889,
#3890,#3891,#3892,#3893,#3894,#3895,#3896,#3897));
#1066=EDGE_LOOP('',(#3898));
#1067=EDGE_LOOP('',(#3899,#3900,#3901,#3902));
#1068=EDGE_LOOP('',(#3903,#3904,#3905,#3906));
#1069=EDGE_LOOP('',(#3907,#3908,#3909,#3910,#3911,#3912,#3913,#3914,#3915,
#3916,#3917,#3918,#3919,#3920,#3921,#3922,#3923));
#1070=EDGE_LOOP('',(#3924));
#1071=EDGE_LOOP('',(#3925,#3926,#3927,#3928));
#1072=EDGE_LOOP('',(#3929,#3930,#3931,#3932,#3933,#3934,#3935,#3936,#3937,
#3938,#3939,#3940,#3941,#3942,#3943,#3944,#3945,#3946,#3947));
#1073=EDGE_LOOP('',(#3948,#3949,#3950,#3951));
#1074=EDGE_LOOP('',(#3952,#3953,#3954,#3955));
#1075=EDGE_LOOP('',(#3956,#3957,#3958,#3959));
#1076=EDGE_LOOP('',(#3960,#3961,#3962,#3963,#3964,#3965,#3966,#3967,#3968,
#3969,#3970,#3971,#3972,#3973,#3974,#3975,#3976,#3977,#3978));
#1077=EDGE_LOOP('',(#3979,#3980,#3981,#3982));
#1078=EDGE_LOOP('',(#3983,#3984,#3985,#3986));
#1079=EDGE_LOOP('',(#3987,#3988,#3989,#3990));
#1080=EDGE_LOOP('',(#3991,#3992,#3993,#3994));
#1081=EDGE_LOOP('',(#3995,#3996,#3997,#3998));
#1082=EDGE_LOOP('',(#3999,#4000,#4001,#4002));
#1083=EDGE_LOOP('',(#4003,#4004,#4005,#4006));
#1084=EDGE_LOOP('',(#4007,#4008,#4009,#4010));
#1085=EDGE_LOOP('',(#4011,#4012,#4013,#4014));
#1086=EDGE_LOOP('',(#4015,#4016,#4017,#4018));
#1087=EDGE_LOOP('',(#4019,#4020,#4021,#4022));
#1088=EDGE_LOOP('',(#4023,#4024,#4025,#4026));
#1089=EDGE_LOOP('',(#4027,#4028,#4029,#4030));
#1090=EDGE_LOOP('',(#4031,#4032,#4033,#4034));
#1091=EDGE_LOOP('',(#4035,#4036,#4037,#4038));
#1092=EDGE_LOOP('',(#4039,#4040,#4041,#4042));
#1093=EDGE_LOOP('',(#4043,#4044,#4045,#4046));
#1094=EDGE_LOOP('',(#4047,#4048,#4049,#4050));
#1095=EDGE_LOOP('',(#4051,#4052,#4053,#4054));
#1096=EDGE_LOOP('',(#4055,#4056,#4057,#4058));
#1097=EDGE_LOOP('',(#4059,#4060,#4061,#4062));
#1098=EDGE_LOOP('',(#4063,#4064,#4065,#4066));
#1099=EDGE_LOOP('',(#4067,#4068,#4069,#4070));
#1100=EDGE_LOOP('',(#4071,#4072,#4073,#4074));
#1101=EDGE_LOOP('',(#4075,#4076,#4077,#4078));
#1102=EDGE_LOOP('',(#4079,#4080,#4081,#4082));
#1103=EDGE_LOOP('',(#4083,#4084,#4085,#4086));
#1104=EDGE_LOOP('',(#4087,#4088,#4089,#4090));
#1105=EDGE_LOOP('',(#4091,#4092,#4093,#4094));
#1106=EDGE_LOOP('',(#4095,#4096,#4097,#4098));
#1107=EDGE_LOOP('',(#4099,#4100,#4101,#4102));
#1108=EDGE_LOOP('',(#4103,#4104,#4105,#4106));
#1109=EDGE_LOOP('',(#4107,#4108,#4109,#4110));
#1110=EDGE_LOOP('',(#4111,#4112,#4113,#4114));
#1111=EDGE_LOOP('',(#4115,#4116,#4117,#4118));
#1112=EDGE_LOOP('',(#4119,#4120,#4121,#4122));
#1113=EDGE_LOOP('',(#4123,#4124,#4125,#4126));
#1114=EDGE_LOOP('',(#4127,#4128,#4129,#4130));
#1115=EDGE_LOOP('',(#4131,#4132,#4133,#4134));
#1116=EDGE_LOOP('',(#4135,#4136,#4137,#4138));
#1117=EDGE_LOOP('',(#4139,#4140,#4141,#4142));
#1118=EDGE_LOOP('',(#4143,#4144,#4145,#4146));
#1119=EDGE_LOOP('',(#4147,#4148,#4149,#4150));
#1120=EDGE_LOOP('',(#4151,#4152,#4153,#4154));
#1121=EDGE_LOOP('',(#4155,#4156,#4157,#4158,#4159));
#1122=EDGE_LOOP('',(#4160));
#1123=EDGE_LOOP('',(#4161,#4162,#4163,#4164,#4165));
#1124=EDGE_LOOP('',(#4166));
#1125=EDGE_LOOP('',(#4167,#4168,#4169,#4170,#4171));
#1126=EDGE_LOOP('',(#4172));
#1127=EDGE_LOOP('',(#4173,#4174,#4175,#4176,#4177,#4178,#4179,#4180,#4181,
#4182,#4183,#4184,#4185,#4186,#4187,#4188,#4189,#4190,#4191));
#1128=EDGE_LOOP('',(#4192,#4193,#4194,#4195,#4196,#4197,#4198));
#1129=EDGE_LOOP('',(#4199,#4200,#4201,#4202,#4203));
#1130=EDGE_LOOP('',(#4204));
#1131=EDGE_LOOP('',(#4205,#4206,#4207,#4208,#4209,#4210,#4211,#4212,#4213,
#4214,#4215,#4216,#4217,#4218,#4219,#4220,#4221,#4222,#4223));
#1132=EDGE_LOOP('',(#4224,#4225,#4226,#4227,#4228));
#1133=EDGE_LOOP('',(#4229));
#1134=EDGE_LOOP('',(#4230,#4231,#4232,#4233));
#1135=EDGE_LOOP('',(#4234,#4235,#4236,#4237,#4238,#4239,#4240));
#1136=EDGE_LOOP('',(#4241,#4242,#4243,#4244,#4245,#4246,#4247,#4248,#4249,
#4250,#4251,#4252,#4253,#4254,#4255,#4256,#4257));
#1137=EDGE_LOOP('',(#4258));
#1138=EDGE_LOOP('',(#4259,#4260,#4261,#4262,#4263,#4264,#4265));
#1139=EDGE_LOOP('',(#4266,#4267,#4268,#4269));
#1140=EDGE_LOOP('',(#4270,#4271,#4272,#4273,#4274,#4275,#4276));
#1141=EDGE_LOOP('',(#4277,#4278,#4279,#4280,#4281,#4282,#4283,#4284,#4285,
#4286,#4287,#4288,#4289,#4290,#4291,#4292,#4293));
#1142=EDGE_LOOP('',(#4294));
#1143=EDGE_LOOP('',(#4295,#4296,#4297,#4298,#4299));
#1144=EDGE_LOOP('',(#4300));
#1145=EDGE_LOOP('',(#4301,#4302,#4303,#4304));
#1146=EDGE_LOOP('',(#4305,#4306,#4307,#4308,#4309,#4310,#4311));
#1147=EDGE_LOOP('',(#4312,#4313,#4314,#4315,#4316));
#1148=EDGE_LOOP('',(#4317));
#1149=EDGE_LOOP('',(#4318,#4319,#4320,#4321));
#1150=EDGE_LOOP('',(#4322,#4323,#4324,#4325,#4326,#4327,#4328));
#1151=EDGE_LOOP('',(#4329,#4330,#4331,#4332,#4333));
#1152=EDGE_LOOP('',(#4334));
#1153=EDGE_LOOP('',(#4335,#4336,#4337,#4338));
#1154=EDGE_LOOP('',(#4339,#4340,#4341,#4342,#4343,#4344,#4345));
#1155=EDGE_LOOP('',(#4346,#4347,#4348,#4349));
#1156=EDGE_LOOP('',(#4350,#4351,#4352,#4353,#4354,#4355,#4356));
#1157=EDGE_LOOP('',(#4357,#4358,#4359,#4360,#4361,#4362,#4363,#4364,#4365,
#4366,#4367,#4368,#4369,#4370,#4371,#4372,#4373));
#1158=EDGE_LOOP('',(#4374));
#1159=CIRCLE('',#4651,1.375);
#1160=CIRCLE('',#4652,0.05);
#1161=CIRCLE('',#4653,1.36195652013643);
#1162=CIRCLE('',#4654,1.375);
#1163=CIRCLE('',#4656,1.375);
#1164=CIRCLE('',#4657,1.375);
#1165=CIRCLE('',#4659,1.375);
#1166=CIRCLE('',#4660,0.05);
#1167=CIRCLE('',#4661,1.36195652013643);
#1168=CIRCLE('',#4662,1.36195652013643);
#1169=CIRCLE('',#4663,1.375);
#1170=CIRCLE('',#4665,1.375);
#1171=CIRCLE('',#4666,1.375);
#1172=CIRCLE('',#4668,0.525000024936162);
#1173=CIRCLE('',#4670,1.345);
#1174=CIRCLE('',#4671,0.03);
#1175=CIRCLE('',#4673,1.05);
#1176=CIRCLE('',#4675,0.03);
#1177=CIRCLE('',#4676,1.345);
#1178=CIRCLE('',#4678,1.05);
#1179=CIRCLE('',#4680,1.);
#1180=CIRCLE('',#4682,1.);
#1181=CIRCLE('',#4685,2.125);
#1182=CIRCLE('',#4686,0.05);
#1183=CIRCLE('',#4687,2.13804347986357);
#1184=CIRCLE('',#4688,2.13804347986357);
#1185=CIRCLE('',#4689,2.125);
#1186=CIRCLE('',#4691,2.125);
#1187=CIRCLE('',#4692,2.125);
#1188=CIRCLE('',#4694,2.125);
#1189=CIRCLE('',#4695,0.05);
#1190=CIRCLE('',#4696,2.13804347986357);
#1191=CIRCLE('',#4697,2.125);
#1192=CIRCLE('',#4699,2.125);
#1193=CIRCLE('',#4700,2.125);
#1194=CIRCLE('',#4702,0.525000024936162);
#1195=CIRCLE('',#4704,2.155);
#1196=CIRCLE('',#4705,0.03);
#1197=CIRCLE('',#4707,2.45);
#1198=CIRCLE('',#4709,0.03);
#1199=CIRCLE('',#4710,2.155);
#1200=CIRCLE('',#4712,2.45);
#1201=CIRCLE('',#4714,2.5);
#1202=CIRCLE('',#4716,2.5);
#1203=CIRCLE('',#4719,0.5);
#1204=CIRCLE('',#4721,0.5);
#1205=CIRCLE('',#4723,0.5);
#1206=CIRCLE('',#4725,0.5);
#1207=CIRCLE('',#4727,0.5);
#1208=CIRCLE('',#4729,0.5);
#1209=CIRCLE('',#4731,0.5);
#1210=CIRCLE('',#4733,0.5);
#1211=CIRCLE('',#4735,0.075);
#1212=CIRCLE('',#4736,0.075);
#1213=CIRCLE('',#4738,0.0750000000000001);
#1214=CIRCLE('',#4739,0.0750000000000001);
#1215=CIRCLE('',#4741,0.0749999999999999);
#1216=CIRCLE('',#4742,0.0749999999999999);
#1217=CIRCLE('',#4744,0.0750000000000001);
#1218=CIRCLE('',#4745,0.0750000000000001);
#1219=CIRCLE('',#4747,0.0750000000000001);
#1220=CIRCLE('',#4748,0.0750000000000001);
#1221=CIRCLE('',#4750,0.0750000000000001);
#1222=CIRCLE('',#4751,0.0750000000000001);
#1223=CIRCLE('',#4753,0.075);
#1224=CIRCLE('',#4754,0.075);
#1225=CIRCLE('',#4756,0.0749999999999999);
#1226=CIRCLE('',#4757,0.0749999999999999);
#1227=CIRCLE('',#4759,1.39999996870756);
#1228=CIRCLE('',#4760,1.39999996870756);
#1229=CIRCLE('',#4762,0.55);
#1230=CIRCLE('',#4763,1.49999996647239);
#1231=CIRCLE('',#4764,0.55);
#1232=CIRCLE('',#4765,1.39999996870756);
#1233=CIRCLE('',#4766,0.525);
#1234=CIRCLE('',#4767,2.09999995306134);
#1235=CIRCLE('',#4768,0.55);
#1236=CIRCLE('',#4769,1.99999995529652);
#1237=CIRCLE('',#4770,0.55);
#1238=CIRCLE('',#4771,2.09999995306134);
#1239=CIRCLE('',#4772,0.525);
#1240=CIRCLE('',#4773,0.525);
#1241=CIRCLE('',#4775,0.529150262212918);
#1242=CIRCLE('',#4776,0.55);
#1243=CIRCLE('',#4777,0.529150262212918);
#1244=CIRCLE('',#4778,0.55);
#1245=CIRCLE('',#4779,0.529150262212918);
#1246=CIRCLE('',#4780,0.55);
#1247=CIRCLE('',#4782,1.39999996870756);
#1248=CIRCLE('',#4783,1.39999996870756);
#1249=CIRCLE('',#4785,0.55);
#1250=CIRCLE('',#4786,1.49999996647239);
#1251=CIRCLE('',#4787,0.55);
#1252=CIRCLE('',#4788,1.39999996870756);
#1253=CIRCLE('',#4789,0.525);
#1254=CIRCLE('',#4790,2.09999995306134);
#1255=CIRCLE('',#4791,0.55);
#1256=CIRCLE('',#4792,1.99999995529652);
#1257=CIRCLE('',#4793,0.55);
#1258=CIRCLE('',#4794,2.09999995306134);
#1259=CIRCLE('',#4795,0.525);
#1260=CIRCLE('',#4796,0.525);
#1261=CIRCLE('',#4798,0.529150262212918);
#1262=CIRCLE('',#4799,0.55);
#1263=CIRCLE('',#4800,0.529150262212918);
#1264=CIRCLE('',#4801,0.55);
#1265=CIRCLE('',#4802,0.529150262212918);
#1266=CIRCLE('',#4803,0.55);
#1267=CIRCLE('',#4805,0.55);
#1268=CIRCLE('',#4806,0.529150262212918);
#1269=CIRCLE('',#4807,0.55);
#1270=CIRCLE('',#4808,0.55);
#1271=CIRCLE('',#4809,0.529150262212918);
#1272=CIRCLE('',#4810,0.55);
#1273=CIRCLE('',#4811,0.529150262212918);
#1274=CIRCLE('',#4812,0.55);
#1275=CIRCLE('',#4814,1.49999996647239);
#1276=CIRCLE('',#4815,1.39999996870756);
#1277=CIRCLE('',#4816,0.525);
#1278=CIRCLE('',#4817,2.09999995306134);
#1279=CIRCLE('',#4818,1.99999995529652);
#1280=CIRCLE('',#4819,2.09999995306134);
#1281=CIRCLE('',#4820,0.525);
#1282=CIRCLE('',#4821,0.525);
#1283=CIRCLE('',#4822,1.39999996870756);
#1284=CIRCLE('',#4824,0.55);
#1285=CIRCLE('',#4825,0.529150262212918);
#1286=CIRCLE('',#4826,0.55);
#1287=CIRCLE('',#4827,0.55);
#1288=CIRCLE('',#4828,0.529150262212918);
#1289=CIRCLE('',#4829,0.55);
#1290=CIRCLE('',#4830,0.529150262212918);
#1291=CIRCLE('',#4831,0.55);
#1292=CIRCLE('',#4833,1.49999996647239);
#1293=CIRCLE('',#4834,1.39999996870756);
#1294=CIRCLE('',#4835,0.525);
#1295=CIRCLE('',#4836,2.09999995306134);
#1296=CIRCLE('',#4837,1.99999995529652);
#1297=CIRCLE('',#4838,2.09999995306134);
#1298=CIRCLE('',#4839,0.525);
#1299=CIRCLE('',#4840,0.525);
#1300=CIRCLE('',#4841,1.39999996870756);
#1301=CIRCLE('',#4843,1.39999996870756);
#1302=CIRCLE('',#4844,1.39999996870756);
#1303=CIRCLE('',#4846,0.55);
#1304=CIRCLE('',#4847,1.49999996647239);
#1305=CIRCLE('',#4848,0.55);
#1306=CIRCLE('',#4849,1.39999996870756);
#1307=CIRCLE('',#4850,0.525);
#1308=CIRCLE('',#4851,2.09999995306134);
#1309=CIRCLE('',#4852,0.55);
#1310=CIRCLE('',#4853,1.99999995529652);
#1311=CIRCLE('',#4854,0.55);
#1312=CIRCLE('',#4855,2.09999995306134);
#1313=CIRCLE('',#4856,0.525);
#1314=CIRCLE('',#4857,0.525);
#1315=CIRCLE('',#4859,0.529150262212918);
#1316=CIRCLE('',#4860,0.55);
#1317=CIRCLE('',#4861,0.529150262212918);
#1318=CIRCLE('',#4862,0.55);
#1319=CIRCLE('',#4863,0.529150262212918);
#1320=CIRCLE('',#4864,0.55);
#1321=CIRCLE('',#4866,2.09999995306134);
#1322=CIRCLE('',#4868,0.55);
#1323=CIRCLE('',#4869,0.529150262212918);
#1324=CIRCLE('',#4870,0.55);
#1325=CIRCLE('',#4871,0.529150262212918);
#1326=CIRCLE('',#4872,0.55);
#1327=CIRCLE('',#4873,0.529150262212918);
#1328=CIRCLE('',#4875,2.09999995306134);
#1329=CIRCLE('',#4879,2.09999995306134);
#1330=CIRCLE('',#4881,2.09999995306134);
#1331=CIRCLE('',#4883,2.09999995306134);
#1332=CIRCLE('',#4885,1.49999996647239);
#1333=CIRCLE('',#4886,1.50999996647239);
#1334=CIRCLE('',#4889,1.49999996647239);
#1335=CIRCLE('',#4890,1.50999996647239);
#1336=CIRCLE('',#4892,1.49999996647239);
#1337=CIRCLE('',#4894,1.49999996647239);
#1338=CIRCLE('',#4895,1.50999996647239);
#1339=CIRCLE('',#4898,1.49999996647239);
#1340=CIRCLE('',#4899,1.50999996647239);
#1341=CIRCLE('',#4902,1.49999996647239);
#1342=CIRCLE('',#4903,1.50999996647239);
#1343=CIRCLE('',#4906,1.49999996647239);
#1344=CIRCLE('',#4907,1.50999996647239);
#1345=CIRCLE('',#4909,1.49999996647239);
#1346=CIRCLE('',#4911,1.49999996647239);
#1347=CIRCLE('',#4912,1.50999996647239);
#1348=CIRCLE('',#4915,1.49999996647239);
#1349=CIRCLE('',#4916,1.50999996647239);
#1350=CIRCLE('',#4918,1.49999996647239);
#1351=CIRCLE('',#4920,1.99999995529652);
#1352=CIRCLE('',#4921,1.98999995529652);
#1353=CIRCLE('',#4924,1.99999995529652);
#1354=CIRCLE('',#4925,1.98999995529652);
#1355=CIRCLE('',#4927,1.99999995529652);
#1356=CIRCLE('',#4929,1.99999995529652);
#1357=CIRCLE('',#4930,1.98999995529652);
#1358=CIRCLE('',#4933,1.99999995529652);
#1359=CIRCLE('',#4934,1.98999995529652);
#1360=CIRCLE('',#4937,1.99999995529652);
#1361=CIRCLE('',#4938,1.98999995529652);
#1362=CIRCLE('',#4941,1.99999995529652);
#1363=CIRCLE('',#4942,1.98999995529652);
#1364=CIRCLE('',#4944,1.99999995529652);
#1365=CIRCLE('',#4946,1.99999995529652);
#1366=CIRCLE('',#4947,1.98999995529652);
#1367=CIRCLE('',#4950,1.99999995529652);
#1368=CIRCLE('',#4951,1.98999995529652);
#1369=CIRCLE('',#4953,1.99999995529652);
#1370=CIRCLE('',#4956,0.529150262212918);
#1371=CIRCLE('',#4957,0.529150262212918);
#1372=CIRCLE('',#4959,0.529150262212918);
#1373=CIRCLE('',#4961,0.55);
#1374=CIRCLE('',#4962,0.55);
#1375=CIRCLE('',#4963,0.55);
#1376=CIRCLE('',#4965,0.525);
#1377=CIRCLE('',#4966,0.525);
#1378=CIRCLE('',#4968,0.529150262212918);
#1379=CIRCLE('',#4970,0.55);
#1380=CIRCLE('',#4971,0.55);
#1381=CIRCLE('',#4972,0.529150262212918);
#1382=CIRCLE('',#4973,0.55);
#1383=CIRCLE('',#4974,0.529150262212918);
#1384=CIRCLE('',#4977,1.39999996870756);
#1385=CIRCLE('',#4979,0.525);
#1386=CIRCLE('',#4980,0.525);
#1387=CIRCLE('',#4981,0.525);
#1388=CIRCLE('',#4984,0.525);
#1389=CIRCLE('',#4985,0.525);
#1390=CIRCLE('',#4987,1.39999996870756);
#1391=CIRCLE('',#4989,0.525);
#1392=CIRCLE('',#4990,0.525);
#1393=CIRCLE('',#4991,0.525);
#1394=CIRCLE('',#4995,2.09999995306134);
#1395=CIRCLE('',#4997,0.525);
#1396=CIRCLE('',#4998,0.525);
#1397=CIRCLE('',#5002,0.525);
#1398=CIRCLE('',#5006,0.525);
#1399=CIRCLE('',#5008,1.39999996870756);
#1400=CIRCLE('',#5010,0.525);
#1401=CIRCLE('',#5011,0.525);
#1402=CIRCLE('',#5012,0.525);
#1403=CIRCLE('',#5015,0.075);
#1404=CIRCLE('',#5016,0.075);
#1405=CIRCLE('',#5018,0.0750000000000001);
#1406=CIRCLE('',#5019,0.0750000000000001);
#1407=CIRCLE('',#5021,0.0749999999999999);
#1408=CIRCLE('',#5022,0.0749999999999999);
#1409=CIRCLE('',#5024,0.0750000000000001);
#1410=CIRCLE('',#5025,0.0750000000000001);
#1411=CIRCLE('',#5027,0.0750000000000001);
#1412=CIRCLE('',#5028,0.0750000000000001);
#1413=CIRCLE('',#5030,0.0750000000000001);
#1414=CIRCLE('',#5031,0.0750000000000001);
#1415=CIRCLE('',#5033,0.075);
#1416=CIRCLE('',#5034,0.075);
#1417=CIRCLE('',#5036,0.0749999999999999);
#1418=CIRCLE('',#5037,0.0749999999999999);
#1419=CIRCLE('',#5039,1.39999996870756);
#1420=CIRCLE('',#5040,1.39999996870756);
#1421=CIRCLE('',#5042,0.525);
#1422=CIRCLE('',#5043,0.525);
#1423=CIRCLE('',#5044,2.09999995306134);
#1424=CIRCLE('',#5045,0.55);
#1425=CIRCLE('',#5046,1.99999995529652);
#1426=CIRCLE('',#5047,0.55);
#1427=CIRCLE('',#5048,2.09999995306134);
#1428=CIRCLE('',#5049,0.525);
#1429=CIRCLE('',#5050,1.39999996870756);
#1430=CIRCLE('',#5051,0.55);
#1431=CIRCLE('',#5052,1.49999996647239);
#1432=CIRCLE('',#5053,0.55);
#1433=CIRCLE('',#5055,0.55);
#1434=CIRCLE('',#5056,0.529150262212918);
#1435=CIRCLE('',#5057,0.55);
#1436=CIRCLE('',#5058,0.529150262212918);
#1437=CIRCLE('',#5059,0.55);
#1438=CIRCLE('',#5060,0.529150262212918);
#1439=CIRCLE('',#5062,1.39999996870756);
#1440=CIRCLE('',#5063,1.39999996870756);
#1441=CIRCLE('',#5065,0.525);
#1442=CIRCLE('',#5066,0.525);
#1443=CIRCLE('',#5067,2.09999995306134);
#1444=CIRCLE('',#5068,0.55);
#1445=CIRCLE('',#5069,1.99999995529652);
#1446=CIRCLE('',#5070,0.55);
#1447=CIRCLE('',#5071,2.09999995306134);
#1448=CIRCLE('',#5072,0.525);
#1449=CIRCLE('',#5073,1.39999996870756);
#1450=CIRCLE('',#5074,0.55);
#1451=CIRCLE('',#5075,1.49999996647239);
#1452=CIRCLE('',#5076,0.55);
#1453=CIRCLE('',#5078,0.55);
#1454=CIRCLE('',#5079,0.529150262212918);
#1455=CIRCLE('',#5080,0.55);
#1456=CIRCLE('',#5081,0.529150262212918);
#1457=CIRCLE('',#5082,0.55);
#1458=CIRCLE('',#5083,0.529150262212918);
#1459=CIRCLE('',#5085,0.55);
#1460=CIRCLE('',#5086,0.529150262212918);
#1461=CIRCLE('',#5087,0.55);
#1462=CIRCLE('',#5088,0.529150262212918);
#1463=CIRCLE('',#5089,0.55);
#1464=CIRCLE('',#5090,0.55);
#1465=CIRCLE('',#5091,0.529150262212918);
#1466=CIRCLE('',#5092,0.55);
#1467=CIRCLE('',#5094,1.39999996870756);
#1468=CIRCLE('',#5095,0.525);
#1469=CIRCLE('',#5096,0.525);
#1470=CIRCLE('',#5097,2.09999995306134);
#1471=CIRCLE('',#5098,1.99999995529652);
#1472=CIRCLE('',#5099,2.09999995306134);
#1473=CIRCLE('',#5100,0.525);
#1474=CIRCLE('',#5101,1.39999996870756);
#1475=CIRCLE('',#5102,1.49999996647239);
#1476=CIRCLE('',#5104,0.55);
#1477=CIRCLE('',#5105,0.529150262212918);
#1478=CIRCLE('',#5106,0.55);
#1479=CIRCLE('',#5107,0.529150262212918);
#1480=CIRCLE('',#5108,0.55);
#1481=CIRCLE('',#5109,0.55);
#1482=CIRCLE('',#5110,0.529150262212918);
#1483=CIRCLE('',#5111,0.55);
#1484=CIRCLE('',#5113,1.39999996870756);
#1485=CIRCLE('',#5114,0.525);
#1486=CIRCLE('',#5115,0.525);
#1487=CIRCLE('',#5116,2.09999995306134);
#1488=CIRCLE('',#5117,1.99999995529652);
#1489=CIRCLE('',#5118,2.09999995306134);
#1490=CIRCLE('',#5119,0.525);
#1491=CIRCLE('',#5120,1.39999996870756);
#1492=CIRCLE('',#5121,1.49999996647239);
#1493=CIRCLE('',#5123,1.39999996870756);
#1494=CIRCLE('',#5124,1.39999996870756);
#1495=CIRCLE('',#5126,0.525);
#1496=CIRCLE('',#5127,0.525);
#1497=CIRCLE('',#5128,2.09999995306134);
#1498=CIRCLE('',#5129,0.55);
#1499=CIRCLE('',#5130,1.99999995529652);
#1500=CIRCLE('',#5131,0.55);
#1501=CIRCLE('',#5132,2.09999995306134);
#1502=CIRCLE('',#5133,0.525);
#1503=CIRCLE('',#5134,1.39999996870756);
#1504=CIRCLE('',#5135,0.55);
#1505=CIRCLE('',#5136,1.49999996647239);
#1506=CIRCLE('',#5137,0.55);
#1507=CIRCLE('',#5139,0.55);
#1508=CIRCLE('',#5140,0.529150262212918);
#1509=CIRCLE('',#5141,0.55);
#1510=CIRCLE('',#5142,0.529150262212918);
#1511=CIRCLE('',#5143,0.55);
#1512=CIRCLE('',#5144,0.529150262212918);
#1513=CIRCLE('',#5146,2.09999995306134);
#1514=CIRCLE('',#5148,0.529150262212918);
#1515=CIRCLE('',#5149,0.55);
#1516=CIRCLE('',#5150,0.529150262212918);
#1517=CIRCLE('',#5151,0.55);
#1518=CIRCLE('',#5152,0.529150262212918);
#1519=CIRCLE('',#5153,0.55);
#1520=CIRCLE('',#5155,2.09999995306134);
#1521=CIRCLE('',#5159,2.09999995306134);
#1522=CIRCLE('',#5161,2.09999995306134);
#1523=CIRCLE('',#5163,2.09999995306134);
#1524=CIRCLE('',#5165,1.50999996647239);
#1525=CIRCLE('',#5166,1.49999996647239);
#1526=CIRCLE('',#5169,1.50999996647239);
#1527=CIRCLE('',#5170,1.49999996647239);
#1528=CIRCLE('',#5172,1.49999996647239);
#1529=CIRCLE('',#5174,1.50999996647239);
#1530=CIRCLE('',#5175,1.49999996647239);
#1531=CIRCLE('',#5178,1.50999996647239);
#1532=CIRCLE('',#5179,1.49999996647239);
#1533=CIRCLE('',#5182,1.50999996647239);
#1534=CIRCLE('',#5183,1.49999996647239);
#1535=CIRCLE('',#5186,1.50999996647239);
#1536=CIRCLE('',#5187,1.49999996647239);
#1537=CIRCLE('',#5189,1.49999996647239);
#1538=CIRCLE('',#5191,1.50999996647239);
#1539=CIRCLE('',#5192,1.49999996647239);
#1540=CIRCLE('',#5195,1.50999996647239);
#1541=CIRCLE('',#5196,1.49999996647239);
#1542=CIRCLE('',#5198,1.49999996647239);
#1543=CIRCLE('',#5200,1.98999995529652);
#1544=CIRCLE('',#5201,1.99999995529652);
#1545=CIRCLE('',#5204,1.98999995529652);
#1546=CIRCLE('',#5205,1.99999995529652);
#1547=CIRCLE('',#5207,1.99999995529652);
#1548=CIRCLE('',#5209,1.98999995529652);
#1549=CIRCLE('',#5210,1.99999995529652);
#1550=CIRCLE('',#5213,1.98999995529652);
#1551=CIRCLE('',#5214,1.99999995529652);
#1552=CIRCLE('',#5217,1.98999995529652);
#1553=CIRCLE('',#5218,1.99999995529652);
#1554=CIRCLE('',#5221,1.98999995529652);
#1555=CIRCLE('',#5222,1.99999995529652);
#1556=CIRCLE('',#5224,1.99999995529652);
#1557=CIRCLE('',#5226,1.98999995529652);
#1558=CIRCLE('',#5227,1.99999995529652);
#1559=CIRCLE('',#5230,1.98999995529652);
#1560=CIRCLE('',#5231,1.99999995529652);
#1561=CIRCLE('',#5233,1.99999995529652);
#1562=CIRCLE('',#5236,0.529150262212918);
#1563=CIRCLE('',#5237,0.529150262212918);
#1564=CIRCLE('',#5239,0.529150262212918);
#1565=CIRCLE('',#5241,0.55);
#1566=CIRCLE('',#5242,0.55);
#1567=CIRCLE('',#5243,0.55);
#1568=CIRCLE('',#5245,0.525);
#1569=CIRCLE('',#5246,0.525);
#1570=CIRCLE('',#5248,0.529150262212918);
#1571=CIRCLE('',#5250,0.529150262212918);
#1572=CIRCLE('',#5251,0.55);
#1573=CIRCLE('',#5252,0.529150262212918);
#1574=CIRCLE('',#5253,0.55);
#1575=CIRCLE('',#5254,0.55);
#1576=CIRCLE('',#5257,1.39999996870756);
#1577=CIRCLE('',#5259,0.525);
#1578=CIRCLE('',#5260,0.525);
#1579=CIRCLE('',#5261,0.525);
#1580=CIRCLE('',#5264,0.525);
#1581=CIRCLE('',#5265,0.525);
#1582=CIRCLE('',#5267,1.39999996870756);
#1583=CIRCLE('',#5269,0.525);
#1584=CIRCLE('',#5270,0.525);
#1585=CIRCLE('',#5271,0.525);
#1586=CIRCLE('',#5275,2.09999995306134);
#1587=CIRCLE('',#5277,0.525);
#1588=CIRCLE('',#5278,0.525);
#1589=CIRCLE('',#5282,0.525);
#1590=CIRCLE('',#5286,0.525);
#1591=CIRCLE('',#5288,1.39999996870756);
#1592=CIRCLE('',#5290,0.525);
#1593=CIRCLE('',#5291,0.525);
#1594=CIRCLE('',#5292,0.525);
#1595=VERTEX_POINT('',#6612);
#1596=VERTEX_POINT('',#6613);
#1597=VERTEX_POINT('',#6615);
#1598=VERTEX_POINT('',#6620);
#1599=VERTEX_POINT('',#6622);
#1600=VERTEX_POINT('',#6626);
#1601=VERTEX_POINT('',#6627);
#1602=VERTEX_POINT('',#6629);
#1603=VERTEX_POINT('',#6631);
#1604=VERTEX_POINT('',#6636);
#1605=VERTEX_POINT('',#6637);
#1606=VERTEX_POINT('',#6644);
#1607=VERTEX_POINT('',#6648);
#1608=VERTEX_POINT('',#6651);
#1609=VERTEX_POINT('',#6655);
#1610=VERTEX_POINT('',#6658);
#1611=VERTEX_POINT('',#6662);
#1612=VERTEX_POINT('',#6668);
#1613=VERTEX_POINT('',#6669);
#1614=VERTEX_POINT('',#6671);
#1615=VERTEX_POINT('',#6673);
#1616=VERTEX_POINT('',#6678);
#1617=VERTEX_POINT('',#6680);
#1618=VERTEX_POINT('',#6684);
#1619=VERTEX_POINT('',#6685);
#1620=VERTEX_POINT('',#6687);
#1621=VERTEX_POINT('',#6692);
#1622=VERTEX_POINT('',#6693);
#1623=VERTEX_POINT('',#6700);
#1624=VERTEX_POINT('',#6704);
#1625=VERTEX_POINT('',#6707);
#1626=VERTEX_POINT('',#6711);
#1627=VERTEX_POINT('',#6714);
#1628=VERTEX_POINT('',#6718);
#1629=VERTEX_POINT('',#6724);
#1630=VERTEX_POINT('',#6725);
#1631=VERTEX_POINT('',#6728);
#1632=VERTEX_POINT('',#6729);
#1633=VERTEX_POINT('',#6732);
#1634=VERTEX_POINT('',#6733);
#1635=VERTEX_POINT('',#6736);
#1636=VERTEX_POINT('',#6737);
#1637=VERTEX_POINT('',#6740);
#1638=VERTEX_POINT('',#6741);
#1639=VERTEX_POINT('',#6744);
#1640=VERTEX_POINT('',#6745);
#1641=VERTEX_POINT('',#6748);
#1642=VERTEX_POINT('',#6749);
#1643=VERTEX_POINT('',#6752);
#1644=VERTEX_POINT('',#6753);
#1645=VERTEX_POINT('',#6756);
#1646=VERTEX_POINT('',#6758);
#1647=VERTEX_POINT('',#6762);
#1648=VERTEX_POINT('',#6764);
#1649=VERTEX_POINT('',#6768);
#1650=VERTEX_POINT('',#6770);
#1651=VERTEX_POINT('',#6774);
#1652=VERTEX_POINT('',#6776);
#1653=VERTEX_POINT('',#6780);
#1654=VERTEX_POINT('',#6782);
#1655=VERTEX_POINT('',#6786);
#1656=VERTEX_POINT('',#6788);
#1657=VERTEX_POINT('',#6792);
#1658=VERTEX_POINT('',#6794);
#1659=VERTEX_POINT('',#6798);
#1660=VERTEX_POINT('',#6800);
#1661=VERTEX_POINT('',#6831);
#1662=VERTEX_POINT('',#6832);
#1663=VERTEX_POINT('',#6839);
#1664=VERTEX_POINT('',#6847);
#1665=VERTEX_POINT('',#6862);
#1666=VERTEX_POINT('',#6864);
#1667=VERTEX_POINT('',#6889);
#1668=VERTEX_POINT('',#6891);
#1669=VERTEX_POINT('',#6893);
#1670=VERTEX_POINT('',#6895);
#1671=VERTEX_POINT('',#6902);
#1672=VERTEX_POINT('',#6904);
#1673=VERTEX_POINT('',#6906);
#1674=VERTEX_POINT('',#6908);
#1675=VERTEX_POINT('',#6915);
#1676=VERTEX_POINT('',#6917);
#1677=VERTEX_POINT('',#6919);
#1678=VERTEX_POINT('',#6921);
#1679=VERTEX_POINT('',#6928);
#1680=VERTEX_POINT('',#6930);
#1681=VERTEX_POINT('',#6961);
#1682=VERTEX_POINT('',#6969);
#1683=VERTEX_POINT('',#6984);
#1684=VERTEX_POINT('',#6989);
#1685=VERTEX_POINT('',#6994);
#1686=VERTEX_POINT('',#6996);
#1687=VERTEX_POINT('',#7005);
#1688=VERTEX_POINT('',#7015);
#1689=VERTEX_POINT('',#7017);
#1690=VERTEX_POINT('',#7022);
#1691=VERTEX_POINT('',#7027);
#1692=VERTEX_POINT('',#7029);
#1693=VERTEX_POINT('',#7031);
#1694=VERTEX_POINT('',#7033);
#1695=VERTEX_POINT('',#7038);
#1696=VERTEX_POINT('',#7072);
#1697=VERTEX_POINT('',#7073);
#1698=VERTEX_POINT('',#7080);
#1699=VERTEX_POINT('',#7088);
#1700=VERTEX_POINT('',#7103);
#1701=VERTEX_POINT('',#7105);
#1702=VERTEX_POINT('',#7130);
#1703=VERTEX_POINT('',#7132);
#1704=VERTEX_POINT('',#7134);
#1705=VERTEX_POINT('',#7136);
#1706=VERTEX_POINT('',#7143);
#1707=VERTEX_POINT('',#7145);
#1708=VERTEX_POINT('',#7147);
#1709=VERTEX_POINT('',#7149);
#1710=VERTEX_POINT('',#7156);
#1711=VERTEX_POINT('',#7158);
#1712=VERTEX_POINT('',#7160);
#1713=VERTEX_POINT('',#7162);
#1714=VERTEX_POINT('',#7169);
#1715=VERTEX_POINT('',#7171);
#1716=VERTEX_POINT('',#7202);
#1717=VERTEX_POINT('',#7210);
#1718=VERTEX_POINT('',#7225);
#1719=VERTEX_POINT('',#7230);
#1720=VERTEX_POINT('',#7235);
#1721=VERTEX_POINT('',#7237);
#1722=VERTEX_POINT('',#7246);
#1723=VERTEX_POINT('',#7256);
#1724=VERTEX_POINT('',#7258);
#1725=VERTEX_POINT('',#7263);
#1726=VERTEX_POINT('',#7268);
#1727=VERTEX_POINT('',#7270);
#1728=VERTEX_POINT('',#7272);
#1729=VERTEX_POINT('',#7274);
#1730=VERTEX_POINT('',#7279);
#1731=VERTEX_POINT('',#7313);
#1732=VERTEX_POINT('',#7314);
#1733=VERTEX_POINT('',#7321);
#1734=VERTEX_POINT('',#7329);
#1735=VERTEX_POINT('',#7344);
#1736=VERTEX_POINT('',#7346);
#1737=VERTEX_POINT('',#7351);
#1738=VERTEX_POINT('',#7356);
#1739=VERTEX_POINT('',#7358);
#1740=VERTEX_POINT('',#7363);
#1741=VERTEX_POINT('',#7368);
#1742=VERTEX_POINT('',#7370);
#1743=VERTEX_POINT('',#7380);
#1744=VERTEX_POINT('',#7382);
#1745=VERTEX_POINT('',#7387);
#1746=VERTEX_POINT('',#7392);
#1747=VERTEX_POINT('',#7394);
#1748=VERTEX_POINT('',#7396);
#1749=VERTEX_POINT('',#7398);
#1750=VERTEX_POINT('',#7403);
#1751=VERTEX_POINT('',#7411);
#1752=VERTEX_POINT('',#7413);
#1753=VERTEX_POINT('',#7415);
#1754=VERTEX_POINT('',#7424);
#1755=VERTEX_POINT('',#7431);
#1756=VERTEX_POINT('',#7433);
#1757=VERTEX_POINT('',#7435);
#1758=VERTEX_POINT('',#7466);
#1759=VERTEX_POINT('',#7467);
#1760=VERTEX_POINT('',#7474);
#1761=VERTEX_POINT('',#7482);
#1762=VERTEX_POINT('',#7497);
#1763=VERTEX_POINT('',#7499);
#1764=VERTEX_POINT('',#7504);
#1765=VERTEX_POINT('',#7509);
#1766=VERTEX_POINT('',#7511);
#1767=VERTEX_POINT('',#7516);
#1768=VERTEX_POINT('',#7521);
#1769=VERTEX_POINT('',#7523);
#1770=VERTEX_POINT('',#7533);
#1771=VERTEX_POINT('',#7535);
#1772=VERTEX_POINT('',#7540);
#1773=VERTEX_POINT('',#7545);
#1774=VERTEX_POINT('',#7547);
#1775=VERTEX_POINT('',#7549);
#1776=VERTEX_POINT('',#7551);
#1777=VERTEX_POINT('',#7556);
#1778=VERTEX_POINT('',#7564);
#1779=VERTEX_POINT('',#7566);
#1780=VERTEX_POINT('',#7568);
#1781=VERTEX_POINT('',#7577);
#1782=VERTEX_POINT('',#7584);
#1783=VERTEX_POINT('',#7586);
#1784=VERTEX_POINT('',#7588);
#1785=VERTEX_POINT('',#7619);
#1786=VERTEX_POINT('',#7620);
#1787=VERTEX_POINT('',#7627);
#1788=VERTEX_POINT('',#7635);
#1789=VERTEX_POINT('',#7650);
#1790=VERTEX_POINT('',#7652);
#1791=VERTEX_POINT('',#7677);
#1792=VERTEX_POINT('',#7679);
#1793=VERTEX_POINT('',#7681);
#1794=VERTEX_POINT('',#7683);
#1795=VERTEX_POINT('',#7690);
#1796=VERTEX_POINT('',#7692);
#1797=VERTEX_POINT('',#7694);
#1798=VERTEX_POINT('',#7696);
#1799=VERTEX_POINT('',#7703);
#1800=VERTEX_POINT('',#7705);
#1801=VERTEX_POINT('',#7707);
#1802=VERTEX_POINT('',#7709);
#1803=VERTEX_POINT('',#7716);
#1804=VERTEX_POINT('',#7718);
#1805=VERTEX_POINT('',#7749);
#1806=VERTEX_POINT('',#7757);
#1807=VERTEX_POINT('',#7772);
#1808=VERTEX_POINT('',#7777);
#1809=VERTEX_POINT('',#7782);
#1810=VERTEX_POINT('',#7784);
#1811=VERTEX_POINT('',#7793);
#1812=VERTEX_POINT('',#7803);
#1813=VERTEX_POINT('',#7805);
#1814=VERTEX_POINT('',#7810);
#1815=VERTEX_POINT('',#7815);
#1816=VERTEX_POINT('',#7817);
#1817=VERTEX_POINT('',#7819);
#1818=VERTEX_POINT('',#7821);
#1819=VERTEX_POINT('',#7826);
#1820=VERTEX_POINT('',#7868);
#1821=VERTEX_POINT('',#7885);
#1822=VERTEX_POINT('',#7941);
#1823=VERTEX_POINT('',#7951);
#1824=VERTEX_POINT('',#7968);
#1825=VERTEX_POINT('',#7970);
#1826=VERTEX_POINT('',#7975);
#1827=VERTEX_POINT('',#7980);
#1828=VERTEX_POINT('',#7982);
#1829=VERTEX_POINT('',#7987);
#1830=VERTEX_POINT('',#7993);
#1831=VERTEX_POINT('',#7998);
#1832=VERTEX_POINT('',#8003);
#1833=VERTEX_POINT('',#8005);
#1834=VERTEX_POINT('',#8007);
#1835=VERTEX_POINT('',#8009);
#1836=VERTEX_POINT('',#8054);
#1837=VERTEX_POINT('',#8071);
#1838=VERTEX_POINT('',#8255);
#1839=VERTEX_POINT('',#8265);
#1840=VERTEX_POINT('',#8282);
#1841=VERTEX_POINT('',#8338);
#1842=VERTEX_POINT('',#8355);
#1843=VERTEX_POINT('',#8411);
#1844=VERTEX_POINT('',#8421);
#1845=VERTEX_POINT('',#8438);
#1846=VERTEX_POINT('',#8459);
#1847=VERTEX_POINT('',#8461);
#1848=VERTEX_POINT('',#8473);
#1849=VERTEX_POINT('',#8474);
#1850=VERTEX_POINT('',#8482);
#1851=VERTEX_POINT('',#8489);
#1852=VERTEX_POINT('',#8491);
#1853=VERTEX_POINT('',#8520);
#1854=VERTEX_POINT('',#8521);
#1855=VERTEX_POINT('',#8529);
#1856=VERTEX_POINT('',#8553);
#1857=VERTEX_POINT('',#8554);
#1858=VERTEX_POINT('',#8567);
#1859=VERTEX_POINT('',#8569);
#1860=VERTEX_POINT('',#8576);
#1861=VERTEX_POINT('',#8583);
#1862=VERTEX_POINT('',#8584);
#1863=VERTEX_POINT('',#8597);
#1864=VERTEX_POINT('',#8599);
#1865=VERTEX_POINT('',#8606);
#1866=VERTEX_POINT('',#8614);
#1867=VERTEX_POINT('',#8622);
#1868=VERTEX_POINT('',#8625);
#1869=VERTEX_POINT('',#8633);
#1870=VERTEX_POINT('',#8635);
#1871=VERTEX_POINT('',#8640);
#1872=VERTEX_POINT('',#8665);
#1873=VERTEX_POINT('',#8667);
#1874=VERTEX_POINT('',#8672);
#1875=VERTEX_POINT('',#8676);
#1876=VERTEX_POINT('',#8701);
#1877=VERTEX_POINT('',#8703);
#1878=VERTEX_POINT('',#8709);
#1879=VERTEX_POINT('',#8730);
#1880=VERTEX_POINT('',#8758);
#1881=VERTEX_POINT('',#8785);
#1882=VERTEX_POINT('',#8788);
#1883=VERTEX_POINT('',#8813);
#1884=VERTEX_POINT('',#8815);
#1885=VERTEX_POINT('',#8820);
#1886=VERTEX_POINT('',#8822);
#1887=VERTEX_POINT('',#8826);
#1888=VERTEX_POINT('',#8828);
#1889=VERTEX_POINT('',#8832);
#1890=VERTEX_POINT('',#8834);
#1891=VERTEX_POINT('',#8838);
#1892=VERTEX_POINT('',#8840);
#1893=VERTEX_POINT('',#8844);
#1894=VERTEX_POINT('',#8846);
#1895=VERTEX_POINT('',#8850);
#1896=VERTEX_POINT('',#8852);
#1897=VERTEX_POINT('',#8856);
#1898=VERTEX_POINT('',#8858);
#1899=VERTEX_POINT('',#8862);
#1900=VERTEX_POINT('',#8864);
#1901=VERTEX_POINT('',#8895);
#1902=VERTEX_POINT('',#8896);
#1903=VERTEX_POINT('',#8903);
#1904=VERTEX_POINT('',#8911);
#1905=VERTEX_POINT('',#8926);
#1906=VERTEX_POINT('',#8928);
#1907=VERTEX_POINT('',#8953);
#1908=VERTEX_POINT('',#8955);
#1909=VERTEX_POINT('',#8957);
#1910=VERTEX_POINT('',#8959);
#1911=VERTEX_POINT('',#8966);
#1912=VERTEX_POINT('',#8968);
#1913=VERTEX_POINT('',#8970);
#1914=VERTEX_POINT('',#8972);
#1915=VERTEX_POINT('',#8979);
#1916=VERTEX_POINT('',#8981);
#1917=VERTEX_POINT('',#8983);
#1918=VERTEX_POINT('',#8985);
#1919=VERTEX_POINT('',#8992);
#1920=VERTEX_POINT('',#8994);
#1921=VERTEX_POINT('',#9025);
#1922=VERTEX_POINT('',#9033);
#1923=VERTEX_POINT('',#9048);
#1924=VERTEX_POINT('',#9050);
#1925=VERTEX_POINT('',#9055);
#1926=VERTEX_POINT('',#9060);
#1927=VERTEX_POINT('',#9062);
#1928=VERTEX_POINT('',#9064);
#1929=VERTEX_POINT('',#9066);
#1930=VERTEX_POINT('',#9071);
#1931=VERTEX_POINT('',#9076);
#1932=VERTEX_POINT('',#9087);
#1933=VERTEX_POINT('',#9092);
#1934=VERTEX_POINT('',#9097);
#1935=VERTEX_POINT('',#9099);
#1936=VERTEX_POINT('',#9136);
#1937=VERTEX_POINT('',#9137);
#1938=VERTEX_POINT('',#9144);
#1939=VERTEX_POINT('',#9152);
#1940=VERTEX_POINT('',#9167);
#1941=VERTEX_POINT('',#9169);
#1942=VERTEX_POINT('',#9194);
#1943=VERTEX_POINT('',#9196);
#1944=VERTEX_POINT('',#9198);
#1945=VERTEX_POINT('',#9200);
#1946=VERTEX_POINT('',#9207);
#1947=VERTEX_POINT('',#9209);
#1948=VERTEX_POINT('',#9211);
#1949=VERTEX_POINT('',#9213);
#1950=VERTEX_POINT('',#9220);
#1951=VERTEX_POINT('',#9222);
#1952=VERTEX_POINT('',#9224);
#1953=VERTEX_POINT('',#9226);
#1954=VERTEX_POINT('',#9233);
#1955=VERTEX_POINT('',#9235);
#1956=VERTEX_POINT('',#9266);
#1957=VERTEX_POINT('',#9274);
#1958=VERTEX_POINT('',#9289);
#1959=VERTEX_POINT('',#9291);
#1960=VERTEX_POINT('',#9296);
#1961=VERTEX_POINT('',#9301);
#1962=VERTEX_POINT('',#9303);
#1963=VERTEX_POINT('',#9305);
#1964=VERTEX_POINT('',#9307);
#1965=VERTEX_POINT('',#9312);
#1966=VERTEX_POINT('',#9317);
#1967=VERTEX_POINT('',#9328);
#1968=VERTEX_POINT('',#9333);
#1969=VERTEX_POINT('',#9338);
#1970=VERTEX_POINT('',#9340);
#1971=VERTEX_POINT('',#9377);
#1972=VERTEX_POINT('',#9378);
#1973=VERTEX_POINT('',#9385);
#1974=VERTEX_POINT('',#9393);
#1975=VERTEX_POINT('',#9408);
#1976=VERTEX_POINT('',#9410);
#1977=VERTEX_POINT('',#9415);
#1978=VERTEX_POINT('',#9420);
#1979=VERTEX_POINT('',#9422);
#1980=VERTEX_POINT('',#9424);
#1981=VERTEX_POINT('',#9426);
#1982=VERTEX_POINT('',#9431);
#1983=VERTEX_POINT('',#9436);
#1984=VERTEX_POINT('',#9438);
#1985=VERTEX_POINT('',#9448);
#1986=VERTEX_POINT('',#9450);
#1987=VERTEX_POINT('',#9455);
#1988=VERTEX_POINT('',#9460);
#1989=VERTEX_POINT('',#9462);
#1990=VERTEX_POINT('',#9467);
#1991=VERTEX_POINT('',#9474);
#1992=VERTEX_POINT('',#9476);
#1993=VERTEX_POINT('',#9478);
#1994=VERTEX_POINT('',#9480);
#1995=VERTEX_POINT('',#9489);
#1996=VERTEX_POINT('',#9496);
#1997=VERTEX_POINT('',#9498);
#1998=VERTEX_POINT('',#9530);
#1999=VERTEX_POINT('',#9531);
#2000=VERTEX_POINT('',#9538);
#2001=VERTEX_POINT('',#9546);
#2002=VERTEX_POINT('',#9561);
#2003=VERTEX_POINT('',#9563);
#2004=VERTEX_POINT('',#9568);
#2005=VERTEX_POINT('',#9573);
#2006=VERTEX_POINT('',#9575);
#2007=VERTEX_POINT('',#9577);
#2008=VERTEX_POINT('',#9579);
#2009=VERTEX_POINT('',#9584);
#2010=VERTEX_POINT('',#9589);
#2011=VERTEX_POINT('',#9591);
#2012=VERTEX_POINT('',#9601);
#2013=VERTEX_POINT('',#9603);
#2014=VERTEX_POINT('',#9608);
#2015=VERTEX_POINT('',#9613);
#2016=VERTEX_POINT('',#9615);
#2017=VERTEX_POINT('',#9620);
#2018=VERTEX_POINT('',#9627);
#2019=VERTEX_POINT('',#9629);
#2020=VERTEX_POINT('',#9631);
#2021=VERTEX_POINT('',#9633);
#2022=VERTEX_POINT('',#9642);
#2023=VERTEX_POINT('',#9649);
#2024=VERTEX_POINT('',#9651);
#2025=VERTEX_POINT('',#9683);
#2026=VERTEX_POINT('',#9684);
#2027=VERTEX_POINT('',#9691);
#2028=VERTEX_POINT('',#9699);
#2029=VERTEX_POINT('',#9714);
#2030=VERTEX_POINT('',#9716);
#2031=VERTEX_POINT('',#9741);
#2032=VERTEX_POINT('',#9743);
#2033=VERTEX_POINT('',#9745);
#2034=VERTEX_POINT('',#9747);
#2035=VERTEX_POINT('',#9754);
#2036=VERTEX_POINT('',#9756);
#2037=VERTEX_POINT('',#9758);
#2038=VERTEX_POINT('',#9760);
#2039=VERTEX_POINT('',#9767);
#2040=VERTEX_POINT('',#9769);
#2041=VERTEX_POINT('',#9771);
#2042=VERTEX_POINT('',#9773);
#2043=VERTEX_POINT('',#9780);
#2044=VERTEX_POINT('',#9782);
#2045=VERTEX_POINT('',#9813);
#2046=VERTEX_POINT('',#9821);
#2047=VERTEX_POINT('',#9836);
#2048=VERTEX_POINT('',#9838);
#2049=VERTEX_POINT('',#9843);
#2050=VERTEX_POINT('',#9848);
#2051=VERTEX_POINT('',#9850);
#2052=VERTEX_POINT('',#9852);
#2053=VERTEX_POINT('',#9854);
#2054=VERTEX_POINT('',#9859);
#2055=VERTEX_POINT('',#9864);
#2056=VERTEX_POINT('',#9875);
#2057=VERTEX_POINT('',#9880);
#2058=VERTEX_POINT('',#9885);
#2059=VERTEX_POINT('',#9887);
#2060=VERTEX_POINT('',#9932);
#2061=VERTEX_POINT('',#9949);
#2062=VERTEX_POINT('',#10005);
#2063=VERTEX_POINT('',#10015);
#2064=VERTEX_POINT('',#10032);
#2065=VERTEX_POINT('',#10037);
#2066=VERTEX_POINT('',#10042);
#2067=VERTEX_POINT('',#10044);
#2068=VERTEX_POINT('',#10046);
#2069=VERTEX_POINT('',#10048);
#2070=VERTEX_POINT('',#10057);
#2071=VERTEX_POINT('',#10059);
#2072=VERTEX_POINT('',#10064);
#2073=VERTEX_POINT('',#10069);
#2074=VERTEX_POINT('',#10071);
#2075=VERTEX_POINT('',#10076);
#2076=VERTEX_POINT('',#10118);
#2077=VERTEX_POINT('',#10135);
#2078=VERTEX_POINT('',#10319);
#2079=VERTEX_POINT('',#10329);
#2080=VERTEX_POINT('',#10346);
#2081=VERTEX_POINT('',#10402);
#2082=VERTEX_POINT('',#10419);
#2083=VERTEX_POINT('',#10475);
#2084=VERTEX_POINT('',#10485);
#2085=VERTEX_POINT('',#10502);
#2086=VERTEX_POINT('',#10523);
#2087=VERTEX_POINT('',#10525);
#2088=VERTEX_POINT('',#10537);
#2089=VERTEX_POINT('',#10538);
#2090=VERTEX_POINT('',#10546);
#2091=VERTEX_POINT('',#10553);
#2092=VERTEX_POINT('',#10555);
#2093=VERTEX_POINT('',#10584);
#2094=VERTEX_POINT('',#10585);
#2095=VERTEX_POINT('',#10593);
#2096=VERTEX_POINT('',#10617);
#2097=VERTEX_POINT('',#10618);
#2098=VERTEX_POINT('',#10631);
#2099=VERTEX_POINT('',#10633);
#2100=VERTEX_POINT('',#10640);
#2101=VERTEX_POINT('',#10647);
#2102=VERTEX_POINT('',#10648);
#2103=VERTEX_POINT('',#10661);
#2104=VERTEX_POINT('',#10663);
#2105=VERTEX_POINT('',#10670);
#2106=VERTEX_POINT('',#10678);
#2107=VERTEX_POINT('',#10684);
#2108=VERTEX_POINT('',#10690);
#2109=VERTEX_POINT('',#10695);
#2110=VERTEX_POINT('',#10697);
#2111=VERTEX_POINT('',#10704);
#2112=VERTEX_POINT('',#10729);
#2113=VERTEX_POINT('',#10731);
#2114=VERTEX_POINT('',#10737);
#2115=VERTEX_POINT('',#10740);
#2116=VERTEX_POINT('',#10765);
#2117=VERTEX_POINT('',#10767);
#2118=VERTEX_POINT('',#10773);
#2119=VERTEX_POINT('',#10795);
#2120=VERTEX_POINT('',#10822);
#2121=VERTEX_POINT('',#10849);
#2122=VERTEX_POINT('',#10852);
#2123=VERTEX_POINT('',#10877);
#2124=VERTEX_POINT('',#10879);
#2125=EDGE_CURVE('',#1595,#1596,#1159,.T.);
#2126=EDGE_CURVE('',#1596,#1597,#1160,.T.);
#2127=EDGE_CURVE('',#1597,#1597,#1161,.T.);
#2128=EDGE_CURVE('',#1596,#1595,#1162,.T.);
#2129=EDGE_CURVE('',#1595,#1598,#505,.T.);
#2130=EDGE_CURVE('',#1599,#1598,#1163,.T.);
#2131=EDGE_CURVE('',#1598,#1599,#1164,.T.);
#2132=EDGE_CURVE('',#1600,#1601,#1165,.T.);
#2133=EDGE_CURVE('',#1601,#1602,#1166,.T.);
#2134=EDGE_CURVE('',#1602,#1603,#1167,.T.);
#2135=EDGE_CURVE('',#1603,#1602,#1168,.T.);
#2136=EDGE_CURVE('',#1601,#1600,#1169,.T.);
#2137=EDGE_CURVE('',#1604,#1605,#1170,.T.);
#2138=EDGE_CURVE('',#1604,#1600,#506,.T.);
#2139=EDGE_CURVE('',#1605,#1604,#1171,.T.);
#2140=EDGE_CURVE('',#1597,#1603,#1172,.T.);
#2141=EDGE_CURVE('',#1606,#1606,#1173,.T.);
#2142=EDGE_CURVE('',#1606,#1599,#1174,.T.);
#2143=EDGE_CURVE('',#1607,#1607,#1175,.T.);
#2144=EDGE_CURVE('',#1605,#1608,#1176,.T.);
#2145=EDGE_CURVE('',#1608,#1608,#1177,.T.);
#2146=EDGE_CURVE('',#1609,#1609,#1178,.T.);
#2147=EDGE_CURVE('',#1607,#1610,#507,.T.);
#2148=EDGE_CURVE('',#1610,#1610,#1179,.T.);
#2149=EDGE_CURVE('',#1611,#1611,#1180,.T.);
#2150=EDGE_CURVE('',#1611,#1610,#508,.T.);
#2151=EDGE_CURVE('',#1609,#1611,#509,.T.);
#2152=EDGE_CURVE('',#1612,#1613,#1181,.T.);
#2153=EDGE_CURVE('',#1613,#1614,#1182,.T.);
#2154=EDGE_CURVE('',#1614,#1615,#1183,.T.);
#2155=EDGE_CURVE('',#1615,#1614,#1184,.T.);
#2156=EDGE_CURVE('',#1613,#1612,#1185,.T.);
#2157=EDGE_CURVE('',#1612,#1616,#510,.T.);
#2158=EDGE_CURVE('',#1617,#1616,#1186,.T.);
#2159=EDGE_CURVE('',#1616,#1617,#1187,.T.);
#2160=EDGE_CURVE('',#1618,#1619,#1188,.T.);
#2161=EDGE_CURVE('',#1619,#1620,#1189,.T.);
#2162=EDGE_CURVE('',#1620,#1620,#1190,.T.);
#2163=EDGE_CURVE('',#1619,#1618,#1191,.T.);
#2164=EDGE_CURVE('',#1621,#1622,#1192,.T.);
#2165=EDGE_CURVE('',#1621,#1618,#511,.T.);
#2166=EDGE_CURVE('',#1622,#1621,#1193,.T.);
#2167=EDGE_CURVE('',#1620,#1615,#1194,.T.);
#2168=EDGE_CURVE('',#1623,#1623,#1195,.T.);
#2169=EDGE_CURVE('',#1623,#1617,#1196,.T.);
#2170=EDGE_CURVE('',#1624,#1624,#1197,.T.);
#2171=EDGE_CURVE('',#1622,#1625,#1198,.T.);
#2172=EDGE_CURVE('',#1625,#1625,#1199,.T.);
#2173=EDGE_CURVE('',#1626,#1626,#1200,.T.);
#2174=EDGE_CURVE('',#1624,#1627,#512,.T.);
#2175=EDGE_CURVE('',#1627,#1627,#1201,.T.);
#2176=EDGE_CURVE('',#1628,#1628,#1202,.T.);
#2177=EDGE_CURVE('',#1628,#1627,#513,.T.);
#2178=EDGE_CURVE('',#1626,#1628,#514,.T.);
#2179=EDGE_CURVE('',#1629,#1630,#1203,.T.);
#2180=EDGE_CURVE('',#1631,#1632,#1204,.T.);
#2181=EDGE_CURVE('',#1633,#1634,#1205,.T.);
#2182=EDGE_CURVE('',#1635,#1636,#1206,.T.);
#2183=EDGE_CURVE('',#1637,#1638,#1207,.T.);
#2184=EDGE_CURVE('',#1639,#1640,#1208,.T.);
#2185=EDGE_CURVE('',#1641,#1642,#1209,.T.);
#2186=EDGE_CURVE('',#1643,#1644,#1210,.T.);
#2187=EDGE_CURVE('',#1645,#1645,#1211,.T.);
#2188=EDGE_CURVE('',#1645,#1646,#515,.T.);
#2189=EDGE_CURVE('',#1646,#1646,#1212,.T.);
#2190=EDGE_CURVE('',#1647,#1647,#1213,.T.);
#2191=EDGE_CURVE('',#1647,#1648,#516,.T.);
#2192=EDGE_CURVE('',#1648,#1648,#1214,.T.);
#2193=EDGE_CURVE('',#1649,#1649,#1215,.T.);
#2194=EDGE_CURVE('',#1649,#1650,#517,.T.);
#2195=EDGE_CURVE('',#1650,#1650,#1216,.T.);
#2196=EDGE_CURVE('',#1651,#1651,#1217,.T.);
#2197=EDGE_CURVE('',#1651,#1652,#518,.T.);
#2198=EDGE_CURVE('',#1652,#1652,#1218,.T.);
#2199=EDGE_CURVE('',#1653,#1653,#1219,.T.);
#2200=EDGE_CURVE('',#1653,#1654,#519,.T.);
#2201=EDGE_CURVE('',#1654,#1654,#1220,.T.);
#2202=EDGE_CURVE('',#1655,#1655,#1221,.T.);
#2203=EDGE_CURVE('',#1655,#1656,#520,.T.);
#2204=EDGE_CURVE('',#1656,#1656,#1222,.T.);
#2205=EDGE_CURVE('',#1657,#1657,#1223,.T.);
#2206=EDGE_CURVE('',#1657,#1658,#521,.T.);
#2207=EDGE_CURVE('',#1658,#1658,#1224,.T.);
#2208=EDGE_CURVE('',#1659,#1659,#1225,.T.);
#2209=EDGE_CURVE('',#1659,#1660,#522,.T.);
#2210=EDGE_CURVE('',#1660,#1660,#1226,.T.);
#2211=EDGE_CURVE('',#1661,#1662,#13,.T.);
#2212=EDGE_CURVE('',#1662,#1663,#14,.T.);
#2213=EDGE_CURVE('',#1663,#1664,#15,.T.);
#2214=EDGE_CURVE('',#1664,#1661,#16,.T.);
#2215=EDGE_CURVE('',#1665,#1664,#1227,.T.);
#2216=EDGE_CURVE('',#1666,#1665,#17,.T.);
#2217=EDGE_CURVE('',#1661,#1666,#1228,.T.);
#2218=EDGE_CURVE('',#1667,#1663,#1229,.T.);
#2219=EDGE_CURVE('',#1667,#1668,#1230,.T.);
#2220=EDGE_CURVE('',#1669,#1668,#1231,.T.);
#2221=EDGE_CURVE('',#1670,#1669,#18,.T.);
#2222=EDGE_CURVE('',#1670,#1671,#1232,.T.);
#2223=EDGE_CURVE('',#1671,#1672,#1233,.T.);
#2224=EDGE_CURVE('',#1672,#1673,#1234,.T.);
#2225=EDGE_CURVE('',#1674,#1673,#19,.T.);
#2226=EDGE_CURVE('',#1675,#1674,#1235,.T.);
#2227=EDGE_CURVE('',#1676,#1675,#1236,.T.);
#2228=EDGE_CURVE('',#1677,#1676,#1237,.T.);
#2229=EDGE_CURVE('',#1678,#1677,#20,.T.);
#2230=EDGE_CURVE('',#1678,#1679,#1238,.T.);
#2231=EDGE_CURVE('',#1679,#1680,#1239,.T.);
#2232=EDGE_CURVE('',#1680,#1665,#1240,.T.);
#2233=EDGE_CURVE('',#1669,#1681,#21,.T.);
#2234=EDGE_CURVE('',#1681,#1682,#22,.T.);
#2235=EDGE_CURVE('',#1682,#1670,#23,.T.);
#2236=EDGE_CURVE('',#1668,#1683,#24,.T.);
#2237=EDGE_CURVE('',#1684,#1683,#25,.F.);
#2238=EDGE_CURVE('',#1684,#1685,#1241,.T.);
#2239=EDGE_CURVE('',#1686,#1685,#26,.F.);
#2240=EDGE_CURVE('',#1686,#1675,#27,.T.);
#2241=EDGE_CURVE('',#1687,#1674,#28,.T.);
#2242=EDGE_CURVE('',#1687,#1688,#1242,.T.);
#2243=EDGE_CURVE('',#1688,#1689,#29,.T.);
#2244=EDGE_CURVE('',#1690,#1689,#30,.F.);
#2245=EDGE_CURVE('',#1690,#1691,#1243,.T.);
#2246=EDGE_CURVE('',#1692,#1691,#1244,.T.);
#2247=EDGE_CURVE('',#1691,#1693,#1245,.T.);
#2248=EDGE_CURVE('',#1694,#1693,#31,.F.);
#2249=EDGE_CURVE('',#1694,#1695,#32,.T.);
#2250=EDGE_CURVE('',#1695,#1681,#1246,.T.);
#2251=EDGE_CURVE('',#1696,#1697,#33,.T.);
#2252=EDGE_CURVE('',#1697,#1698,#34,.T.);
#2253=EDGE_CURVE('',#1698,#1699,#35,.T.);
#2254=EDGE_CURVE('',#1699,#1696,#36,.T.);
#2255=EDGE_CURVE('',#1700,#1699,#1247,.T.);
#2256=EDGE_CURVE('',#1701,#1700,#37,.T.);
#2257=EDGE_CURVE('',#1696,#1701,#1248,.T.);
#2258=EDGE_CURVE('',#1702,#1698,#1249,.T.);
#2259=EDGE_CURVE('',#1702,#1703,#1250,.T.);
#2260=EDGE_CURVE('',#1704,#1703,#1251,.T.);
#2261=EDGE_CURVE('',#1705,#1704,#38,.T.);
#2262=EDGE_CURVE('',#1705,#1706,#1252,.T.);
#2263=EDGE_CURVE('',#1706,#1707,#1253,.T.);
#2264=EDGE_CURVE('',#1707,#1708,#1254,.T.);
#2265=EDGE_CURVE('',#1709,#1708,#39,.T.);
#2266=EDGE_CURVE('',#1710,#1709,#1255,.T.);
#2267=EDGE_CURVE('',#1711,#1710,#1256,.T.);
#2268=EDGE_CURVE('',#1712,#1711,#1257,.T.);
#2269=EDGE_CURVE('',#1713,#1712,#40,.T.);
#2270=EDGE_CURVE('',#1713,#1714,#1258,.T.);
#2271=EDGE_CURVE('',#1714,#1715,#1259,.T.);
#2272=EDGE_CURVE('',#1715,#1700,#1260,.T.);
#2273=EDGE_CURVE('',#1704,#1716,#41,.T.);
#2274=EDGE_CURVE('',#1716,#1717,#42,.T.);
#2275=EDGE_CURVE('',#1717,#1705,#43,.T.);
#2276=EDGE_CURVE('',#1703,#1718,#44,.T.);
#2277=EDGE_CURVE('',#1719,#1718,#45,.F.);
#2278=EDGE_CURVE('',#1719,#1720,#1261,.T.);
#2279=EDGE_CURVE('',#1721,#1720,#46,.F.);
#2280=EDGE_CURVE('',#1721,#1710,#47,.T.);
#2281=EDGE_CURVE('',#1722,#1709,#48,.T.);
#2282=EDGE_CURVE('',#1722,#1723,#1262,.T.);
#2283=EDGE_CURVE('',#1723,#1724,#49,.T.);
#2284=EDGE_CURVE('',#1725,#1724,#50,.F.);
#2285=EDGE_CURVE('',#1725,#1726,#1263,.T.);
#2286=EDGE_CURVE('',#1727,#1726,#1264,.T.);
#2287=EDGE_CURVE('',#1726,#1728,#1265,.T.);
#2288=EDGE_CURVE('',#1729,#1728,#51,.F.);
#2289=EDGE_CURVE('',#1729,#1730,#52,.T.);
#2290=EDGE_CURVE('',#1730,#1716,#1266,.T.);
#2291=EDGE_CURVE('',#1731,#1732,#53,.T.);
#2292=EDGE_CURVE('',#1732,#1733,#54,.T.);
#2293=EDGE_CURVE('',#1733,#1734,#55,.T.);
#2294=EDGE_CURVE('',#1734,#1731,#56,.T.);
#2295=EDGE_CURVE('',#1732,#1735,#1267,.T.);
#2296=EDGE_CURVE('',#1735,#1736,#57,.T.);
#2297=EDGE_CURVE('',#1737,#1736,#58,.F.);
#2298=EDGE_CURVE('',#1737,#1738,#1268,.T.);
#2299=EDGE_CURVE('',#1739,#1738,#59,.F.);
#2300=EDGE_CURVE('',#1739,#1740,#60,.T.);
#2301=EDGE_CURVE('',#1740,#1741,#1269,.T.);
#2302=EDGE_CURVE('',#1742,#1741,#61,.T.);
#2303=EDGE_CURVE('',#1742,#1743,#1270,.T.);
#2304=EDGE_CURVE('',#1743,#1744,#62,.T.);
#2305=EDGE_CURVE('',#1745,#1744,#63,.F.);
#2306=EDGE_CURVE('',#1745,#1746,#1271,.T.);
#2307=EDGE_CURVE('',#1747,#1746,#1272,.T.);
#2308=EDGE_CURVE('',#1746,#1748,#1273,.T.);
#2309=EDGE_CURVE('',#1749,#1748,#64,.F.);
#2310=EDGE_CURVE('',#1749,#1750,#65,.T.);
#2311=EDGE_CURVE('',#1750,#1733,#1274,.T.);
#2312=EDGE_CURVE('',#1730,#1735,#1275,.T.);
#2313=EDGE_CURVE('',#1731,#1751,#1276,.T.);
#2314=EDGE_CURVE('',#1751,#1752,#1277,.T.);
#2315=EDGE_CURVE('',#1752,#1753,#1278,.T.);
#2316=EDGE_CURVE('',#1741,#1753,#66,.T.);
#2317=EDGE_CURVE('',#1723,#1740,#1279,.T.);
#2318=EDGE_CURVE('',#1754,#1722,#67,.T.);
#2319=EDGE_CURVE('',#1754,#1755,#1280,.T.);
#2320=EDGE_CURVE('',#1755,#1756,#1281,.T.);
#2321=EDGE_CURVE('',#1756,#1757,#1282,.T.);
#2322=EDGE_CURVE('',#1757,#1717,#1283,.T.);
#2323=EDGE_CURVE('',#1758,#1759,#68,.T.);
#2324=EDGE_CURVE('',#1759,#1760,#69,.T.);
#2325=EDGE_CURVE('',#1760,#1761,#70,.T.);
#2326=EDGE_CURVE('',#1761,#1758,#71,.T.);
#2327=EDGE_CURVE('',#1759,#1762,#1284,.T.);
#2328=EDGE_CURVE('',#1762,#1763,#72,.T.);
#2329=EDGE_CURVE('',#1764,#1763,#73,.F.);
#2330=EDGE_CURVE('',#1764,#1765,#1285,.T.);
#2331=EDGE_CURVE('',#1766,#1765,#74,.F.);
#2332=EDGE_CURVE('',#1766,#1767,#75,.T.);
#2333=EDGE_CURVE('',#1767,#1768,#1286,.T.);
#2334=EDGE_CURVE('',#1769,#1768,#76,.T.);
#2335=EDGE_CURVE('',#1769,#1770,#1287,.T.);
#2336=EDGE_CURVE('',#1770,#1771,#77,.T.);
#2337=EDGE_CURVE('',#1772,#1771,#78,.F.);
#2338=EDGE_CURVE('',#1772,#1773,#1288,.T.);
#2339=EDGE_CURVE('',#1774,#1773,#1289,.T.);
#2340=EDGE_CURVE('',#1773,#1775,#1290,.T.);
#2341=EDGE_CURVE('',#1776,#1775,#79,.F.);
#2342=EDGE_CURVE('',#1776,#1777,#80,.T.);
#2343=EDGE_CURVE('',#1777,#1760,#1291,.T.);
#2344=EDGE_CURVE('',#1750,#1762,#1292,.T.);
#2345=EDGE_CURVE('',#1758,#1778,#1293,.T.);
#2346=EDGE_CURVE('',#1778,#1779,#1294,.T.);
#2347=EDGE_CURVE('',#1779,#1780,#1295,.T.);
#2348=EDGE_CURVE('',#1768,#1780,#81,.T.);
#2349=EDGE_CURVE('',#1743,#1767,#1296,.T.);
#2350=EDGE_CURVE('',#1781,#1742,#82,.T.);
#2351=EDGE_CURVE('',#1781,#1782,#1297,.T.);
#2352=EDGE_CURVE('',#1782,#1783,#1298,.T.);
#2353=EDGE_CURVE('',#1783,#1784,#1299,.T.);
#2354=EDGE_CURVE('',#1784,#1734,#1300,.T.);
#2355=EDGE_CURVE('',#1785,#1786,#83,.T.);
#2356=EDGE_CURVE('',#1786,#1787,#84,.T.);
#2357=EDGE_CURVE('',#1787,#1788,#85,.T.);
#2358=EDGE_CURVE('',#1788,#1785,#86,.T.);
#2359=EDGE_CURVE('',#1789,#1788,#1301,.T.);
#2360=EDGE_CURVE('',#1790,#1789,#87,.T.);
#2361=EDGE_CURVE('',#1785,#1790,#1302,.T.);
#2362=EDGE_CURVE('',#1791,#1787,#1303,.T.);
#2363=EDGE_CURVE('',#1791,#1792,#1304,.T.);
#2364=EDGE_CURVE('',#1793,#1792,#1305,.T.);
#2365=EDGE_CURVE('',#1794,#1793,#88,.T.);
#2366=EDGE_CURVE('',#1794,#1795,#1306,.T.);
#2367=EDGE_CURVE('',#1795,#1796,#1307,.T.);
#2368=EDGE_CURVE('',#1796,#1797,#1308,.T.);
#2369=EDGE_CURVE('',#1798,#1797,#89,.T.);
#2370=EDGE_CURVE('',#1799,#1798,#1309,.T.);
#2371=EDGE_CURVE('',#1800,#1799,#1310,.T.);
#2372=EDGE_CURVE('',#1801,#1800,#1311,.T.);
#2373=EDGE_CURVE('',#1802,#1801,#90,.T.);
#2374=EDGE_CURVE('',#1802,#1803,#1312,.T.);
#2375=EDGE_CURVE('',#1803,#1804,#1313,.T.);
#2376=EDGE_CURVE('',#1804,#1789,#1314,.T.);
#2377=EDGE_CURVE('',#1793,#1805,#91,.T.);
#2378=EDGE_CURVE('',#1805,#1806,#92,.T.);
#2379=EDGE_CURVE('',#1806,#1794,#93,.T.);
#2380=EDGE_CURVE('',#1792,#1807,#94,.T.);
#2381=EDGE_CURVE('',#1808,#1807,#95,.F.);
#2382=EDGE_CURVE('',#1808,#1809,#1315,.T.);
#2383=EDGE_CURVE('',#1810,#1809,#96,.F.);
#2384=EDGE_CURVE('',#1810,#1799,#97,.T.);
#2385=EDGE_CURVE('',#1811,#1798,#98,.T.);
#2386=EDGE_CURVE('',#1811,#1812,#1316,.T.);
#2387=EDGE_CURVE('',#1812,#1813,#99,.T.);
#2388=EDGE_CURVE('',#1814,#1813,#100,.F.);
#2389=EDGE_CURVE('',#1814,#1815,#1317,.T.);
#2390=EDGE_CURVE('',#1816,#1815,#1318,.T.);
#2391=EDGE_CURVE('',#1815,#1817,#1319,.T.);
#2392=EDGE_CURVE('',#1818,#1817,#101,.F.);
#2393=EDGE_CURVE('',#1818,#1819,#102,.T.);
#2394=EDGE_CURVE('',#1819,#1805,#1320,.T.);
#2395=EDGE_CURVE('',#1820,#1811,#103,.T.);
#2396=EDGE_CURVE('',#1797,#1820,#104,.T.);
#2397=EDGE_CURVE('',#1821,#1796,#105,.T.);
#2398=EDGE_CURVE('',#1820,#1821,#1321,.T.);
#2399=EDGE_CURVE('',#1801,#1822,#106,.T.);
#2400=EDGE_CURVE('',#1822,#1823,#107,.T.);
#2401=EDGE_CURVE('',#1823,#1802,#108,.T.);
#2402=EDGE_CURVE('',#1786,#1824,#1322,.T.);
#2403=EDGE_CURVE('',#1824,#1825,#109,.T.);
#2404=EDGE_CURVE('',#1826,#1825,#110,.F.);
#2405=EDGE_CURVE('',#1826,#1827,#1323,.T.);
#2406=EDGE_CURVE('',#1828,#1827,#111,.F.);
#2407=EDGE_CURVE('',#1828,#1829,#112,.T.);
#2408=EDGE_CURVE('',#1829,#1822,#1324,.T.);
#2409=EDGE_CURVE('',#1800,#1830,#113,.T.);
#2410=EDGE_CURVE('',#1831,#1830,#114,.F.);
#2411=EDGE_CURVE('',#1831,#1832,#1325,.T.);
#2412=EDGE_CURVE('',#1833,#1832,#1326,.T.);
#2413=EDGE_CURVE('',#1832,#1834,#1327,.T.);
#2414=EDGE_CURVE('',#1835,#1834,#115,.F.);
#2415=EDGE_CURVE('',#1835,#1791,#116,.T.);
#2416=EDGE_CURVE('',#1836,#1769,#117,.T.);
#2417=EDGE_CURVE('',#1780,#1836,#118,.T.);
#2418=EDGE_CURVE('',#1837,#1779,#119,.T.);
#2419=EDGE_CURVE('',#1836,#1837,#1328,.T.);
#2420=EDGE_CURVE('',#1753,#1781,#120,.T.);
#2421=EDGE_CURVE('',#1782,#1752,#121,.T.);
#2422=EDGE_CURVE('',#1708,#1754,#122,.T.);
#2423=EDGE_CURVE('',#1755,#1707,#123,.T.);
#2424=EDGE_CURVE('',#1712,#1838,#124,.T.);
#2425=EDGE_CURVE('',#1838,#1839,#125,.T.);
#2426=EDGE_CURVE('',#1839,#1713,#126,.T.);
#2427=EDGE_CURVE('',#1840,#1839,#1329,.T.);
#2428=EDGE_CURVE('',#1714,#1840,#127,.T.);
#2429=EDGE_CURVE('',#1841,#1687,#128,.T.);
#2430=EDGE_CURVE('',#1673,#1841,#129,.T.);
#2431=EDGE_CURVE('',#1842,#1672,#130,.T.);
#2432=EDGE_CURVE('',#1841,#1842,#1330,.T.);
#2433=EDGE_CURVE('',#1677,#1843,#131,.T.);
#2434=EDGE_CURVE('',#1843,#1844,#132,.T.);
#2435=EDGE_CURVE('',#1844,#1678,#133,.T.);
#2436=EDGE_CURVE('',#1845,#1844,#1331,.T.);
#2437=EDGE_CURVE('',#1679,#1845,#134,.T.);
#2438=EDGE_CURVE('',#1683,#1846,#1332,.T.);
#2439=EDGE_CURVE('',#1846,#1847,#135,.F.);
#2440=EDGE_CURVE('',#1847,#1684,#1333,.T.);
#2441=EDGE_CURVE('',#1846,#1667,#136,.T.);
#2442=EDGE_CURVE('',#1848,#1849,#137,.F.);
#2443=EDGE_CURVE('',#1849,#1694,#1334,.T.);
#2444=EDGE_CURVE('',#1693,#1848,#1335,.T.);
#2445=EDGE_CURVE('',#1850,#1849,#138,.T.);
#2446=EDGE_CURVE('',#1695,#1850,#1336,.T.);
#2447=EDGE_CURVE('',#1718,#1851,#1337,.T.);
#2448=EDGE_CURVE('',#1851,#1852,#139,.F.);
#2449=EDGE_CURVE('',#1852,#1719,#1338,.T.);
#2450=EDGE_CURVE('',#1851,#1702,#140,.T.);
#2451=EDGE_CURVE('',#1736,#1729,#1339,.T.);
#2452=EDGE_CURVE('',#1728,#1737,#1340,.T.);
#2453=EDGE_CURVE('',#1763,#1749,#1341,.T.);
#2454=EDGE_CURVE('',#1748,#1764,#1342,.T.);
#2455=EDGE_CURVE('',#1825,#1776,#1343,.T.);
#2456=EDGE_CURVE('',#1775,#1826,#1344,.T.);
#2457=EDGE_CURVE('',#1777,#1824,#1345,.T.);
#2458=EDGE_CURVE('',#1807,#1835,#1346,.T.);
#2459=EDGE_CURVE('',#1834,#1808,#1347,.T.);
#2460=EDGE_CURVE('',#1853,#1854,#141,.F.);
#2461=EDGE_CURVE('',#1854,#1818,#1348,.T.);
#2462=EDGE_CURVE('',#1817,#1853,#1349,.T.);
#2463=EDGE_CURVE('',#1855,#1854,#142,.T.);
#2464=EDGE_CURVE('',#1819,#1855,#1350,.T.);
#2465=EDGE_CURVE('',#1830,#1810,#1351,.T.);
#2466=EDGE_CURVE('',#1809,#1831,#1352,.T.);
#2467=EDGE_CURVE('',#1771,#1828,#1353,.T.);
#2468=EDGE_CURVE('',#1827,#1772,#1354,.T.);
#2469=EDGE_CURVE('',#1770,#1829,#1355,.T.);
#2470=EDGE_CURVE('',#1744,#1766,#1356,.T.);
#2471=EDGE_CURVE('',#1765,#1745,#1357,.T.);
#2472=EDGE_CURVE('',#1724,#1739,#1358,.T.);
#2473=EDGE_CURVE('',#1738,#1725,#1359,.T.);
#2474=EDGE_CURVE('',#1856,#1857,#143,.F.);
#2475=EDGE_CURVE('',#1857,#1721,#1360,.T.);
#2476=EDGE_CURVE('',#1720,#1856,#1361,.T.);
#2477=EDGE_CURVE('',#1711,#1857,#144,.T.);
#2478=EDGE_CURVE('',#1689,#1858,#1362,.T.);
#2479=EDGE_CURVE('',#1858,#1859,#145,.F.);
#2480=EDGE_CURVE('',#1859,#1690,#1363,.T.);
#2481=EDGE_CURVE('',#1688,#1860,#1364,.T.);
#2482=EDGE_CURVE('',#1858,#1860,#146,.T.);
#2483=EDGE_CURVE('',#1861,#1862,#147,.F.);
#2484=EDGE_CURVE('',#1862,#1686,#1365,.T.);
#2485=EDGE_CURVE('',#1685,#1861,#1366,.T.);
#2486=EDGE_CURVE('',#1676,#1862,#148,.T.);
#2487=EDGE_CURVE('',#1813,#1863,#1367,.T.);
#2488=EDGE_CURVE('',#1863,#1864,#149,.F.);
#2489=EDGE_CURVE('',#1864,#1814,#1368,.T.);
#2490=EDGE_CURVE('',#1812,#1865,#1369,.T.);
#2491=EDGE_CURVE('',#1863,#1865,#150,.T.);
#2492=EDGE_CURVE('',#1866,#1852,#1370,.T.);
#2493=EDGE_CURVE('',#1856,#1866,#1371,.T.);
#2494=EDGE_CURVE('',#1848,#1859,#1372,.T.);
#2495=EDGE_CURVE('',#1697,#1850,#1373,.T.);
#2496=EDGE_CURVE('',#1860,#1838,#1374,.T.);
#2497=EDGE_CURVE('',#1867,#1866,#1375,.T.);
#2498=EDGE_CURVE('',#1715,#1868,#1376,.T.);
#2499=EDGE_CURVE('',#1701,#1840,#1377,.T.);
#2500=EDGE_CURVE('',#1853,#1864,#1378,.T.);
#2501=EDGE_CURVE('',#1662,#1855,#1379,.T.);
#2502=EDGE_CURVE('',#1865,#1843,#1380,.T.);
#2503=EDGE_CURVE('',#1861,#1869,#1381,.T.);
#2504=EDGE_CURVE('',#1870,#1869,#1382,.T.);
#2505=EDGE_CURVE('',#1869,#1847,#1383,.T.);
#2506=EDGE_CURVE('',#1871,#1682,#1384,.T.);
#2507=EDGE_CURVE('',#1671,#1871,#151,.T.);
#2508=EDGE_CURVE('',#1872,#1871,#1385,.T.);
#2509=EDGE_CURVE('',#1872,#1873,#1386,.T.);
#2510=EDGE_CURVE('',#1842,#1872,#1387,.T.);
#2511=EDGE_CURVE('',#1680,#1874,#1388,.T.);
#2512=EDGE_CURVE('',#1666,#1845,#1389,.T.);
#2513=EDGE_CURVE('',#1875,#1806,#1390,.T.);
#2514=EDGE_CURVE('',#1795,#1875,#152,.T.);
#2515=EDGE_CURVE('',#1876,#1875,#1391,.T.);
#2516=EDGE_CURVE('',#1876,#1877,#1392,.T.);
#2517=EDGE_CURVE('',#1821,#1876,#1393,.T.);
#2518=EDGE_CURVE('',#1878,#1823,#1394,.T.);
#2519=EDGE_CURVE('',#1803,#1878,#153,.T.);
#2520=EDGE_CURVE('',#1804,#1879,#1395,.T.);
#2521=EDGE_CURVE('',#1790,#1878,#1396,.T.);
#2522=EDGE_CURVE('',#1706,#1757,#154,.T.);
#2523=EDGE_CURVE('',#1756,#1880,#1397,.T.);
#2524=EDGE_CURVE('',#1751,#1784,#155,.T.);
#2525=EDGE_CURVE('',#1783,#1881,#1398,.T.);
#2526=EDGE_CURVE('',#1882,#1761,#1399,.T.);
#2527=EDGE_CURVE('',#1778,#1882,#156,.T.);
#2528=EDGE_CURVE('',#1883,#1882,#1400,.T.);
#2529=EDGE_CURVE('',#1883,#1884,#1401,.T.);
#2530=EDGE_CURVE('',#1837,#1883,#1402,.T.);
#2531=EDGE_CURVE('',#1885,#1885,#1403,.T.);
#2532=EDGE_CURVE('',#1885,#1886,#523,.T.);
#2533=EDGE_CURVE('',#1886,#1886,#1404,.T.);
#2534=EDGE_CURVE('',#1887,#1887,#1405,.T.);
#2535=EDGE_CURVE('',#1887,#1888,#524,.T.);
#2536=EDGE_CURVE('',#1888,#1888,#1406,.T.);
#2537=EDGE_CURVE('',#1889,#1889,#1407,.T.);
#2538=EDGE_CURVE('',#1889,#1890,#525,.T.);
#2539=EDGE_CURVE('',#1890,#1890,#1408,.T.);
#2540=EDGE_CURVE('',#1891,#1891,#1409,.T.);
#2541=EDGE_CURVE('',#1891,#1892,#526,.T.);
#2542=EDGE_CURVE('',#1892,#1892,#1410,.T.);
#2543=EDGE_CURVE('',#1893,#1893,#1411,.T.);
#2544=EDGE_CURVE('',#1893,#1894,#527,.T.);
#2545=EDGE_CURVE('',#1894,#1894,#1412,.T.);
#2546=EDGE_CURVE('',#1895,#1895,#1413,.T.);
#2547=EDGE_CURVE('',#1895,#1896,#528,.T.);
#2548=EDGE_CURVE('',#1896,#1896,#1414,.T.);
#2549=EDGE_CURVE('',#1897,#1897,#1415,.T.);
#2550=EDGE_CURVE('',#1897,#1898,#529,.T.);
#2551=EDGE_CURVE('',#1898,#1898,#1416,.T.);
#2552=EDGE_CURVE('',#1899,#1899,#1417,.T.);
#2553=EDGE_CURVE('',#1899,#1900,#530,.T.);
#2554=EDGE_CURVE('',#1900,#1900,#1418,.T.);
#2555=EDGE_CURVE('',#1901,#1902,#157,.T.);
#2556=EDGE_CURVE('',#1903,#1901,#158,.T.);
#2557=EDGE_CURVE('',#1904,#1903,#159,.T.);
#2558=EDGE_CURVE('',#1902,#1904,#160,.T.);
#2559=EDGE_CURVE('',#1901,#1905,#1419,.T.);
#2560=EDGE_CURVE('',#1905,#1906,#161,.T.);
#2561=EDGE_CURVE('',#1906,#1903,#1420,.T.);
#2562=EDGE_CURVE('',#1907,#1906,#1421,.T.);
#2563=EDGE_CURVE('',#1908,#1907,#1422,.T.);
#2564=EDGE_CURVE('',#1909,#1908,#1423,.T.);
#2565=EDGE_CURVE('',#1909,#1910,#162,.T.);
#2566=EDGE_CURVE('',#1910,#1911,#1424,.T.);
#2567=EDGE_CURVE('',#1911,#1912,#1425,.T.);
#2568=EDGE_CURVE('',#1912,#1913,#1426,.T.);
#2569=EDGE_CURVE('',#1913,#1914,#163,.T.);
#2570=EDGE_CURVE('',#1915,#1914,#1427,.T.);
#2571=EDGE_CURVE('',#1916,#1915,#1428,.T.);
#2572=EDGE_CURVE('',#1917,#1916,#1429,.T.);
#2573=EDGE_CURVE('',#1917,#1918,#164,.T.);
#2574=EDGE_CURVE('',#1918,#1919,#1430,.T.);
#2575=EDGE_CURVE('',#1920,#1919,#1431,.T.);
#2576=EDGE_CURVE('',#1920,#1904,#1432,.T.);
#2577=EDGE_CURVE('',#1921,#1917,#165,.T.);
#2578=EDGE_CURVE('',#1922,#1921,#166,.T.);
#2579=EDGE_CURVE('',#1918,#1922,#167,.T.);
#2580=EDGE_CURVE('',#1923,#1922,#1433,.T.);
#2581=EDGE_CURVE('',#1924,#1923,#168,.T.);
#2582=EDGE_CURVE('',#1924,#1925,#169,.F.);
#2583=EDGE_CURVE('',#1926,#1925,#1434,.T.);
#2584=EDGE_CURVE('',#1927,#1926,#1435,.T.);
#2585=EDGE_CURVE('',#1928,#1926,#1436,.T.);
#2586=EDGE_CURVE('',#1928,#1929,#170,.F.);
#2587=EDGE_CURVE('',#1930,#1929,#171,.T.);
#2588=EDGE_CURVE('',#1931,#1930,#1437,.T.);
#2589=EDGE_CURVE('',#1931,#1913,#172,.T.);
#2590=EDGE_CURVE('',#1932,#1912,#173,.T.);
#2591=EDGE_CURVE('',#1932,#1933,#174,.F.);
#2592=EDGE_CURVE('',#1934,#1933,#1438,.T.);
#2593=EDGE_CURVE('',#1934,#1935,#175,.F.);
#2594=EDGE_CURVE('',#1919,#1935,#176,.T.);
#2595=EDGE_CURVE('',#1936,#1937,#177,.T.);
#2596=EDGE_CURVE('',#1938,#1936,#178,.T.);
#2597=EDGE_CURVE('',#1939,#1938,#179,.T.);
#2598=EDGE_CURVE('',#1937,#1939,#180,.T.);
#2599=EDGE_CURVE('',#1936,#1940,#1439,.T.);
#2600=EDGE_CURVE('',#1940,#1941,#181,.T.);
#2601=EDGE_CURVE('',#1941,#1938,#1440,.T.);
#2602=EDGE_CURVE('',#1942,#1941,#1441,.T.);
#2603=EDGE_CURVE('',#1943,#1942,#1442,.T.);
#2604=EDGE_CURVE('',#1944,#1943,#1443,.T.);
#2605=EDGE_CURVE('',#1944,#1945,#182,.T.);
#2606=EDGE_CURVE('',#1945,#1946,#1444,.T.);
#2607=EDGE_CURVE('',#1946,#1947,#1445,.T.);
#2608=EDGE_CURVE('',#1947,#1948,#1446,.T.);
#2609=EDGE_CURVE('',#1948,#1949,#183,.T.);
#2610=EDGE_CURVE('',#1950,#1949,#1447,.T.);
#2611=EDGE_CURVE('',#1951,#1950,#1448,.T.);
#2612=EDGE_CURVE('',#1952,#1951,#1449,.T.);
#2613=EDGE_CURVE('',#1952,#1953,#184,.T.);
#2614=EDGE_CURVE('',#1953,#1954,#1450,.T.);
#2615=EDGE_CURVE('',#1955,#1954,#1451,.T.);
#2616=EDGE_CURVE('',#1955,#1939,#1452,.T.);
#2617=EDGE_CURVE('',#1956,#1952,#185,.T.);
#2618=EDGE_CURVE('',#1957,#1956,#186,.T.);
#2619=EDGE_CURVE('',#1953,#1957,#187,.T.);
#2620=EDGE_CURVE('',#1958,#1957,#1453,.T.);
#2621=EDGE_CURVE('',#1959,#1958,#188,.T.);
#2622=EDGE_CURVE('',#1959,#1960,#189,.F.);
#2623=EDGE_CURVE('',#1961,#1960,#1454,.T.);
#2624=EDGE_CURVE('',#1962,#1961,#1455,.T.);
#2625=EDGE_CURVE('',#1963,#1961,#1456,.T.);
#2626=EDGE_CURVE('',#1963,#1964,#190,.F.);
#2627=EDGE_CURVE('',#1965,#1964,#191,.T.);
#2628=EDGE_CURVE('',#1966,#1965,#1457,.T.);
#2629=EDGE_CURVE('',#1966,#1948,#192,.T.);
#2630=EDGE_CURVE('',#1967,#1947,#193,.T.);
#2631=EDGE_CURVE('',#1967,#1968,#194,.F.);
#2632=EDGE_CURVE('',#1969,#1968,#1458,.T.);
#2633=EDGE_CURVE('',#1969,#1970,#195,.F.);
#2634=EDGE_CURVE('',#1954,#1970,#196,.T.);
#2635=EDGE_CURVE('',#1971,#1972,#197,.T.);
#2636=EDGE_CURVE('',#1973,#1971,#198,.T.);
#2637=EDGE_CURVE('',#1974,#1973,#199,.T.);
#2638=EDGE_CURVE('',#1972,#1974,#200,.T.);
#2639=EDGE_CURVE('',#1975,#1974,#1459,.T.);
#2640=EDGE_CURVE('',#1976,#1975,#201,.T.);
#2641=EDGE_CURVE('',#1976,#1977,#202,.F.);
#2642=EDGE_CURVE('',#1978,#1977,#1460,.T.);
#2643=EDGE_CURVE('',#1979,#1978,#1461,.T.);
#2644=EDGE_CURVE('',#1980,#1978,#1462,.T.);
#2645=EDGE_CURVE('',#1980,#1981,#203,.F.);
#2646=EDGE_CURVE('',#1982,#1981,#204,.T.);
#2647=EDGE_CURVE('',#1983,#1982,#1463,.T.);
#2648=EDGE_CURVE('',#1983,#1984,#205,.T.);
#2649=EDGE_CURVE('',#1985,#1984,#1464,.T.);
#2650=EDGE_CURVE('',#1986,#1985,#206,.T.);
#2651=EDGE_CURVE('',#1986,#1987,#207,.F.);
#2652=EDGE_CURVE('',#1988,#1987,#1465,.T.);
#2653=EDGE_CURVE('',#1988,#1989,#208,.F.);
#2654=EDGE_CURVE('',#1990,#1989,#209,.T.);
#2655=EDGE_CURVE('',#1972,#1990,#1466,.T.);
#2656=EDGE_CURVE('',#1991,#1956,#1467,.T.);
#2657=EDGE_CURVE('',#1992,#1991,#1468,.T.);
#2658=EDGE_CURVE('',#1993,#1992,#1469,.T.);
#2659=EDGE_CURVE('',#1994,#1993,#1470,.T.);
#2660=EDGE_CURVE('',#1994,#1966,#210,.T.);
#2661=EDGE_CURVE('',#1965,#1985,#1471,.T.);
#2662=EDGE_CURVE('',#1984,#1995,#211,.T.);
#2663=EDGE_CURVE('',#1996,#1995,#1472,.T.);
#2664=EDGE_CURVE('',#1997,#1996,#1473,.T.);
#2665=EDGE_CURVE('',#1971,#1997,#1474,.T.);
#2666=EDGE_CURVE('',#1958,#1990,#1475,.T.);
#2667=EDGE_CURVE('',#1998,#1999,#212,.T.);
#2668=EDGE_CURVE('',#2000,#1998,#213,.T.);
#2669=EDGE_CURVE('',#2001,#2000,#214,.T.);
#2670=EDGE_CURVE('',#1999,#2001,#215,.T.);
#2671=EDGE_CURVE('',#2002,#2001,#1476,.T.);
#2672=EDGE_CURVE('',#2003,#2002,#216,.T.);
#2673=EDGE_CURVE('',#2003,#2004,#217,.F.);
#2674=EDGE_CURVE('',#2005,#2004,#1477,.T.);
#2675=EDGE_CURVE('',#2006,#2005,#1478,.T.);
#2676=EDGE_CURVE('',#2007,#2005,#1479,.T.);
#2677=EDGE_CURVE('',#2007,#2008,#218,.F.);
#2678=EDGE_CURVE('',#2009,#2008,#219,.T.);
#2679=EDGE_CURVE('',#2010,#2009,#1480,.T.);
#2680=EDGE_CURVE('',#2010,#2011,#220,.T.);
#2681=EDGE_CURVE('',#2012,#2011,#1481,.T.);
#2682=EDGE_CURVE('',#2013,#2012,#221,.T.);
#2683=EDGE_CURVE('',#2013,#2014,#222,.F.);
#2684=EDGE_CURVE('',#2015,#2014,#1482,.T.);
#2685=EDGE_CURVE('',#2015,#2016,#223,.F.);
#2686=EDGE_CURVE('',#2017,#2016,#224,.T.);
#2687=EDGE_CURVE('',#1999,#2017,#1483,.T.);
#2688=EDGE_CURVE('',#2018,#1973,#1484,.T.);
#2689=EDGE_CURVE('',#2019,#2018,#1485,.T.);
#2690=EDGE_CURVE('',#2020,#2019,#1486,.T.);
#2691=EDGE_CURVE('',#2021,#2020,#1487,.T.);
#2692=EDGE_CURVE('',#2021,#1983,#225,.T.);
#2693=EDGE_CURVE('',#1982,#2012,#1488,.T.);
#2694=EDGE_CURVE('',#2011,#2022,#226,.T.);
#2695=EDGE_CURVE('',#2023,#2022,#1489,.T.);
#2696=EDGE_CURVE('',#2024,#2023,#1490,.T.);
#2697=EDGE_CURVE('',#1998,#2024,#1491,.T.);
#2698=EDGE_CURVE('',#1975,#2017,#1492,.T.);
#2699=EDGE_CURVE('',#2025,#2026,#227,.T.);
#2700=EDGE_CURVE('',#2027,#2025,#228,.T.);
#2701=EDGE_CURVE('',#2028,#2027,#229,.T.);
#2702=EDGE_CURVE('',#2026,#2028,#230,.T.);
#2703=EDGE_CURVE('',#2025,#2029,#1493,.T.);
#2704=EDGE_CURVE('',#2029,#2030,#231,.T.);
#2705=EDGE_CURVE('',#2030,#2027,#1494,.T.);
#2706=EDGE_CURVE('',#2031,#2030,#1495,.T.);
#2707=EDGE_CURVE('',#2032,#2031,#1496,.T.);
#2708=EDGE_CURVE('',#2033,#2032,#1497,.T.);
#2709=EDGE_CURVE('',#2033,#2034,#232,.T.);
#2710=EDGE_CURVE('',#2034,#2035,#1498,.T.);
#2711=EDGE_CURVE('',#2035,#2036,#1499,.T.);
#2712=EDGE_CURVE('',#2036,#2037,#1500,.T.);
#2713=EDGE_CURVE('',#2037,#2038,#233,.T.);
#2714=EDGE_CURVE('',#2039,#2038,#1501,.T.);
#2715=EDGE_CURVE('',#2040,#2039,#1502,.T.);
#2716=EDGE_CURVE('',#2041,#2040,#1503,.T.);
#2717=EDGE_CURVE('',#2041,#2042,#234,.T.);
#2718=EDGE_CURVE('',#2042,#2043,#1504,.T.);
#2719=EDGE_CURVE('',#2044,#2043,#1505,.T.);
#2720=EDGE_CURVE('',#2044,#2028,#1506,.T.);
#2721=EDGE_CURVE('',#2045,#2041,#235,.T.);
#2722=EDGE_CURVE('',#2046,#2045,#236,.T.);
#2723=EDGE_CURVE('',#2042,#2046,#237,.T.);
#2724=EDGE_CURVE('',#2047,#2046,#1507,.T.);
#2725=EDGE_CURVE('',#2048,#2047,#238,.T.);
#2726=EDGE_CURVE('',#2048,#2049,#239,.F.);
#2727=EDGE_CURVE('',#2050,#2049,#1508,.T.);
#2728=EDGE_CURVE('',#2051,#2050,#1509,.T.);
#2729=EDGE_CURVE('',#2052,#2050,#1510,.T.);
#2730=EDGE_CURVE('',#2052,#2053,#240,.F.);
#2731=EDGE_CURVE('',#2054,#2053,#241,.T.);
#2732=EDGE_CURVE('',#2055,#2054,#1511,.T.);
#2733=EDGE_CURVE('',#2055,#2037,#242,.T.);
#2734=EDGE_CURVE('',#2056,#2036,#243,.T.);
#2735=EDGE_CURVE('',#2056,#2057,#244,.F.);
#2736=EDGE_CURVE('',#2058,#2057,#1512,.T.);
#2737=EDGE_CURVE('',#2058,#2059,#245,.F.);
#2738=EDGE_CURVE('',#2043,#2059,#246,.T.);
#2739=EDGE_CURVE('',#2060,#2055,#247,.T.);
#2740=EDGE_CURVE('',#2038,#2060,#248,.T.);
#2741=EDGE_CURVE('',#2060,#2061,#1513,.T.);
#2742=EDGE_CURVE('',#2061,#2039,#249,.T.);
#2743=EDGE_CURVE('',#2062,#2033,#250,.T.);
#2744=EDGE_CURVE('',#2063,#2062,#251,.T.);
#2745=EDGE_CURVE('',#2034,#2063,#252,.T.);
#2746=EDGE_CURVE('',#2064,#2044,#253,.T.);
#2747=EDGE_CURVE('',#2064,#2065,#254,.F.);
#2748=EDGE_CURVE('',#2066,#2065,#1514,.T.);
#2749=EDGE_CURVE('',#2067,#2066,#1515,.T.);
#2750=EDGE_CURVE('',#2068,#2066,#1516,.T.);
#2751=EDGE_CURVE('',#2068,#2069,#255,.F.);
#2752=EDGE_CURVE('',#2035,#2069,#256,.T.);
#2753=EDGE_CURVE('',#2070,#2063,#1517,.T.);
#2754=EDGE_CURVE('',#2071,#2070,#257,.T.);
#2755=EDGE_CURVE('',#2071,#2072,#258,.F.);
#2756=EDGE_CURVE('',#2073,#2072,#1518,.T.);
#2757=EDGE_CURVE('',#2073,#2074,#259,.F.);
#2758=EDGE_CURVE('',#2075,#2074,#260,.T.);
#2759=EDGE_CURVE('',#2026,#2075,#1519,.T.);
#2760=EDGE_CURVE('',#2076,#2010,#261,.T.);
#2761=EDGE_CURVE('',#2022,#2076,#262,.T.);
#2762=EDGE_CURVE('',#2076,#2077,#1520,.T.);
#2763=EDGE_CURVE('',#2077,#2023,#263,.T.);
#2764=EDGE_CURVE('',#1995,#2021,#264,.T.);
#2765=EDGE_CURVE('',#2020,#1996,#265,.T.);
#2766=EDGE_CURVE('',#1949,#1994,#266,.T.);
#2767=EDGE_CURVE('',#1993,#1950,#267,.T.);
#2768=EDGE_CURVE('',#2078,#1944,#268,.T.);
#2769=EDGE_CURVE('',#2079,#2078,#269,.T.);
#2770=EDGE_CURVE('',#1945,#2079,#270,.T.);
#2771=EDGE_CURVE('',#1943,#2080,#271,.T.);
#2772=EDGE_CURVE('',#2080,#2078,#1521,.T.);
#2773=EDGE_CURVE('',#2081,#1931,#272,.T.);
#2774=EDGE_CURVE('',#1914,#2081,#273,.T.);
#2775=EDGE_CURVE('',#2081,#2082,#1522,.T.);
#2776=EDGE_CURVE('',#2082,#1915,#274,.T.);
#2777=EDGE_CURVE('',#2083,#1909,#275,.T.);
#2778=EDGE_CURVE('',#2084,#2083,#276,.T.);
#2779=EDGE_CURVE('',#1910,#2084,#277,.T.);
#2780=EDGE_CURVE('',#1908,#2085,#278,.T.);
#2781=EDGE_CURVE('',#2085,#2083,#1523,.T.);
#2782=EDGE_CURVE('',#2086,#1934,#1524,.T.);
#2783=EDGE_CURVE('',#2087,#2086,#279,.F.);
#2784=EDGE_CURVE('',#1935,#2087,#1525,.T.);
#2785=EDGE_CURVE('',#2087,#1920,#280,.T.);
#2786=EDGE_CURVE('',#2088,#2089,#281,.F.);
#2787=EDGE_CURVE('',#1925,#2088,#1526,.T.);
#2788=EDGE_CURVE('',#2089,#1924,#1527,.T.);
#2789=EDGE_CURVE('',#1923,#2090,#1528,.T.);
#2790=EDGE_CURVE('',#2090,#2089,#282,.T.);
#2791=EDGE_CURVE('',#2091,#1969,#1529,.T.);
#2792=EDGE_CURVE('',#2092,#2091,#283,.F.);
#2793=EDGE_CURVE('',#1970,#2092,#1530,.T.);
#2794=EDGE_CURVE('',#2092,#1955,#284,.T.);
#2795=EDGE_CURVE('',#1960,#1988,#1531,.T.);
#2796=EDGE_CURVE('',#1989,#1959,#1532,.T.);
#2797=EDGE_CURVE('',#1977,#2015,#1533,.T.);
#2798=EDGE_CURVE('',#2016,#1976,#1534,.T.);
#2799=EDGE_CURVE('',#2004,#2073,#1535,.T.);
#2800=EDGE_CURVE('',#2074,#2003,#1536,.T.);
#2801=EDGE_CURVE('',#2002,#2075,#1537,.T.);
#2802=EDGE_CURVE('',#2065,#2058,#1538,.T.);
#2803=EDGE_CURVE('',#2059,#2064,#1539,.T.);
#2804=EDGE_CURVE('',#2093,#2094,#285,.F.);
#2805=EDGE_CURVE('',#2049,#2093,#1540,.T.);
#2806=EDGE_CURVE('',#2094,#2048,#1541,.T.);
#2807=EDGE_CURVE('',#2047,#2095,#1542,.T.);
#2808=EDGE_CURVE('',#2095,#2094,#286,.T.);
#2809=EDGE_CURVE('',#2057,#2068,#1543,.T.);
#2810=EDGE_CURVE('',#2069,#2056,#1544,.T.);
#2811=EDGE_CURVE('',#2072,#2007,#1545,.T.);
#2812=EDGE_CURVE('',#2008,#2071,#1546,.T.);
#2813=EDGE_CURVE('',#2009,#2070,#1547,.T.);
#2814=EDGE_CURVE('',#2014,#1980,#1548,.T.);
#2815=EDGE_CURVE('',#1981,#2013,#1549,.T.);
#2816=EDGE_CURVE('',#1987,#1963,#1550,.T.);
#2817=EDGE_CURVE('',#1964,#1986,#1551,.T.);
#2818=EDGE_CURVE('',#2096,#2097,#287,.F.);
#2819=EDGE_CURVE('',#1968,#2096,#1552,.T.);
#2820=EDGE_CURVE('',#2097,#1967,#1553,.T.);
#2821=EDGE_CURVE('',#1946,#2097,#288,.T.);
#2822=EDGE_CURVE('',#2098,#1928,#1554,.T.);
#2823=EDGE_CURVE('',#2099,#2098,#289,.F.);
#2824=EDGE_CURVE('',#1929,#2099,#1555,.T.);
#2825=EDGE_CURVE('',#2099,#2100,#290,.T.);
#2826=EDGE_CURVE('',#1930,#2100,#1556,.T.);
#2827=EDGE_CURVE('',#2101,#2102,#291,.F.);
#2828=EDGE_CURVE('',#1933,#2101,#1557,.T.);
#2829=EDGE_CURVE('',#2102,#1932,#1558,.T.);
#2830=EDGE_CURVE('',#1911,#2102,#292,.T.);
#2831=EDGE_CURVE('',#2103,#2052,#1559,.T.);
#2832=EDGE_CURVE('',#2104,#2103,#293,.F.);
#2833=EDGE_CURVE('',#2053,#2104,#1560,.T.);
#2834=EDGE_CURVE('',#2104,#2105,#294,.T.);
#2835=EDGE_CURVE('',#2054,#2105,#1561,.T.);
#2836=EDGE_CURVE('',#2096,#2106,#1562,.T.);
#2837=EDGE_CURVE('',#2106,#2091,#1563,.T.);
#2838=EDGE_CURVE('',#2088,#2098,#1564,.T.);
#2839=EDGE_CURVE('',#2107,#2106,#1565,.T.);
#2840=EDGE_CURVE('',#2100,#2079,#1566,.T.);
#2841=EDGE_CURVE('',#1937,#2090,#1567,.T.);
#2842=EDGE_CURVE('',#1940,#2080,#1568,.T.);
#2843=EDGE_CURVE('',#1942,#2108,#1569,.T.);
#2844=EDGE_CURVE('',#2093,#2103,#1570,.T.);
#2845=EDGE_CURVE('',#2109,#2086,#1571,.T.);
#2846=EDGE_CURVE('',#2110,#2109,#1572,.T.);
#2847=EDGE_CURVE('',#2101,#2109,#1573,.T.);
#2848=EDGE_CURVE('',#2105,#2084,#1574,.T.);
#2849=EDGE_CURVE('',#1902,#2095,#1575,.T.);
#2850=EDGE_CURVE('',#1916,#2111,#295,.T.);
#2851=EDGE_CURVE('',#2111,#1921,#1576,.T.);
#2852=EDGE_CURVE('',#2082,#2112,#1577,.T.);
#2853=EDGE_CURVE('',#2112,#2113,#1578,.T.);
#2854=EDGE_CURVE('',#2112,#2111,#1579,.T.);
#2855=EDGE_CURVE('',#1905,#2085,#1580,.T.);
#2856=EDGE_CURVE('',#1907,#2114,#1581,.T.);
#2857=EDGE_CURVE('',#2040,#2115,#296,.T.);
#2858=EDGE_CURVE('',#2115,#2045,#1582,.T.);
#2859=EDGE_CURVE('',#2061,#2116,#1583,.T.);
#2860=EDGE_CURVE('',#2116,#2117,#1584,.T.);
#2861=EDGE_CURVE('',#2116,#2115,#1585,.T.);
#2862=EDGE_CURVE('',#2032,#2118,#297,.T.);
#2863=EDGE_CURVE('',#2118,#2062,#1586,.T.);
#2864=EDGE_CURVE('',#2029,#2118,#1587,.T.);
#2865=EDGE_CURVE('',#2031,#2119,#1588,.T.);
#2866=EDGE_CURVE('',#1951,#1991,#298,.T.);
#2867=EDGE_CURVE('',#1992,#2120,#1589,.T.);
#2868=EDGE_CURVE('',#1997,#2018,#299,.T.);
#2869=EDGE_CURVE('',#2019,#2121,#1590,.T.);
#2870=EDGE_CURVE('',#2024,#2122,#300,.T.);
#2871=EDGE_CURVE('',#2122,#2000,#1591,.T.);
#2872=EDGE_CURVE('',#2077,#2123,#1592,.T.);
#2873=EDGE_CURVE('',#2123,#2124,#1593,.T.);
#2874=EDGE_CURVE('',#2123,#2122,#1594,.T.);
#2875=ORIENTED_EDGE('',*,*,#2125,.T.);
#2876=ORIENTED_EDGE('',*,*,#2126,.T.);
#2877=ORIENTED_EDGE('',*,*,#2127,.T.);
#2878=ORIENTED_EDGE('',*,*,#2126,.F.);
#2879=ORIENTED_EDGE('',*,*,#2128,.T.);
#2880=ORIENTED_EDGE('',*,*,#2125,.F.);
#2881=ORIENTED_EDGE('',*,*,#2129,.T.);
#2882=ORIENTED_EDGE('',*,*,#2130,.F.);
#2883=ORIENTED_EDGE('',*,*,#2131,.F.);
#2884=ORIENTED_EDGE('',*,*,#2129,.F.);
#2885=ORIENTED_EDGE('',*,*,#2128,.F.);
#2886=ORIENTED_EDGE('',*,*,#2132,.T.);
#2887=ORIENTED_EDGE('',*,*,#2133,.T.);
#2888=ORIENTED_EDGE('',*,*,#2134,.T.);
#2889=ORIENTED_EDGE('',*,*,#2135,.T.);
#2890=ORIENTED_EDGE('',*,*,#2133,.F.);
#2891=ORIENTED_EDGE('',*,*,#2136,.T.);
#2892=ORIENTED_EDGE('',*,*,#2137,.F.);
#2893=ORIENTED_EDGE('',*,*,#2138,.T.);
#2894=ORIENTED_EDGE('',*,*,#2136,.F.);
#2895=ORIENTED_EDGE('',*,*,#2132,.F.);
#2896=ORIENTED_EDGE('',*,*,#2138,.F.);
#2897=ORIENTED_EDGE('',*,*,#2139,.F.);
#2898=ORIENTED_EDGE('',*,*,#2127,.F.);
#2899=ORIENTED_EDGE('',*,*,#2140,.T.);
#2900=ORIENTED_EDGE('',*,*,#2134,.F.);
#2901=ORIENTED_EDGE('',*,*,#2135,.F.);
#2902=ORIENTED_EDGE('',*,*,#2140,.F.);
#2903=ORIENTED_EDGE('',*,*,#2141,.T.);
#2904=ORIENTED_EDGE('',*,*,#2142,.T.);
#2905=ORIENTED_EDGE('',*,*,#2130,.T.);
#2906=ORIENTED_EDGE('',*,*,#2131,.T.);
#2907=ORIENTED_EDGE('',*,*,#2142,.F.);
#2908=ORIENTED_EDGE('',*,*,#2141,.F.);
#2909=ORIENTED_EDGE('',*,*,#2143,.F.);
#2910=ORIENTED_EDGE('',*,*,#2137,.T.);
#2911=ORIENTED_EDGE('',*,*,#2144,.T.);
#2912=ORIENTED_EDGE('',*,*,#2145,.T.);
#2913=ORIENTED_EDGE('',*,*,#2144,.F.);
#2914=ORIENTED_EDGE('',*,*,#2139,.T.);
#2915=ORIENTED_EDGE('',*,*,#2145,.F.);
#2916=ORIENTED_EDGE('',*,*,#2146,.F.);
#2917=ORIENTED_EDGE('',*,*,#2143,.T.);
#2918=ORIENTED_EDGE('',*,*,#2147,.T.);
#2919=ORIENTED_EDGE('',*,*,#2148,.T.);
#2920=ORIENTED_EDGE('',*,*,#2147,.F.);
#2921=ORIENTED_EDGE('',*,*,#2149,.F.);
#2922=ORIENTED_EDGE('',*,*,#2150,.T.);
#2923=ORIENTED_EDGE('',*,*,#2148,.F.);
#2924=ORIENTED_EDGE('',*,*,#2150,.F.);
#2925=ORIENTED_EDGE('',*,*,#2146,.T.);
#2926=ORIENTED_EDGE('',*,*,#2151,.T.);
#2927=ORIENTED_EDGE('',*,*,#2149,.T.);
#2928=ORIENTED_EDGE('',*,*,#2151,.F.);
#2929=ORIENTED_EDGE('',*,*,#2152,.T.);
#2930=ORIENTED_EDGE('',*,*,#2153,.T.);
#2931=ORIENTED_EDGE('',*,*,#2154,.T.);
#2932=ORIENTED_EDGE('',*,*,#2155,.T.);
#2933=ORIENTED_EDGE('',*,*,#2153,.F.);
#2934=ORIENTED_EDGE('',*,*,#2156,.T.);
#2935=ORIENTED_EDGE('',*,*,#2152,.F.);
#2936=ORIENTED_EDGE('',*,*,#2157,.T.);
#2937=ORIENTED_EDGE('',*,*,#2158,.F.);
#2938=ORIENTED_EDGE('',*,*,#2159,.F.);
#2939=ORIENTED_EDGE('',*,*,#2157,.F.);
#2940=ORIENTED_EDGE('',*,*,#2156,.F.);
#2941=ORIENTED_EDGE('',*,*,#2160,.T.);
#2942=ORIENTED_EDGE('',*,*,#2161,.T.);
#2943=ORIENTED_EDGE('',*,*,#2162,.T.);
#2944=ORIENTED_EDGE('',*,*,#2161,.F.);
#2945=ORIENTED_EDGE('',*,*,#2163,.T.);
#2946=ORIENTED_EDGE('',*,*,#2164,.F.);
#2947=ORIENTED_EDGE('',*,*,#2165,.T.);
#2948=ORIENTED_EDGE('',*,*,#2163,.F.);
#2949=ORIENTED_EDGE('',*,*,#2160,.F.);
#2950=ORIENTED_EDGE('',*,*,#2165,.F.);
#2951=ORIENTED_EDGE('',*,*,#2166,.F.);
#2952=ORIENTED_EDGE('',*,*,#2162,.F.);
#2953=ORIENTED_EDGE('',*,*,#2167,.T.);
#2954=ORIENTED_EDGE('',*,*,#2154,.F.);
#2955=ORIENTED_EDGE('',*,*,#2155,.F.);
#2956=ORIENTED_EDGE('',*,*,#2167,.F.);
#2957=ORIENTED_EDGE('',*,*,#2168,.T.);
#2958=ORIENTED_EDGE('',*,*,#2169,.T.);
#2959=ORIENTED_EDGE('',*,*,#2158,.T.);
#2960=ORIENTED_EDGE('',*,*,#2159,.T.);
#2961=ORIENTED_EDGE('',*,*,#2169,.F.);
#2962=ORIENTED_EDGE('',*,*,#2170,.F.);
#2963=ORIENTED_EDGE('',*,*,#2168,.F.);
#2964=ORIENTED_EDGE('',*,*,#2164,.T.);
#2965=ORIENTED_EDGE('',*,*,#2171,.T.);
#2966=ORIENTED_EDGE('',*,*,#2172,.T.);
#2967=ORIENTED_EDGE('',*,*,#2171,.F.);
#2968=ORIENTED_EDGE('',*,*,#2166,.T.);
#2969=ORIENTED_EDGE('',*,*,#2173,.F.);
#2970=ORIENTED_EDGE('',*,*,#2172,.F.);
#2971=ORIENTED_EDGE('',*,*,#2170,.T.);
#2972=ORIENTED_EDGE('',*,*,#2174,.T.);
#2973=ORIENTED_EDGE('',*,*,#2175,.T.);
#2974=ORIENTED_EDGE('',*,*,#2174,.F.);
#2975=ORIENTED_EDGE('',*,*,#2176,.F.);
#2976=ORIENTED_EDGE('',*,*,#2177,.T.);
#2977=ORIENTED_EDGE('',*,*,#2175,.F.);
#2978=ORIENTED_EDGE('',*,*,#2177,.F.);
#2979=ORIENTED_EDGE('',*,*,#2173,.T.);
#2980=ORIENTED_EDGE('',*,*,#2178,.T.);
#2981=ORIENTED_EDGE('',*,*,#2176,.T.);
#2982=ORIENTED_EDGE('',*,*,#2178,.F.);
#2983=ORIENTED_EDGE('',*,*,#2179,.T.);
#2984=ORIENTED_EDGE('',*,*,#2179,.F.);
#2985=ORIENTED_EDGE('',*,*,#2180,.T.);
#2986=ORIENTED_EDGE('',*,*,#2180,.F.);
#2987=ORIENTED_EDGE('',*,*,#2181,.T.);
#2988=ORIENTED_EDGE('',*,*,#2181,.F.);
#2989=ORIENTED_EDGE('',*,*,#2182,.T.);
#2990=ORIENTED_EDGE('',*,*,#2182,.F.);
#2991=ORIENTED_EDGE('',*,*,#2183,.T.);
#2992=ORIENTED_EDGE('',*,*,#2183,.F.);
#2993=ORIENTED_EDGE('',*,*,#2184,.T.);
#2994=ORIENTED_EDGE('',*,*,#2184,.F.);
#2995=ORIENTED_EDGE('',*,*,#2185,.T.);
#2996=ORIENTED_EDGE('',*,*,#2185,.F.);
#2997=ORIENTED_EDGE('',*,*,#2186,.T.);
#2998=ORIENTED_EDGE('',*,*,#2186,.F.);
#2999=ORIENTED_EDGE('',*,*,#2187,.F.);
#3000=ORIENTED_EDGE('',*,*,#2188,.T.);
#3001=ORIENTED_EDGE('',*,*,#2189,.F.);
#3002=ORIENTED_EDGE('',*,*,#2188,.F.);
#3003=ORIENTED_EDGE('',*,*,#2190,.F.);
#3004=ORIENTED_EDGE('',*,*,#2191,.T.);
#3005=ORIENTED_EDGE('',*,*,#2192,.F.);
#3006=ORIENTED_EDGE('',*,*,#2191,.F.);
#3007=ORIENTED_EDGE('',*,*,#2193,.F.);
#3008=ORIENTED_EDGE('',*,*,#2194,.T.);
#3009=ORIENTED_EDGE('',*,*,#2195,.F.);
#3010=ORIENTED_EDGE('',*,*,#2194,.F.);
#3011=ORIENTED_EDGE('',*,*,#2196,.F.);
#3012=ORIENTED_EDGE('',*,*,#2197,.T.);
#3013=ORIENTED_EDGE('',*,*,#2198,.F.);
#3014=ORIENTED_EDGE('',*,*,#2197,.F.);
#3015=ORIENTED_EDGE('',*,*,#2199,.F.);
#3016=ORIENTED_EDGE('',*,*,#2200,.T.);
#3017=ORIENTED_EDGE('',*,*,#2201,.F.);
#3018=ORIENTED_EDGE('',*,*,#2200,.F.);
#3019=ORIENTED_EDGE('',*,*,#2202,.F.);
#3020=ORIENTED_EDGE('',*,*,#2203,.T.);
#3021=ORIENTED_EDGE('',*,*,#2204,.F.);
#3022=ORIENTED_EDGE('',*,*,#2203,.F.);
#3023=ORIENTED_EDGE('',*,*,#2205,.F.);
#3024=ORIENTED_EDGE('',*,*,#2206,.T.);
#3025=ORIENTED_EDGE('',*,*,#2207,.F.);
#3026=ORIENTED_EDGE('',*,*,#2206,.F.);
#3027=ORIENTED_EDGE('',*,*,#2208,.F.);
#3028=ORIENTED_EDGE('',*,*,#2209,.T.);
#3029=ORIENTED_EDGE('',*,*,#2210,.F.);
#3030=ORIENTED_EDGE('',*,*,#2209,.F.);
#3031=ORIENTED_EDGE('',*,*,#2211,.T.);
#3032=ORIENTED_EDGE('',*,*,#2212,.T.);
#3033=ORIENTED_EDGE('',*,*,#2213,.T.);
#3034=ORIENTED_EDGE('',*,*,#2214,.T.);
#3035=ORIENTED_EDGE('',*,*,#2214,.F.);
#3036=ORIENTED_EDGE('',*,*,#2215,.F.);
#3037=ORIENTED_EDGE('',*,*,#2216,.F.);
#3038=ORIENTED_EDGE('',*,*,#2217,.F.);
#3039=ORIENTED_EDGE('',*,*,#2213,.F.);
#3040=ORIENTED_EDGE('',*,*,#2218,.F.);
#3041=ORIENTED_EDGE('',*,*,#2219,.T.);
#3042=ORIENTED_EDGE('',*,*,#2220,.F.);
#3043=ORIENTED_EDGE('',*,*,#2221,.F.);
#3044=ORIENTED_EDGE('',*,*,#2222,.T.);
#3045=ORIENTED_EDGE('',*,*,#2223,.T.);
#3046=ORIENTED_EDGE('',*,*,#2224,.T.);
#3047=ORIENTED_EDGE('',*,*,#2225,.F.);
#3048=ORIENTED_EDGE('',*,*,#2226,.F.);
#3049=ORIENTED_EDGE('',*,*,#2227,.F.);
#3050=ORIENTED_EDGE('',*,*,#2228,.F.);
#3051=ORIENTED_EDGE('',*,*,#2229,.F.);
#3052=ORIENTED_EDGE('',*,*,#2230,.T.);
#3053=ORIENTED_EDGE('',*,*,#2231,.T.);
#3054=ORIENTED_EDGE('',*,*,#2232,.T.);
#3055=ORIENTED_EDGE('',*,*,#2215,.T.);
#3056=ORIENTED_EDGE('',*,*,#2187,.T.);
#3057=ORIENTED_EDGE('',*,*,#2221,.T.);
#3058=ORIENTED_EDGE('',*,*,#2233,.T.);
#3059=ORIENTED_EDGE('',*,*,#2234,.T.);
#3060=ORIENTED_EDGE('',*,*,#2235,.T.);
#3061=ORIENTED_EDGE('',*,*,#2233,.F.);
#3062=ORIENTED_EDGE('',*,*,#2220,.T.);
#3063=ORIENTED_EDGE('',*,*,#2236,.T.);
#3064=ORIENTED_EDGE('',*,*,#2237,.F.);
#3065=ORIENTED_EDGE('',*,*,#2238,.T.);
#3066=ORIENTED_EDGE('',*,*,#2239,.F.);
#3067=ORIENTED_EDGE('',*,*,#2240,.T.);
#3068=ORIENTED_EDGE('',*,*,#2226,.T.);
#3069=ORIENTED_EDGE('',*,*,#2241,.F.);
#3070=ORIENTED_EDGE('',*,*,#2242,.T.);
#3071=ORIENTED_EDGE('',*,*,#2243,.T.);
#3072=ORIENTED_EDGE('',*,*,#2244,.F.);
#3073=ORIENTED_EDGE('',*,*,#2245,.T.);
#3074=ORIENTED_EDGE('',*,*,#2246,.F.);
#3075=ORIENTED_EDGE('',*,*,#2246,.T.);
#3076=ORIENTED_EDGE('',*,*,#2247,.T.);
#3077=ORIENTED_EDGE('',*,*,#2248,.F.);
#3078=ORIENTED_EDGE('',*,*,#2249,.T.);
#3079=ORIENTED_EDGE('',*,*,#2250,.T.);
#3080=ORIENTED_EDGE('',*,*,#2251,.T.);
#3081=ORIENTED_EDGE('',*,*,#2252,.T.);
#3082=ORIENTED_EDGE('',*,*,#2253,.T.);
#3083=ORIENTED_EDGE('',*,*,#2254,.T.);
#3084=ORIENTED_EDGE('',*,*,#2254,.F.);
#3085=ORIENTED_EDGE('',*,*,#2255,.F.);
#3086=ORIENTED_EDGE('',*,*,#2256,.F.);
#3087=ORIENTED_EDGE('',*,*,#2257,.F.);
#3088=ORIENTED_EDGE('',*,*,#2253,.F.);
#3089=ORIENTED_EDGE('',*,*,#2258,.F.);
#3090=ORIENTED_EDGE('',*,*,#2259,.T.);
#3091=ORIENTED_EDGE('',*,*,#2260,.F.);
#3092=ORIENTED_EDGE('',*,*,#2261,.F.);
#3093=ORIENTED_EDGE('',*,*,#2262,.T.);
#3094=ORIENTED_EDGE('',*,*,#2263,.T.);
#3095=ORIENTED_EDGE('',*,*,#2264,.T.);
#3096=ORIENTED_EDGE('',*,*,#2265,.F.);
#3097=ORIENTED_EDGE('',*,*,#2266,.F.);
#3098=ORIENTED_EDGE('',*,*,#2267,.F.);
#3099=ORIENTED_EDGE('',*,*,#2268,.F.);
#3100=ORIENTED_EDGE('',*,*,#2269,.F.);
#3101=ORIENTED_EDGE('',*,*,#2270,.T.);
#3102=ORIENTED_EDGE('',*,*,#2271,.T.);
#3103=ORIENTED_EDGE('',*,*,#2272,.T.);
#3104=ORIENTED_EDGE('',*,*,#2255,.T.);
#3105=ORIENTED_EDGE('',*,*,#2205,.T.);
#3106=ORIENTED_EDGE('',*,*,#2261,.T.);
#3107=ORIENTED_EDGE('',*,*,#2273,.T.);
#3108=ORIENTED_EDGE('',*,*,#2274,.T.);
#3109=ORIENTED_EDGE('',*,*,#2275,.T.);
#3110=ORIENTED_EDGE('',*,*,#2273,.F.);
#3111=ORIENTED_EDGE('',*,*,#2260,.T.);
#3112=ORIENTED_EDGE('',*,*,#2276,.T.);
#3113=ORIENTED_EDGE('',*,*,#2277,.F.);
#3114=ORIENTED_EDGE('',*,*,#2278,.T.);
#3115=ORIENTED_EDGE('',*,*,#2279,.F.);
#3116=ORIENTED_EDGE('',*,*,#2280,.T.);
#3117=ORIENTED_EDGE('',*,*,#2266,.T.);
#3118=ORIENTED_EDGE('',*,*,#2281,.F.);
#3119=ORIENTED_EDGE('',*,*,#2282,.T.);
#3120=ORIENTED_EDGE('',*,*,#2283,.T.);
#3121=ORIENTED_EDGE('',*,*,#2284,.F.);
#3122=ORIENTED_EDGE('',*,*,#2285,.T.);
#3123=ORIENTED_EDGE('',*,*,#2286,.F.);
#3124=ORIENTED_EDGE('',*,*,#2286,.T.);
#3125=ORIENTED_EDGE('',*,*,#2287,.T.);
#3126=ORIENTED_EDGE('',*,*,#2288,.F.);
#3127=ORIENTED_EDGE('',*,*,#2289,.T.);
#3128=ORIENTED_EDGE('',*,*,#2290,.T.);
#3129=ORIENTED_EDGE('',*,*,#2291,.T.);
#3130=ORIENTED_EDGE('',*,*,#2292,.T.);
#3131=ORIENTED_EDGE('',*,*,#2293,.T.);
#3132=ORIENTED_EDGE('',*,*,#2294,.T.);
#3133=ORIENTED_EDGE('',*,*,#2292,.F.);
#3134=ORIENTED_EDGE('',*,*,#2295,.T.);
#3135=ORIENTED_EDGE('',*,*,#2296,.T.);
#3136=ORIENTED_EDGE('',*,*,#2297,.F.);
#3137=ORIENTED_EDGE('',*,*,#2298,.T.);
#3138=ORIENTED_EDGE('',*,*,#2299,.F.);
#3139=ORIENTED_EDGE('',*,*,#2300,.T.);
#3140=ORIENTED_EDGE('',*,*,#2301,.T.);
#3141=ORIENTED_EDGE('',*,*,#2302,.F.);
#3142=ORIENTED_EDGE('',*,*,#2303,.T.);
#3143=ORIENTED_EDGE('',*,*,#2304,.T.);
#3144=ORIENTED_EDGE('',*,*,#2305,.F.);
#3145=ORIENTED_EDGE('',*,*,#2306,.T.);
#3146=ORIENTED_EDGE('',*,*,#2307,.F.);
#3147=ORIENTED_EDGE('',*,*,#2307,.T.);
#3148=ORIENTED_EDGE('',*,*,#2308,.T.);
#3149=ORIENTED_EDGE('',*,*,#2309,.F.);
#3150=ORIENTED_EDGE('',*,*,#2310,.T.);
#3151=ORIENTED_EDGE('',*,*,#2311,.T.);
#3152=ORIENTED_EDGE('',*,*,#2274,.F.);
#3153=ORIENTED_EDGE('',*,*,#2290,.F.);
#3154=ORIENTED_EDGE('',*,*,#2312,.T.);
#3155=ORIENTED_EDGE('',*,*,#2295,.F.);
#3156=ORIENTED_EDGE('',*,*,#2291,.F.);
#3157=ORIENTED_EDGE('',*,*,#2313,.T.);
#3158=ORIENTED_EDGE('',*,*,#2314,.T.);
#3159=ORIENTED_EDGE('',*,*,#2315,.T.);
#3160=ORIENTED_EDGE('',*,*,#2316,.F.);
#3161=ORIENTED_EDGE('',*,*,#2301,.F.);
#3162=ORIENTED_EDGE('',*,*,#2317,.F.);
#3163=ORIENTED_EDGE('',*,*,#2282,.F.);
#3164=ORIENTED_EDGE('',*,*,#2318,.F.);
#3165=ORIENTED_EDGE('',*,*,#2319,.T.);
#3166=ORIENTED_EDGE('',*,*,#2320,.T.);
#3167=ORIENTED_EDGE('',*,*,#2321,.T.);
#3168=ORIENTED_EDGE('',*,*,#2322,.T.);
#3169=ORIENTED_EDGE('',*,*,#2193,.T.);
#3170=ORIENTED_EDGE('',*,*,#2323,.T.);
#3171=ORIENTED_EDGE('',*,*,#2324,.T.);
#3172=ORIENTED_EDGE('',*,*,#2325,.T.);
#3173=ORIENTED_EDGE('',*,*,#2326,.T.);
#3174=ORIENTED_EDGE('',*,*,#2324,.F.);
#3175=ORIENTED_EDGE('',*,*,#2327,.T.);
#3176=ORIENTED_EDGE('',*,*,#2328,.T.);
#3177=ORIENTED_EDGE('',*,*,#2329,.F.);
#3178=ORIENTED_EDGE('',*,*,#2330,.T.);
#3179=ORIENTED_EDGE('',*,*,#2331,.F.);
#3180=ORIENTED_EDGE('',*,*,#2332,.T.);
#3181=ORIENTED_EDGE('',*,*,#2333,.T.);
#3182=ORIENTED_EDGE('',*,*,#2334,.F.);
#3183=ORIENTED_EDGE('',*,*,#2335,.T.);
#3184=ORIENTED_EDGE('',*,*,#2336,.T.);
#3185=ORIENTED_EDGE('',*,*,#2337,.F.);
#3186=ORIENTED_EDGE('',*,*,#2338,.T.);
#3187=ORIENTED_EDGE('',*,*,#2339,.F.);
#3188=ORIENTED_EDGE('',*,*,#2339,.T.);
#3189=ORIENTED_EDGE('',*,*,#2340,.T.);
#3190=ORIENTED_EDGE('',*,*,#2341,.F.);
#3191=ORIENTED_EDGE('',*,*,#2342,.T.);
#3192=ORIENTED_EDGE('',*,*,#2343,.T.);
#3193=ORIENTED_EDGE('',*,*,#2293,.F.);
#3194=ORIENTED_EDGE('',*,*,#2311,.F.);
#3195=ORIENTED_EDGE('',*,*,#2344,.T.);
#3196=ORIENTED_EDGE('',*,*,#2327,.F.);
#3197=ORIENTED_EDGE('',*,*,#2323,.F.);
#3198=ORIENTED_EDGE('',*,*,#2345,.T.);
#3199=ORIENTED_EDGE('',*,*,#2346,.T.);
#3200=ORIENTED_EDGE('',*,*,#2347,.T.);
#3201=ORIENTED_EDGE('',*,*,#2348,.F.);
#3202=ORIENTED_EDGE('',*,*,#2333,.F.);
#3203=ORIENTED_EDGE('',*,*,#2349,.F.);
#3204=ORIENTED_EDGE('',*,*,#2303,.F.);
#3205=ORIENTED_EDGE('',*,*,#2350,.F.);
#3206=ORIENTED_EDGE('',*,*,#2351,.T.);
#3207=ORIENTED_EDGE('',*,*,#2352,.T.);
#3208=ORIENTED_EDGE('',*,*,#2353,.T.);
#3209=ORIENTED_EDGE('',*,*,#2354,.T.);
#3210=ORIENTED_EDGE('',*,*,#2190,.T.);
#3211=ORIENTED_EDGE('',*,*,#2355,.T.);
#3212=ORIENTED_EDGE('',*,*,#2356,.T.);
#3213=ORIENTED_EDGE('',*,*,#2357,.T.);
#3214=ORIENTED_EDGE('',*,*,#2358,.T.);
#3215=ORIENTED_EDGE('',*,*,#2358,.F.);
#3216=ORIENTED_EDGE('',*,*,#2359,.F.);
#3217=ORIENTED_EDGE('',*,*,#2360,.F.);
#3218=ORIENTED_EDGE('',*,*,#2361,.F.);
#3219=ORIENTED_EDGE('',*,*,#2357,.F.);
#3220=ORIENTED_EDGE('',*,*,#2362,.F.);
#3221=ORIENTED_EDGE('',*,*,#2363,.T.);
#3222=ORIENTED_EDGE('',*,*,#2364,.F.);
#3223=ORIENTED_EDGE('',*,*,#2365,.F.);
#3224=ORIENTED_EDGE('',*,*,#2366,.T.);
#3225=ORIENTED_EDGE('',*,*,#2367,.T.);
#3226=ORIENTED_EDGE('',*,*,#2368,.T.);
#3227=ORIENTED_EDGE('',*,*,#2369,.F.);
#3228=ORIENTED_EDGE('',*,*,#2370,.F.);
#3229=ORIENTED_EDGE('',*,*,#2371,.F.);
#3230=ORIENTED_EDGE('',*,*,#2372,.F.);
#3231=ORIENTED_EDGE('',*,*,#2373,.F.);
#3232=ORIENTED_EDGE('',*,*,#2374,.T.);
#3233=ORIENTED_EDGE('',*,*,#2375,.T.);
#3234=ORIENTED_EDGE('',*,*,#2376,.T.);
#3235=ORIENTED_EDGE('',*,*,#2359,.T.);
#3236=ORIENTED_EDGE('',*,*,#2208,.T.);
#3237=ORIENTED_EDGE('',*,*,#2365,.T.);
#3238=ORIENTED_EDGE('',*,*,#2377,.T.);
#3239=ORIENTED_EDGE('',*,*,#2378,.T.);
#3240=ORIENTED_EDGE('',*,*,#2379,.T.);
#3241=ORIENTED_EDGE('',*,*,#2377,.F.);
#3242=ORIENTED_EDGE('',*,*,#2364,.T.);
#3243=ORIENTED_EDGE('',*,*,#2380,.T.);
#3244=ORIENTED_EDGE('',*,*,#2381,.F.);
#3245=ORIENTED_EDGE('',*,*,#2382,.T.);
#3246=ORIENTED_EDGE('',*,*,#2383,.F.);
#3247=ORIENTED_EDGE('',*,*,#2384,.T.);
#3248=ORIENTED_EDGE('',*,*,#2370,.T.);
#3249=ORIENTED_EDGE('',*,*,#2385,.F.);
#3250=ORIENTED_EDGE('',*,*,#2386,.T.);
#3251=ORIENTED_EDGE('',*,*,#2387,.T.);
#3252=ORIENTED_EDGE('',*,*,#2388,.F.);
#3253=ORIENTED_EDGE('',*,*,#2389,.T.);
#3254=ORIENTED_EDGE('',*,*,#2390,.F.);
#3255=ORIENTED_EDGE('',*,*,#2390,.T.);
#3256=ORIENTED_EDGE('',*,*,#2391,.T.);
#3257=ORIENTED_EDGE('',*,*,#2392,.F.);
#3258=ORIENTED_EDGE('',*,*,#2393,.T.);
#3259=ORIENTED_EDGE('',*,*,#2394,.T.);
#3260=ORIENTED_EDGE('',*,*,#2395,.T.);
#3261=ORIENTED_EDGE('',*,*,#2385,.T.);
#3262=ORIENTED_EDGE('',*,*,#2369,.T.);
#3263=ORIENTED_EDGE('',*,*,#2396,.T.);
#3264=ORIENTED_EDGE('',*,*,#2396,.F.);
#3265=ORIENTED_EDGE('',*,*,#2368,.F.);
#3266=ORIENTED_EDGE('',*,*,#2397,.F.);
#3267=ORIENTED_EDGE('',*,*,#2398,.F.);
#3268=ORIENTED_EDGE('',*,*,#2373,.T.);
#3269=ORIENTED_EDGE('',*,*,#2399,.T.);
#3270=ORIENTED_EDGE('',*,*,#2400,.T.);
#3271=ORIENTED_EDGE('',*,*,#2401,.T.);
#3272=ORIENTED_EDGE('',*,*,#2356,.F.);
#3273=ORIENTED_EDGE('',*,*,#2402,.T.);
#3274=ORIENTED_EDGE('',*,*,#2403,.T.);
#3275=ORIENTED_EDGE('',*,*,#2404,.F.);
#3276=ORIENTED_EDGE('',*,*,#2405,.T.);
#3277=ORIENTED_EDGE('',*,*,#2406,.F.);
#3278=ORIENTED_EDGE('',*,*,#2407,.T.);
#3279=ORIENTED_EDGE('',*,*,#2408,.T.);
#3280=ORIENTED_EDGE('',*,*,#2399,.F.);
#3281=ORIENTED_EDGE('',*,*,#2372,.T.);
#3282=ORIENTED_EDGE('',*,*,#2409,.T.);
#3283=ORIENTED_EDGE('',*,*,#2410,.F.);
#3284=ORIENTED_EDGE('',*,*,#2411,.T.);
#3285=ORIENTED_EDGE('',*,*,#2412,.F.);
#3286=ORIENTED_EDGE('',*,*,#2412,.T.);
#3287=ORIENTED_EDGE('',*,*,#2413,.T.);
#3288=ORIENTED_EDGE('',*,*,#2414,.F.);
#3289=ORIENTED_EDGE('',*,*,#2415,.T.);
#3290=ORIENTED_EDGE('',*,*,#2362,.T.);
#3291=ORIENTED_EDGE('',*,*,#2416,.T.);
#3292=ORIENTED_EDGE('',*,*,#2334,.T.);
#3293=ORIENTED_EDGE('',*,*,#2348,.T.);
#3294=ORIENTED_EDGE('',*,*,#2417,.T.);
#3295=ORIENTED_EDGE('',*,*,#2417,.F.);
#3296=ORIENTED_EDGE('',*,*,#2347,.F.);
#3297=ORIENTED_EDGE('',*,*,#2418,.F.);
#3298=ORIENTED_EDGE('',*,*,#2419,.F.);
#3299=ORIENTED_EDGE('',*,*,#2350,.T.);
#3300=ORIENTED_EDGE('',*,*,#2302,.T.);
#3301=ORIENTED_EDGE('',*,*,#2316,.T.);
#3302=ORIENTED_EDGE('',*,*,#2420,.T.);
#3303=ORIENTED_EDGE('',*,*,#2420,.F.);
#3304=ORIENTED_EDGE('',*,*,#2315,.F.);
#3305=ORIENTED_EDGE('',*,*,#2421,.F.);
#3306=ORIENTED_EDGE('',*,*,#2351,.F.);
#3307=ORIENTED_EDGE('',*,*,#2318,.T.);
#3308=ORIENTED_EDGE('',*,*,#2281,.T.);
#3309=ORIENTED_EDGE('',*,*,#2265,.T.);
#3310=ORIENTED_EDGE('',*,*,#2422,.T.);
#3311=ORIENTED_EDGE('',*,*,#2422,.F.);
#3312=ORIENTED_EDGE('',*,*,#2264,.F.);
#3313=ORIENTED_EDGE('',*,*,#2423,.F.);
#3314=ORIENTED_EDGE('',*,*,#2319,.F.);
#3315=ORIENTED_EDGE('',*,*,#2269,.T.);
#3316=ORIENTED_EDGE('',*,*,#2424,.T.);
#3317=ORIENTED_EDGE('',*,*,#2425,.T.);
#3318=ORIENTED_EDGE('',*,*,#2426,.T.);
#3319=ORIENTED_EDGE('',*,*,#2426,.F.);
#3320=ORIENTED_EDGE('',*,*,#2427,.F.);
#3321=ORIENTED_EDGE('',*,*,#2428,.F.);
#3322=ORIENTED_EDGE('',*,*,#2270,.F.);
#3323=ORIENTED_EDGE('',*,*,#2429,.T.);
#3324=ORIENTED_EDGE('',*,*,#2241,.T.);
#3325=ORIENTED_EDGE('',*,*,#2225,.T.);
#3326=ORIENTED_EDGE('',*,*,#2430,.T.);
#3327=ORIENTED_EDGE('',*,*,#2430,.F.);
#3328=ORIENTED_EDGE('',*,*,#2224,.F.);
#3329=ORIENTED_EDGE('',*,*,#2431,.F.);
#3330=ORIENTED_EDGE('',*,*,#2432,.F.);
#3331=ORIENTED_EDGE('',*,*,#2229,.T.);
#3332=ORIENTED_EDGE('',*,*,#2433,.T.);
#3333=ORIENTED_EDGE('',*,*,#2434,.T.);
#3334=ORIENTED_EDGE('',*,*,#2435,.T.);
#3335=ORIENTED_EDGE('',*,*,#2435,.F.);
#3336=ORIENTED_EDGE('',*,*,#2436,.F.);
#3337=ORIENTED_EDGE('',*,*,#2437,.F.);
#3338=ORIENTED_EDGE('',*,*,#2230,.F.);
#3339=ORIENTED_EDGE('',*,*,#2237,.T.);
#3340=ORIENTED_EDGE('',*,*,#2438,.T.);
#3341=ORIENTED_EDGE('',*,*,#2439,.T.);
#3342=ORIENTED_EDGE('',*,*,#2440,.T.);
#3343=ORIENTED_EDGE('',*,*,#2438,.F.);
#3344=ORIENTED_EDGE('',*,*,#2236,.F.);
#3345=ORIENTED_EDGE('',*,*,#2219,.F.);
#3346=ORIENTED_EDGE('',*,*,#2441,.F.);
#3347=ORIENTED_EDGE('',*,*,#2442,.T.);
#3348=ORIENTED_EDGE('',*,*,#2443,.T.);
#3349=ORIENTED_EDGE('',*,*,#2248,.T.);
#3350=ORIENTED_EDGE('',*,*,#2444,.T.);
#3351=ORIENTED_EDGE('',*,*,#2443,.F.);
#3352=ORIENTED_EDGE('',*,*,#2445,.F.);
#3353=ORIENTED_EDGE('',*,*,#2446,.F.);
#3354=ORIENTED_EDGE('',*,*,#2249,.F.);
#3355=ORIENTED_EDGE('',*,*,#2277,.T.);
#3356=ORIENTED_EDGE('',*,*,#2447,.T.);
#3357=ORIENTED_EDGE('',*,*,#2448,.T.);
#3358=ORIENTED_EDGE('',*,*,#2449,.T.);
#3359=ORIENTED_EDGE('',*,*,#2447,.F.);
#3360=ORIENTED_EDGE('',*,*,#2276,.F.);
#3361=ORIENTED_EDGE('',*,*,#2259,.F.);
#3362=ORIENTED_EDGE('',*,*,#2450,.F.);
#3363=ORIENTED_EDGE('',*,*,#2297,.T.);
#3364=ORIENTED_EDGE('',*,*,#2451,.T.);
#3365=ORIENTED_EDGE('',*,*,#2288,.T.);
#3366=ORIENTED_EDGE('',*,*,#2452,.T.);
#3367=ORIENTED_EDGE('',*,*,#2451,.F.);
#3368=ORIENTED_EDGE('',*,*,#2296,.F.);
#3369=ORIENTED_EDGE('',*,*,#2312,.F.);
#3370=ORIENTED_EDGE('',*,*,#2289,.F.);
#3371=ORIENTED_EDGE('',*,*,#2329,.T.);
#3372=ORIENTED_EDGE('',*,*,#2453,.T.);
#3373=ORIENTED_EDGE('',*,*,#2309,.T.);
#3374=ORIENTED_EDGE('',*,*,#2454,.T.);
#3375=ORIENTED_EDGE('',*,*,#2453,.F.);
#3376=ORIENTED_EDGE('',*,*,#2328,.F.);
#3377=ORIENTED_EDGE('',*,*,#2344,.F.);
#3378=ORIENTED_EDGE('',*,*,#2310,.F.);
#3379=ORIENTED_EDGE('',*,*,#2404,.T.);
#3380=ORIENTED_EDGE('',*,*,#2455,.T.);
#3381=ORIENTED_EDGE('',*,*,#2341,.T.);
#3382=ORIENTED_EDGE('',*,*,#2456,.T.);
#3383=ORIENTED_EDGE('',*,*,#2455,.F.);
#3384=ORIENTED_EDGE('',*,*,#2403,.F.);
#3385=ORIENTED_EDGE('',*,*,#2457,.F.);
#3386=ORIENTED_EDGE('',*,*,#2342,.F.);
#3387=ORIENTED_EDGE('',*,*,#2381,.T.);
#3388=ORIENTED_EDGE('',*,*,#2458,.T.);
#3389=ORIENTED_EDGE('',*,*,#2414,.T.);
#3390=ORIENTED_EDGE('',*,*,#2459,.T.);
#3391=ORIENTED_EDGE('',*,*,#2458,.F.);
#3392=ORIENTED_EDGE('',*,*,#2380,.F.);
#3393=ORIENTED_EDGE('',*,*,#2363,.F.);
#3394=ORIENTED_EDGE('',*,*,#2415,.F.);
#3395=ORIENTED_EDGE('',*,*,#2460,.T.);
#3396=ORIENTED_EDGE('',*,*,#2461,.T.);
#3397=ORIENTED_EDGE('',*,*,#2392,.T.);
#3398=ORIENTED_EDGE('',*,*,#2462,.T.);
#3399=ORIENTED_EDGE('',*,*,#2461,.F.);
#3400=ORIENTED_EDGE('',*,*,#2463,.F.);
#3401=ORIENTED_EDGE('',*,*,#2464,.F.);
#3402=ORIENTED_EDGE('',*,*,#2393,.F.);
#3403=ORIENTED_EDGE('',*,*,#2410,.T.);
#3404=ORIENTED_EDGE('',*,*,#2465,.T.);
#3405=ORIENTED_EDGE('',*,*,#2383,.T.);
#3406=ORIENTED_EDGE('',*,*,#2466,.T.);
#3407=ORIENTED_EDGE('',*,*,#2465,.F.);
#3408=ORIENTED_EDGE('',*,*,#2409,.F.);
#3409=ORIENTED_EDGE('',*,*,#2371,.T.);
#3410=ORIENTED_EDGE('',*,*,#2384,.F.);
#3411=ORIENTED_EDGE('',*,*,#2337,.T.);
#3412=ORIENTED_EDGE('',*,*,#2467,.T.);
#3413=ORIENTED_EDGE('',*,*,#2406,.T.);
#3414=ORIENTED_EDGE('',*,*,#2468,.T.);
#3415=ORIENTED_EDGE('',*,*,#2467,.F.);
#3416=ORIENTED_EDGE('',*,*,#2336,.F.);
#3417=ORIENTED_EDGE('',*,*,#2469,.T.);
#3418=ORIENTED_EDGE('',*,*,#2407,.F.);
#3419=ORIENTED_EDGE('',*,*,#2305,.T.);
#3420=ORIENTED_EDGE('',*,*,#2470,.T.);
#3421=ORIENTED_EDGE('',*,*,#2331,.T.);
#3422=ORIENTED_EDGE('',*,*,#2471,.T.);
#3423=ORIENTED_EDGE('',*,*,#2470,.F.);
#3424=ORIENTED_EDGE('',*,*,#2304,.F.);
#3425=ORIENTED_EDGE('',*,*,#2349,.T.);
#3426=ORIENTED_EDGE('',*,*,#2332,.F.);
#3427=ORIENTED_EDGE('',*,*,#2284,.T.);
#3428=ORIENTED_EDGE('',*,*,#2472,.T.);
#3429=ORIENTED_EDGE('',*,*,#2299,.T.);
#3430=ORIENTED_EDGE('',*,*,#2473,.T.);
#3431=ORIENTED_EDGE('',*,*,#2472,.F.);
#3432=ORIENTED_EDGE('',*,*,#2283,.F.);
#3433=ORIENTED_EDGE('',*,*,#2317,.T.);
#3434=ORIENTED_EDGE('',*,*,#2300,.F.);
#3435=ORIENTED_EDGE('',*,*,#2474,.T.);
#3436=ORIENTED_EDGE('',*,*,#2475,.T.);
#3437=ORIENTED_EDGE('',*,*,#2279,.T.);
#3438=ORIENTED_EDGE('',*,*,#2476,.T.);
#3439=ORIENTED_EDGE('',*,*,#2475,.F.);
#3440=ORIENTED_EDGE('',*,*,#2477,.F.);
#3441=ORIENTED_EDGE('',*,*,#2267,.T.);
#3442=ORIENTED_EDGE('',*,*,#2280,.F.);
#3443=ORIENTED_EDGE('',*,*,#2244,.T.);
#3444=ORIENTED_EDGE('',*,*,#2478,.T.);
#3445=ORIENTED_EDGE('',*,*,#2479,.T.);
#3446=ORIENTED_EDGE('',*,*,#2480,.T.);
#3447=ORIENTED_EDGE('',*,*,#2478,.F.);
#3448=ORIENTED_EDGE('',*,*,#2243,.F.);
#3449=ORIENTED_EDGE('',*,*,#2481,.T.);
#3450=ORIENTED_EDGE('',*,*,#2482,.F.);
#3451=ORIENTED_EDGE('',*,*,#2483,.T.);
#3452=ORIENTED_EDGE('',*,*,#2484,.T.);
#3453=ORIENTED_EDGE('',*,*,#2239,.T.);
#3454=ORIENTED_EDGE('',*,*,#2485,.T.);
#3455=ORIENTED_EDGE('',*,*,#2484,.F.);
#3456=ORIENTED_EDGE('',*,*,#2486,.F.);
#3457=ORIENTED_EDGE('',*,*,#2227,.T.);
#3458=ORIENTED_EDGE('',*,*,#2240,.F.);
#3459=ORIENTED_EDGE('',*,*,#2388,.T.);
#3460=ORIENTED_EDGE('',*,*,#2487,.T.);
#3461=ORIENTED_EDGE('',*,*,#2488,.T.);
#3462=ORIENTED_EDGE('',*,*,#2489,.T.);
#3463=ORIENTED_EDGE('',*,*,#2487,.F.);
#3464=ORIENTED_EDGE('',*,*,#2387,.F.);
#3465=ORIENTED_EDGE('',*,*,#2490,.T.);
#3466=ORIENTED_EDGE('',*,*,#2491,.F.);
#3467=ORIENTED_EDGE('',*,*,#2459,.F.);
#3468=ORIENTED_EDGE('',*,*,#2413,.F.);
#3469=ORIENTED_EDGE('',*,*,#2411,.F.);
#3470=ORIENTED_EDGE('',*,*,#2466,.F.);
#3471=ORIENTED_EDGE('',*,*,#2382,.F.);
#3472=ORIENTED_EDGE('',*,*,#2210,.T.);
#3473=ORIENTED_EDGE('',*,*,#2449,.F.);
#3474=ORIENTED_EDGE('',*,*,#2492,.F.);
#3475=ORIENTED_EDGE('',*,*,#2493,.F.);
#3476=ORIENTED_EDGE('',*,*,#2476,.F.);
#3477=ORIENTED_EDGE('',*,*,#2278,.F.);
#3478=ORIENTED_EDGE('',*,*,#2207,.T.);
#3479=ORIENTED_EDGE('',*,*,#2444,.F.);
#3480=ORIENTED_EDGE('',*,*,#2247,.F.);
#3481=ORIENTED_EDGE('',*,*,#2245,.F.);
#3482=ORIENTED_EDGE('',*,*,#2480,.F.);
#3483=ORIENTED_EDGE('',*,*,#2494,.F.);
#3484=ORIENTED_EDGE('',*,*,#2201,.T.);
#3485=ORIENTED_EDGE('',*,*,#2252,.F.);
#3486=ORIENTED_EDGE('',*,*,#2495,.T.);
#3487=ORIENTED_EDGE('',*,*,#2445,.T.);
#3488=ORIENTED_EDGE('',*,*,#2442,.F.);
#3489=ORIENTED_EDGE('',*,*,#2494,.T.);
#3490=ORIENTED_EDGE('',*,*,#2479,.F.);
#3491=ORIENTED_EDGE('',*,*,#2482,.T.);
#3492=ORIENTED_EDGE('',*,*,#2496,.T.);
#3493=ORIENTED_EDGE('',*,*,#2424,.F.);
#3494=ORIENTED_EDGE('',*,*,#2268,.T.);
#3495=ORIENTED_EDGE('',*,*,#2477,.T.);
#3496=ORIENTED_EDGE('',*,*,#2474,.F.);
#3497=ORIENTED_EDGE('',*,*,#2493,.T.);
#3498=ORIENTED_EDGE('',*,*,#2497,.F.);
#3499=ORIENTED_EDGE('',*,*,#2497,.T.);
#3500=ORIENTED_EDGE('',*,*,#2492,.T.);
#3501=ORIENTED_EDGE('',*,*,#2448,.F.);
#3502=ORIENTED_EDGE('',*,*,#2450,.T.);
#3503=ORIENTED_EDGE('',*,*,#2258,.T.);
#3504=ORIENTED_EDGE('',*,*,#2256,.T.);
#3505=ORIENTED_EDGE('',*,*,#2272,.F.);
#3506=ORIENTED_EDGE('',*,*,#2498,.T.);
#3507=ORIENTED_EDGE('',*,*,#2498,.F.);
#3508=ORIENTED_EDGE('',*,*,#2271,.F.);
#3509=ORIENTED_EDGE('',*,*,#2428,.T.);
#3510=ORIENTED_EDGE('',*,*,#2499,.F.);
#3511=ORIENTED_EDGE('',*,*,#2462,.F.);
#3512=ORIENTED_EDGE('',*,*,#2391,.F.);
#3513=ORIENTED_EDGE('',*,*,#2389,.F.);
#3514=ORIENTED_EDGE('',*,*,#2489,.F.);
#3515=ORIENTED_EDGE('',*,*,#2500,.F.);
#3516=ORIENTED_EDGE('',*,*,#2198,.T.);
#3517=ORIENTED_EDGE('',*,*,#2212,.F.);
#3518=ORIENTED_EDGE('',*,*,#2501,.T.);
#3519=ORIENTED_EDGE('',*,*,#2463,.T.);
#3520=ORIENTED_EDGE('',*,*,#2460,.F.);
#3521=ORIENTED_EDGE('',*,*,#2500,.T.);
#3522=ORIENTED_EDGE('',*,*,#2488,.F.);
#3523=ORIENTED_EDGE('',*,*,#2491,.T.);
#3524=ORIENTED_EDGE('',*,*,#2502,.T.);
#3525=ORIENTED_EDGE('',*,*,#2433,.F.);
#3526=ORIENTED_EDGE('',*,*,#2228,.T.);
#3527=ORIENTED_EDGE('',*,*,#2486,.T.);
#3528=ORIENTED_EDGE('',*,*,#2483,.F.);
#3529=ORIENTED_EDGE('',*,*,#2503,.T.);
#3530=ORIENTED_EDGE('',*,*,#2504,.F.);
#3531=ORIENTED_EDGE('',*,*,#2504,.T.);
#3532=ORIENTED_EDGE('',*,*,#2505,.T.);
#3533=ORIENTED_EDGE('',*,*,#2439,.F.);
#3534=ORIENTED_EDGE('',*,*,#2441,.T.);
#3535=ORIENTED_EDGE('',*,*,#2218,.T.);
#3536=ORIENTED_EDGE('',*,*,#2440,.F.);
#3537=ORIENTED_EDGE('',*,*,#2505,.F.);
#3538=ORIENTED_EDGE('',*,*,#2503,.F.);
#3539=ORIENTED_EDGE('',*,*,#2485,.F.);
#3540=ORIENTED_EDGE('',*,*,#2238,.F.);
#3541=ORIENTED_EDGE('',*,*,#2189,.T.);
#3542=ORIENTED_EDGE('',*,*,#2235,.F.);
#3543=ORIENTED_EDGE('',*,*,#2506,.F.);
#3544=ORIENTED_EDGE('',*,*,#2507,.F.);
#3545=ORIENTED_EDGE('',*,*,#2222,.F.);
#3546=ORIENTED_EDGE('',*,*,#2507,.T.);
#3547=ORIENTED_EDGE('',*,*,#2508,.F.);
#3548=ORIENTED_EDGE('',*,*,#2509,.T.);
#3549=ORIENTED_EDGE('',*,*,#2509,.F.);
#3550=ORIENTED_EDGE('',*,*,#2510,.F.);
#3551=ORIENTED_EDGE('',*,*,#2431,.T.);
#3552=ORIENTED_EDGE('',*,*,#2223,.F.);
#3553=ORIENTED_EDGE('',*,*,#2234,.F.);
#3554=ORIENTED_EDGE('',*,*,#2250,.F.);
#3555=ORIENTED_EDGE('',*,*,#2446,.T.);
#3556=ORIENTED_EDGE('',*,*,#2495,.F.);
#3557=ORIENTED_EDGE('',*,*,#2251,.F.);
#3558=ORIENTED_EDGE('',*,*,#2257,.T.);
#3559=ORIENTED_EDGE('',*,*,#2499,.T.);
#3560=ORIENTED_EDGE('',*,*,#2427,.T.);
#3561=ORIENTED_EDGE('',*,*,#2425,.F.);
#3562=ORIENTED_EDGE('',*,*,#2496,.F.);
#3563=ORIENTED_EDGE('',*,*,#2481,.F.);
#3564=ORIENTED_EDGE('',*,*,#2242,.F.);
#3565=ORIENTED_EDGE('',*,*,#2429,.F.);
#3566=ORIENTED_EDGE('',*,*,#2432,.T.);
#3567=ORIENTED_EDGE('',*,*,#2510,.T.);
#3568=ORIENTED_EDGE('',*,*,#2508,.T.);
#3569=ORIENTED_EDGE('',*,*,#2506,.T.);
#3570=ORIENTED_EDGE('',*,*,#2199,.T.);
#3571=ORIENTED_EDGE('',*,*,#2216,.T.);
#3572=ORIENTED_EDGE('',*,*,#2232,.F.);
#3573=ORIENTED_EDGE('',*,*,#2511,.T.);
#3574=ORIENTED_EDGE('',*,*,#2511,.F.);
#3575=ORIENTED_EDGE('',*,*,#2231,.F.);
#3576=ORIENTED_EDGE('',*,*,#2437,.T.);
#3577=ORIENTED_EDGE('',*,*,#2512,.F.);
#3578=ORIENTED_EDGE('',*,*,#2379,.F.);
#3579=ORIENTED_EDGE('',*,*,#2513,.F.);
#3580=ORIENTED_EDGE('',*,*,#2514,.F.);
#3581=ORIENTED_EDGE('',*,*,#2366,.F.);
#3582=ORIENTED_EDGE('',*,*,#2514,.T.);
#3583=ORIENTED_EDGE('',*,*,#2515,.F.);
#3584=ORIENTED_EDGE('',*,*,#2516,.T.);
#3585=ORIENTED_EDGE('',*,*,#2516,.F.);
#3586=ORIENTED_EDGE('',*,*,#2517,.F.);
#3587=ORIENTED_EDGE('',*,*,#2397,.T.);
#3588=ORIENTED_EDGE('',*,*,#2367,.F.);
#3589=ORIENTED_EDGE('',*,*,#2211,.F.);
#3590=ORIENTED_EDGE('',*,*,#2217,.T.);
#3591=ORIENTED_EDGE('',*,*,#2512,.T.);
#3592=ORIENTED_EDGE('',*,*,#2436,.T.);
#3593=ORIENTED_EDGE('',*,*,#2434,.F.);
#3594=ORIENTED_EDGE('',*,*,#2502,.F.);
#3595=ORIENTED_EDGE('',*,*,#2490,.F.);
#3596=ORIENTED_EDGE('',*,*,#2386,.F.);
#3597=ORIENTED_EDGE('',*,*,#2395,.F.);
#3598=ORIENTED_EDGE('',*,*,#2398,.T.);
#3599=ORIENTED_EDGE('',*,*,#2517,.T.);
#3600=ORIENTED_EDGE('',*,*,#2515,.T.);
#3601=ORIENTED_EDGE('',*,*,#2513,.T.);
#3602=ORIENTED_EDGE('',*,*,#2378,.F.);
#3603=ORIENTED_EDGE('',*,*,#2394,.F.);
#3604=ORIENTED_EDGE('',*,*,#2464,.T.);
#3605=ORIENTED_EDGE('',*,*,#2501,.F.);
#3606=ORIENTED_EDGE('',*,*,#2196,.T.);
#3607=ORIENTED_EDGE('',*,*,#2456,.F.);
#3608=ORIENTED_EDGE('',*,*,#2340,.F.);
#3609=ORIENTED_EDGE('',*,*,#2338,.F.);
#3610=ORIENTED_EDGE('',*,*,#2468,.F.);
#3611=ORIENTED_EDGE('',*,*,#2405,.F.);
#3612=ORIENTED_EDGE('',*,*,#2204,.T.);
#3613=ORIENTED_EDGE('',*,*,#2401,.F.);
#3614=ORIENTED_EDGE('',*,*,#2518,.F.);
#3615=ORIENTED_EDGE('',*,*,#2519,.F.);
#3616=ORIENTED_EDGE('',*,*,#2374,.F.);
#3617=ORIENTED_EDGE('',*,*,#2360,.T.);
#3618=ORIENTED_EDGE('',*,*,#2376,.F.);
#3619=ORIENTED_EDGE('',*,*,#2520,.T.);
#3620=ORIENTED_EDGE('',*,*,#2520,.F.);
#3621=ORIENTED_EDGE('',*,*,#2375,.F.);
#3622=ORIENTED_EDGE('',*,*,#2519,.T.);
#3623=ORIENTED_EDGE('',*,*,#2521,.F.);
#3624=ORIENTED_EDGE('',*,*,#2452,.F.);
#3625=ORIENTED_EDGE('',*,*,#2287,.F.);
#3626=ORIENTED_EDGE('',*,*,#2285,.F.);
#3627=ORIENTED_EDGE('',*,*,#2473,.F.);
#3628=ORIENTED_EDGE('',*,*,#2298,.F.);
#3629=ORIENTED_EDGE('',*,*,#2195,.T.);
#3630=ORIENTED_EDGE('',*,*,#2275,.F.);
#3631=ORIENTED_EDGE('',*,*,#2322,.F.);
#3632=ORIENTED_EDGE('',*,*,#2522,.F.);
#3633=ORIENTED_EDGE('',*,*,#2262,.F.);
#3634=ORIENTED_EDGE('',*,*,#2522,.T.);
#3635=ORIENTED_EDGE('',*,*,#2321,.F.);
#3636=ORIENTED_EDGE('',*,*,#2523,.T.);
#3637=ORIENTED_EDGE('',*,*,#2523,.F.);
#3638=ORIENTED_EDGE('',*,*,#2320,.F.);
#3639=ORIENTED_EDGE('',*,*,#2423,.T.);
#3640=ORIENTED_EDGE('',*,*,#2263,.F.);
#3641=ORIENTED_EDGE('',*,*,#2454,.F.);
#3642=ORIENTED_EDGE('',*,*,#2308,.F.);
#3643=ORIENTED_EDGE('',*,*,#2306,.F.);
#3644=ORIENTED_EDGE('',*,*,#2471,.F.);
#3645=ORIENTED_EDGE('',*,*,#2330,.F.);
#3646=ORIENTED_EDGE('',*,*,#2192,.T.);
#3647=ORIENTED_EDGE('',*,*,#2294,.F.);
#3648=ORIENTED_EDGE('',*,*,#2354,.F.);
#3649=ORIENTED_EDGE('',*,*,#2524,.F.);
#3650=ORIENTED_EDGE('',*,*,#2313,.F.);
#3651=ORIENTED_EDGE('',*,*,#2524,.T.);
#3652=ORIENTED_EDGE('',*,*,#2353,.F.);
#3653=ORIENTED_EDGE('',*,*,#2525,.T.);
#3654=ORIENTED_EDGE('',*,*,#2525,.F.);
#3655=ORIENTED_EDGE('',*,*,#2352,.F.);
#3656=ORIENTED_EDGE('',*,*,#2421,.T.);
#3657=ORIENTED_EDGE('',*,*,#2314,.F.);
#3658=ORIENTED_EDGE('',*,*,#2326,.F.);
#3659=ORIENTED_EDGE('',*,*,#2526,.F.);
#3660=ORIENTED_EDGE('',*,*,#2527,.F.);
#3661=ORIENTED_EDGE('',*,*,#2345,.F.);
#3662=ORIENTED_EDGE('',*,*,#2527,.T.);
#3663=ORIENTED_EDGE('',*,*,#2528,.F.);
#3664=ORIENTED_EDGE('',*,*,#2529,.T.);
#3665=ORIENTED_EDGE('',*,*,#2529,.F.);
#3666=ORIENTED_EDGE('',*,*,#2530,.F.);
#3667=ORIENTED_EDGE('',*,*,#2418,.T.);
#3668=ORIENTED_EDGE('',*,*,#2346,.F.);
#3669=ORIENTED_EDGE('',*,*,#2325,.F.);
#3670=ORIENTED_EDGE('',*,*,#2343,.F.);
#3671=ORIENTED_EDGE('',*,*,#2457,.T.);
#3672=ORIENTED_EDGE('',*,*,#2402,.F.);
#3673=ORIENTED_EDGE('',*,*,#2355,.F.);
#3674=ORIENTED_EDGE('',*,*,#2361,.T.);
#3675=ORIENTED_EDGE('',*,*,#2521,.T.);
#3676=ORIENTED_EDGE('',*,*,#2518,.T.);
#3677=ORIENTED_EDGE('',*,*,#2400,.F.);
#3678=ORIENTED_EDGE('',*,*,#2408,.F.);
#3679=ORIENTED_EDGE('',*,*,#2469,.F.);
#3680=ORIENTED_EDGE('',*,*,#2335,.F.);
#3681=ORIENTED_EDGE('',*,*,#2416,.F.);
#3682=ORIENTED_EDGE('',*,*,#2419,.T.);
#3683=ORIENTED_EDGE('',*,*,#2530,.T.);
#3684=ORIENTED_EDGE('',*,*,#2528,.T.);
#3685=ORIENTED_EDGE('',*,*,#2526,.T.);
#3686=ORIENTED_EDGE('',*,*,#2202,.T.);
#3687=ORIENTED_EDGE('',*,*,#2531,.T.);
#3688=ORIENTED_EDGE('',*,*,#2532,.T.);
#3689=ORIENTED_EDGE('',*,*,#2533,.T.);
#3690=ORIENTED_EDGE('',*,*,#2532,.F.);
#3691=ORIENTED_EDGE('',*,*,#2534,.T.);
#3692=ORIENTED_EDGE('',*,*,#2535,.T.);
#3693=ORIENTED_EDGE('',*,*,#2536,.T.);
#3694=ORIENTED_EDGE('',*,*,#2535,.F.);
#3695=ORIENTED_EDGE('',*,*,#2537,.T.);
#3696=ORIENTED_EDGE('',*,*,#2538,.T.);
#3697=ORIENTED_EDGE('',*,*,#2539,.T.);
#3698=ORIENTED_EDGE('',*,*,#2538,.F.);
#3699=ORIENTED_EDGE('',*,*,#2540,.T.);
#3700=ORIENTED_EDGE('',*,*,#2541,.T.);
#3701=ORIENTED_EDGE('',*,*,#2542,.T.);
#3702=ORIENTED_EDGE('',*,*,#2541,.F.);
#3703=ORIENTED_EDGE('',*,*,#2543,.T.);
#3704=ORIENTED_EDGE('',*,*,#2544,.T.);
#3705=ORIENTED_EDGE('',*,*,#2545,.T.);
#3706=ORIENTED_EDGE('',*,*,#2544,.F.);
#3707=ORIENTED_EDGE('',*,*,#2546,.T.);
#3708=ORIENTED_EDGE('',*,*,#2547,.T.);
#3709=ORIENTED_EDGE('',*,*,#2548,.T.);
#3710=ORIENTED_EDGE('',*,*,#2547,.F.);
#3711=ORIENTED_EDGE('',*,*,#2549,.T.);
#3712=ORIENTED_EDGE('',*,*,#2550,.T.);
#3713=ORIENTED_EDGE('',*,*,#2551,.T.);
#3714=ORIENTED_EDGE('',*,*,#2550,.F.);
#3715=ORIENTED_EDGE('',*,*,#2552,.T.);
#3716=ORIENTED_EDGE('',*,*,#2553,.T.);
#3717=ORIENTED_EDGE('',*,*,#2554,.T.);
#3718=ORIENTED_EDGE('',*,*,#2553,.F.);
#3719=ORIENTED_EDGE('',*,*,#2555,.F.);
#3720=ORIENTED_EDGE('',*,*,#2556,.F.);
#3721=ORIENTED_EDGE('',*,*,#2557,.F.);
#3722=ORIENTED_EDGE('',*,*,#2558,.F.);
#3723=ORIENTED_EDGE('',*,*,#2556,.T.);
#3724=ORIENTED_EDGE('',*,*,#2559,.T.);
#3725=ORIENTED_EDGE('',*,*,#2560,.T.);
#3726=ORIENTED_EDGE('',*,*,#2561,.T.);
#3727=ORIENTED_EDGE('',*,*,#2557,.T.);
#3728=ORIENTED_EDGE('',*,*,#2561,.F.);
#3729=ORIENTED_EDGE('',*,*,#2562,.F.);
#3730=ORIENTED_EDGE('',*,*,#2563,.F.);
#3731=ORIENTED_EDGE('',*,*,#2564,.F.);
#3732=ORIENTED_EDGE('',*,*,#2565,.T.);
#3733=ORIENTED_EDGE('',*,*,#2566,.T.);
#3734=ORIENTED_EDGE('',*,*,#2567,.T.);
#3735=ORIENTED_EDGE('',*,*,#2568,.T.);
#3736=ORIENTED_EDGE('',*,*,#2569,.T.);
#3737=ORIENTED_EDGE('',*,*,#2570,.F.);
#3738=ORIENTED_EDGE('',*,*,#2571,.F.);
#3739=ORIENTED_EDGE('',*,*,#2572,.F.);
#3740=ORIENTED_EDGE('',*,*,#2573,.T.);
#3741=ORIENTED_EDGE('',*,*,#2574,.T.);
#3742=ORIENTED_EDGE('',*,*,#2575,.F.);
#3743=ORIENTED_EDGE('',*,*,#2576,.T.);
#3744=ORIENTED_EDGE('',*,*,#2531,.F.);
#3745=ORIENTED_EDGE('',*,*,#2573,.F.);
#3746=ORIENTED_EDGE('',*,*,#2577,.F.);
#3747=ORIENTED_EDGE('',*,*,#2578,.F.);
#3748=ORIENTED_EDGE('',*,*,#2579,.F.);
#3749=ORIENTED_EDGE('',*,*,#2579,.T.);
#3750=ORIENTED_EDGE('',*,*,#2580,.F.);
#3751=ORIENTED_EDGE('',*,*,#2581,.F.);
#3752=ORIENTED_EDGE('',*,*,#2582,.T.);
#3753=ORIENTED_EDGE('',*,*,#2583,.F.);
#3754=ORIENTED_EDGE('',*,*,#2584,.F.);
#3755=ORIENTED_EDGE('',*,*,#2584,.T.);
#3756=ORIENTED_EDGE('',*,*,#2585,.F.);
#3757=ORIENTED_EDGE('',*,*,#2586,.T.);
#3758=ORIENTED_EDGE('',*,*,#2587,.F.);
#3759=ORIENTED_EDGE('',*,*,#2588,.F.);
#3760=ORIENTED_EDGE('',*,*,#2589,.T.);
#3761=ORIENTED_EDGE('',*,*,#2568,.F.);
#3762=ORIENTED_EDGE('',*,*,#2590,.F.);
#3763=ORIENTED_EDGE('',*,*,#2591,.T.);
#3764=ORIENTED_EDGE('',*,*,#2592,.F.);
#3765=ORIENTED_EDGE('',*,*,#2593,.T.);
#3766=ORIENTED_EDGE('',*,*,#2594,.F.);
#3767=ORIENTED_EDGE('',*,*,#2574,.F.);
#3768=ORIENTED_EDGE('',*,*,#2595,.F.);
#3769=ORIENTED_EDGE('',*,*,#2596,.F.);
#3770=ORIENTED_EDGE('',*,*,#2597,.F.);
#3771=ORIENTED_EDGE('',*,*,#2598,.F.);
#3772=ORIENTED_EDGE('',*,*,#2596,.T.);
#3773=ORIENTED_EDGE('',*,*,#2599,.T.);
#3774=ORIENTED_EDGE('',*,*,#2600,.T.);
#3775=ORIENTED_EDGE('',*,*,#2601,.T.);
#3776=ORIENTED_EDGE('',*,*,#2597,.T.);
#3777=ORIENTED_EDGE('',*,*,#2601,.F.);
#3778=ORIENTED_EDGE('',*,*,#2602,.F.);
#3779=ORIENTED_EDGE('',*,*,#2603,.F.);
#3780=ORIENTED_EDGE('',*,*,#2604,.F.);
#3781=ORIENTED_EDGE('',*,*,#2605,.T.);
#3782=ORIENTED_EDGE('',*,*,#2606,.T.);
#3783=ORIENTED_EDGE('',*,*,#2607,.T.);
#3784=ORIENTED_EDGE('',*,*,#2608,.T.);
#3785=ORIENTED_EDGE('',*,*,#2609,.T.);
#3786=ORIENTED_EDGE('',*,*,#2610,.F.);
#3787=ORIENTED_EDGE('',*,*,#2611,.F.);
#3788=ORIENTED_EDGE('',*,*,#2612,.F.);
#3789=ORIENTED_EDGE('',*,*,#2613,.T.);
#3790=ORIENTED_EDGE('',*,*,#2614,.T.);
#3791=ORIENTED_EDGE('',*,*,#2615,.F.);
#3792=ORIENTED_EDGE('',*,*,#2616,.T.);
#3793=ORIENTED_EDGE('',*,*,#2549,.F.);
#3794=ORIENTED_EDGE('',*,*,#2613,.F.);
#3795=ORIENTED_EDGE('',*,*,#2617,.F.);
#3796=ORIENTED_EDGE('',*,*,#2618,.F.);
#3797=ORIENTED_EDGE('',*,*,#2619,.F.);
#3798=ORIENTED_EDGE('',*,*,#2619,.T.);
#3799=ORIENTED_EDGE('',*,*,#2620,.F.);
#3800=ORIENTED_EDGE('',*,*,#2621,.F.);
#3801=ORIENTED_EDGE('',*,*,#2622,.T.);
#3802=ORIENTED_EDGE('',*,*,#2623,.F.);
#3803=ORIENTED_EDGE('',*,*,#2624,.F.);
#3804=ORIENTED_EDGE('',*,*,#2624,.T.);
#3805=ORIENTED_EDGE('',*,*,#2625,.F.);
#3806=ORIENTED_EDGE('',*,*,#2626,.T.);
#3807=ORIENTED_EDGE('',*,*,#2627,.F.);
#3808=ORIENTED_EDGE('',*,*,#2628,.F.);
#3809=ORIENTED_EDGE('',*,*,#2629,.T.);
#3810=ORIENTED_EDGE('',*,*,#2608,.F.);
#3811=ORIENTED_EDGE('',*,*,#2630,.F.);
#3812=ORIENTED_EDGE('',*,*,#2631,.T.);
#3813=ORIENTED_EDGE('',*,*,#2632,.F.);
#3814=ORIENTED_EDGE('',*,*,#2633,.T.);
#3815=ORIENTED_EDGE('',*,*,#2634,.F.);
#3816=ORIENTED_EDGE('',*,*,#2614,.F.);
#3817=ORIENTED_EDGE('',*,*,#2635,.F.);
#3818=ORIENTED_EDGE('',*,*,#2636,.F.);
#3819=ORIENTED_EDGE('',*,*,#2637,.F.);
#3820=ORIENTED_EDGE('',*,*,#2638,.F.);
#3821=ORIENTED_EDGE('',*,*,#2638,.T.);
#3822=ORIENTED_EDGE('',*,*,#2639,.F.);
#3823=ORIENTED_EDGE('',*,*,#2640,.F.);
#3824=ORIENTED_EDGE('',*,*,#2641,.T.);
#3825=ORIENTED_EDGE('',*,*,#2642,.F.);
#3826=ORIENTED_EDGE('',*,*,#2643,.F.);
#3827=ORIENTED_EDGE('',*,*,#2643,.T.);
#3828=ORIENTED_EDGE('',*,*,#2644,.F.);
#3829=ORIENTED_EDGE('',*,*,#2645,.T.);
#3830=ORIENTED_EDGE('',*,*,#2646,.F.);
#3831=ORIENTED_EDGE('',*,*,#2647,.F.);
#3832=ORIENTED_EDGE('',*,*,#2648,.T.);
#3833=ORIENTED_EDGE('',*,*,#2649,.F.);
#3834=ORIENTED_EDGE('',*,*,#2650,.F.);
#3835=ORIENTED_EDGE('',*,*,#2651,.T.);
#3836=ORIENTED_EDGE('',*,*,#2652,.F.);
#3837=ORIENTED_EDGE('',*,*,#2653,.T.);
#3838=ORIENTED_EDGE('',*,*,#2654,.F.);
#3839=ORIENTED_EDGE('',*,*,#2655,.F.);
#3840=ORIENTED_EDGE('',*,*,#2618,.T.);
#3841=ORIENTED_EDGE('',*,*,#2656,.F.);
#3842=ORIENTED_EDGE('',*,*,#2657,.F.);
#3843=ORIENTED_EDGE('',*,*,#2658,.F.);
#3844=ORIENTED_EDGE('',*,*,#2659,.F.);
#3845=ORIENTED_EDGE('',*,*,#2660,.T.);
#3846=ORIENTED_EDGE('',*,*,#2628,.T.);
#3847=ORIENTED_EDGE('',*,*,#2661,.T.);
#3848=ORIENTED_EDGE('',*,*,#2649,.T.);
#3849=ORIENTED_EDGE('',*,*,#2662,.T.);
#3850=ORIENTED_EDGE('',*,*,#2663,.F.);
#3851=ORIENTED_EDGE('',*,*,#2664,.F.);
#3852=ORIENTED_EDGE('',*,*,#2665,.F.);
#3853=ORIENTED_EDGE('',*,*,#2635,.T.);
#3854=ORIENTED_EDGE('',*,*,#2655,.T.);
#3855=ORIENTED_EDGE('',*,*,#2666,.F.);
#3856=ORIENTED_EDGE('',*,*,#2620,.T.);
#3857=ORIENTED_EDGE('',*,*,#2537,.F.);
#3858=ORIENTED_EDGE('',*,*,#2667,.F.);
#3859=ORIENTED_EDGE('',*,*,#2668,.F.);
#3860=ORIENTED_EDGE('',*,*,#2669,.F.);
#3861=ORIENTED_EDGE('',*,*,#2670,.F.);
#3862=ORIENTED_EDGE('',*,*,#2670,.T.);
#3863=ORIENTED_EDGE('',*,*,#2671,.F.);
#3864=ORIENTED_EDGE('',*,*,#2672,.F.);
#3865=ORIENTED_EDGE('',*,*,#2673,.T.);
#3866=ORIENTED_EDGE('',*,*,#2674,.F.);
#3867=ORIENTED_EDGE('',*,*,#2675,.F.);
#3868=ORIENTED_EDGE('',*,*,#2675,.T.);
#3869=ORIENTED_EDGE('',*,*,#2676,.F.);
#3870=ORIENTED_EDGE('',*,*,#2677,.T.);
#3871=ORIENTED_EDGE('',*,*,#2678,.F.);
#3872=ORIENTED_EDGE('',*,*,#2679,.F.);
#3873=ORIENTED_EDGE('',*,*,#2680,.T.);
#3874=ORIENTED_EDGE('',*,*,#2681,.F.);
#3875=ORIENTED_EDGE('',*,*,#2682,.F.);
#3876=ORIENTED_EDGE('',*,*,#2683,.T.);
#3877=ORIENTED_EDGE('',*,*,#2684,.F.);
#3878=ORIENTED_EDGE('',*,*,#2685,.T.);
#3879=ORIENTED_EDGE('',*,*,#2686,.F.);
#3880=ORIENTED_EDGE('',*,*,#2687,.F.);
#3881=ORIENTED_EDGE('',*,*,#2637,.T.);
#3882=ORIENTED_EDGE('',*,*,#2688,.F.);
#3883=ORIENTED_EDGE('',*,*,#2689,.F.);
#3884=ORIENTED_EDGE('',*,*,#2690,.F.);
#3885=ORIENTED_EDGE('',*,*,#2691,.F.);
#3886=ORIENTED_EDGE('',*,*,#2692,.T.);
#3887=ORIENTED_EDGE('',*,*,#2647,.T.);
#3888=ORIENTED_EDGE('',*,*,#2693,.T.);
#3889=ORIENTED_EDGE('',*,*,#2681,.T.);
#3890=ORIENTED_EDGE('',*,*,#2694,.T.);
#3891=ORIENTED_EDGE('',*,*,#2695,.F.);
#3892=ORIENTED_EDGE('',*,*,#2696,.F.);
#3893=ORIENTED_EDGE('',*,*,#2697,.F.);
#3894=ORIENTED_EDGE('',*,*,#2667,.T.);
#3895=ORIENTED_EDGE('',*,*,#2687,.T.);
#3896=ORIENTED_EDGE('',*,*,#2698,.F.);
#3897=ORIENTED_EDGE('',*,*,#2639,.T.);
#3898=ORIENTED_EDGE('',*,*,#2534,.F.);
#3899=ORIENTED_EDGE('',*,*,#2699,.F.);
#3900=ORIENTED_EDGE('',*,*,#2700,.F.);
#3901=ORIENTED_EDGE('',*,*,#2701,.F.);
#3902=ORIENTED_EDGE('',*,*,#2702,.F.);
#3903=ORIENTED_EDGE('',*,*,#2700,.T.);
#3904=ORIENTED_EDGE('',*,*,#2703,.T.);
#3905=ORIENTED_EDGE('',*,*,#2704,.T.);
#3906=ORIENTED_EDGE('',*,*,#2705,.T.);
#3907=ORIENTED_EDGE('',*,*,#2701,.T.);
#3908=ORIENTED_EDGE('',*,*,#2705,.F.);
#3909=ORIENTED_EDGE('',*,*,#2706,.F.);
#3910=ORIENTED_EDGE('',*,*,#2707,.F.);
#3911=ORIENTED_EDGE('',*,*,#2708,.F.);
#3912=ORIENTED_EDGE('',*,*,#2709,.T.);
#3913=ORIENTED_EDGE('',*,*,#2710,.T.);
#3914=ORIENTED_EDGE('',*,*,#2711,.T.);
#3915=ORIENTED_EDGE('',*,*,#2712,.T.);
#3916=ORIENTED_EDGE('',*,*,#2713,.T.);
#3917=ORIENTED_EDGE('',*,*,#2714,.F.);
#3918=ORIENTED_EDGE('',*,*,#2715,.F.);
#3919=ORIENTED_EDGE('',*,*,#2716,.F.);
#3920=ORIENTED_EDGE('',*,*,#2717,.T.);
#3921=ORIENTED_EDGE('',*,*,#2718,.T.);
#3922=ORIENTED_EDGE('',*,*,#2719,.F.);
#3923=ORIENTED_EDGE('',*,*,#2720,.T.);
#3924=ORIENTED_EDGE('',*,*,#2552,.F.);
#3925=ORIENTED_EDGE('',*,*,#2717,.F.);
#3926=ORIENTED_EDGE('',*,*,#2721,.F.);
#3927=ORIENTED_EDGE('',*,*,#2722,.F.);
#3928=ORIENTED_EDGE('',*,*,#2723,.F.);
#3929=ORIENTED_EDGE('',*,*,#2723,.T.);
#3930=ORIENTED_EDGE('',*,*,#2724,.F.);
#3931=ORIENTED_EDGE('',*,*,#2725,.F.);
#3932=ORIENTED_EDGE('',*,*,#2726,.T.);
#3933=ORIENTED_EDGE('',*,*,#2727,.F.);
#3934=ORIENTED_EDGE('',*,*,#2728,.F.);
#3935=ORIENTED_EDGE('',*,*,#2728,.T.);
#3936=ORIENTED_EDGE('',*,*,#2729,.F.);
#3937=ORIENTED_EDGE('',*,*,#2730,.T.);
#3938=ORIENTED_EDGE('',*,*,#2731,.F.);
#3939=ORIENTED_EDGE('',*,*,#2732,.F.);
#3940=ORIENTED_EDGE('',*,*,#2733,.T.);
#3941=ORIENTED_EDGE('',*,*,#2712,.F.);
#3942=ORIENTED_EDGE('',*,*,#2734,.F.);
#3943=ORIENTED_EDGE('',*,*,#2735,.T.);
#3944=ORIENTED_EDGE('',*,*,#2736,.F.);
#3945=ORIENTED_EDGE('',*,*,#2737,.T.);
#3946=ORIENTED_EDGE('',*,*,#2738,.F.);
#3947=ORIENTED_EDGE('',*,*,#2718,.F.);
#3948=ORIENTED_EDGE('',*,*,#2739,.F.);
#3949=ORIENTED_EDGE('',*,*,#2740,.F.);
#3950=ORIENTED_EDGE('',*,*,#2713,.F.);
#3951=ORIENTED_EDGE('',*,*,#2733,.F.);
#3952=ORIENTED_EDGE('',*,*,#2740,.T.);
#3953=ORIENTED_EDGE('',*,*,#2741,.T.);
#3954=ORIENTED_EDGE('',*,*,#2742,.T.);
#3955=ORIENTED_EDGE('',*,*,#2714,.T.);
#3956=ORIENTED_EDGE('',*,*,#2709,.F.);
#3957=ORIENTED_EDGE('',*,*,#2743,.F.);
#3958=ORIENTED_EDGE('',*,*,#2744,.F.);
#3959=ORIENTED_EDGE('',*,*,#2745,.F.);
#3960=ORIENTED_EDGE('',*,*,#2702,.T.);
#3961=ORIENTED_EDGE('',*,*,#2720,.F.);
#3962=ORIENTED_EDGE('',*,*,#2746,.F.);
#3963=ORIENTED_EDGE('',*,*,#2747,.T.);
#3964=ORIENTED_EDGE('',*,*,#2748,.F.);
#3965=ORIENTED_EDGE('',*,*,#2749,.F.);
#3966=ORIENTED_EDGE('',*,*,#2749,.T.);
#3967=ORIENTED_EDGE('',*,*,#2750,.F.);
#3968=ORIENTED_EDGE('',*,*,#2751,.T.);
#3969=ORIENTED_EDGE('',*,*,#2752,.F.);
#3970=ORIENTED_EDGE('',*,*,#2710,.F.);
#3971=ORIENTED_EDGE('',*,*,#2745,.T.);
#3972=ORIENTED_EDGE('',*,*,#2753,.F.);
#3973=ORIENTED_EDGE('',*,*,#2754,.F.);
#3974=ORIENTED_EDGE('',*,*,#2755,.T.);
#3975=ORIENTED_EDGE('',*,*,#2756,.F.);
#3976=ORIENTED_EDGE('',*,*,#2757,.T.);
#3977=ORIENTED_EDGE('',*,*,#2758,.F.);
#3978=ORIENTED_EDGE('',*,*,#2759,.F.);
#3979=ORIENTED_EDGE('',*,*,#2760,.F.);
#3980=ORIENTED_EDGE('',*,*,#2761,.F.);
#3981=ORIENTED_EDGE('',*,*,#2694,.F.);
#3982=ORIENTED_EDGE('',*,*,#2680,.F.);
#3983=ORIENTED_EDGE('',*,*,#2761,.T.);
#3984=ORIENTED_EDGE('',*,*,#2762,.T.);
#3985=ORIENTED_EDGE('',*,*,#2763,.T.);
#3986=ORIENTED_EDGE('',*,*,#2695,.T.);
#3987=ORIENTED_EDGE('',*,*,#2692,.F.);
#3988=ORIENTED_EDGE('',*,*,#2764,.F.);
#3989=ORIENTED_EDGE('',*,*,#2662,.F.);
#3990=ORIENTED_EDGE('',*,*,#2648,.F.);
#3991=ORIENTED_EDGE('',*,*,#2764,.T.);
#3992=ORIENTED_EDGE('',*,*,#2691,.T.);
#3993=ORIENTED_EDGE('',*,*,#2765,.T.);
#3994=ORIENTED_EDGE('',*,*,#2663,.T.);
#3995=ORIENTED_EDGE('',*,*,#2660,.F.);
#3996=ORIENTED_EDGE('',*,*,#2766,.F.);
#3997=ORIENTED_EDGE('',*,*,#2609,.F.);
#3998=ORIENTED_EDGE('',*,*,#2629,.F.);
#3999=ORIENTED_EDGE('',*,*,#2766,.T.);
#4000=ORIENTED_EDGE('',*,*,#2659,.T.);
#4001=ORIENTED_EDGE('',*,*,#2767,.T.);
#4002=ORIENTED_EDGE('',*,*,#2610,.T.);
#4003=ORIENTED_EDGE('',*,*,#2605,.F.);
#4004=ORIENTED_EDGE('',*,*,#2768,.F.);
#4005=ORIENTED_EDGE('',*,*,#2769,.F.);
#4006=ORIENTED_EDGE('',*,*,#2770,.F.);
#4007=ORIENTED_EDGE('',*,*,#2768,.T.);
#4008=ORIENTED_EDGE('',*,*,#2604,.T.);
#4009=ORIENTED_EDGE('',*,*,#2771,.T.);
#4010=ORIENTED_EDGE('',*,*,#2772,.T.);
#4011=ORIENTED_EDGE('',*,*,#2773,.F.);
#4012=ORIENTED_EDGE('',*,*,#2774,.F.);
#4013=ORIENTED_EDGE('',*,*,#2569,.F.);
#4014=ORIENTED_EDGE('',*,*,#2589,.F.);
#4015=ORIENTED_EDGE('',*,*,#2774,.T.);
#4016=ORIENTED_EDGE('',*,*,#2775,.T.);
#4017=ORIENTED_EDGE('',*,*,#2776,.T.);
#4018=ORIENTED_EDGE('',*,*,#2570,.T.);
#4019=ORIENTED_EDGE('',*,*,#2565,.F.);
#4020=ORIENTED_EDGE('',*,*,#2777,.F.);
#4021=ORIENTED_EDGE('',*,*,#2778,.F.);
#4022=ORIENTED_EDGE('',*,*,#2779,.F.);
#4023=ORIENTED_EDGE('',*,*,#2777,.T.);
#4024=ORIENTED_EDGE('',*,*,#2564,.T.);
#4025=ORIENTED_EDGE('',*,*,#2780,.T.);
#4026=ORIENTED_EDGE('',*,*,#2781,.T.);
#4027=ORIENTED_EDGE('',*,*,#2593,.F.);
#4028=ORIENTED_EDGE('',*,*,#2782,.F.);
#4029=ORIENTED_EDGE('',*,*,#2783,.F.);
#4030=ORIENTED_EDGE('',*,*,#2784,.F.);
#4031=ORIENTED_EDGE('',*,*,#2784,.T.);
#4032=ORIENTED_EDGE('',*,*,#2785,.T.);
#4033=ORIENTED_EDGE('',*,*,#2575,.T.);
#4034=ORIENTED_EDGE('',*,*,#2594,.T.);
#4035=ORIENTED_EDGE('',*,*,#2786,.F.);
#4036=ORIENTED_EDGE('',*,*,#2787,.F.);
#4037=ORIENTED_EDGE('',*,*,#2582,.F.);
#4038=ORIENTED_EDGE('',*,*,#2788,.F.);
#4039=ORIENTED_EDGE('',*,*,#2788,.T.);
#4040=ORIENTED_EDGE('',*,*,#2581,.T.);
#4041=ORIENTED_EDGE('',*,*,#2789,.T.);
#4042=ORIENTED_EDGE('',*,*,#2790,.T.);
#4043=ORIENTED_EDGE('',*,*,#2633,.F.);
#4044=ORIENTED_EDGE('',*,*,#2791,.F.);
#4045=ORIENTED_EDGE('',*,*,#2792,.F.);
#4046=ORIENTED_EDGE('',*,*,#2793,.F.);
#4047=ORIENTED_EDGE('',*,*,#2793,.T.);
#4048=ORIENTED_EDGE('',*,*,#2794,.T.);
#4049=ORIENTED_EDGE('',*,*,#2615,.T.);
#4050=ORIENTED_EDGE('',*,*,#2634,.T.);
#4051=ORIENTED_EDGE('',*,*,#2653,.F.);
#4052=ORIENTED_EDGE('',*,*,#2795,.F.);
#4053=ORIENTED_EDGE('',*,*,#2622,.F.);
#4054=ORIENTED_EDGE('',*,*,#2796,.F.);
#4055=ORIENTED_EDGE('',*,*,#2796,.T.);
#4056=ORIENTED_EDGE('',*,*,#2621,.T.);
#4057=ORIENTED_EDGE('',*,*,#2666,.T.);
#4058=ORIENTED_EDGE('',*,*,#2654,.T.);
#4059=ORIENTED_EDGE('',*,*,#2685,.F.);
#4060=ORIENTED_EDGE('',*,*,#2797,.F.);
#4061=ORIENTED_EDGE('',*,*,#2641,.F.);
#4062=ORIENTED_EDGE('',*,*,#2798,.F.);
#4063=ORIENTED_EDGE('',*,*,#2798,.T.);
#4064=ORIENTED_EDGE('',*,*,#2640,.T.);
#4065=ORIENTED_EDGE('',*,*,#2698,.T.);
#4066=ORIENTED_EDGE('',*,*,#2686,.T.);
#4067=ORIENTED_EDGE('',*,*,#2757,.F.);
#4068=ORIENTED_EDGE('',*,*,#2799,.F.);
#4069=ORIENTED_EDGE('',*,*,#2673,.F.);
#4070=ORIENTED_EDGE('',*,*,#2800,.F.);
#4071=ORIENTED_EDGE('',*,*,#2800,.T.);
#4072=ORIENTED_EDGE('',*,*,#2672,.T.);
#4073=ORIENTED_EDGE('',*,*,#2801,.T.);
#4074=ORIENTED_EDGE('',*,*,#2758,.T.);
#4075=ORIENTED_EDGE('',*,*,#2737,.F.);
#4076=ORIENTED_EDGE('',*,*,#2802,.F.);
#4077=ORIENTED_EDGE('',*,*,#2747,.F.);
#4078=ORIENTED_EDGE('',*,*,#2803,.F.);
#4079=ORIENTED_EDGE('',*,*,#2803,.T.);
#4080=ORIENTED_EDGE('',*,*,#2746,.T.);
#4081=ORIENTED_EDGE('',*,*,#2719,.T.);
#4082=ORIENTED_EDGE('',*,*,#2738,.T.);
#4083=ORIENTED_EDGE('',*,*,#2804,.F.);
#4084=ORIENTED_EDGE('',*,*,#2805,.F.);
#4085=ORIENTED_EDGE('',*,*,#2726,.F.);
#4086=ORIENTED_EDGE('',*,*,#2806,.F.);
#4087=ORIENTED_EDGE('',*,*,#2806,.T.);
#4088=ORIENTED_EDGE('',*,*,#2725,.T.);
#4089=ORIENTED_EDGE('',*,*,#2807,.T.);
#4090=ORIENTED_EDGE('',*,*,#2808,.T.);
#4091=ORIENTED_EDGE('',*,*,#2751,.F.);
#4092=ORIENTED_EDGE('',*,*,#2809,.F.);
#4093=ORIENTED_EDGE('',*,*,#2735,.F.);
#4094=ORIENTED_EDGE('',*,*,#2810,.F.);
#4095=ORIENTED_EDGE('',*,*,#2810,.T.);
#4096=ORIENTED_EDGE('',*,*,#2734,.T.);
#4097=ORIENTED_EDGE('',*,*,#2711,.F.);
#4098=ORIENTED_EDGE('',*,*,#2752,.T.);
#4099=ORIENTED_EDGE('',*,*,#2677,.F.);
#4100=ORIENTED_EDGE('',*,*,#2811,.F.);
#4101=ORIENTED_EDGE('',*,*,#2755,.F.);
#4102=ORIENTED_EDGE('',*,*,#2812,.F.);
#4103=ORIENTED_EDGE('',*,*,#2812,.T.);
#4104=ORIENTED_EDGE('',*,*,#2754,.T.);
#4105=ORIENTED_EDGE('',*,*,#2813,.F.);
#4106=ORIENTED_EDGE('',*,*,#2678,.T.);
#4107=ORIENTED_EDGE('',*,*,#2645,.F.);
#4108=ORIENTED_EDGE('',*,*,#2814,.F.);
#4109=ORIENTED_EDGE('',*,*,#2683,.F.);
#4110=ORIENTED_EDGE('',*,*,#2815,.F.);
#4111=ORIENTED_EDGE('',*,*,#2815,.T.);
#4112=ORIENTED_EDGE('',*,*,#2682,.T.);
#4113=ORIENTED_EDGE('',*,*,#2693,.F.);
#4114=ORIENTED_EDGE('',*,*,#2646,.T.);
#4115=ORIENTED_EDGE('',*,*,#2626,.F.);
#4116=ORIENTED_EDGE('',*,*,#2816,.F.);
#4117=ORIENTED_EDGE('',*,*,#2651,.F.);
#4118=ORIENTED_EDGE('',*,*,#2817,.F.);
#4119=ORIENTED_EDGE('',*,*,#2817,.T.);
#4120=ORIENTED_EDGE('',*,*,#2650,.T.);
#4121=ORIENTED_EDGE('',*,*,#2661,.F.);
#4122=ORIENTED_EDGE('',*,*,#2627,.T.);
#4123=ORIENTED_EDGE('',*,*,#2818,.F.);
#4124=ORIENTED_EDGE('',*,*,#2819,.F.);
#4125=ORIENTED_EDGE('',*,*,#2631,.F.);
#4126=ORIENTED_EDGE('',*,*,#2820,.F.);
#4127=ORIENTED_EDGE('',*,*,#2820,.T.);
#4128=ORIENTED_EDGE('',*,*,#2630,.T.);
#4129=ORIENTED_EDGE('',*,*,#2607,.F.);
#4130=ORIENTED_EDGE('',*,*,#2821,.T.);
#4131=ORIENTED_EDGE('',*,*,#2586,.F.);
#4132=ORIENTED_EDGE('',*,*,#2822,.F.);
#4133=ORIENTED_EDGE('',*,*,#2823,.F.);
#4134=ORIENTED_EDGE('',*,*,#2824,.F.);
#4135=ORIENTED_EDGE('',*,*,#2824,.T.);
#4136=ORIENTED_EDGE('',*,*,#2825,.T.);
#4137=ORIENTED_EDGE('',*,*,#2826,.F.);
#4138=ORIENTED_EDGE('',*,*,#2587,.T.);
#4139=ORIENTED_EDGE('',*,*,#2827,.F.);
#4140=ORIENTED_EDGE('',*,*,#2828,.F.);
#4141=ORIENTED_EDGE('',*,*,#2591,.F.);
#4142=ORIENTED_EDGE('',*,*,#2829,.F.);
#4143=ORIENTED_EDGE('',*,*,#2829,.T.);
#4144=ORIENTED_EDGE('',*,*,#2590,.T.);
#4145=ORIENTED_EDGE('',*,*,#2567,.F.);
#4146=ORIENTED_EDGE('',*,*,#2830,.T.);
#4147=ORIENTED_EDGE('',*,*,#2730,.F.);
#4148=ORIENTED_EDGE('',*,*,#2831,.F.);
#4149=ORIENTED_EDGE('',*,*,#2832,.F.);
#4150=ORIENTED_EDGE('',*,*,#2833,.F.);
#4151=ORIENTED_EDGE('',*,*,#2833,.T.);
#4152=ORIENTED_EDGE('',*,*,#2834,.T.);
#4153=ORIENTED_EDGE('',*,*,#2835,.F.);
#4154=ORIENTED_EDGE('',*,*,#2731,.T.);
#4155=ORIENTED_EDGE('',*,*,#2802,.T.);
#4156=ORIENTED_EDGE('',*,*,#2736,.T.);
#4157=ORIENTED_EDGE('',*,*,#2809,.T.);
#4158=ORIENTED_EDGE('',*,*,#2750,.T.);
#4159=ORIENTED_EDGE('',*,*,#2748,.T.);
#4160=ORIENTED_EDGE('',*,*,#2554,.F.);
#4161=ORIENTED_EDGE('',*,*,#2791,.T.);
#4162=ORIENTED_EDGE('',*,*,#2632,.T.);
#4163=ORIENTED_EDGE('',*,*,#2819,.T.);
#4164=ORIENTED_EDGE('',*,*,#2836,.T.);
#4165=ORIENTED_EDGE('',*,*,#2837,.T.);
#4166=ORIENTED_EDGE('',*,*,#2551,.F.);
#4167=ORIENTED_EDGE('',*,*,#2787,.T.);
#4168=ORIENTED_EDGE('',*,*,#2838,.T.);
#4169=ORIENTED_EDGE('',*,*,#2822,.T.);
#4170=ORIENTED_EDGE('',*,*,#2585,.T.);
#4171=ORIENTED_EDGE('',*,*,#2583,.T.);
#4172=ORIENTED_EDGE('',*,*,#2545,.F.);
#4173=ORIENTED_EDGE('',*,*,#2598,.T.);
#4174=ORIENTED_EDGE('',*,*,#2616,.F.);
#4175=ORIENTED_EDGE('',*,*,#2794,.F.);
#4176=ORIENTED_EDGE('',*,*,#2792,.T.);
#4177=ORIENTED_EDGE('',*,*,#2837,.F.);
#4178=ORIENTED_EDGE('',*,*,#2839,.F.);
#4179=ORIENTED_EDGE('',*,*,#2839,.T.);
#4180=ORIENTED_EDGE('',*,*,#2836,.F.);
#4181=ORIENTED_EDGE('',*,*,#2818,.T.);
#4182=ORIENTED_EDGE('',*,*,#2821,.F.);
#4183=ORIENTED_EDGE('',*,*,#2606,.F.);
#4184=ORIENTED_EDGE('',*,*,#2770,.T.);
#4185=ORIENTED_EDGE('',*,*,#2840,.F.);
#4186=ORIENTED_EDGE('',*,*,#2825,.F.);
#4187=ORIENTED_EDGE('',*,*,#2823,.T.);
#4188=ORIENTED_EDGE('',*,*,#2838,.F.);
#4189=ORIENTED_EDGE('',*,*,#2786,.T.);
#4190=ORIENTED_EDGE('',*,*,#2790,.F.);
#4191=ORIENTED_EDGE('',*,*,#2841,.F.);
#4192=ORIENTED_EDGE('',*,*,#2600,.F.);
#4193=ORIENTED_EDGE('',*,*,#2842,.T.);
#4194=ORIENTED_EDGE('',*,*,#2771,.F.);
#4195=ORIENTED_EDGE('',*,*,#2603,.T.);
#4196=ORIENTED_EDGE('',*,*,#2843,.T.);
#4197=ORIENTED_EDGE('',*,*,#2843,.F.);
#4198=ORIENTED_EDGE('',*,*,#2602,.T.);
#4199=ORIENTED_EDGE('',*,*,#2805,.T.);
#4200=ORIENTED_EDGE('',*,*,#2844,.T.);
#4201=ORIENTED_EDGE('',*,*,#2831,.T.);
#4202=ORIENTED_EDGE('',*,*,#2729,.T.);
#4203=ORIENTED_EDGE('',*,*,#2727,.T.);
#4204=ORIENTED_EDGE('',*,*,#2542,.F.);
#4205=ORIENTED_EDGE('',*,*,#2558,.T.);
#4206=ORIENTED_EDGE('',*,*,#2576,.F.);
#4207=ORIENTED_EDGE('',*,*,#2785,.F.);
#4208=ORIENTED_EDGE('',*,*,#2783,.T.);
#4209=ORIENTED_EDGE('',*,*,#2845,.F.);
#4210=ORIENTED_EDGE('',*,*,#2846,.F.);
#4211=ORIENTED_EDGE('',*,*,#2846,.T.);
#4212=ORIENTED_EDGE('',*,*,#2847,.F.);
#4213=ORIENTED_EDGE('',*,*,#2827,.T.);
#4214=ORIENTED_EDGE('',*,*,#2830,.F.);
#4215=ORIENTED_EDGE('',*,*,#2566,.F.);
#4216=ORIENTED_EDGE('',*,*,#2779,.T.);
#4217=ORIENTED_EDGE('',*,*,#2848,.F.);
#4218=ORIENTED_EDGE('',*,*,#2834,.F.);
#4219=ORIENTED_EDGE('',*,*,#2832,.T.);
#4220=ORIENTED_EDGE('',*,*,#2844,.F.);
#4221=ORIENTED_EDGE('',*,*,#2804,.T.);
#4222=ORIENTED_EDGE('',*,*,#2808,.F.);
#4223=ORIENTED_EDGE('',*,*,#2849,.F.);
#4224=ORIENTED_EDGE('',*,*,#2782,.T.);
#4225=ORIENTED_EDGE('',*,*,#2592,.T.);
#4226=ORIENTED_EDGE('',*,*,#2828,.T.);
#4227=ORIENTED_EDGE('',*,*,#2847,.T.);
#4228=ORIENTED_EDGE('',*,*,#2845,.T.);
#4229=ORIENTED_EDGE('',*,*,#2533,.F.);
#4230=ORIENTED_EDGE('',*,*,#2577,.T.);
#4231=ORIENTED_EDGE('',*,*,#2572,.T.);
#4232=ORIENTED_EDGE('',*,*,#2850,.T.);
#4233=ORIENTED_EDGE('',*,*,#2851,.T.);
#4234=ORIENTED_EDGE('',*,*,#2850,.F.);
#4235=ORIENTED_EDGE('',*,*,#2571,.T.);
#4236=ORIENTED_EDGE('',*,*,#2776,.F.);
#4237=ORIENTED_EDGE('',*,*,#2852,.T.);
#4238=ORIENTED_EDGE('',*,*,#2853,.T.);
#4239=ORIENTED_EDGE('',*,*,#2853,.F.);
#4240=ORIENTED_EDGE('',*,*,#2854,.T.);
#4241=ORIENTED_EDGE('',*,*,#2578,.T.);
#4242=ORIENTED_EDGE('',*,*,#2851,.F.);
#4243=ORIENTED_EDGE('',*,*,#2854,.F.);
#4244=ORIENTED_EDGE('',*,*,#2852,.F.);
#4245=ORIENTED_EDGE('',*,*,#2775,.F.);
#4246=ORIENTED_EDGE('',*,*,#2773,.T.);
#4247=ORIENTED_EDGE('',*,*,#2588,.T.);
#4248=ORIENTED_EDGE('',*,*,#2826,.T.);
#4249=ORIENTED_EDGE('',*,*,#2840,.T.);
#4250=ORIENTED_EDGE('',*,*,#2769,.T.);
#4251=ORIENTED_EDGE('',*,*,#2772,.F.);
#4252=ORIENTED_EDGE('',*,*,#2842,.F.);
#4253=ORIENTED_EDGE('',*,*,#2599,.F.);
#4254=ORIENTED_EDGE('',*,*,#2595,.T.);
#4255=ORIENTED_EDGE('',*,*,#2841,.T.);
#4256=ORIENTED_EDGE('',*,*,#2789,.F.);
#4257=ORIENTED_EDGE('',*,*,#2580,.T.);
#4258=ORIENTED_EDGE('',*,*,#2543,.F.);
#4259=ORIENTED_EDGE('',*,*,#2560,.F.);
#4260=ORIENTED_EDGE('',*,*,#2855,.T.);
#4261=ORIENTED_EDGE('',*,*,#2780,.F.);
#4262=ORIENTED_EDGE('',*,*,#2563,.T.);
#4263=ORIENTED_EDGE('',*,*,#2856,.T.);
#4264=ORIENTED_EDGE('',*,*,#2856,.F.);
#4265=ORIENTED_EDGE('',*,*,#2562,.T.);
#4266=ORIENTED_EDGE('',*,*,#2721,.T.);
#4267=ORIENTED_EDGE('',*,*,#2716,.T.);
#4268=ORIENTED_EDGE('',*,*,#2857,.T.);
#4269=ORIENTED_EDGE('',*,*,#2858,.T.);
#4270=ORIENTED_EDGE('',*,*,#2857,.F.);
#4271=ORIENTED_EDGE('',*,*,#2715,.T.);
#4272=ORIENTED_EDGE('',*,*,#2742,.F.);
#4273=ORIENTED_EDGE('',*,*,#2859,.T.);
#4274=ORIENTED_EDGE('',*,*,#2860,.T.);
#4275=ORIENTED_EDGE('',*,*,#2860,.F.);
#4276=ORIENTED_EDGE('',*,*,#2861,.T.);
#4277=ORIENTED_EDGE('',*,*,#2555,.T.);
#4278=ORIENTED_EDGE('',*,*,#2849,.T.);
#4279=ORIENTED_EDGE('',*,*,#2807,.F.);
#4280=ORIENTED_EDGE('',*,*,#2724,.T.);
#4281=ORIENTED_EDGE('',*,*,#2722,.T.);
#4282=ORIENTED_EDGE('',*,*,#2858,.F.);
#4283=ORIENTED_EDGE('',*,*,#2861,.F.);
#4284=ORIENTED_EDGE('',*,*,#2859,.F.);
#4285=ORIENTED_EDGE('',*,*,#2741,.F.);
#4286=ORIENTED_EDGE('',*,*,#2739,.T.);
#4287=ORIENTED_EDGE('',*,*,#2732,.T.);
#4288=ORIENTED_EDGE('',*,*,#2835,.T.);
#4289=ORIENTED_EDGE('',*,*,#2848,.T.);
#4290=ORIENTED_EDGE('',*,*,#2778,.T.);
#4291=ORIENTED_EDGE('',*,*,#2781,.F.);
#4292=ORIENTED_EDGE('',*,*,#2855,.F.);
#4293=ORIENTED_EDGE('',*,*,#2559,.F.);
#4294=ORIENTED_EDGE('',*,*,#2540,.F.);
#4295=ORIENTED_EDGE('',*,*,#2799,.T.);
#4296=ORIENTED_EDGE('',*,*,#2756,.T.);
#4297=ORIENTED_EDGE('',*,*,#2811,.T.);
#4298=ORIENTED_EDGE('',*,*,#2676,.T.);
#4299=ORIENTED_EDGE('',*,*,#2674,.T.);
#4300=ORIENTED_EDGE('',*,*,#2548,.F.);
#4301=ORIENTED_EDGE('',*,*,#2743,.T.);
#4302=ORIENTED_EDGE('',*,*,#2708,.T.);
#4303=ORIENTED_EDGE('',*,*,#2862,.T.);
#4304=ORIENTED_EDGE('',*,*,#2863,.T.);
#4305=ORIENTED_EDGE('',*,*,#2704,.F.);
#4306=ORIENTED_EDGE('',*,*,#2864,.T.);
#4307=ORIENTED_EDGE('',*,*,#2862,.F.);
#4308=ORIENTED_EDGE('',*,*,#2707,.T.);
#4309=ORIENTED_EDGE('',*,*,#2865,.T.);
#4310=ORIENTED_EDGE('',*,*,#2865,.F.);
#4311=ORIENTED_EDGE('',*,*,#2706,.T.);
#4312=ORIENTED_EDGE('',*,*,#2795,.T.);
#4313=ORIENTED_EDGE('',*,*,#2652,.T.);
#4314=ORIENTED_EDGE('',*,*,#2816,.T.);
#4315=ORIENTED_EDGE('',*,*,#2625,.T.);
#4316=ORIENTED_EDGE('',*,*,#2623,.T.);
#4317=ORIENTED_EDGE('',*,*,#2539,.F.);
#4318=ORIENTED_EDGE('',*,*,#2617,.T.);
#4319=ORIENTED_EDGE('',*,*,#2612,.T.);
#4320=ORIENTED_EDGE('',*,*,#2866,.T.);
#4321=ORIENTED_EDGE('',*,*,#2656,.T.);
#4322=ORIENTED_EDGE('',*,*,#2866,.F.);
#4323=ORIENTED_EDGE('',*,*,#2611,.T.);
#4324=ORIENTED_EDGE('',*,*,#2767,.F.);
#4325=ORIENTED_EDGE('',*,*,#2658,.T.);
#4326=ORIENTED_EDGE('',*,*,#2867,.T.);
#4327=ORIENTED_EDGE('',*,*,#2867,.F.);
#4328=ORIENTED_EDGE('',*,*,#2657,.T.);
#4329=ORIENTED_EDGE('',*,*,#2797,.T.);
#4330=ORIENTED_EDGE('',*,*,#2684,.T.);
#4331=ORIENTED_EDGE('',*,*,#2814,.T.);
#4332=ORIENTED_EDGE('',*,*,#2644,.T.);
#4333=ORIENTED_EDGE('',*,*,#2642,.T.);
#4334=ORIENTED_EDGE('',*,*,#2536,.F.);
#4335=ORIENTED_EDGE('',*,*,#2636,.T.);
#4336=ORIENTED_EDGE('',*,*,#2665,.T.);
#4337=ORIENTED_EDGE('',*,*,#2868,.T.);
#4338=ORIENTED_EDGE('',*,*,#2688,.T.);
#4339=ORIENTED_EDGE('',*,*,#2868,.F.);
#4340=ORIENTED_EDGE('',*,*,#2664,.T.);
#4341=ORIENTED_EDGE('',*,*,#2765,.F.);
#4342=ORIENTED_EDGE('',*,*,#2690,.T.);
#4343=ORIENTED_EDGE('',*,*,#2869,.T.);
#4344=ORIENTED_EDGE('',*,*,#2869,.F.);
#4345=ORIENTED_EDGE('',*,*,#2689,.T.);
#4346=ORIENTED_EDGE('',*,*,#2668,.T.);
#4347=ORIENTED_EDGE('',*,*,#2697,.T.);
#4348=ORIENTED_EDGE('',*,*,#2870,.T.);
#4349=ORIENTED_EDGE('',*,*,#2871,.T.);
#4350=ORIENTED_EDGE('',*,*,#2870,.F.);
#4351=ORIENTED_EDGE('',*,*,#2696,.T.);
#4352=ORIENTED_EDGE('',*,*,#2763,.F.);
#4353=ORIENTED_EDGE('',*,*,#2872,.T.);
#4354=ORIENTED_EDGE('',*,*,#2873,.T.);
#4355=ORIENTED_EDGE('',*,*,#2873,.F.);
#4356=ORIENTED_EDGE('',*,*,#2874,.T.);
#4357=ORIENTED_EDGE('',*,*,#2669,.T.);
#4358=ORIENTED_EDGE('',*,*,#2871,.F.);
#4359=ORIENTED_EDGE('',*,*,#2874,.F.);
#4360=ORIENTED_EDGE('',*,*,#2872,.F.);
#4361=ORIENTED_EDGE('',*,*,#2762,.F.);
#4362=ORIENTED_EDGE('',*,*,#2760,.T.);
#4363=ORIENTED_EDGE('',*,*,#2679,.T.);
#4364=ORIENTED_EDGE('',*,*,#2813,.T.);
#4365=ORIENTED_EDGE('',*,*,#2753,.T.);
#4366=ORIENTED_EDGE('',*,*,#2744,.T.);
#4367=ORIENTED_EDGE('',*,*,#2863,.F.);
#4368=ORIENTED_EDGE('',*,*,#2864,.F.);
#4369=ORIENTED_EDGE('',*,*,#2703,.F.);
#4370=ORIENTED_EDGE('',*,*,#2699,.T.);
#4371=ORIENTED_EDGE('',*,*,#2759,.T.);
#4372=ORIENTED_EDGE('',*,*,#2801,.F.);
#4373=ORIENTED_EDGE('',*,*,#2671,.T.);
#4374=ORIENTED_EDGE('',*,*,#2546,.F.);
#4375=TOROIDAL_SURFACE('',#4650,1.325,0.05);
#4376=TOROIDAL_SURFACE('',#4658,1.325,0.05);
#4377=TOROIDAL_SURFACE('',#4667,1.75,0.525000024936162);
#4378=TOROIDAL_SURFACE('',#4669,1.345,0.03);
#4379=TOROIDAL_SURFACE('',#4674,1.345,0.03);
#4380=TOROIDAL_SURFACE('',#4684,2.175,0.05);
#4381=TOROIDAL_SURFACE('',#4693,2.175,0.05);
#4382=TOROIDAL_SURFACE('',#4701,1.75,0.525000024936162);
#4383=TOROIDAL_SURFACE('',#4703,2.155,0.03);
#4384=TOROIDAL_SURFACE('',#4708,2.155,0.03);
#4385=ADVANCED_FACE('',(#643),#4375,.T.);
#4386=ADVANCED_FACE('',(#644),#557,.T.);
#4387=ADVANCED_FACE('',(#645),#4376,.T.);
#4388=ADVANCED_FACE('',(#646),#558,.T.);
#4389=ADVANCED_FACE('',(#647),#4377,.F.);
#4390=ADVANCED_FACE('',(#648),#4378,.T.);
#4391=ADVANCED_FACE('',(#649,#433),#469,.F.);
#4392=ADVANCED_FACE('',(#650),#4379,.T.);
#4393=ADVANCED_FACE('',(#651,#434),#470,.T.);
#4394=ADVANCED_FACE('',(#652),#397,.F.);
#4395=ADVANCED_FACE('',(#653),#559,.F.);
#4396=ADVANCED_FACE('',(#654),#398,.F.);
#4397=ADVANCED_FACE('',(#655),#4380,.T.);
#4398=ADVANCED_FACE('',(#656),#560,.F.);
#4399=ADVANCED_FACE('',(#657),#4381,.T.);
#4400=ADVANCED_FACE('',(#658),#561,.F.);
#4401=ADVANCED_FACE('',(#659),#4382,.F.);
#4402=ADVANCED_FACE('',(#660),#4383,.T.);
#4403=ADVANCED_FACE('',(#661,#435),#471,.F.);
#4404=ADVANCED_FACE('',(#662),#4384,.T.);
#4405=ADVANCED_FACE('',(#663,#436),#472,.T.);
#4406=ADVANCED_FACE('',(#664),#399,.T.);
#4407=ADVANCED_FACE('',(#665),#562,.T.);
#4408=ADVANCED_FACE('',(#666),#400,.T.);
#4409=ADVANCED_FACE('',(#667),#333,.T.);
#4410=ADVANCED_FACE('',(#668),#334,.T.);
#4411=ADVANCED_FACE('',(#669),#335,.T.);
#4412=ADVANCED_FACE('',(#670),#336,.T.);
#4413=ADVANCED_FACE('',(#671),#337,.T.);
#4414=ADVANCED_FACE('',(#672),#338,.T.);
#4415=ADVANCED_FACE('',(#673),#339,.T.);
#4416=ADVANCED_FACE('',(#674),#340,.T.);
#4417=ADVANCED_FACE('',(#675),#563,.F.);
#4418=ADVANCED_FACE('',(#676),#564,.F.);
#4419=ADVANCED_FACE('',(#677),#565,.F.);
#4420=ADVANCED_FACE('',(#678),#566,.F.);
#4421=ADVANCED_FACE('',(#679),#567,.F.);
#4422=ADVANCED_FACE('',(#680),#568,.F.);
#4423=ADVANCED_FACE('',(#681),#569,.F.);
#4424=ADVANCED_FACE('',(#682),#570,.F.);
#4425=ADVANCED_FACE('',(#683),#301,.T.);
#4426=ADVANCED_FACE('',(#684),#571,.F.);
#4427=ADVANCED_FACE('',(#685,#437),#473,.F.);
#4428=ADVANCED_FACE('',(#686),#302,.T.);
#4429=ADVANCED_FACE('',(#687),#341,.T.);
#4430=ADVANCED_FACE('',(#688),#303,.T.);
#4431=ADVANCED_FACE('',(#689),#572,.F.);
#4432=ADVANCED_FACE('',(#690,#438),#474,.F.);
#4433=ADVANCED_FACE('',(#691),#304,.T.);
#4434=ADVANCED_FACE('',(#692),#342,.T.);
#4435=ADVANCED_FACE('',(#693),#305,.T.);
#4436=ADVANCED_FACE('',(#694),#343,.T.);
#4437=ADVANCED_FACE('',(#695,#439),#475,.F.);
#4438=ADVANCED_FACE('',(#696),#306,.T.);
#4439=ADVANCED_FACE('',(#697),#344,.T.);
#4440=ADVANCED_FACE('',(#698,#440),#476,.F.);
#4441=ADVANCED_FACE('',(#699),#307,.T.);
#4442=ADVANCED_FACE('',(#700),#573,.F.);
#4443=ADVANCED_FACE('',(#701,#441),#477,.F.);
#4444=ADVANCED_FACE('',(#702),#308,.T.);
#4445=ADVANCED_FACE('',(#703),#345,.T.);
#4446=ADVANCED_FACE('',(#704),#309,.T.);
#4447=ADVANCED_FACE('',(#705),#574,.T.);
#4448=ADVANCED_FACE('',(#706),#310,.T.);
#4449=ADVANCED_FACE('',(#707),#346,.T.);
#4450=ADVANCED_FACE('',(#708),#311,.T.);
#4451=ADVANCED_FACE('',(#709),#575,.T.);
#4452=ADVANCED_FACE('',(#710),#312,.T.);
#4453=ADVANCED_FACE('',(#711),#576,.T.);
#4454=ADVANCED_FACE('',(#712),#313,.T.);
#4455=ADVANCED_FACE('',(#713),#577,.T.);
#4456=ADVANCED_FACE('',(#714),#314,.T.);
#4457=ADVANCED_FACE('',(#715),#578,.T.);
#4458=ADVANCED_FACE('',(#716),#315,.T.);
#4459=ADVANCED_FACE('',(#717),#579,.T.);
#4460=ADVANCED_FACE('',(#718),#316,.T.);
#4461=ADVANCED_FACE('',(#719),#580,.T.);
#4462=ADVANCED_FACE('',(#720),#401,.F.);
#4463=ADVANCED_FACE('',(#721),#581,.F.);
#4464=ADVANCED_FACE('',(#722),#402,.F.);
#4465=ADVANCED_FACE('',(#723),#582,.F.);
#4466=ADVANCED_FACE('',(#724),#403,.F.);
#4467=ADVANCED_FACE('',(#725),#583,.F.);
#4468=ADVANCED_FACE('',(#726),#404,.F.);
#4469=ADVANCED_FACE('',(#727),#584,.F.);
#4470=ADVANCED_FACE('',(#728),#405,.F.);
#4471=ADVANCED_FACE('',(#729),#585,.F.);
#4472=ADVANCED_FACE('',(#730),#406,.F.);
#4473=ADVANCED_FACE('',(#731),#586,.F.);
#4474=ADVANCED_FACE('',(#732),#407,.F.);
#4475=ADVANCED_FACE('',(#733),#587,.F.);
#4476=ADVANCED_FACE('',(#734),#408,.F.);
#4477=ADVANCED_FACE('',(#735),#588,.F.);
#4478=ADVANCED_FACE('',(#736),#409,.T.);
#4479=ADVANCED_FACE('',(#737),#589,.T.);
#4480=ADVANCED_FACE('',(#738),#410,.T.);
#4481=ADVANCED_FACE('',(#739),#590,.T.);
#4482=ADVANCED_FACE('',(#740),#411,.T.);
#4483=ADVANCED_FACE('',(#741),#591,.T.);
#4484=ADVANCED_FACE('',(#742),#412,.T.);
#4485=ADVANCED_FACE('',(#743),#592,.T.);
#4486=ADVANCED_FACE('',(#744),#413,.T.);
#4487=ADVANCED_FACE('',(#745),#593,.T.);
#4488=ADVANCED_FACE('',(#746),#414,.T.);
#4489=ADVANCED_FACE('',(#747),#594,.T.);
#4490=ADVANCED_FACE('',(#748),#415,.T.);
#4491=ADVANCED_FACE('',(#749),#595,.T.);
#4492=ADVANCED_FACE('',(#750),#416,.T.);
#4493=ADVANCED_FACE('',(#751),#596,.T.);
#4494=ADVANCED_FACE('',(#752,#442),#478,.T.);
#4495=ADVANCED_FACE('',(#753,#443),#479,.T.);
#4496=ADVANCED_FACE('',(#754,#444),#480,.T.);
#4497=ADVANCED_FACE('',(#755),#347,.T.);
#4498=ADVANCED_FACE('',(#756),#348,.F.);
#4499=ADVANCED_FACE('',(#757,#445),#481,.T.);
#4500=ADVANCED_FACE('',(#758),#349,.T.);
#4501=ADVANCED_FACE('',(#759,#446),#482,.T.);
#4502=ADVANCED_FACE('',(#760),#597,.F.);
#4503=ADVANCED_FACE('',(#761),#350,.F.);
#4504=ADVANCED_FACE('',(#762,#447),#483,.F.);
#4505=ADVANCED_FACE('',(#763),#351,.F.);
#4506=ADVANCED_FACE('',(#764),#598,.F.);
#4507=ADVANCED_FACE('',(#765),#352,.F.);
#4508=ADVANCED_FACE('',(#766,#448),#484,.F.);
#4509=ADVANCED_FACE('',(#767,#449),#485,.T.);
#4510=ADVANCED_FACE('',(#768),#599,.T.);
#4511=ADVANCED_FACE('',(#769),#353,.F.);
#4512=ADVANCED_FACE('',(#770,#450),#486,.T.);
#4513=ADVANCED_FACE('',(#771),#600,.F.);
#4514=ADVANCED_FACE('',(#772),#354,.F.);
#4515=ADVANCED_FACE('',(#773,#451),#487,.T.);
#4516=ADVANCED_FACE('',(#774),#601,.F.);
#4517=ADVANCED_FACE('',(#775),#355,.F.);
#4518=ADVANCED_FACE('',(#776),#602,.F.);
#4519=ADVANCED_FACE('',(#777),#356,.F.);
#4520=ADVANCED_FACE('',(#778,#452),#488,.F.);
#4521=ADVANCED_FACE('',(#779),#603,.F.);
#4522=ADVANCED_FACE('',(#780),#604,.F.);
#4523=ADVANCED_FACE('',(#781),#605,.F.);
#4524=ADVANCED_FACE('',(#782),#606,.F.);
#4525=ADVANCED_FACE('',(#783),#607,.F.);
#4526=ADVANCED_FACE('',(#784),#608,.F.);
#4527=ADVANCED_FACE('',(#785),#609,.F.);
#4528=ADVANCED_FACE('',(#786),#610,.F.);
#4529=ADVANCED_FACE('',(#787),#317,.F.);
#4530=ADVANCED_FACE('',(#788),#611,.F.);
#4531=ADVANCED_FACE('',(#789,#453),#489,.T.);
#4532=ADVANCED_FACE('',(#790),#318,.F.);
#4533=ADVANCED_FACE('',(#791),#357,.T.);
#4534=ADVANCED_FACE('',(#792),#319,.F.);
#4535=ADVANCED_FACE('',(#793),#612,.F.);
#4536=ADVANCED_FACE('',(#794,#454),#490,.T.);
#4537=ADVANCED_FACE('',(#795),#320,.F.);
#4538=ADVANCED_FACE('',(#796),#358,.T.);
#4539=ADVANCED_FACE('',(#797),#321,.F.);
#4540=ADVANCED_FACE('',(#798),#359,.T.);
#4541=ADVANCED_FACE('',(#799,#455),#491,.T.);
#4542=ADVANCED_FACE('',(#800),#322,.F.);
#4543=ADVANCED_FACE('',(#801),#360,.T.);
#4544=ADVANCED_FACE('',(#802,#456),#492,.T.);
#4545=ADVANCED_FACE('',(#803),#323,.F.);
#4546=ADVANCED_FACE('',(#804),#613,.F.);
#4547=ADVANCED_FACE('',(#805,#457),#493,.T.);
#4548=ADVANCED_FACE('',(#806),#324,.F.);
#4549=ADVANCED_FACE('',(#807),#361,.T.);
#4550=ADVANCED_FACE('',(#808),#325,.F.);
#4551=ADVANCED_FACE('',(#809),#614,.T.);
#4552=ADVANCED_FACE('',(#810),#326,.F.);
#4553=ADVANCED_FACE('',(#811),#362,.T.);
#4554=ADVANCED_FACE('',(#812),#327,.F.);
#4555=ADVANCED_FACE('',(#813),#615,.T.);
#4556=ADVANCED_FACE('',(#814),#328,.F.);
#4557=ADVANCED_FACE('',(#815),#616,.T.);
#4558=ADVANCED_FACE('',(#816),#329,.F.);
#4559=ADVANCED_FACE('',(#817),#617,.T.);
#4560=ADVANCED_FACE('',(#818),#330,.F.);
#4561=ADVANCED_FACE('',(#819),#618,.T.);
#4562=ADVANCED_FACE('',(#820),#331,.F.);
#4563=ADVANCED_FACE('',(#821),#619,.T.);
#4564=ADVANCED_FACE('',(#822),#332,.F.);
#4565=ADVANCED_FACE('',(#823),#620,.T.);
#4566=ADVANCED_FACE('',(#824),#417,.F.);
#4567=ADVANCED_FACE('',(#825),#621,.F.);
#4568=ADVANCED_FACE('',(#826),#418,.F.);
#4569=ADVANCED_FACE('',(#827),#622,.F.);
#4570=ADVANCED_FACE('',(#828),#419,.F.);
#4571=ADVANCED_FACE('',(#829),#623,.F.);
#4572=ADVANCED_FACE('',(#830),#420,.F.);
#4573=ADVANCED_FACE('',(#831),#624,.F.);
#4574=ADVANCED_FACE('',(#832),#421,.F.);
#4575=ADVANCED_FACE('',(#833),#625,.F.);
#4576=ADVANCED_FACE('',(#834),#422,.F.);
#4577=ADVANCED_FACE('',(#835),#626,.F.);
#4578=ADVANCED_FACE('',(#836),#423,.F.);
#4579=ADVANCED_FACE('',(#837),#627,.F.);
#4580=ADVANCED_FACE('',(#838),#424,.F.);
#4581=ADVANCED_FACE('',(#839),#628,.F.);
#4582=ADVANCED_FACE('',(#840),#425,.T.);
#4583=ADVANCED_FACE('',(#841),#629,.T.);
#4584=ADVANCED_FACE('',(#842),#426,.T.);
#4585=ADVANCED_FACE('',(#843),#630,.T.);
#4586=ADVANCED_FACE('',(#844),#427,.T.);
#4587=ADVANCED_FACE('',(#845),#631,.T.);
#4588=ADVANCED_FACE('',(#846),#428,.T.);
#4589=ADVANCED_FACE('',(#847),#632,.T.);
#4590=ADVANCED_FACE('',(#848),#429,.T.);
#4591=ADVANCED_FACE('',(#849),#633,.T.);
#4592=ADVANCED_FACE('',(#850),#430,.T.);
#4593=ADVANCED_FACE('',(#851),#634,.T.);
#4594=ADVANCED_FACE('',(#852),#431,.T.);
#4595=ADVANCED_FACE('',(#853),#635,.T.);
#4596=ADVANCED_FACE('',(#854),#432,.T.);
#4597=ADVANCED_FACE('',(#855),#636,.T.);
#4598=ADVANCED_FACE('',(#856,#458),#494,.F.);
#4599=ADVANCED_FACE('',(#857,#459),#495,.F.);
#4600=ADVANCED_FACE('',(#858,#460),#496,.F.);
#4601=ADVANCED_FACE('',(#859),#363,.T.);
#4602=ADVANCED_FACE('',(#860),#364,.F.);
#4603=ADVANCED_FACE('',(#861,#461),#497,.F.);
#4604=ADVANCED_FACE('',(#862),#365,.T.);
#4605=ADVANCED_FACE('',(#863,#462),#498,.F.);
#4606=ADVANCED_FACE('',(#864),#637,.F.);
#4607=ADVANCED_FACE('',(#865),#366,.F.);
#4608=ADVANCED_FACE('',(#866,#463),#499,.T.);
#4609=ADVANCED_FACE('',(#867),#367,.F.);
#4610=ADVANCED_FACE('',(#868),#638,.F.);
#4611=ADVANCED_FACE('',(#869),#368,.F.);
#4612=ADVANCED_FACE('',(#870,#464),#500,.T.);
#4613=ADVANCED_FACE('',(#871,#465),#501,.F.);
#4614=ADVANCED_FACE('',(#872),#639,.T.);
#4615=ADVANCED_FACE('',(#873),#369,.F.);
#4616=ADVANCED_FACE('',(#874,#466),#502,.F.);
#4617=ADVANCED_FACE('',(#875),#640,.F.);
#4618=ADVANCED_FACE('',(#876),#370,.F.);
#4619=ADVANCED_FACE('',(#877,#467),#503,.F.);
#4620=ADVANCED_FACE('',(#878),#641,.F.);
#4621=ADVANCED_FACE('',(#879),#371,.F.);
#4622=ADVANCED_FACE('',(#880),#642,.F.);
#4623=ADVANCED_FACE('',(#881),#372,.F.);
#4624=ADVANCED_FACE('',(#882,#468),#504,.T.);
#4625=CLOSED_SHELL('',(#4385,#4386,#4387,#4388,#4389,#4390,#4391,#4392,
#4393,#4394,#4395,#4396));
#4626=CLOSED_SHELL('',(#4397,#4398,#4399,#4400,#4401,#4402,#4403,#4404,
#4405,#4406,#4407,#4408));
#4627=CLOSED_SHELL('',(#4409));
#4628=CLOSED_SHELL('',(#4410));
#4629=CLOSED_SHELL('',(#4411));
#4630=CLOSED_SHELL('',(#4412));
#4631=CLOSED_SHELL('',(#4413));
#4632=CLOSED_SHELL('',(#4414));
#4633=CLOSED_SHELL('',(#4415));
#4634=CLOSED_SHELL('',(#4416));
#4635=CLOSED_SHELL('',(#4417,#4418,#4419,#4420,#4421,#4422,#4423,#4424,
#4425,#4426,#4427,#4428,#4429,#4430,#4431,#4432,#4433,#4434,#4435,#4436,
#4437,#4438,#4439,#4440,#4441,#4442,#4443,#4444,#4445,#4446,#4447,#4448,
#4449,#4450,#4451,#4452,#4453,#4454,#4455,#4456,#4457,#4458,#4459,#4460,
#4461,#4462,#4463,#4464,#4465,#4466,#4467,#4468,#4469,#4470,#4471,#4472,
#4473,#4474,#4475,#4476,#4477,#4478,#4479,#4480,#4481,#4482,#4483,#4484,
#4485,#4486,#4487,#4488,#4489,#4490,#4491,#4492,#4493,#4494,#4495,#4496,
#4497,#4498,#4499,#4500,#4501,#4502,#4503,#4504,#4505,#4506,#4507,#4508,
#4509,#4510,#4511,#4512,#4513,#4514,#4515,#4516,#4517,#4518,#4519,#4520));
#4636=CLOSED_SHELL('',(#4521,#4522,#4523,#4524,#4525,#4526,#4527,#4528,
#4529,#4530,#4531,#4532,#4533,#4534,#4535,#4536,#4537,#4538,#4539,#4540,
#4541,#4542,#4543,#4544,#4545,#4546,#4547,#4548,#4549,#4550,#4551,#4552,
#4553,#4554,#4555,#4556,#4557,#4558,#4559,#4560,#4561,#4562,#4563,#4564,
#4565,#4566,#4567,#4568,#4569,#4570,#4571,#4572,#4573,#4574,#4575,#4576,
#4577,#4578,#4579,#4580,#4581,#4582,#4583,#4584,#4585,#4586,#4587,#4588,
#4589,#4590,#4591,#4592,#4593,#4594,#4595,#4596,#4597,#4598,#4599,#4600,
#4601,#4602,#4603,#4604,#4605,#4606,#4607,#4608,#4609,#4610,#4611,#4612,
#4613,#4614,#4615,#4616,#4617,#4618,#4619,#4620,#4621,#4622,#4623,#4624));
#4637=DERIVED_UNIT_ELEMENT(#4639,1.);
#4638=DERIVED_UNIT_ELEMENT(#10888,-3.);
#4639=(
MASS_UNIT()
NAMED_UNIT(*)
SI_UNIT(.KILO.,.GRAM.)
);
#4640=DERIVED_UNIT((#4637,#4638));
#4641=MEASURE_REPRESENTATION_ITEM('density measure',
POSITIVE_RATIO_MEASURE(7850.),#4640);
#4642=PROPERTY_DEFINITION_REPRESENTATION(#4647,#4644);
#4643=PROPERTY_DEFINITION_REPRESENTATION(#4648,#4645);
#4644=REPRESENTATION('material name',(#4646),#10885);
#4645=REPRESENTATION('density',(#4641),#10885);
#4646=DESCRIPTIVE_REPRESENTATION_ITEM('Steel','Steel');
#4647=PROPERTY_DEFINITION('material property','material name',#10895);
#4648=PROPERTY_DEFINITION('material property','density of part',#10895);
#4649=AXIS2_PLACEMENT_3D('',#6610,#5294,#5295);
#4650=AXIS2_PLACEMENT_3D('',#6611,#5296,#5297);
#4651=AXIS2_PLACEMENT_3D('',#6614,#5298,#5299);
#4652=AXIS2_PLACEMENT_3D('',#6616,#5300,#5301);
#4653=AXIS2_PLACEMENT_3D('',#6617,#5302,#5303);
#4654=AXIS2_PLACEMENT_3D('',#6618,#5304,#5305);
#4655=AXIS2_PLACEMENT_3D('',#6619,#5306,#5307);
#4656=AXIS2_PLACEMENT_3D('',#6623,#5309,#5310);
#4657=AXIS2_PLACEMENT_3D('',#6624,#5311,#5312);
#4658=AXIS2_PLACEMENT_3D('',#6625,#5313,#5314);
#4659=AXIS2_PLACEMENT_3D('',#6628,#5315,#5316);
#4660=AXIS2_PLACEMENT_3D('',#6630,#5317,#5318);
#4661=AXIS2_PLACEMENT_3D('',#6632,#5319,#5320);
#4662=AXIS2_PLACEMENT_3D('',#6633,#5321,#5322);
#4663=AXIS2_PLACEMENT_3D('',#6634,#5323,#5324);
#4664=AXIS2_PLACEMENT_3D('',#6635,#5325,#5326);
#4665=AXIS2_PLACEMENT_3D('',#6638,#5327,#5328);
#4666=AXIS2_PLACEMENT_3D('',#6640,#5330,#5331);
#4667=AXIS2_PLACEMENT_3D('',#6641,#5332,#5333);
#4668=AXIS2_PLACEMENT_3D('',#6642,#5334,#5335);
#4669=AXIS2_PLACEMENT_3D('',#6643,#5336,#5337);
#4670=AXIS2_PLACEMENT_3D('',#6645,#5338,#5339);
#4671=AXIS2_PLACEMENT_3D('',#6646,#5340,#5341);
#4672=AXIS2_PLACEMENT_3D('',#6647,#5342,#5343);
#4673=AXIS2_PLACEMENT_3D('',#6649,#5344,#5345);
#4674=AXIS2_PLACEMENT_3D('',#6650,#5346,#5347);
#4675=AXIS2_PLACEMENT_3D('',#6652,#5348,#5349);
#4676=AXIS2_PLACEMENT_3D('',#6653,#5350,#5351);
#4677=AXIS2_PLACEMENT_3D('',#6654,#5352,#5353);
#4678=AXIS2_PLACEMENT_3D('',#6656,#5354,#5355);
#4679=AXIS2_PLACEMENT_3D('',#6657,#5356,#5357);
#4680=AXIS2_PLACEMENT_3D('',#6660,#5359,#5360);
#4681=AXIS2_PLACEMENT_3D('',#6661,#5361,#5362);
#4682=AXIS2_PLACEMENT_3D('',#6663,#5363,#5364);
#4683=AXIS2_PLACEMENT_3D('',#6665,#5366,#5367);
#4684=AXIS2_PLACEMENT_3D('',#6667,#5369,#5370);
#4685=AXIS2_PLACEMENT_3D('',#6670,#5371,#5372);
#4686=AXIS2_PLACEMENT_3D('',#6672,#5373,#5374);
#4687=AXIS2_PLACEMENT_3D('',#6674,#5375,#5376);
#4688=AXIS2_PLACEMENT_3D('',#6675,#5377,#5378);
#4689=AXIS2_PLACEMENT_3D('',#6676,#5379,#5380);
#4690=AXIS2_PLACEMENT_3D('',#6677,#5381,#5382);
#4691=AXIS2_PLACEMENT_3D('',#6681,#5384,#5385);
#4692=AXIS2_PLACEMENT_3D('',#6682,#5386,#5387);
#4693=AXIS2_PLACEMENT_3D('',#6683,#5388,#5389);
#4694=AXIS2_PLACEMENT_3D('',#6686,#5390,#5391);
#4695=AXIS2_PLACEMENT_3D('',#6688,#5392,#5393);
#4696=AXIS2_PLACEMENT_3D('',#6689,#5394,#5395);
#4697=AXIS2_PLACEMENT_3D('',#6690,#5396,#5397);
#4698=AXIS2_PLACEMENT_3D('',#6691,#5398,#5399);
#4699=AXIS2_PLACEMENT_3D('',#6694,#5400,#5401);
#4700=AXIS2_PLACEMENT_3D('',#6696,#5403,#5404);
#4701=AXIS2_PLACEMENT_3D('',#6697,#5405,#5406);
#4702=AXIS2_PLACEMENT_3D('',#6698,#5407,#5408);
#4703=AXIS2_PLACEMENT_3D('',#6699,#5409,#5410);
#4704=AXIS2_PLACEMENT_3D('',#6701,#5411,#5412);
#4705=AXIS2_PLACEMENT_3D('',#6702,#5413,#5414);
#4706=AXIS2_PLACEMENT_3D('',#6703,#5415,#5416);
#4707=AXIS2_PLACEMENT_3D('',#6705,#5417,#5418);
#4708=AXIS2_PLACEMENT_3D('',#6706,#5419,#5420);
#4709=AXIS2_PLACEMENT_3D('',#6708,#5421,#5422);
#4710=AXIS2_PLACEMENT_3D('',#6709,#5423,#5424);
#4711=AXIS2_PLACEMENT_3D('',#6710,#5425,#5426);
#4712=AXIS2_PLACEMENT_3D('',#6712,#5427,#5428);
#4713=AXIS2_PLACEMENT_3D('',#6713,#5429,#5430);
#4714=AXIS2_PLACEMENT_3D('',#6716,#5432,#5433);
#4715=AXIS2_PLACEMENT_3D('',#6717,#5434,#5435);
#4716=AXIS2_PLACEMENT_3D('',#6719,#5436,#5437);
#4717=AXIS2_PLACEMENT_3D('',#6721,#5439,#5440);
#4718=AXIS2_PLACEMENT_3D('',#6723,#5442,#5443);
#4719=AXIS2_PLACEMENT_3D('',#6726,#5444,#5445);
#4720=AXIS2_PLACEMENT_3D('',#6727,#5446,#5447);
#4721=AXIS2_PLACEMENT_3D('',#6730,#5448,#5449);
#4722=AXIS2_PLACEMENT_3D('',#6731,#5450,#5451);
#4723=AXIS2_PLACEMENT_3D('',#6734,#5452,#5453);
#4724=AXIS2_PLACEMENT_3D('',#6735,#5454,#5455);
#4725=AXIS2_PLACEMENT_3D('',#6738,#5456,#5457);
#4726=AXIS2_PLACEMENT_3D('',#6739,#5458,#5459);
#4727=AXIS2_PLACEMENT_3D('',#6742,#5460,#5461);
#4728=AXIS2_PLACEMENT_3D('',#6743,#5462,#5463);
#4729=AXIS2_PLACEMENT_3D('',#6746,#5464,#5465);
#4730=AXIS2_PLACEMENT_3D('',#6747,#5466,#5467);
#4731=AXIS2_PLACEMENT_3D('',#6750,#5468,#5469);
#4732=AXIS2_PLACEMENT_3D('',#6751,#5470,#5471);
#4733=AXIS2_PLACEMENT_3D('',#6754,#5472,#5473);
#4734=AXIS2_PLACEMENT_3D('',#6755,#5474,#5475);
#4735=AXIS2_PLACEMENT_3D('',#6757,#5476,#5477);
#4736=AXIS2_PLACEMENT_3D('',#6760,#5479,#5480);
#4737=AXIS2_PLACEMENT_3D('',#6761,#5481,#5482);
#4738=AXIS2_PLACEMENT_3D('',#6763,#5483,#5484);
#4739=AXIS2_PLACEMENT_3D('',#6766,#5486,#5487);
#4740=AXIS2_PLACEMENT_3D('',#6767,#5488,#5489);
#4741=AXIS2_PLACEMENT_3D('',#6769,#5490,#5491);
#4742=AXIS2_PLACEMENT_3D('',#6772,#5493,#5494);
#4743=AXIS2_PLACEMENT_3D('',#6773,#5495,#5496);
#4744=AXIS2_PLACEMENT_3D('',#6775,#5497,#5498);
#4745=AXIS2_PLACEMENT_3D('',#6778,#5500,#5501);
#4746=AXIS2_PLACEMENT_3D('',#6779,#5502,#5503);
#4747=AXIS2_PLACEMENT_3D('',#6781,#5504,#5505);
#4748=AXIS2_PLACEMENT_3D('',#6784,#5507,#5508);
#4749=AXIS2_PLACEMENT_3D('',#6785,#5509,#5510);
#4750=AXIS2_PLACEMENT_3D('',#6787,#5511,#5512);
#4751=AXIS2_PLACEMENT_3D('',#6790,#5514,#5515);
#4752=AXIS2_PLACEMENT_3D('',#6791,#5516,#5517);
#4753=AXIS2_PLACEMENT_3D('',#6793,#5518,#5519);
#4754=AXIS2_PLACEMENT_3D('',#6796,#5521,#5522);
#4755=AXIS2_PLACEMENT_3D('',#6797,#5523,#5524);
#4756=AXIS2_PLACEMENT_3D('',#6799,#5525,#5526);
#4757=AXIS2_PLACEMENT_3D('',#6802,#5528,#5529);
#4758=AXIS2_PLACEMENT_3D('',#6861,#5530,#5531);
#4759=AXIS2_PLACEMENT_3D('',#6863,#5532,#5533);
#4760=AXIS2_PLACEMENT_3D('',#6887,#5534,#5535);
#4761=AXIS2_PLACEMENT_3D('',#6888,#5536,#5537);
#4762=AXIS2_PLACEMENT_3D('',#6890,#5538,#5539);
#4763=AXIS2_PLACEMENT_3D('',#6892,#5540,#5541);
#4764=AXIS2_PLACEMENT_3D('',#6894,#5542,#5543);
#4765=AXIS2_PLACEMENT_3D('',#6903,#5544,#5545);
#4766=AXIS2_PLACEMENT_3D('',#6905,#5546,#5547);
#4767=AXIS2_PLACEMENT_3D('',#6907,#5548,#5549);
#4768=AXIS2_PLACEMENT_3D('',#6916,#5550,#5551);
#4769=AXIS2_PLACEMENT_3D('',#6918,#5552,#5553);
#4770=AXIS2_PLACEMENT_3D('',#6920,#5554,#5555);
#4771=AXIS2_PLACEMENT_3D('',#6929,#5556,#5557);
#4772=AXIS2_PLACEMENT_3D('',#6931,#5558,#5559);
#4773=AXIS2_PLACEMENT_3D('',#6932,#5560,#5561);
#4774=AXIS2_PLACEMENT_3D('',#6983,#5562,#5563);
#4775=AXIS2_PLACEMENT_3D('',#6995,#5564,#5565);
#4776=AXIS2_PLACEMENT_3D('',#7016,#5566,#5567);
#4777=AXIS2_PLACEMENT_3D('',#7028,#5568,#5569);
#4778=AXIS2_PLACEMENT_3D('',#7030,#5570,#5571);
#4779=AXIS2_PLACEMENT_3D('',#7032,#5572,#5573);
#4780=AXIS2_PLACEMENT_3D('',#7043,#5574,#5575);
#4781=AXIS2_PLACEMENT_3D('',#7102,#5576,#5577);
#4782=AXIS2_PLACEMENT_3D('',#7104,#5578,#5579);
#4783=AXIS2_PLACEMENT_3D('',#7128,#5580,#5581);
#4784=AXIS2_PLACEMENT_3D('',#7129,#5582,#5583);
#4785=AXIS2_PLACEMENT_3D('',#7131,#5584,#5585);
#4786=AXIS2_PLACEMENT_3D('',#7133,#5586,#5587);
#4787=AXIS2_PLACEMENT_3D('',#7135,#5588,#5589);
#4788=AXIS2_PLACEMENT_3D('',#7144,#5590,#5591);
#4789=AXIS2_PLACEMENT_3D('',#7146,#5592,#5593);
#4790=AXIS2_PLACEMENT_3D('',#7148,#5594,#5595);
#4791=AXIS2_PLACEMENT_3D('',#7157,#5596,#5597);
#4792=AXIS2_PLACEMENT_3D('',#7159,#5598,#5599);
#4793=AXIS2_PLACEMENT_3D('',#7161,#5600,#5601);
#4794=AXIS2_PLACEMENT_3D('',#7170,#5602,#5603);
#4795=AXIS2_PLACEMENT_3D('',#7172,#5604,#5605);
#4796=AXIS2_PLACEMENT_3D('',#7173,#5606,#5607);
#4797=AXIS2_PLACEMENT_3D('',#7224,#5608,#5609);
#4798=AXIS2_PLACEMENT_3D('',#7236,#5610,#5611);
#4799=AXIS2_PLACEMENT_3D('',#7257,#5612,#5613);
#4800=AXIS2_PLACEMENT_3D('',#7269,#5614,#5615);
#4801=AXIS2_PLACEMENT_3D('',#7271,#5616,#5617);
#4802=AXIS2_PLACEMENT_3D('',#7273,#5618,#5619);
#4803=AXIS2_PLACEMENT_3D('',#7284,#5620,#5621);
#4804=AXIS2_PLACEMENT_3D('',#7343,#5622,#5623);
#4805=AXIS2_PLACEMENT_3D('',#7345,#5624,#5625);
#4806=AXIS2_PLACEMENT_3D('',#7357,#5626,#5627);
#4807=AXIS2_PLACEMENT_3D('',#7369,#5628,#5629);
#4808=AXIS2_PLACEMENT_3D('',#7381,#5630,#5631);
#4809=AXIS2_PLACEMENT_3D('',#7393,#5632,#5633);
#4810=AXIS2_PLACEMENT_3D('',#7395,#5634,#5635);
#4811=AXIS2_PLACEMENT_3D('',#7397,#5636,#5637);
#4812=AXIS2_PLACEMENT_3D('',#7408,#5638,#5639);
#4813=AXIS2_PLACEMENT_3D('',#7409,#5640,#5641);
#4814=AXIS2_PLACEMENT_3D('',#7410,#5642,#5643);
#4815=AXIS2_PLACEMENT_3D('',#7412,#5644,#5645);
#4816=AXIS2_PLACEMENT_3D('',#7414,#5646,#5647);
#4817=AXIS2_PLACEMENT_3D('',#7416,#5648,#5649);
#4818=AXIS2_PLACEMENT_3D('',#7423,#5650,#5651);
#4819=AXIS2_PLACEMENT_3D('',#7432,#5652,#5653);
#4820=AXIS2_PLACEMENT_3D('',#7434,#5654,#5655);
#4821=AXIS2_PLACEMENT_3D('',#7436,#5656,#5657);
#4822=AXIS2_PLACEMENT_3D('',#7437,#5658,#5659);
#4823=AXIS2_PLACEMENT_3D('',#7496,#5660,#5661);
#4824=AXIS2_PLACEMENT_3D('',#7498,#5662,#5663);
#4825=AXIS2_PLACEMENT_3D('',#7510,#5664,#5665);
#4826=AXIS2_PLACEMENT_3D('',#7522,#5666,#5667);
#4827=AXIS2_PLACEMENT_3D('',#7534,#5668,#5669);
#4828=AXIS2_PLACEMENT_3D('',#7546,#5670,#5671);
#4829=AXIS2_PLACEMENT_3D('',#7548,#5672,#5673);
#4830=AXIS2_PLACEMENT_3D('',#7550,#5674,#5675);
#4831=AXIS2_PLACEMENT_3D('',#7561,#5676,#5677);
#4832=AXIS2_PLACEMENT_3D('',#7562,#5678,#5679);
#4833=AXIS2_PLACEMENT_3D('',#7563,#5680,#5681);
#4834=AXIS2_PLACEMENT_3D('',#7565,#5682,#5683);
#4835=AXIS2_PLACEMENT_3D('',#7567,#5684,#5685);
#4836=AXIS2_PLACEMENT_3D('',#7569,#5686,#5687);
#4837=AXIS2_PLACEMENT_3D('',#7576,#5688,#5689);
#4838=AXIS2_PLACEMENT_3D('',#7585,#5690,#5691);
#4839=AXIS2_PLACEMENT_3D('',#7587,#5692,#5693);
#4840=AXIS2_PLACEMENT_3D('',#7589,#5694,#5695);
#4841=AXIS2_PLACEMENT_3D('',#7590,#5696,#5697);
#4842=AXIS2_PLACEMENT_3D('',#7649,#5698,#5699);
#4843=AXIS2_PLACEMENT_3D('',#7651,#5700,#5701);
#4844=AXIS2_PLACEMENT_3D('',#7675,#5702,#5703);
#4845=AXIS2_PLACEMENT_3D('',#7676,#5704,#5705);
#4846=AXIS2_PLACEMENT_3D('',#7678,#5706,#5707);
#4847=AXIS2_PLACEMENT_3D('',#7680,#5708,#5709);
#4848=AXIS2_PLACEMENT_3D('',#7682,#5710,#5711);
#4849=AXIS2_PLACEMENT_3D('',#7691,#5712,#5713);
#4850=AXIS2_PLACEMENT_3D('',#7693,#5714,#5715);
#4851=AXIS2_PLACEMENT_3D('',#7695,#5716,#5717);
#4852=AXIS2_PLACEMENT_3D('',#7704,#5718,#5719);
#4853=AXIS2_PLACEMENT_3D('',#7706,#5720,#5721);
#4854=AXIS2_PLACEMENT_3D('',#7708,#5722,#5723);
#4855=AXIS2_PLACEMENT_3D('',#7717,#5724,#5725);
#4856=AXIS2_PLACEMENT_3D('',#7719,#5726,#5727);
#4857=AXIS2_PLACEMENT_3D('',#7720,#5728,#5729);
#4858=AXIS2_PLACEMENT_3D('',#7771,#5730,#5731);
#4859=AXIS2_PLACEMENT_3D('',#7783,#5732,#5733);
#4860=AXIS2_PLACEMENT_3D('',#7804,#5734,#5735);
#4861=AXIS2_PLACEMENT_3D('',#7816,#5736,#5737);
#4862=AXIS2_PLACEMENT_3D('',#7818,#5738,#5739);
#4863=AXIS2_PLACEMENT_3D('',#7820,#5740,#5741);
#4864=AXIS2_PLACEMENT_3D('',#7831,#5742,#5743);
#4865=AXIS2_PLACEMENT_3D('',#7884,#5744,#5745);
#4866=AXIS2_PLACEMENT_3D('',#7904,#5746,#5747);
#4867=AXIS2_PLACEMENT_3D('',#7967,#5748,#5749);
#4868=AXIS2_PLACEMENT_3D('',#7969,#5750,#5751);
#4869=AXIS2_PLACEMENT_3D('',#7981,#5752,#5753);
#4870=AXIS2_PLACEMENT_3D('',#7992,#5754,#5755);
#4871=AXIS2_PLACEMENT_3D('',#8004,#5756,#5757);
#4872=AXIS2_PLACEMENT_3D('',#8006,#5758,#5759);
#4873=AXIS2_PLACEMENT_3D('',#8008,#5760,#5761);
#4874=AXIS2_PLACEMENT_3D('',#8070,#5762,#5763);
#4875=AXIS2_PLACEMENT_3D('',#8090,#5764,#5765);
#4876=AXIS2_PLACEMENT_3D('',#8136,#5766,#5767);
#4877=AXIS2_PLACEMENT_3D('',#8200,#5768,#5769);
#4878=AXIS2_PLACEMENT_3D('',#8281,#5770,#5771);
#4879=AXIS2_PLACEMENT_3D('',#8283,#5772,#5773);
#4880=AXIS2_PLACEMENT_3D('',#8354,#5774,#5775);
#4881=AXIS2_PLACEMENT_3D('',#8374,#5776,#5777);
#4882=AXIS2_PLACEMENT_3D('',#8437,#5778,#5779);
#4883=AXIS2_PLACEMENT_3D('',#8439,#5780,#5781);
#4884=AXIS2_PLACEMENT_3D('',#8458,#5782,#5783);
#4885=AXIS2_PLACEMENT_3D('',#8460,#5784,#5785);
#4886=AXIS2_PLACEMENT_3D('',#8466,#5786,#5787);
#4887=AXIS2_PLACEMENT_3D('',#8467,#5788,#5789);
#4888=AXIS2_PLACEMENT_3D('',#8472,#5790,#5791);
#4889=AXIS2_PLACEMENT_3D('',#8479,#5792,#5793);
#4890=AXIS2_PLACEMENT_3D('',#8480,#5794,#5795);
#4891=AXIS2_PLACEMENT_3D('',#8481,#5796,#5797);
#4892=AXIS2_PLACEMENT_3D('',#8487,#5798,#5799);
#4893=AXIS2_PLACEMENT_3D('',#8488,#5800,#5801);
#4894=AXIS2_PLACEMENT_3D('',#8490,#5802,#5803);
#4895=AXIS2_PLACEMENT_3D('',#8496,#5804,#5805);
#4896=AXIS2_PLACEMENT_3D('',#8497,#5806,#5807);
#4897=AXIS2_PLACEMENT_3D('',#8502,#5808,#5809);
#4898=AXIS2_PLACEMENT_3D('',#8503,#5810,#5811);
#4899=AXIS2_PLACEMENT_3D('',#8504,#5812,#5813);
#4900=AXIS2_PLACEMENT_3D('',#8505,#5814,#5815);
#4901=AXIS2_PLACEMENT_3D('',#8506,#5816,#5817);
#4902=AXIS2_PLACEMENT_3D('',#8507,#5818,#5819);
#4903=AXIS2_PLACEMENT_3D('',#8508,#5820,#5821);
#4904=AXIS2_PLACEMENT_3D('',#8509,#5822,#5823);
#4905=AXIS2_PLACEMENT_3D('',#8510,#5824,#5825);
#4906=AXIS2_PLACEMENT_3D('',#8511,#5826,#5827);
#4907=AXIS2_PLACEMENT_3D('',#8512,#5828,#5829);
#4908=AXIS2_PLACEMENT_3D('',#8513,#5830,#5831);
#4909=AXIS2_PLACEMENT_3D('',#8514,#5832,#5833);
#4910=AXIS2_PLACEMENT_3D('',#8515,#5834,#5835);
#4911=AXIS2_PLACEMENT_3D('',#8516,#5836,#5837);
#4912=AXIS2_PLACEMENT_3D('',#8517,#5838,#5839);
#4913=AXIS2_PLACEMENT_3D('',#8518,#5840,#5841);
#4914=AXIS2_PLACEMENT_3D('',#8519,#5842,#5843);
#4915=AXIS2_PLACEMENT_3D('',#8526,#5844,#5845);
#4916=AXIS2_PLACEMENT_3D('',#8527,#5846,#5847);
#4917=AXIS2_PLACEMENT_3D('',#8528,#5848,#5849);
#4918=AXIS2_PLACEMENT_3D('',#8534,#5850,#5851);
#4919=AXIS2_PLACEMENT_3D('',#8535,#5852,#5853);
#4920=AXIS2_PLACEMENT_3D('',#8536,#5854,#5855);
#4921=AXIS2_PLACEMENT_3D('',#8537,#5856,#5857);
#4922=AXIS2_PLACEMENT_3D('',#8538,#5858,#5859);
#4923=AXIS2_PLACEMENT_3D('',#8539,#5860,#5861);
#4924=AXIS2_PLACEMENT_3D('',#8540,#5862,#5863);
#4925=AXIS2_PLACEMENT_3D('',#8541,#5864,#5865);
#4926=AXIS2_PLACEMENT_3D('',#8542,#5866,#5867);
#4927=AXIS2_PLACEMENT_3D('',#8543,#5868,#5869);
#4928=AXIS2_PLACEMENT_3D('',#8544,#5870,#5871);
#4929=AXIS2_PLACEMENT_3D('',#8545,#5872,#5873);
#4930=AXIS2_PLACEMENT_3D('',#8546,#5874,#5875);
#4931=AXIS2_PLACEMENT_3D('',#8547,#5876,#5877);
#4932=AXIS2_PLACEMENT_3D('',#8548,#5878,#5879);
#4933=AXIS2_PLACEMENT_3D('',#8549,#5880,#5881);
#4934=AXIS2_PLACEMENT_3D('',#8550,#5882,#5883);
#4935=AXIS2_PLACEMENT_3D('',#8551,#5884,#5885);
#4936=AXIS2_PLACEMENT_3D('',#8552,#5886,#5887);
#4937=AXIS2_PLACEMENT_3D('',#8559,#5888,#5889);
#4938=AXIS2_PLACEMENT_3D('',#8560,#5890,#5891);
#4939=AXIS2_PLACEMENT_3D('',#8561,#5892,#5893);
#4940=AXIS2_PLACEMENT_3D('',#8566,#5894,#5895);
#4941=AXIS2_PLACEMENT_3D('',#8568,#5896,#5897);
#4942=AXIS2_PLACEMENT_3D('',#8574,#5898,#5899);
#4943=AXIS2_PLACEMENT_3D('',#8575,#5900,#5901);
#4944=AXIS2_PLACEMENT_3D('',#8577,#5902,#5903);
#4945=AXIS2_PLACEMENT_3D('',#8582,#5904,#5905);
#4946=AXIS2_PLACEMENT_3D('',#8589,#5906,#5907);
#4947=AXIS2_PLACEMENT_3D('',#8590,#5908,#5909);
#4948=AXIS2_PLACEMENT_3D('',#8591,#5910,#5911);
#4949=AXIS2_PLACEMENT_3D('',#8596,#5912,#5913);
#4950=AXIS2_PLACEMENT_3D('',#8598,#5914,#5915);
#4951=AXIS2_PLACEMENT_3D('',#8604,#5916,#5917);
#4952=AXIS2_PLACEMENT_3D('',#8605,#5918,#5919);
#4953=AXIS2_PLACEMENT_3D('',#8607,#5920,#5921);
#4954=AXIS2_PLACEMENT_3D('',#8612,#5922,#5923);
#4955=AXIS2_PLACEMENT_3D('',#8613,#5924,#5925);
#4956=AXIS2_PLACEMENT_3D('',#8615,#5926,#5927);
#4957=AXIS2_PLACEMENT_3D('',#8616,#5928,#5929);
#4958=AXIS2_PLACEMENT_3D('',#8617,#5930,#5931);
#4959=AXIS2_PLACEMENT_3D('',#8618,#5932,#5933);
#4960=AXIS2_PLACEMENT_3D('',#8619,#5934,#5935);
#4961=AXIS2_PLACEMENT_3D('',#8620,#5936,#5937);
#4962=AXIS2_PLACEMENT_3D('',#8621,#5938,#5939);
#4963=AXIS2_PLACEMENT_3D('',#8623,#5940,#5941);
#4964=AXIS2_PLACEMENT_3D('',#8624,#5942,#5943);
#4965=AXIS2_PLACEMENT_3D('',#8626,#5944,#5945);
#4966=AXIS2_PLACEMENT_3D('',#8627,#5946,#5947);
#4967=AXIS2_PLACEMENT_3D('',#8628,#5948,#5949);
#4968=AXIS2_PLACEMENT_3D('',#8629,#5950,#5951);
#4969=AXIS2_PLACEMENT_3D('',#8630,#5952,#5953);
#4970=AXIS2_PLACEMENT_3D('',#8631,#5954,#5955);
#4971=AXIS2_PLACEMENT_3D('',#8632,#5956,#5957);
#4972=AXIS2_PLACEMENT_3D('',#8634,#5958,#5959);
#4973=AXIS2_PLACEMENT_3D('',#8636,#5960,#5961);
#4974=AXIS2_PLACEMENT_3D('',#8637,#5962,#5963);
#4975=AXIS2_PLACEMENT_3D('',#8638,#5964,#5965);
#4976=AXIS2_PLACEMENT_3D('',#8639,#5966,#5967);
#4977=AXIS2_PLACEMENT_3D('',#8641,#5968,#5969);
#4978=AXIS2_PLACEMENT_3D('',#8664,#5970,#5971);
#4979=AXIS2_PLACEMENT_3D('',#8666,#5972,#5973);
#4980=AXIS2_PLACEMENT_3D('',#8668,#5974,#5975);
#4981=AXIS2_PLACEMENT_3D('',#8669,#5976,#5977);
#4982=AXIS2_PLACEMENT_3D('',#8670,#5978,#5979);
#4983=AXIS2_PLACEMENT_3D('',#8671,#5980,#5981);
#4984=AXIS2_PLACEMENT_3D('',#8673,#5982,#5983);
#4985=AXIS2_PLACEMENT_3D('',#8674,#5984,#5985);
#4986=AXIS2_PLACEMENT_3D('',#8675,#5986,#5987);
#4987=AXIS2_PLACEMENT_3D('',#8677,#5988,#5989);
#4988=AXIS2_PLACEMENT_3D('',#8700,#5990,#5991);
#4989=AXIS2_PLACEMENT_3D('',#8702,#5992,#5993);
#4990=AXIS2_PLACEMENT_3D('',#8704,#5994,#5995);
#4991=AXIS2_PLACEMENT_3D('',#8705,#5996,#5997);
#4992=AXIS2_PLACEMENT_3D('',#8706,#5998,#5999);
#4993=AXIS2_PLACEMENT_3D('',#8707,#6000,#6001);
#4994=AXIS2_PLACEMENT_3D('',#8708,#6002,#6003);
#4995=AXIS2_PLACEMENT_3D('',#8710,#6004,#6005);
#4996=AXIS2_PLACEMENT_3D('',#8729,#6006,#6007);
#4997=AXIS2_PLACEMENT_3D('',#8731,#6008,#6009);
#4998=AXIS2_PLACEMENT_3D('',#8732,#6010,#6011);
#4999=AXIS2_PLACEMENT_3D('',#8733,#6012,#6013);
#5000=AXIS2_PLACEMENT_3D('',#8734,#6014,#6015);
#5001=AXIS2_PLACEMENT_3D('',#8757,#6016,#6017);
#5002=AXIS2_PLACEMENT_3D('',#8759,#6018,#6019);
#5003=AXIS2_PLACEMENT_3D('',#8760,#6020,#6021);
#5004=AXIS2_PLACEMENT_3D('',#8761,#6022,#6023);
#5005=AXIS2_PLACEMENT_3D('',#8784,#6024,#6025);
#5006=AXIS2_PLACEMENT_3D('',#8786,#6026,#6027);
#5007=AXIS2_PLACEMENT_3D('',#8787,#6028,#6029);
#5008=AXIS2_PLACEMENT_3D('',#8789,#6030,#6031);
#5009=AXIS2_PLACEMENT_3D('',#8812,#6032,#6033);
#5010=AXIS2_PLACEMENT_3D('',#8814,#6034,#6035);
#5011=AXIS2_PLACEMENT_3D('',#8816,#6036,#6037);
#5012=AXIS2_PLACEMENT_3D('',#8817,#6038,#6039);
#5013=AXIS2_PLACEMENT_3D('',#8818,#6040,#6041);
#5014=AXIS2_PLACEMENT_3D('',#8819,#6042,#6043);
#5015=AXIS2_PLACEMENT_3D('',#8821,#6044,#6045);
#5016=AXIS2_PLACEMENT_3D('',#8824,#6047,#6048);
#5017=AXIS2_PLACEMENT_3D('',#8825,#6049,#6050);
#5018=AXIS2_PLACEMENT_3D('',#8827,#6051,#6052);
#5019=AXIS2_PLACEMENT_3D('',#8830,#6054,#6055);
#5020=AXIS2_PLACEMENT_3D('',#8831,#6056,#6057);
#5021=AXIS2_PLACEMENT_3D('',#8833,#6058,#6059);
#5022=AXIS2_PLACEMENT_3D('',#8836,#6061,#6062);
#5023=AXIS2_PLACEMENT_3D('',#8837,#6063,#6064);
#5024=AXIS2_PLACEMENT_3D('',#8839,#6065,#6066);
#5025=AXIS2_PLACEMENT_3D('',#8842,#6068,#6069);
#5026=AXIS2_PLACEMENT_3D('',#8843,#6070,#6071);
#5027=AXIS2_PLACEMENT_3D('',#8845,#6072,#6073);
#5028=AXIS2_PLACEMENT_3D('',#8848,#6075,#6076);
#5029=AXIS2_PLACEMENT_3D('',#8849,#6077,#6078);
#5030=AXIS2_PLACEMENT_3D('',#8851,#6079,#6080);
#5031=AXIS2_PLACEMENT_3D('',#8854,#6082,#6083);
#5032=AXIS2_PLACEMENT_3D('',#8855,#6084,#6085);
#5033=AXIS2_PLACEMENT_3D('',#8857,#6086,#6087);
#5034=AXIS2_PLACEMENT_3D('',#8860,#6089,#6090);
#5035=AXIS2_PLACEMENT_3D('',#8861,#6091,#6092);
#5036=AXIS2_PLACEMENT_3D('',#8863,#6093,#6094);
#5037=AXIS2_PLACEMENT_3D('',#8866,#6096,#6097);
#5038=AXIS2_PLACEMENT_3D('',#8925,#6098,#6099);
#5039=AXIS2_PLACEMENT_3D('',#8927,#6100,#6101);
#5040=AXIS2_PLACEMENT_3D('',#8951,#6102,#6103);
#5041=AXIS2_PLACEMENT_3D('',#8952,#6104,#6105);
#5042=AXIS2_PLACEMENT_3D('',#8954,#6106,#6107);
#5043=AXIS2_PLACEMENT_3D('',#8956,#6108,#6109);
#5044=AXIS2_PLACEMENT_3D('',#8958,#6110,#6111);
#5045=AXIS2_PLACEMENT_3D('',#8967,#6112,#6113);
#5046=AXIS2_PLACEMENT_3D('',#8969,#6114,#6115);
#5047=AXIS2_PLACEMENT_3D('',#8971,#6116,#6117);
#5048=AXIS2_PLACEMENT_3D('',#8980,#6118,#6119);
#5049=AXIS2_PLACEMENT_3D('',#8982,#6120,#6121);
#5050=AXIS2_PLACEMENT_3D('',#8984,#6122,#6123);
#5051=AXIS2_PLACEMENT_3D('',#8993,#6124,#6125);
#5052=AXIS2_PLACEMENT_3D('',#8995,#6126,#6127);
#5053=AXIS2_PLACEMENT_3D('',#8996,#6128,#6129);
#5054=AXIS2_PLACEMENT_3D('',#9047,#6130,#6131);
#5055=AXIS2_PLACEMENT_3D('',#9049,#6132,#6133);
#5056=AXIS2_PLACEMENT_3D('',#9061,#6134,#6135);
#5057=AXIS2_PLACEMENT_3D('',#9063,#6136,#6137);
#5058=AXIS2_PLACEMENT_3D('',#9065,#6138,#6139);
#5059=AXIS2_PLACEMENT_3D('',#9077,#6140,#6141);
#5060=AXIS2_PLACEMENT_3D('',#9098,#6142,#6143);
#5061=AXIS2_PLACEMENT_3D('',#9166,#6144,#6145);
#5062=AXIS2_PLACEMENT_3D('',#9168,#6146,#6147);
#5063=AXIS2_PLACEMENT_3D('',#9192,#6148,#6149);
#5064=AXIS2_PLACEMENT_3D('',#9193,#6150,#6151);
#5065=AXIS2_PLACEMENT_3D('',#9195,#6152,#6153);
#5066=AXIS2_PLACEMENT_3D('',#9197,#6154,#6155);
#5067=AXIS2_PLACEMENT_3D('',#9199,#6156,#6157);
#5068=AXIS2_PLACEMENT_3D('',#9208,#6158,#6159);
#5069=AXIS2_PLACEMENT_3D('',#9210,#6160,#6161);
#5070=AXIS2_PLACEMENT_3D('',#9212,#6162,#6163);
#5071=AXIS2_PLACEMENT_3D('',#9221,#6164,#6165);
#5072=AXIS2_PLACEMENT_3D('',#9223,#6166,#6167);
#5073=AXIS2_PLACEMENT_3D('',#9225,#6168,#6169);
#5074=AXIS2_PLACEMENT_3D('',#9234,#6170,#6171);
#5075=AXIS2_PLACEMENT_3D('',#9236,#6172,#6173);
#5076=AXIS2_PLACEMENT_3D('',#9237,#6174,#6175);
#5077=AXIS2_PLACEMENT_3D('',#9288,#6176,#6177);
#5078=AXIS2_PLACEMENT_3D('',#9290,#6178,#6179);
#5079=AXIS2_PLACEMENT_3D('',#9302,#6180,#6181);
#5080=AXIS2_PLACEMENT_3D('',#9304,#6182,#6183);
#5081=AXIS2_PLACEMENT_3D('',#9306,#6184,#6185);
#5082=AXIS2_PLACEMENT_3D('',#9318,#6186,#6187);
#5083=AXIS2_PLACEMENT_3D('',#9339,#6188,#6189);
#5084=AXIS2_PLACEMENT_3D('',#9407,#6190,#6191);
#5085=AXIS2_PLACEMENT_3D('',#9409,#6192,#6193);
#5086=AXIS2_PLACEMENT_3D('',#9421,#6194,#6195);
#5087=AXIS2_PLACEMENT_3D('',#9423,#6196,#6197);
#5088=AXIS2_PLACEMENT_3D('',#9425,#6198,#6199);
#5089=AXIS2_PLACEMENT_3D('',#9437,#6200,#6201);
#5090=AXIS2_PLACEMENT_3D('',#9449,#6202,#6203);
#5091=AXIS2_PLACEMENT_3D('',#9461,#6204,#6205);
#5092=AXIS2_PLACEMENT_3D('',#9472,#6206,#6207);
#5093=AXIS2_PLACEMENT_3D('',#9473,#6208,#6209);
#5094=AXIS2_PLACEMENT_3D('',#9475,#6210,#6211);
#5095=AXIS2_PLACEMENT_3D('',#9477,#6212,#6213);
#5096=AXIS2_PLACEMENT_3D('',#9479,#6214,#6215);
#5097=AXIS2_PLACEMENT_3D('',#9481,#6216,#6217);
#5098=AXIS2_PLACEMENT_3D('',#9488,#6218,#6219);
#5099=AXIS2_PLACEMENT_3D('',#9497,#6220,#6221);
#5100=AXIS2_PLACEMENT_3D('',#9499,#6222,#6223);
#5101=AXIS2_PLACEMENT_3D('',#9500,#6224,#6225);
#5102=AXIS2_PLACEMENT_3D('',#9501,#6226,#6227);
#5103=AXIS2_PLACEMENT_3D('',#9560,#6228,#6229);
#5104=AXIS2_PLACEMENT_3D('',#9562,#6230,#6231);
#5105=AXIS2_PLACEMENT_3D('',#9574,#6232,#6233);
#5106=AXIS2_PLACEMENT_3D('',#9576,#6234,#6235);
#5107=AXIS2_PLACEMENT_3D('',#9578,#6236,#6237);
#5108=AXIS2_PLACEMENT_3D('',#9590,#6238,#6239);
#5109=AXIS2_PLACEMENT_3D('',#9602,#6240,#6241);
#5110=AXIS2_PLACEMENT_3D('',#9614,#6242,#6243);
#5111=AXIS2_PLACEMENT_3D('',#9625,#6244,#6245);
#5112=AXIS2_PLACEMENT_3D('',#9626,#6246,#6247);
#5113=AXIS2_PLACEMENT_3D('',#9628,#6248,#6249);
#5114=AXIS2_PLACEMENT_3D('',#9630,#6250,#6251);
#5115=AXIS2_PLACEMENT_3D('',#9632,#6252,#6253);
#5116=AXIS2_PLACEMENT_3D('',#9634,#6254,#6255);
#5117=AXIS2_PLACEMENT_3D('',#9641,#6256,#6257);
#5118=AXIS2_PLACEMENT_3D('',#9650,#6258,#6259);
#5119=AXIS2_PLACEMENT_3D('',#9652,#6260,#6261);
#5120=AXIS2_PLACEMENT_3D('',#9653,#6262,#6263);
#5121=AXIS2_PLACEMENT_3D('',#9654,#6264,#6265);
#5122=AXIS2_PLACEMENT_3D('',#9713,#6266,#6267);
#5123=AXIS2_PLACEMENT_3D('',#9715,#6268,#6269);
#5124=AXIS2_PLACEMENT_3D('',#9739,#6270,#6271);
#5125=AXIS2_PLACEMENT_3D('',#9740,#6272,#6273);
#5126=AXIS2_PLACEMENT_3D('',#9742,#6274,#6275);
#5127=AXIS2_PLACEMENT_3D('',#9744,#6276,#6277);
#5128=AXIS2_PLACEMENT_3D('',#9746,#6278,#6279);
#5129=AXIS2_PLACEMENT_3D('',#9755,#6280,#6281);
#5130=AXIS2_PLACEMENT_3D('',#9757,#6282,#6283);
#5131=AXIS2_PLACEMENT_3D('',#9759,#6284,#6285);
#5132=AXIS2_PLACEMENT_3D('',#9768,#6286,#6287);
#5133=AXIS2_PLACEMENT_3D('',#9770,#6288,#6289);
#5134=AXIS2_PLACEMENT_3D('',#9772,#6290,#6291);
#5135=AXIS2_PLACEMENT_3D('',#9781,#6292,#6293);
#5136=AXIS2_PLACEMENT_3D('',#9783,#6294,#6295);
#5137=AXIS2_PLACEMENT_3D('',#9784,#6296,#6297);
#5138=AXIS2_PLACEMENT_3D('',#9835,#6298,#6299);
#5139=AXIS2_PLACEMENT_3D('',#9837,#6300,#6301);
#5140=AXIS2_PLACEMENT_3D('',#9849,#6302,#6303);
#5141=AXIS2_PLACEMENT_3D('',#9851,#6304,#6305);
#5142=AXIS2_PLACEMENT_3D('',#9853,#6306,#6307);
#5143=AXIS2_PLACEMENT_3D('',#9865,#6308,#6309);
#5144=AXIS2_PLACEMENT_3D('',#9886,#6310,#6311);
#5145=AXIS2_PLACEMENT_3D('',#9948,#6312,#6313);
#5146=AXIS2_PLACEMENT_3D('',#9950,#6314,#6315);
#5147=AXIS2_PLACEMENT_3D('',#10031,#6316,#6317);
#5148=AXIS2_PLACEMENT_3D('',#10043,#6318,#6319);
#5149=AXIS2_PLACEMENT_3D('',#10045,#6320,#6321);
#5150=AXIS2_PLACEMENT_3D('',#10047,#6322,#6323);
#5151=AXIS2_PLACEMENT_3D('',#10058,#6324,#6325);
#5152=AXIS2_PLACEMENT_3D('',#10070,#6326,#6327);
#5153=AXIS2_PLACEMENT_3D('',#10081,#6328,#6329);
#5154=AXIS2_PLACEMENT_3D('',#10134,#6330,#6331);
#5155=AXIS2_PLACEMENT_3D('',#10136,#6332,#6333);
#5156=AXIS2_PLACEMENT_3D('',#10200,#6334,#6335);
#5157=AXIS2_PLACEMENT_3D('',#10264,#6336,#6337);
#5158=AXIS2_PLACEMENT_3D('',#10345,#6338,#6339);
#5159=AXIS2_PLACEMENT_3D('',#10365,#6340,#6341);
#5160=AXIS2_PLACEMENT_3D('',#10418,#6342,#6343);
#5161=AXIS2_PLACEMENT_3D('',#10420,#6344,#6345);
#5162=AXIS2_PLACEMENT_3D('',#10501,#6346,#6347);
#5163=AXIS2_PLACEMENT_3D('',#10521,#6348,#6349);
#5164=AXIS2_PLACEMENT_3D('',#10522,#6350,#6351);
#5165=AXIS2_PLACEMENT_3D('',#10524,#6352,#6353);
#5166=AXIS2_PLACEMENT_3D('',#10530,#6354,#6355);
#5167=AXIS2_PLACEMENT_3D('',#10531,#6356,#6357);
#5168=AXIS2_PLACEMENT_3D('',#10536,#6358,#6359);
#5169=AXIS2_PLACEMENT_3D('',#10543,#6360,#6361);
#5170=AXIS2_PLACEMENT_3D('',#10544,#6362,#6363);
#5171=AXIS2_PLACEMENT_3D('',#10545,#6364,#6365);
#5172=AXIS2_PLACEMENT_3D('',#10547,#6366,#6367);
#5173=AXIS2_PLACEMENT_3D('',#10552,#6368,#6369);
#5174=AXIS2_PLACEMENT_3D('',#10554,#6370,#6371);
#5175=AXIS2_PLACEMENT_3D('',#10560,#6372,#6373);
#5176=AXIS2_PLACEMENT_3D('',#10561,#6374,#6375);
#5177=AXIS2_PLACEMENT_3D('',#10566,#6376,#6377);
#5178=AXIS2_PLACEMENT_3D('',#10567,#6378,#6379);
#5179=AXIS2_PLACEMENT_3D('',#10568,#6380,#6381);
#5180=AXIS2_PLACEMENT_3D('',#10569,#6382,#6383);
#5181=AXIS2_PLACEMENT_3D('',#10570,#6384,#6385);
#5182=AXIS2_PLACEMENT_3D('',#10571,#6386,#6387);
#5183=AXIS2_PLACEMENT_3D('',#10572,#6388,#6389);
#5184=AXIS2_PLACEMENT_3D('',#10573,#6390,#6391);
#5185=AXIS2_PLACEMENT_3D('',#10574,#6392,#6393);
#5186=AXIS2_PLACEMENT_3D('',#10575,#6394,#6395);
#5187=AXIS2_PLACEMENT_3D('',#10576,#6396,#6397);
#5188=AXIS2_PLACEMENT_3D('',#10577,#6398,#6399);
#5189=AXIS2_PLACEMENT_3D('',#10578,#6400,#6401);
#5190=AXIS2_PLACEMENT_3D('',#10579,#6402,#6403);
#5191=AXIS2_PLACEMENT_3D('',#10580,#6404,#6405);
#5192=AXIS2_PLACEMENT_3D('',#10581,#6406,#6407);
#5193=AXIS2_PLACEMENT_3D('',#10582,#6408,#6409);
#5194=AXIS2_PLACEMENT_3D('',#10583,#6410,#6411);
#5195=AXIS2_PLACEMENT_3D('',#10590,#6412,#6413);
#5196=AXIS2_PLACEMENT_3D('',#10591,#6414,#6415);
#5197=AXIS2_PLACEMENT_3D('',#10592,#6416,#6417);
#5198=AXIS2_PLACEMENT_3D('',#10594,#6418,#6419);
#5199=AXIS2_PLACEMENT_3D('',#10599,#6420,#6421);
#5200=AXIS2_PLACEMENT_3D('',#10600,#6422,#6423);
#5201=AXIS2_PLACEMENT_3D('',#10601,#6424,#6425);
#5202=AXIS2_PLACEMENT_3D('',#10602,#6426,#6427);
#5203=AXIS2_PLACEMENT_3D('',#10603,#6428,#6429);
#5204=AXIS2_PLACEMENT_3D('',#10604,#6430,#6431);
#5205=AXIS2_PLACEMENT_3D('',#10605,#6432,#6433);
#5206=AXIS2_PLACEMENT_3D('',#10606,#6434,#6435);
#5207=AXIS2_PLACEMENT_3D('',#10607,#6436,#6437);
#5208=AXIS2_PLACEMENT_3D('',#10608,#6438,#6439);
#5209=AXIS2_PLACEMENT_3D('',#10609,#6440,#6441);
#5210=AXIS2_PLACEMENT_3D('',#10610,#6442,#6443);
#5211=AXIS2_PLACEMENT_3D('',#10611,#6444,#6445);
#5212=AXIS2_PLACEMENT_3D('',#10612,#6446,#6447);
#5213=AXIS2_PLACEMENT_3D('',#10613,#6448,#6449);
#5214=AXIS2_PLACEMENT_3D('',#10614,#6450,#6451);
#5215=AXIS2_PLACEMENT_3D('',#10615,#6452,#6453);
#5216=AXIS2_PLACEMENT_3D('',#10616,#6454,#6455);
#5217=AXIS2_PLACEMENT_3D('',#10623,#6456,#6457);
#5218=AXIS2_PLACEMENT_3D('',#10624,#6458,#6459);
#5219=AXIS2_PLACEMENT_3D('',#10625,#6460,#6461);
#5220=AXIS2_PLACEMENT_3D('',#10630,#6462,#6463);
#5221=AXIS2_PLACEMENT_3D('',#10632,#6464,#6465);
#5222=AXIS2_PLACEMENT_3D('',#10638,#6466,#6467);
#5223=AXIS2_PLACEMENT_3D('',#10639,#6468,#6469);
#5224=AXIS2_PLACEMENT_3D('',#10645,#6470,#6471);
#5225=AXIS2_PLACEMENT_3D('',#10646,#6472,#6473);
#5226=AXIS2_PLACEMENT_3D('',#10653,#6474,#6475);
#5227=AXIS2_PLACEMENT_3D('',#10654,#6476,#6477);
#5228=AXIS2_PLACEMENT_3D('',#10655,#6478,#6479);
#5229=AXIS2_PLACEMENT_3D('',#10660,#6480,#6481);
#5230=AXIS2_PLACEMENT_3D('',#10662,#6482,#6483);
#5231=AXIS2_PLACEMENT_3D('',#10668,#6484,#6485);
#5232=AXIS2_PLACEMENT_3D('',#10669,#6486,#6487);
#5233=AXIS2_PLACEMENT_3D('',#10675,#6488,#6489);
#5234=AXIS2_PLACEMENT_3D('',#10676,#6490,#6491);
#5235=AXIS2_PLACEMENT_3D('',#10677,#6492,#6493);
#5236=AXIS2_PLACEMENT_3D('',#10679,#6494,#6495);
#5237=AXIS2_PLACEMENT_3D('',#10680,#6496,#6497);
#5238=AXIS2_PLACEMENT_3D('',#10681,#6498,#6499);
#5239=AXIS2_PLACEMENT_3D('',#10682,#6500,#6501);
#5240=AXIS2_PLACEMENT_3D('',#10683,#6502,#6503);
#5241=AXIS2_PLACEMENT_3D('',#10685,#6504,#6505);
#5242=AXIS2_PLACEMENT_3D('',#10686,#6506,#6507);
#5243=AXIS2_PLACEMENT_3D('',#10687,#6508,#6509);
#5244=AXIS2_PLACEMENT_3D('',#10688,#6510,#6511);
#5245=AXIS2_PLACEMENT_3D('',#10689,#6512,#6513);
#5246=AXIS2_PLACEMENT_3D('',#10691,#6514,#6515);
#5247=AXIS2_PLACEMENT_3D('',#10692,#6516,#6517);
#5248=AXIS2_PLACEMENT_3D('',#10693,#6518,#6519);
#5249=AXIS2_PLACEMENT_3D('',#10694,#6520,#6521);
#5250=AXIS2_PLACEMENT_3D('',#10696,#6522,#6523);
#5251=AXIS2_PLACEMENT_3D('',#10698,#6524,#6525);
#5252=AXIS2_PLACEMENT_3D('',#10699,#6526,#6527);
#5253=AXIS2_PLACEMENT_3D('',#10700,#6528,#6529);
#5254=AXIS2_PLACEMENT_3D('',#10701,#6530,#6531);
#5255=AXIS2_PLACEMENT_3D('',#10702,#6532,#6533);
#5256=AXIS2_PLACEMENT_3D('',#10703,#6534,#6535);
#5257=AXIS2_PLACEMENT_3D('',#10727,#6536,#6537);
#5258=AXIS2_PLACEMENT_3D('',#10728,#6538,#6539);
#5259=AXIS2_PLACEMENT_3D('',#10730,#6540,#6541);
#5260=AXIS2_PLACEMENT_3D('',#10732,#6542,#6543);
#5261=AXIS2_PLACEMENT_3D('',#10733,#6544,#6545);
#5262=AXIS2_PLACEMENT_3D('',#10734,#6546,#6547);
#5263=AXIS2_PLACEMENT_3D('',#10735,#6548,#6549);
#5264=AXIS2_PLACEMENT_3D('',#10736,#6550,#6551);
#5265=AXIS2_PLACEMENT_3D('',#10738,#6552,#6553);
#5266=AXIS2_PLACEMENT_3D('',#10739,#6554,#6555);
#5267=AXIS2_PLACEMENT_3D('',#10763,#6556,#6557);
#5268=AXIS2_PLACEMENT_3D('',#10764,#6558,#6559);
#5269=AXIS2_PLACEMENT_3D('',#10766,#6560,#6561);
#5270=AXIS2_PLACEMENT_3D('',#10768,#6562,#6563);
#5271=AXIS2_PLACEMENT_3D('',#10769,#6564,#6565);
#5272=AXIS2_PLACEMENT_3D('',#10770,#6566,#6567);
#5273=AXIS2_PLACEMENT_3D('',#10771,#6568,#6569);
#5274=AXIS2_PLACEMENT_3D('',#10772,#6570,#6571);
#5275=AXIS2_PLACEMENT_3D('',#10792,#6572,#6573);
#5276=AXIS2_PLACEMENT_3D('',#10793,#6574,#6575);
#5277=AXIS2_PLACEMENT_3D('',#10794,#6576,#6577);
#5278=AXIS2_PLACEMENT_3D('',#10796,#6578,#6579);
#5279=AXIS2_PLACEMENT_3D('',#10797,#6580,#6581);
#5280=AXIS2_PLACEMENT_3D('',#10798,#6582,#6583);
#5281=AXIS2_PLACEMENT_3D('',#10821,#6584,#6585);
#5282=AXIS2_PLACEMENT_3D('',#10823,#6586,#6587);
#5283=AXIS2_PLACEMENT_3D('',#10824,#6588,#6589);
#5284=AXIS2_PLACEMENT_3D('',#10825,#6590,#6591);
#5285=AXIS2_PLACEMENT_3D('',#10848,#6592,#6593);
#5286=AXIS2_PLACEMENT_3D('',#10850,#6594,#6595);
#5287=AXIS2_PLACEMENT_3D('',#10851,#6596,#6597);
#5288=AXIS2_PLACEMENT_3D('',#10875,#6598,#6599);
#5289=AXIS2_PLACEMENT_3D('',#10876,#6600,#6601);
#5290=AXIS2_PLACEMENT_3D('',#10878,#6602,#6603);
#5291=AXIS2_PLACEMENT_3D('',#10880,#6604,#6605);
#5292=AXIS2_PLACEMENT_3D('',#10881,#6606,#6607);
#5293=AXIS2_PLACEMENT_3D('',#10882,#6608,#6609);
#5294=DIRECTION('axis',(0.,0.,1.));
#5295=DIRECTION('refdir',(1.,0.,0.));
#5296=DIRECTION('center_axis',(0.,-1.,0.));
#5297=DIRECTION('ref_axis',(0.,0.,-1.));
#5298=DIRECTION('center_axis',(0.,1.,0.));
#5299=DIRECTION('ref_axis',(1.,0.,0.));
#5300=DIRECTION('center_axis',(-1.,0.,-1.22464679914735E-16));
#5301=DIRECTION('ref_axis',(-1.22464679914735E-16,0.,1.));
#5302=DIRECTION('center_axis',(0.,-1.,0.));
#5303=DIRECTION('ref_axis',(1.,0.,5.76519649446401E-17));
#5304=DIRECTION('center_axis',(0.,1.,0.));
#5305=DIRECTION('ref_axis',(1.,0.,0.));
#5306=DIRECTION('center_axis',(0.,1.,0.));
#5307=DIRECTION('ref_axis',(1.,0.,0.));
#5308=DIRECTION('',(0.,-1.,0.));
#5309=DIRECTION('center_axis',(0.,-1.,0.));
#5310=DIRECTION('ref_axis',(1.,0.,0.));
#5311=DIRECTION('center_axis',(0.,-1.,0.));
#5312=DIRECTION('ref_axis',(1.,0.,0.));
#5313=DIRECTION('center_axis',(0.,1.,0.));
#5314=DIRECTION('ref_axis',(0.,0.,1.));
#5315=DIRECTION('center_axis',(0.,-1.,0.));
#5316=DIRECTION('ref_axis',(1.,0.,0.));
#5317=DIRECTION('center_axis',(-1.,0.,1.22464679914735E-16));
#5318=DIRECTION('ref_axis',(-1.22464679914735E-16,0.,-1.));
#5319=DIRECTION('center_axis',(0.,1.,0.));
#5320=DIRECTION('ref_axis',(1.,0.,-5.76519649446401E-17));
#5321=DIRECTION('center_axis',(0.,1.,0.));
#5322=DIRECTION('ref_axis',(1.,0.,-5.76519649446401E-17));
#5323=DIRECTION('center_axis',(0.,-1.,0.));
#5324=DIRECTION('ref_axis',(1.,0.,0.));
#5325=DIRECTION('center_axis',(0.,1.,0.));
#5326=DIRECTION('ref_axis',(1.,0.,0.));
#5327=DIRECTION('center_axis',(0.,1.,0.));
#5328=DIRECTION('ref_axis',(1.,0.,0.));
#5329=DIRECTION('',(0.,-1.,0.));
#5330=DIRECTION('center_axis',(0.,1.,0.));
#5331=DIRECTION('ref_axis',(1.,0.,0.));
#5332=DIRECTION('center_axis',(0.,-1.,-2.22044604925031E-16));
#5333=DIRECTION('ref_axis',(0.,2.22044604925031E-16,-1.));
#5334=DIRECTION('center_axis',(1.,-2.71926214689378E-32,1.22464679914735E-16));
#5335=DIRECTION('ref_axis',(-1.22464679914735E-16,-2.22044604925031E-16,
1.));
#5336=DIRECTION('center_axis',(0.,-1.,0.));
#5337=DIRECTION('ref_axis',(0.,0.,-1.));
#5338=DIRECTION('center_axis',(0.,1.,0.));
#5339=DIRECTION('ref_axis',(1.,0.,0.));
#5340=DIRECTION('center_axis',(-1.,0.,-1.22464679914735E-16));
#5341=DIRECTION('ref_axis',(-1.22464679914735E-16,0.,1.));
#5342=DIRECTION('center_axis',(0.,1.,0.));
#5343=DIRECTION('ref_axis',(1.,0.,0.));
#5344=DIRECTION('center_axis',(0.,-1.,0.));
#5345=DIRECTION('ref_axis',(1.,0.,0.));
#5346=DIRECTION('center_axis',(0.,-1.,0.));
#5347=DIRECTION('ref_axis',(0.,0.,-1.));
#5348=DIRECTION('center_axis',(-1.,0.,-1.22464679914735E-16));
#5349=DIRECTION('ref_axis',(-1.22464679914735E-16,0.,1.));
#5350=DIRECTION('center_axis',(0.,-1.,0.));
#5351=DIRECTION('ref_axis',(1.,0.,0.));
#5352=DIRECTION('center_axis',(0.,1.,0.));
#5353=DIRECTION('ref_axis',(1.,0.,0.));
#5354=DIRECTION('center_axis',(0.,1.,0.));
#5355=DIRECTION('ref_axis',(1.,0.,0.));
#5356=DIRECTION('center_axis',(0.,-1.,0.));
#5357=DIRECTION('ref_axis',(1.,0.,0.));
#5358=DIRECTION('',(0.707106781186548,0.707106781186548,8.65956056235493E-17));
#5359=DIRECTION('center_axis',(0.,1.,0.));
#5360=DIRECTION('ref_axis',(1.,0.,0.));
#5361=DIRECTION('center_axis',(0.,1.,0.));
#5362=DIRECTION('ref_axis',(1.,0.,0.));
#5363=DIRECTION('center_axis',(0.,-1.,0.));
#5364=DIRECTION('ref_axis',(1.,0.,0.));
#5365=DIRECTION('',(0.,-1.,0.));
#5366=DIRECTION('center_axis',(0.,1.,0.));
#5367=DIRECTION('ref_axis',(1.,0.,0.));
#5368=DIRECTION('',(0.707106781186548,-0.707106781186548,-8.65956056235493E-17));
#5369=DIRECTION('center_axis',(0.,1.,0.));
#5370=DIRECTION('ref_axis',(0.,0.,1.));
#5371=DIRECTION('center_axis',(0.,-1.,0.));
#5372=DIRECTION('ref_axis',(1.,0.,0.));
#5373=DIRECTION('center_axis',(-1.,0.,1.22464679914735E-16));
#5374=DIRECTION('ref_axis',(-1.22464679914735E-16,0.,-1.));
#5375=DIRECTION('center_axis',(0.,1.,0.));
#5376=DIRECTION('ref_axis',(1.,0.,3.67249171003948E-17));
#5377=DIRECTION('center_axis',(0.,1.,0.));
#5378=DIRECTION('ref_axis',(1.,0.,3.67249171003948E-17));
#5379=DIRECTION('center_axis',(0.,-1.,0.));
#5380=DIRECTION('ref_axis',(1.,0.,0.));
#5381=DIRECTION('center_axis',(0.,1.,0.));
#5382=DIRECTION('ref_axis',(1.,0.,0.));
#5383=DIRECTION('',(0.,-1.,0.));
#5384=DIRECTION('center_axis',(0.,1.,0.));
#5385=DIRECTION('ref_axis',(1.,0.,0.));
#5386=DIRECTION('center_axis',(0.,1.,0.));
#5387=DIRECTION('ref_axis',(1.,0.,0.));
#5388=DIRECTION('center_axis',(0.,-1.,0.));
#5389=DIRECTION('ref_axis',(0.,0.,-1.));
#5390=DIRECTION('center_axis',(0.,1.,0.));
#5391=DIRECTION('ref_axis',(1.,0.,0.));
#5392=DIRECTION('center_axis',(-1.,0.,-1.22464679914735E-16));
#5393=DIRECTION('ref_axis',(-1.22464679914735E-16,0.,1.));
#5394=DIRECTION('center_axis',(0.,-1.,0.));
#5395=DIRECTION('ref_axis',(1.,0.,-3.67249171003948E-17));
#5396=DIRECTION('center_axis',(0.,1.,0.));
#5397=DIRECTION('ref_axis',(1.,0.,0.));
#5398=DIRECTION('center_axis',(0.,1.,0.));
#5399=DIRECTION('ref_axis',(1.,0.,0.));
#5400=DIRECTION('center_axis',(0.,-1.,0.));
#5401=DIRECTION('ref_axis',(1.,0.,0.));
#5402=DIRECTION('',(0.,-1.,0.));
#5403=DIRECTION('center_axis',(0.,-1.,0.));
#5404=DIRECTION('ref_axis',(1.,0.,0.));
#5405=DIRECTION('center_axis',(0.,-1.,-2.22044604925031E-16));
#5406=DIRECTION('ref_axis',(0.,2.22044604925031E-16,-1.));
#5407=DIRECTION('center_axis',(1.,-2.71926214689378E-32,1.22464679914735E-16));
#5408=DIRECTION('ref_axis',(-1.22464679914735E-16,-2.22044604925031E-16,
1.));
#5409=DIRECTION('center_axis',(0.,1.,0.));
#5410=DIRECTION('ref_axis',(0.,0.,1.));
#5411=DIRECTION('center_axis',(0.,-1.,0.));
#5412=DIRECTION('ref_axis',(1.,0.,0.));
#5413=DIRECTION('center_axis',(-1.,0.,1.22464679914735E-16));
#5414=DIRECTION('ref_axis',(-1.22464679914735E-16,0.,-1.));
#5415=DIRECTION('center_axis',(0.,1.,0.));
#5416=DIRECTION('ref_axis',(1.,0.,0.));
#5417=DIRECTION('center_axis',(0.,1.,0.));
#5418=DIRECTION('ref_axis',(1.,0.,0.));
#5419=DIRECTION('center_axis',(0.,1.,0.));
#5420=DIRECTION('ref_axis',(0.,0.,1.));
#5421=DIRECTION('center_axis',(-1.,0.,1.22464679914735E-16));
#5422=DIRECTION('ref_axis',(-1.22464679914735E-16,0.,-1.));
#5423=DIRECTION('center_axis',(0.,1.,0.));
#5424=DIRECTION('ref_axis',(1.,0.,0.));
#5425=DIRECTION('center_axis',(0.,1.,0.));
#5426=DIRECTION('ref_axis',(1.,0.,0.));
#5427=DIRECTION('center_axis',(0.,-1.,0.));
#5428=DIRECTION('ref_axis',(1.,0.,0.));
#5429=DIRECTION('center_axis',(0.,1.,0.));
#5430=DIRECTION('ref_axis',(1.,0.,0.));
#5431=DIRECTION('',(-0.707106781186548,0.707106781186548,-8.65956056235493E-17));
#5432=DIRECTION('center_axis',(0.,-1.,0.));
#5433=DIRECTION('ref_axis',(1.,0.,0.));
#5434=DIRECTION('center_axis',(0.,1.,0.));
#5435=DIRECTION('ref_axis',(1.,0.,0.));
#5436=DIRECTION('center_axis',(0.,1.,0.));
#5437=DIRECTION('ref_axis',(1.,0.,0.));
#5438=DIRECTION('',(0.,-1.,0.));
#5439=DIRECTION('center_axis',(0.,-1.,0.));
#5440=DIRECTION('ref_axis',(1.,0.,0.));
#5441=DIRECTION('',(-0.707106781186548,-0.707106781186548,8.65956056235493E-17));
#5442=DIRECTION('center_axis',(0.,0.,1.));
#5443=DIRECTION('ref_axis',(1.,0.,0.));
#5444=DIRECTION('center_axis',(1.22464679914735E-16,-1.,0.));
#5445=DIRECTION('ref_axis',(-1.,-1.22464679914735E-16,0.));
#5446=DIRECTION('center_axis',(0.707106781186548,0.,0.707106781186548));
#5447=DIRECTION('ref_axis',(0.707106781186548,0.,-0.707106781186548));
#5448=DIRECTION('center_axis',(8.65956056235494E-17,-1.,-8.65956056235494E-17));
#5449=DIRECTION('ref_axis',(-0.707106781186548,-1.22464679914735E-16,0.707106781186548));
#5450=DIRECTION('center_axis',(1.,0.,0.));
#5451=DIRECTION('ref_axis',(6.12323399573676E-17,0.,-1.));
#5452=DIRECTION('center_axis',(7.49879891330929E-33,-1.,-1.22464679914735E-16));
#5453=DIRECTION('ref_axis',(-6.12323399573676E-17,-1.22464679914735E-16,
1.));
#5454=DIRECTION('center_axis',(0.707106781186548,0.,-0.707106781186548));
#5455=DIRECTION('ref_axis',(-0.707106781186548,0.,-0.707106781186548));
#5456=DIRECTION('center_axis',(-8.65956056235493E-17,-1.,-8.65956056235493E-17));
#5457=DIRECTION('ref_axis',(0.707106781186548,-1.22464679914735E-16,0.707106781186547));
#5458=DIRECTION('center_axis',(0.,0.,-1.));
#5459=DIRECTION('ref_axis',(-1.,0.,-1.22464679914735E-16));
#5460=DIRECTION('center_axis',(-1.22464679914735E-16,-1.,-1.49975978266186E-32));
#5461=DIRECTION('ref_axis',(1.,-1.22464679914735E-16,1.22464679914735E-16));
#5462=DIRECTION('center_axis',(-0.707106781186548,0.,-0.707106781186548));
#5463=DIRECTION('ref_axis',(-0.707106781186548,0.,0.707106781186547));
#5464=DIRECTION('center_axis',(-8.65956056235493E-17,-1.,8.65956056235493E-17));
#5465=DIRECTION('ref_axis',(0.707106781186548,-1.22464679914735E-16,-0.707106781186548));
#5466=DIRECTION('center_axis',(-1.,0.,0.));
#5467=DIRECTION('ref_axis',(-1.83697019872103E-16,0.,1.));
#5468=DIRECTION('center_axis',(-2.24963967399279E-32,-1.,1.22464679914735E-16));
#5469=DIRECTION('ref_axis',(1.83697019872103E-16,-1.22464679914735E-16,
-1.));
#5470=DIRECTION('center_axis',(-0.707106781186548,0.,0.707106781186547));
#5471=DIRECTION('ref_axis',(0.707106781186547,0.,0.707106781186548));
#5472=DIRECTION('center_axis',(8.65956056235493E-17,-1.,8.65956056235494E-17));
#5473=DIRECTION('ref_axis',(-0.707106781186547,-1.22464679914735E-16,-0.707106781186548));
#5474=DIRECTION('center_axis',(0.,1.,0.));
#5475=DIRECTION('ref_axis',(0.,0.,-1.));
#5476=DIRECTION('center_axis',(0.,1.,0.));
#5477=DIRECTION('ref_axis',(0.,0.,-1.));
#5478=DIRECTION('',(0.,1.,0.));
#5479=DIRECTION('center_axis',(0.,-1.,0.));
#5480=DIRECTION('ref_axis',(0.,0.,-1.));
#5481=DIRECTION('center_axis',(0.,1.,0.));
#5482=DIRECTION('ref_axis',(-1.,0.,0.));
#5483=DIRECTION('center_axis',(0.,1.,0.));
#5484=DIRECTION('ref_axis',(-1.,0.,0.));
#5485=DIRECTION('',(0.,1.,0.));
#5486=DIRECTION('center_axis',(0.,-1.,0.));
#5487=DIRECTION('ref_axis',(-1.,0.,0.));
#5488=DIRECTION('center_axis',(0.,1.,0.));
#5489=DIRECTION('ref_axis',(-1.,0.,0.));
#5490=DIRECTION('center_axis',(0.,1.,0.));
#5491=DIRECTION('ref_axis',(-1.,0.,0.));
#5492=DIRECTION('',(0.,1.,0.));
#5493=DIRECTION('center_axis',(0.,-1.,0.));
#5494=DIRECTION('ref_axis',(-1.,0.,0.));
#5495=DIRECTION('center_axis',(0.,1.,0.));
#5496=DIRECTION('ref_axis',(0.,0.,-1.));
#5497=DIRECTION('center_axis',(0.,1.,0.));
#5498=DIRECTION('ref_axis',(0.,0.,-1.));
#5499=DIRECTION('',(0.,1.,0.));
#5500=DIRECTION('center_axis',(0.,-1.,0.));
#5501=DIRECTION('ref_axis',(0.,0.,-1.));
#5502=DIRECTION('center_axis',(0.,1.,0.));
#5503=DIRECTION('ref_axis',(-1.,0.,0.));
#5504=DIRECTION('center_axis',(0.,1.,0.));
#5505=DIRECTION('ref_axis',(-1.,0.,0.));
#5506=DIRECTION('',(0.,1.,0.));
#5507=DIRECTION('center_axis',(0.,-1.,0.));
#5508=DIRECTION('ref_axis',(-1.,0.,0.));
#5509=DIRECTION('center_axis',(0.,1.,0.));
#5510=DIRECTION('ref_axis',(1.,0.,0.));
#5511=DIRECTION('center_axis',(0.,1.,0.));
#5512=DIRECTION('ref_axis',(1.,0.,0.));
#5513=DIRECTION('',(0.,1.,0.));
#5514=DIRECTION('center_axis',(0.,-1.,0.));
#5515=DIRECTION('ref_axis',(1.,0.,0.));
#5516=DIRECTION('center_axis',(0.,1.,0.));
#5517=DIRECTION('ref_axis',(-1.,0.,0.));
#5518=DIRECTION('center_axis',(0.,1.,0.));
#5519=DIRECTION('ref_axis',(-1.,0.,0.));
#5520=DIRECTION('',(0.,1.,0.));
#5521=DIRECTION('center_axis',(0.,-1.,0.));
#5522=DIRECTION('ref_axis',(-1.,0.,0.));
#5523=DIRECTION('center_axis',(0.,1.,0.));
#5524=DIRECTION('ref_axis',(0.707106781186548,0.,-0.707106781186548));
#5525=DIRECTION('center_axis',(0.,1.,0.));
#5526=DIRECTION('ref_axis',(0.707106781186548,0.,-0.707106781186548));
#5527=DIRECTION('',(0.,1.,0.));
#5528=DIRECTION('center_axis',(0.,-1.,0.));
#5529=DIRECTION('ref_axis',(0.707106781186548,0.,-0.707106781186548));
#5530=DIRECTION('center_axis',(0.,1.,0.));
#5531=DIRECTION('ref_axis',(0.707106781186547,0.,0.707106781186548));
#5532=DIRECTION('center_axis',(0.,1.,0.));
#5533=DIRECTION('ref_axis',(-0.707106781186547,0.,-0.707106781186548));
#5534=DIRECTION('center_axis',(0.,1.,0.));
#5535=DIRECTION('ref_axis',(-0.707106781186547,0.,-0.707106781186548));
#5536=DIRECTION('center_axis',(0.,1.,0.));
#5537=DIRECTION('ref_axis',(-0.707106781186547,0.,-0.707106781186548));
#5538=DIRECTION('center_axis',(0.,1.,0.));
#5539=DIRECTION('ref_axis',(-0.707106781186548,0.,0.707106781186547));
#5540=DIRECTION('center_axis',(0.,1.,0.));
#5541=DIRECTION('ref_axis',(1.,0.,0.));
#5542=DIRECTION('center_axis',(0.,1.,0.));
#5543=DIRECTION('ref_axis',(-1.22464679914735E-16,0.,1.));
#5544=DIRECTION('center_axis',(0.,1.,0.));
#5545=DIRECTION('ref_axis',(-1.,0.,-1.22464679914735E-16));
#5546=DIRECTION('center_axis',(0.,1.,0.));
#5547=DIRECTION('ref_axis',(1.22464679914735E-16,0.,-1.));
#5548=DIRECTION('center_axis',(0.,-1.,0.));
#5549=DIRECTION('ref_axis',(-1.,0.,-1.22464679914735E-16));
#5550=DIRECTION('center_axis',(0.,1.,0.));
#5551=DIRECTION('ref_axis',(-1.22464679914735E-16,0.,1.));
#5552=DIRECTION('center_axis',(0.,1.,0.));
#5553=DIRECTION('ref_axis',(1.,0.,0.));
#5554=DIRECTION('center_axis',(0.,1.,0.));
#5555=DIRECTION('ref_axis',(-0.707106781186548,0.,0.707106781186547));
#5556=DIRECTION('center_axis',(0.,-1.,0.));
#5557=DIRECTION('ref_axis',(-0.707106781186547,0.,-0.707106781186548));
#5558=DIRECTION('center_axis',(0.,1.,0.));
#5559=DIRECTION('ref_axis',(0.707106781186548,0.,-0.707106781186547));
#5560=DIRECTION('center_axis',(0.,1.,0.));
#5561=DIRECTION('ref_axis',(0.707106781186548,0.,-0.707106781186547));
#5562=DIRECTION('center_axis',(0.,1.,6.12323399573677E-17));
#5563=DIRECTION('ref_axis',(0.,0.,1.));
#5564=DIRECTION('center_axis',(0.,1.,0.));
#5565=DIRECTION('ref_axis',(0.,0.,-1.));
#5566=DIRECTION('center_axis',(0.,1.,0.));
#5567=DIRECTION('ref_axis',(-1.22464679914735E-16,0.,1.));
#5568=DIRECTION('center_axis',(0.,1.,0.));
#5569=DIRECTION('ref_axis',(0.,0.,-1.));
#5570=DIRECTION('center_axis',(-1.,0.,0.));
#5571=DIRECTION('ref_axis',(0.,0.,-1.));
#5572=DIRECTION('center_axis',(0.,1.,0.));
#5573=DIRECTION('ref_axis',(0.,0.,-1.));
#5574=DIRECTION('center_axis',(0.,1.,0.));
#5575=DIRECTION('ref_axis',(-1.22464679914735E-16,0.,1.));
#5576=DIRECTION('center_axis',(0.,1.,0.));
#5577=DIRECTION('ref_axis',(0.707106781186548,0.,-0.707106781186547));
#5578=DIRECTION('center_axis',(0.,1.,0.));
#5579=DIRECTION('ref_axis',(-0.707106781186548,0.,0.707106781186547));
#5580=DIRECTION('center_axis',(0.,1.,0.));
#5581=DIRECTION('ref_axis',(-0.707106781186548,0.,0.707106781186547));
#5582=DIRECTION('center_axis',(0.,1.,0.));
#5583=DIRECTION('ref_axis',(-1.83697019872103E-16,0.,1.));
#5584=DIRECTION('center_axis',(0.,1.,0.));
#5585=DIRECTION('ref_axis',(0.707106781186547,0.,0.707106781186548));
#5586=DIRECTION('center_axis',(0.,1.,0.));
#5587=DIRECTION('ref_axis',(1.,0.,0.));
#5588=DIRECTION('center_axis',(0.,1.,0.));
#5589=DIRECTION('ref_axis',(1.,0.,1.83697019872103E-16));
#5590=DIRECTION('center_axis',(0.,1.,0.));
#5591=DIRECTION('ref_axis',(-1.83697019872103E-16,0.,1.));
#5592=DIRECTION('center_axis',(0.,1.,0.));
#5593=DIRECTION('ref_axis',(-1.,0.,-1.83697019872103E-16));
#5594=DIRECTION('center_axis',(0.,-1.,0.));
#5595=DIRECTION('ref_axis',(-1.83697019872103E-16,0.,1.));
#5596=DIRECTION('center_axis',(0.,1.,0.));
#5597=DIRECTION('ref_axis',(1.,0.,1.83697019872103E-16));
#5598=DIRECTION('center_axis',(0.,1.,0.));
#5599=DIRECTION('ref_axis',(1.,0.,0.));
#5600=DIRECTION('center_axis',(0.,1.,0.));
#5601=DIRECTION('ref_axis',(0.707106781186547,0.,0.707106781186548));
#5602=DIRECTION('center_axis',(0.,-1.,0.));
#5603=DIRECTION('ref_axis',(-0.707106781186548,0.,0.707106781186547));
#5604=DIRECTION('center_axis',(0.,1.,0.));
#5605=DIRECTION('ref_axis',(-0.707106781186547,0.,-0.707106781186548));
#5606=DIRECTION('center_axis',(0.,1.,0.));
#5607=DIRECTION('ref_axis',(-0.707106781186547,0.,-0.707106781186548));
#5608=DIRECTION('center_axis',(6.12323399573677E-17,1.,0.));
#5609=DIRECTION('ref_axis',(1.,0.,0.));
#5610=DIRECTION('center_axis',(0.,1.,0.));
#5611=DIRECTION('ref_axis',(0.,0.,-1.));
#5612=DIRECTION('center_axis',(0.,1.,0.));
#5613=DIRECTION('ref_axis',(1.,0.,1.83697019872103E-16));
#5614=DIRECTION('center_axis',(0.,1.,0.));
#5615=DIRECTION('ref_axis',(0.,0.,-1.));
#5616=DIRECTION('center_axis',(0.,0.,1.));
#5617=DIRECTION('ref_axis',(-1.,0.,0.));
#5618=DIRECTION('center_axis',(0.,1.,0.));
#5619=DIRECTION('ref_axis',(0.,0.,-1.));
#5620=DIRECTION('center_axis',(0.,1.,0.));
#5621=DIRECTION('ref_axis',(1.,0.,1.83697019872103E-16));
#5622=DIRECTION('center_axis',(0.,1.,0.));
#5623=DIRECTION('ref_axis',(0.707106781186548,0.,-0.707106781186547));
#5624=DIRECTION('center_axis',(0.,1.,0.));
#5625=DIRECTION('ref_axis',(0.707106781186548,0.,-0.707106781186547));
#5626=DIRECTION('center_axis',(0.,1.,0.));
#5627=DIRECTION('ref_axis',(0.,0.,-1.));
#5628=DIRECTION('center_axis',(0.,1.,0.));
#5629=DIRECTION('ref_axis',(0.707106781186548,0.,-0.707106781186547));
#5630=DIRECTION('center_axis',(0.,1.,0.));
#5631=DIRECTION('ref_axis',(0.707106781186548,0.,-0.707106781186547));
#5632=DIRECTION('center_axis',(0.,1.,0.));
#5633=DIRECTION('ref_axis',(0.,0.,-1.));
#5634=DIRECTION('center_axis',(0.707106781186548,0.,0.707106781186548));
#5635=DIRECTION('ref_axis',(-0.707106781186547,0.,0.707106781186547));
#5636=DIRECTION('center_axis',(0.,1.,0.));
#5637=DIRECTION('ref_axis',(0.,0.,-1.));
#5638=DIRECTION('center_axis',(0.,1.,0.));
#5639=DIRECTION('ref_axis',(0.707106781186548,0.,-0.707106781186547));
#5640=DIRECTION('center_axis',(0.,1.,0.));
#5641=DIRECTION('ref_axis',(0.707106781186547,0.,0.707106781186548));
#5642=DIRECTION('center_axis',(0.,1.,0.));
#5643=DIRECTION('ref_axis',(1.,0.,0.));
#5644=DIRECTION('center_axis',(0.,1.,0.));
#5645=DIRECTION('ref_axis',(0.707106781186547,0.,0.707106781186548));
#5646=DIRECTION('center_axis',(0.,1.,0.));
#5647=DIRECTION('ref_axis',(-0.707106781186548,0.,0.707106781186547));
#5648=DIRECTION('center_axis',(0.,-1.,0.));
#5649=DIRECTION('ref_axis',(0.707106781186547,0.,0.707106781186548));
#5650=DIRECTION('center_axis',(0.,1.,0.));
#5651=DIRECTION('ref_axis',(1.,0.,0.));
#5652=DIRECTION('center_axis',(0.,-1.,0.));
#5653=DIRECTION('ref_axis',(-1.83697019872103E-16,0.,1.));
#5654=DIRECTION('center_axis',(0.,1.,0.));
#5655=DIRECTION('ref_axis',(-1.,0.,-1.83697019872103E-16));
#5656=DIRECTION('center_axis',(0.,1.,0.));
#5657=DIRECTION('ref_axis',(-1.,0.,-1.83697019872103E-16));
#5658=DIRECTION('center_axis',(0.,1.,0.));
#5659=DIRECTION('ref_axis',(-1.83697019872103E-16,0.,1.));
#5660=DIRECTION('center_axis',(0.,1.,-6.12323399573677E-17));
#5661=DIRECTION('ref_axis',(0.,0.,-1.));
#5662=DIRECTION('center_axis',(0.,1.,0.));
#5663=DIRECTION('ref_axis',(0.,0.,-1.));
#5664=DIRECTION('center_axis',(0.,1.,0.));
#5665=DIRECTION('ref_axis',(0.,0.,-1.));
#5666=DIRECTION('center_axis',(0.,1.,0.));
#5667=DIRECTION('ref_axis',(0.,0.,-1.));
#5668=DIRECTION('center_axis',(0.,1.,0.));
#5669=DIRECTION('ref_axis',(0.,0.,-1.));
#5670=DIRECTION('center_axis',(0.,1.,0.));
#5671=DIRECTION('ref_axis',(0.,0.,-1.));
#5672=DIRECTION('center_axis',(1.,0.,0.));
#5673=DIRECTION('ref_axis',(0.,0.,1.));
#5674=DIRECTION('center_axis',(0.,1.,0.));
#5675=DIRECTION('ref_axis',(0.,0.,-1.));
#5676=DIRECTION('center_axis',(0.,1.,0.));
#5677=DIRECTION('ref_axis',(0.,0.,-1.));
#5678=DIRECTION('center_axis',(0.,1.,0.));
#5679=DIRECTION('ref_axis',(1.,0.,0.));
#5680=DIRECTION('center_axis',(0.,1.,0.));
#5681=DIRECTION('ref_axis',(1.,0.,0.));
#5682=DIRECTION('center_axis',(0.,1.,0.));
#5683=DIRECTION('ref_axis',(1.,0.,0.));
#5684=DIRECTION('center_axis',(0.,1.,0.));
#5685=DIRECTION('ref_axis',(0.,0.,1.));
#5686=DIRECTION('center_axis',(0.,-1.,0.));
#5687=DIRECTION('ref_axis',(1.,0.,0.));
#5688=DIRECTION('center_axis',(0.,1.,0.));
#5689=DIRECTION('ref_axis',(1.,0.,0.));
#5690=DIRECTION('center_axis',(0.,-1.,0.));
#5691=DIRECTION('ref_axis',(0.707106781186547,0.,0.707106781186548));
#5692=DIRECTION('center_axis',(0.,1.,0.));
#5693=DIRECTION('ref_axis',(-0.707106781186548,0.,0.707106781186547));
#5694=DIRECTION('center_axis',(0.,1.,0.));
#5695=DIRECTION('ref_axis',(-0.707106781186548,0.,0.707106781186547));
#5696=DIRECTION('center_axis',(0.,1.,0.));
#5697=DIRECTION('ref_axis',(0.707106781186547,0.,0.707106781186548));
#5698=DIRECTION('center_axis',(0.,1.,0.));
#5699=DIRECTION('ref_axis',(-0.707106781186548,0.,0.707106781186547));
#5700=DIRECTION('center_axis',(0.,1.,0.));
#5701=DIRECTION('ref_axis',(0.707106781186547,0.,-0.707106781186547));
#5702=DIRECTION('center_axis',(0.,1.,0.));
#5703=DIRECTION('ref_axis',(0.707106781186547,0.,-0.707106781186547));
#5704=DIRECTION('center_axis',(0.,1.,0.));
#5705=DIRECTION('ref_axis',(6.12323399573677E-17,0.,-1.));
#5706=DIRECTION('center_axis',(0.,1.,0.));
#5707=DIRECTION('ref_axis',(-0.707106781186548,0.,-0.707106781186548));
#5708=DIRECTION('center_axis',(0.,1.,0.));
#5709=DIRECTION('ref_axis',(1.,0.,0.));
#5710=DIRECTION('center_axis',(0.,1.,0.));
#5711=DIRECTION('ref_axis',(-1.,0.,-6.12323399573677E-17));
#5712=DIRECTION('center_axis',(0.,1.,0.));
#5713=DIRECTION('ref_axis',(6.12323399573677E-17,0.,-1.));
#5714=DIRECTION('center_axis',(0.,1.,0.));
#5715=DIRECTION('ref_axis',(1.,0.,6.12323399573677E-17));
#5716=DIRECTION('center_axis',(0.,-1.,0.));
#5717=DIRECTION('ref_axis',(6.12323399573676E-17,0.,-1.));
#5718=DIRECTION('center_axis',(0.,1.,0.));
#5719=DIRECTION('ref_axis',(-1.,0.,-6.12323399573677E-17));
#5720=DIRECTION('center_axis',(0.,1.,0.));
#5721=DIRECTION('ref_axis',(1.,0.,0.));
#5722=DIRECTION('center_axis',(0.,1.,0.));
#5723=DIRECTION('ref_axis',(-0.707106781186548,0.,-0.707106781186548));
#5724=DIRECTION('center_axis',(0.,-1.,0.));
#5725=DIRECTION('ref_axis',(0.707106781186547,0.,-0.707106781186547));
#5726=DIRECTION('center_axis',(0.,1.,0.));
#5727=DIRECTION('ref_axis',(0.707106781186548,0.,0.707106781186548));
#5728=DIRECTION('center_axis',(0.,1.,0.));
#5729=DIRECTION('ref_axis',(0.707106781186548,0.,0.707106781186548));
#5730=DIRECTION('center_axis',(-6.12323399573677E-17,1.,0.));
#5731=DIRECTION('ref_axis',(-1.,0.,0.));
#5732=DIRECTION('center_axis',(0.,1.,0.));
#5733=DIRECTION('ref_axis',(0.,0.,-1.));
#5734=DIRECTION('center_axis',(0.,1.,0.));
#5735=DIRECTION('ref_axis',(-1.,0.,-6.12323399573677E-17));
#5736=DIRECTION('center_axis',(0.,1.,0.));
#5737=DIRECTION('ref_axis',(0.,0.,-1.));
#5738=DIRECTION('center_axis',(0.,0.,-1.));
#5739=DIRECTION('ref_axis',(1.,0.,0.));
#5740=DIRECTION('center_axis',(0.,1.,0.));
#5741=DIRECTION('ref_axis',(0.,0.,-1.));
#5742=DIRECTION('center_axis',(0.,1.,0.));
#5743=DIRECTION('ref_axis',(-1.,0.,-6.12323399573677E-17));
#5744=DIRECTION('center_axis',(0.,1.,0.));
#5745=DIRECTION('ref_axis',(6.12323399573676E-17,0.,1.));
#5746=DIRECTION('center_axis',(0.,-1.,0.));
#5747=DIRECTION('ref_axis',(6.12323399573676E-17,0.,-1.));
#5748=DIRECTION('center_axis',(0.,1.,0.));
#5749=DIRECTION('ref_axis',(-0.707106781186548,0.,-0.707106781186548));
#5750=DIRECTION('center_axis',(0.,1.,0.));
#5751=DIRECTION('ref_axis',(-0.707106781186548,0.,-0.707106781186548));
#5752=DIRECTION('center_axis',(0.,1.,0.));
#5753=DIRECTION('ref_axis',(0.,0.,-1.));
#5754=DIRECTION('center_axis',(0.,1.,0.));
#5755=DIRECTION('ref_axis',(-0.707106781186548,0.,-0.707106781186548));
#5756=DIRECTION('center_axis',(0.,1.,0.));
#5757=DIRECTION('ref_axis',(0.,0.,-1.));
#5758=DIRECTION('center_axis',(0.707106781186547,0.,-0.707106781186548));
#5759=DIRECTION('ref_axis',(0.707106781186548,0.,0.707106781186547));
#5760=DIRECTION('center_axis',(0.,1.,0.));
#5761=DIRECTION('ref_axis',(0.,0.,-1.));
#5762=DIRECTION('center_axis',(0.,1.,0.));
#5763=DIRECTION('ref_axis',(-1.,0.,1.22464679914735E-16));
#5764=DIRECTION('center_axis',(0.,-1.,0.));
#5765=DIRECTION('ref_axis',(1.,0.,0.));
#5766=DIRECTION('center_axis',(0.,1.,0.));
#5767=DIRECTION('ref_axis',(-0.707106781186548,0.,-0.707106781186548));
#5768=DIRECTION('center_axis',(0.,1.,0.));
#5769=DIRECTION('ref_axis',(6.12323399573676E-17,0.,-1.));
#5770=DIRECTION('center_axis',(0.,1.,0.));
#5771=DIRECTION('ref_axis',(0.707106781186547,0.,-0.707106781186548));
#5772=DIRECTION('center_axis',(0.,-1.,0.));
#5773=DIRECTION('ref_axis',(-0.707106781186548,0.,0.707106781186547));
#5774=DIRECTION('center_axis',(0.,1.,0.));
#5775=DIRECTION('ref_axis',(1.,0.,0.));
#5776=DIRECTION('center_axis',(0.,-1.,0.));
#5777=DIRECTION('ref_axis',(-1.,0.,-1.22464679914735E-16));
#5778=DIRECTION('center_axis',(0.,1.,0.));
#5779=DIRECTION('ref_axis',(0.707106781186548,0.,0.707106781186547));
#5780=DIRECTION('center_axis',(0.,-1.,0.));
#5781=DIRECTION('ref_axis',(-0.707106781186547,0.,-0.707106781186548));
#5782=DIRECTION('center_axis',(0.,1.,0.));
#5783=DIRECTION('ref_axis',(1.,0.,0.));
#5784=DIRECTION('center_axis',(0.,-1.,0.));
#5785=DIRECTION('ref_axis',(1.,0.,0.));
#5786=DIRECTION('center_axis',(0.,1.,0.));
#5787=DIRECTION('ref_axis',(1.,0.,0.));
#5788=DIRECTION('center_axis',(0.,1.,0.));
#5789=DIRECTION('ref_axis',(1.,0.,0.));
#5790=DIRECTION('center_axis',(0.,1.,0.));
#5791=DIRECTION('ref_axis',(1.,0.,0.));
#5792=DIRECTION('center_axis',(0.,-1.,0.));
#5793=DIRECTION('ref_axis',(1.,0.,0.));
#5794=DIRECTION('center_axis',(0.,1.,0.));
#5795=DIRECTION('ref_axis',(1.,0.,0.));
#5796=DIRECTION('center_axis',(0.,1.,0.));
#5797=DIRECTION('ref_axis',(1.,0.,0.));
#5798=DIRECTION('center_axis',(0.,1.,0.));
#5799=DIRECTION('ref_axis',(1.,0.,0.));
#5800=DIRECTION('center_axis',(0.,1.,0.));
#5801=DIRECTION('ref_axis',(1.,0.,0.));
#5802=DIRECTION('center_axis',(0.,-1.,0.));
#5803=DIRECTION('ref_axis',(1.,0.,0.));
#5804=DIRECTION('center_axis',(0.,1.,0.));
#5805=DIRECTION('ref_axis',(1.,0.,0.));
#5806=DIRECTION('center_axis',(0.,1.,0.));
#5807=DIRECTION('ref_axis',(1.,0.,0.));
#5808=DIRECTION('center_axis',(0.,1.,0.));
#5809=DIRECTION('ref_axis',(-1.,0.,0.));
#5810=DIRECTION('center_axis',(0.,-1.,0.));
#5811=DIRECTION('ref_axis',(-1.,0.,0.));
#5812=DIRECTION('center_axis',(0.,1.,0.));
#5813=DIRECTION('ref_axis',(-1.,0.,0.));
#5814=DIRECTION('center_axis',(0.,1.,0.));
#5815=DIRECTION('ref_axis',(1.,0.,0.));
#5816=DIRECTION('center_axis',(0.,1.,0.));
#5817=DIRECTION('ref_axis',(-1.,0.,0.));
#5818=DIRECTION('center_axis',(0.,-1.,0.));
#5819=DIRECTION('ref_axis',(-1.,0.,0.));
#5820=DIRECTION('center_axis',(0.,1.,0.));
#5821=DIRECTION('ref_axis',(-1.,0.,0.));
#5822=DIRECTION('center_axis',(0.,1.,0.));
#5823=DIRECTION('ref_axis',(1.,0.,0.));
#5824=DIRECTION('center_axis',(0.,1.,0.));
#5825=DIRECTION('ref_axis',(-1.,0.,0.));
#5826=DIRECTION('center_axis',(0.,-1.,0.));
#5827=DIRECTION('ref_axis',(-1.,0.,0.));
#5828=DIRECTION('center_axis',(0.,1.,0.));
#5829=DIRECTION('ref_axis',(-1.,0.,0.));
#5830=DIRECTION('center_axis',(0.,1.,0.));
#5831=DIRECTION('ref_axis',(1.,0.,0.));
#5832=DIRECTION('center_axis',(0.,1.,0.));
#5833=DIRECTION('ref_axis',(1.,0.,0.));
#5834=DIRECTION('center_axis',(0.,1.,0.));
#5835=DIRECTION('ref_axis',(-1.,0.,0.));
#5836=DIRECTION('center_axis',(0.,-1.,0.));
#5837=DIRECTION('ref_axis',(-1.,0.,0.));
#5838=DIRECTION('center_axis',(0.,1.,0.));
#5839=DIRECTION('ref_axis',(-1.,0.,0.));
#5840=DIRECTION('center_axis',(0.,1.,0.));
#5841=DIRECTION('ref_axis',(1.,0.,0.));
#5842=DIRECTION('center_axis',(0.,1.,0.));
#5843=DIRECTION('ref_axis',(1.,0.,0.));
#5844=DIRECTION('center_axis',(0.,-1.,0.));
#5845=DIRECTION('ref_axis',(1.,0.,0.));
#5846=DIRECTION('center_axis',(0.,1.,0.));
#5847=DIRECTION('ref_axis',(1.,0.,0.));
#5848=DIRECTION('center_axis',(0.,1.,0.));
#5849=DIRECTION('ref_axis',(1.,0.,0.));
#5850=DIRECTION('center_axis',(0.,1.,0.));
#5851=DIRECTION('ref_axis',(1.,0.,0.));
#5852=DIRECTION('center_axis',(0.,-1.,0.));
#5853=DIRECTION('ref_axis',(-1.,0.,0.));
#5854=DIRECTION('center_axis',(0.,1.,0.));
#5855=DIRECTION('ref_axis',(-1.,0.,0.));
#5856=DIRECTION('center_axis',(0.,-1.,0.));
#5857=DIRECTION('ref_axis',(-1.,0.,0.));
#5858=DIRECTION('center_axis',(0.,1.,0.));
#5859=DIRECTION('ref_axis',(1.,0.,0.));
#5860=DIRECTION('center_axis',(0.,-1.,0.));
#5861=DIRECTION('ref_axis',(-1.,0.,0.));
#5862=DIRECTION('center_axis',(0.,1.,0.));
#5863=DIRECTION('ref_axis',(-1.,0.,0.));
#5864=DIRECTION('center_axis',(0.,-1.,0.));
#5865=DIRECTION('ref_axis',(-1.,0.,0.));
#5866=DIRECTION('center_axis',(0.,1.,0.));
#5867=DIRECTION('ref_axis',(1.,0.,0.));
#5868=DIRECTION('center_axis',(0.,1.,0.));
#5869=DIRECTION('ref_axis',(1.,0.,0.));
#5870=DIRECTION('center_axis',(0.,-1.,0.));
#5871=DIRECTION('ref_axis',(-1.,0.,0.));
#5872=DIRECTION('center_axis',(0.,1.,0.));
#5873=DIRECTION('ref_axis',(-1.,0.,0.));
#5874=DIRECTION('center_axis',(0.,-1.,0.));
#5875=DIRECTION('ref_axis',(-1.,0.,0.));
#5876=DIRECTION('center_axis',(0.,1.,0.));
#5877=DIRECTION('ref_axis',(1.,0.,0.));
#5878=DIRECTION('center_axis',(0.,-1.,0.));
#5879=DIRECTION('ref_axis',(-1.,0.,0.));
#5880=DIRECTION('center_axis',(0.,1.,0.));
#5881=DIRECTION('ref_axis',(-1.,0.,0.));
#5882=DIRECTION('center_axis',(0.,-1.,0.));
#5883=DIRECTION('ref_axis',(-1.,0.,0.));
#5884=DIRECTION('center_axis',(0.,1.,0.));
#5885=DIRECTION('ref_axis',(1.,0.,0.));
#5886=DIRECTION('center_axis',(0.,-1.,0.));
#5887=DIRECTION('ref_axis',(1.,0.,0.));
#5888=DIRECTION('center_axis',(0.,1.,0.));
#5889=DIRECTION('ref_axis',(1.,0.,0.));
#5890=DIRECTION('center_axis',(0.,-1.,0.));
#5891=DIRECTION('ref_axis',(1.,0.,0.));
#5892=DIRECTION('center_axis',(0.,1.,0.));
#5893=DIRECTION('ref_axis',(1.,0.,0.));
#5894=DIRECTION('center_axis',(0.,-1.,0.));
#5895=DIRECTION('ref_axis',(1.,0.,0.));
#5896=DIRECTION('center_axis',(0.,1.,0.));
#5897=DIRECTION('ref_axis',(1.,0.,0.));
#5898=DIRECTION('center_axis',(0.,-1.,0.));
#5899=DIRECTION('ref_axis',(1.,0.,0.));
#5900=DIRECTION('center_axis',(0.,1.,0.));
#5901=DIRECTION('ref_axis',(1.,0.,0.));
#5902=DIRECTION('center_axis',(0.,1.,0.));
#5903=DIRECTION('ref_axis',(1.,0.,0.));
#5904=DIRECTION('center_axis',(0.,-1.,0.));
#5905=DIRECTION('ref_axis',(1.,0.,0.));
#5906=DIRECTION('center_axis',(0.,1.,0.));
#5907=DIRECTION('ref_axis',(1.,0.,0.));
#5908=DIRECTION('center_axis',(0.,-1.,0.));
#5909=DIRECTION('ref_axis',(1.,0.,0.));
#5910=DIRECTION('center_axis',(0.,1.,0.));
#5911=DIRECTION('ref_axis',(1.,0.,0.));
#5912=DIRECTION('center_axis',(0.,-1.,0.));
#5913=DIRECTION('ref_axis',(1.,0.,0.));
#5914=DIRECTION('center_axis',(0.,1.,0.));
#5915=DIRECTION('ref_axis',(1.,0.,0.));
#5916=DIRECTION('center_axis',(0.,-1.,0.));
#5917=DIRECTION('ref_axis',(1.,0.,0.));
#5918=DIRECTION('center_axis',(0.,1.,0.));
#5919=DIRECTION('ref_axis',(1.,0.,0.));
#5920=DIRECTION('center_axis',(0.,1.,0.));
#5921=DIRECTION('ref_axis',(1.,0.,0.));
#5922=DIRECTION('center_axis',(0.,1.,0.));
#5923=DIRECTION('ref_axis',(1.,0.,0.));
#5924=DIRECTION('center_axis',(0.,1.,0.));
#5925=DIRECTION('ref_axis',(1.,0.,0.));
#5926=DIRECTION('center_axis',(0.,1.,0.));
#5927=DIRECTION('ref_axis',(0.,0.,-1.));
#5928=DIRECTION('center_axis',(0.,1.,0.));
#5929=DIRECTION('ref_axis',(0.,0.,-1.));
#5930=DIRECTION('center_axis',(0.,1.,0.));
#5931=DIRECTION('ref_axis',(1.,0.,0.));
#5932=DIRECTION('center_axis',(0.,1.,0.));
#5933=DIRECTION('ref_axis',(0.,0.,-1.));
#5934=DIRECTION('center_axis',(0.,1.,0.));
#5935=DIRECTION('ref_axis',(0.707106781186547,0.,0.707106781186548));
#5936=DIRECTION('center_axis',(0.,1.,0.));
#5937=DIRECTION('ref_axis',(0.707106781186547,0.,0.707106781186548));
#5938=DIRECTION('center_axis',(0.,1.,0.));
#5939=DIRECTION('ref_axis',(0.707106781186547,0.,0.707106781186548));
#5940=DIRECTION('center_axis',(-0.707106781186548,0.,0.707106781186547));
#5941=DIRECTION('ref_axis',(-0.707106781186547,0.,-0.707106781186548));
#5942=DIRECTION('center_axis',(0.,1.,0.));
#5943=DIRECTION('ref_axis',(0.707106781186547,0.,0.707106781186548));
#5944=DIRECTION('center_axis',(0.707106781186548,0.,-0.707106781186547));
#5945=DIRECTION('ref_axis',(-0.707106781186547,0.,-0.707106781186548));
#5946=DIRECTION('center_axis',(0.,1.,0.));
#5947=DIRECTION('ref_axis',(-0.707106781186547,0.,-0.707106781186548));
#5948=DIRECTION('center_axis',(0.,1.,0.));
#5949=DIRECTION('ref_axis',(1.,0.,0.));
#5950=DIRECTION('center_axis',(0.,1.,0.));
#5951=DIRECTION('ref_axis',(0.,0.,-1.));
#5952=DIRECTION('center_axis',(0.,1.,0.));
#5953=DIRECTION('ref_axis',(-0.707106781186548,0.,0.707106781186548));
#5954=DIRECTION('center_axis',(0.,1.,0.));
#5955=DIRECTION('ref_axis',(-0.707106781186548,0.,0.707106781186547));
#5956=DIRECTION('center_axis',(0.,1.,0.));
#5957=DIRECTION('ref_axis',(-0.707106781186548,0.,0.707106781186547));
#5958=DIRECTION('center_axis',(0.,1.,0.));
#5959=DIRECTION('ref_axis',(0.,0.,-1.));
#5960=DIRECTION('center_axis',(-0.707106781186547,0.,-0.707106781186548));
#5961=DIRECTION('ref_axis',(0.707106781186548,0.,-0.707106781186547));
#5962=DIRECTION('center_axis',(0.,1.,0.));
#5963=DIRECTION('ref_axis',(0.,0.,-1.));
#5964=DIRECTION('center_axis',(0.,1.,0.));
#5965=DIRECTION('ref_axis',(1.,0.,0.));
#5966=DIRECTION('center_axis',(0.,1.,0.));
#5967=DIRECTION('ref_axis',(1.,0.,2.44929359829471E-16));
#5968=DIRECTION('center_axis',(0.,1.,0.));
#5969=DIRECTION('ref_axis',(-1.,0.,-1.22464679914735E-16));
#5970=DIRECTION('center_axis',(0.,1.,6.12323399573677E-17));
#5971=DIRECTION('ref_axis',(0.,0.,1.));
#5972=DIRECTION('center_axis',(0.,1.,0.));
#5973=DIRECTION('ref_axis',(1.22464679914735E-16,0.,-1.));
#5974=DIRECTION('center_axis',(1.,0.,0.));
#5975=DIRECTION('ref_axis',(0.,0.,-1.));
#5976=DIRECTION('center_axis',(0.,1.,0.));
#5977=DIRECTION('ref_axis',(1.22464679914735E-16,0.,-1.));
#5978=DIRECTION('center_axis',(0.,1.,0.));
#5979=DIRECTION('ref_axis',(-1.,0.,-1.22464679914735E-16));
#5980=DIRECTION('center_axis',(0.,1.,0.));
#5981=DIRECTION('ref_axis',(-0.707106781186548,0.,0.707106781186547));
#5982=DIRECTION('center_axis',(0.707106781186548,0.,0.707106781186547));
#5983=DIRECTION('ref_axis',(0.707106781186547,0.,-0.707106781186548));
#5984=DIRECTION('center_axis',(0.,1.,0.));
#5985=DIRECTION('ref_axis',(0.707106781186548,0.,-0.707106781186547));
#5986=DIRECTION('center_axis',(0.,1.,0.));
#5987=DIRECTION('ref_axis',(-1.83697019872103E-16,0.,1.));
#5988=DIRECTION('center_axis',(0.,1.,0.));
#5989=DIRECTION('ref_axis',(6.12323399573677E-17,0.,-1.));
#5990=DIRECTION('center_axis',(-6.12323399573676E-17,1.,0.));
#5991=DIRECTION('ref_axis',(-1.,0.,0.));
#5992=DIRECTION('center_axis',(0.,1.,0.));
#5993=DIRECTION('ref_axis',(1.,0.,6.12323399573677E-17));
#5994=DIRECTION('center_axis',(0.,0.,1.));
#5995=DIRECTION('ref_axis',(1.,0.,0.));
#5996=DIRECTION('center_axis',(0.,1.,0.));
#5997=DIRECTION('ref_axis',(1.,0.,6.12323399573677E-17));
#5998=DIRECTION('center_axis',(0.,1.,0.));
#5999=DIRECTION('ref_axis',(6.12323399573677E-17,0.,-1.));
#6000=DIRECTION('center_axis',(0.,1.,0.));
#6001=DIRECTION('ref_axis',(1.,0.,0.));
#6002=DIRECTION('center_axis',(0.,1.,0.));
#6003=DIRECTION('ref_axis',(-0.707106781186547,0.,0.707106781186548));
#6004=DIRECTION('center_axis',(0.,-1.,0.));
#6005=DIRECTION('ref_axis',(0.707106781186547,0.,-0.707106781186547));
#6006=DIRECTION('center_axis',(0.,1.,0.));
#6007=DIRECTION('ref_axis',(-0.707106781186548,0.,-0.707106781186547));
#6008=DIRECTION('center_axis',(-0.707106781186548,0.,0.707106781186548));
#6009=DIRECTION('ref_axis',(0.707106781186548,0.,0.707106781186548));
#6010=DIRECTION('center_axis',(0.,1.,0.));
#6011=DIRECTION('ref_axis',(0.707106781186548,0.,0.707106781186548));
#6012=DIRECTION('center_axis',(0.,1.,0.));
#6013=DIRECTION('ref_axis',(1.,0.,0.));
#6014=DIRECTION('center_axis',(0.,1.,0.));
#6015=DIRECTION('ref_axis',(3.06161699786838E-16,0.,-1.));
#6016=DIRECTION('center_axis',(6.12323399573676E-17,1.,0.));
#6017=DIRECTION('ref_axis',(1.,0.,0.));
#6018=DIRECTION('center_axis',(0.,0.,-1.));
#6019=DIRECTION('ref_axis',(-1.,0.,0.));
#6020=DIRECTION('center_axis',(0.,1.,0.));
#6021=DIRECTION('ref_axis',(1.,0.,0.));
#6022=DIRECTION('center_axis',(0.,1.,0.));
#6023=DIRECTION('ref_axis',(-0.707106781186547,0.,-0.707106781186548));
#6024=DIRECTION('center_axis',(0.,1.,0.));
#6025=DIRECTION('ref_axis',(0.707106781186548,0.,-0.707106781186547));
#6026=DIRECTION('center_axis',(-0.707106781186548,0.,-0.707106781186548));
#6027=DIRECTION('ref_axis',(-0.707106781186548,0.,0.707106781186548));
#6028=DIRECTION('center_axis',(0.,1.,0.));
#6029=DIRECTION('ref_axis',(-1.,0.,-1.22464679914735E-16));
#6030=DIRECTION('center_axis',(0.,1.,0.));
#6031=DIRECTION('ref_axis',(1.,0.,0.));
#6032=DIRECTION('center_axis',(0.,1.,-6.12323399573677E-17));
#6033=DIRECTION('ref_axis',(0.,0.,-1.));
#6034=DIRECTION('center_axis',(0.,1.,0.));
#6035=DIRECTION('ref_axis',(0.,0.,1.));
#6036=DIRECTION('center_axis',(-1.,0.,0.));
#6037=DIRECTION('ref_axis',(0.,0.,1.));
#6038=DIRECTION('center_axis',(0.,1.,0.));
#6039=DIRECTION('ref_axis',(0.,0.,1.));
#6040=DIRECTION('center_axis',(0.,1.,0.));
#6041=DIRECTION('ref_axis',(1.,0.,0.));
#6042=DIRECTION('center_axis',(0.,1.,0.));
#6043=DIRECTION('ref_axis',(0.,0.,-1.));
#6044=DIRECTION('center_axis',(0.,1.,0.));
#6045=DIRECTION('ref_axis',(0.,0.,-1.));
#6046=DIRECTION('',(0.,-1.,0.));
#6047=DIRECTION('center_axis',(0.,-1.,0.));
#6048=DIRECTION('ref_axis',(0.,0.,-1.));
#6049=DIRECTION('center_axis',(0.,1.,0.));
#6050=DIRECTION('ref_axis',(-1.,0.,0.));
#6051=DIRECTION('center_axis',(0.,1.,0.));
#6052=DIRECTION('ref_axis',(-1.,0.,0.));
#6053=DIRECTION('',(0.,-1.,0.));
#6054=DIRECTION('center_axis',(0.,-1.,0.));
#6055=DIRECTION('ref_axis',(-1.,0.,0.));
#6056=DIRECTION('center_axis',(0.,1.,0.));
#6057=DIRECTION('ref_axis',(-1.,0.,0.));
#6058=DIRECTION('center_axis',(0.,1.,0.));
#6059=DIRECTION('ref_axis',(-1.,0.,0.));
#6060=DIRECTION('',(0.,-1.,0.));
#6061=DIRECTION('center_axis',(0.,-1.,0.));
#6062=DIRECTION('ref_axis',(-1.,0.,0.));
#6063=DIRECTION('center_axis',(0.,1.,0.));
#6064=DIRECTION('ref_axis',(0.,0.,-1.));
#6065=DIRECTION('center_axis',(0.,1.,0.));
#6066=DIRECTION('ref_axis',(0.,0.,-1.));
#6067=DIRECTION('',(0.,-1.,0.));
#6068=DIRECTION('center_axis',(0.,-1.,0.));
#6069=DIRECTION('ref_axis',(0.,0.,-1.));
#6070=DIRECTION('center_axis',(0.,1.,0.));
#6071=DIRECTION('ref_axis',(-1.,0.,0.));
#6072=DIRECTION('center_axis',(0.,1.,0.));
#6073=DIRECTION('ref_axis',(-1.,0.,0.));
#6074=DIRECTION('',(0.,-1.,0.));
#6075=DIRECTION('center_axis',(0.,-1.,0.));
#6076=DIRECTION('ref_axis',(-1.,0.,0.));
#6077=DIRECTION('center_axis',(0.,1.,0.));
#6078=DIRECTION('ref_axis',(1.,0.,0.));
#6079=DIRECTION('center_axis',(0.,1.,0.));
#6080=DIRECTION('ref_axis',(1.,0.,0.));
#6081=DIRECTION('',(0.,-1.,0.));
#6082=DIRECTION('center_axis',(0.,-1.,0.));
#6083=DIRECTION('ref_axis',(1.,0.,0.));
#6084=DIRECTION('center_axis',(0.,1.,0.));
#6085=DIRECTION('ref_axis',(-1.,0.,0.));
#6086=DIRECTION('center_axis',(0.,1.,0.));
#6087=DIRECTION('ref_axis',(-1.,0.,0.));
#6088=DIRECTION('',(0.,-1.,0.));
#6089=DIRECTION('center_axis',(0.,-1.,0.));
#6090=DIRECTION('ref_axis',(-1.,0.,0.));
#6091=DIRECTION('center_axis',(0.,1.,0.));
#6092=DIRECTION('ref_axis',(0.707106781186548,0.,-0.707106781186548));
#6093=DIRECTION('center_axis',(0.,1.,0.));
#6094=DIRECTION('ref_axis',(0.707106781186548,0.,-0.707106781186548));
#6095=DIRECTION('',(0.,-1.,0.));
#6096=DIRECTION('center_axis',(0.,-1.,0.));
#6097=DIRECTION('ref_axis',(0.707106781186548,0.,-0.707106781186548));
#6098=DIRECTION('center_axis',(0.,1.,0.));
#6099=DIRECTION('ref_axis',(0.707106781186548,0.,0.707106781186548));
#6100=DIRECTION('center_axis',(0.,1.,0.));
#6101=DIRECTION('ref_axis',(-0.707106781186547,0.,-0.707106781186548));
#6102=DIRECTION('center_axis',(0.,1.,0.));
#6103=DIRECTION('ref_axis',(-0.707106781186547,0.,-0.707106781186548));
#6104=DIRECTION('center_axis',(0.,1.,0.));
#6105=DIRECTION('ref_axis',(-0.707106781186547,0.,-0.707106781186548));
#6106=DIRECTION('center_axis',(0.,1.,0.));
#6107=DIRECTION('ref_axis',(0.707106781186548,0.,-0.707106781186547));
#6108=DIRECTION('center_axis',(0.,1.,0.));
#6109=DIRECTION('ref_axis',(0.707106781186548,0.,-0.707106781186547));
#6110=DIRECTION('center_axis',(0.,-1.,0.));
#6111=DIRECTION('ref_axis',(-0.707106781186547,0.,-0.707106781186548));
#6112=DIRECTION('center_axis',(0.,1.,0.));
#6113=DIRECTION('ref_axis',(-0.707106781186548,0.,0.707106781186547));
#6114=DIRECTION('center_axis',(0.,1.,0.));
#6115=DIRECTION('ref_axis',(1.,0.,0.));
#6116=DIRECTION('center_axis',(0.,1.,0.));
#6117=DIRECTION('ref_axis',(-1.22464679914735E-16,0.,1.));
#6118=DIRECTION('center_axis',(0.,-1.,0.));
#6119=DIRECTION('ref_axis',(-1.,0.,-1.22464679914735E-16));
#6120=DIRECTION('center_axis',(0.,1.,0.));
#6121=DIRECTION('ref_axis',(1.22464679914735E-16,0.,-1.));
#6122=DIRECTION('center_axis',(0.,1.,0.));
#6123=DIRECTION('ref_axis',(-1.,0.,-1.22464679914735E-16));
#6124=DIRECTION('center_axis',(0.,1.,0.));
#6125=DIRECTION('ref_axis',(-1.22464679914735E-16,0.,1.));
#6126=DIRECTION('center_axis',(0.,1.,0.));
#6127=DIRECTION('ref_axis',(1.,0.,0.));
#6128=DIRECTION('center_axis',(0.,1.,0.));
#6129=DIRECTION('ref_axis',(-0.707106781186548,0.,0.707106781186547));
#6130=DIRECTION('center_axis',(0.,-1.,6.12323399573677E-17));
#6131=DIRECTION('ref_axis',(0.,0.,1.));
#6132=DIRECTION('center_axis',(0.,1.,0.));
#6133=DIRECTION('ref_axis',(-1.22464679914735E-16,0.,1.));
#6134=DIRECTION('center_axis',(0.,1.,0.));
#6135=DIRECTION('ref_axis',(0.,0.,-1.));
#6136=DIRECTION('center_axis',(1.,0.,0.));
#6137=DIRECTION('ref_axis',(0.,0.,-1.));
#6138=DIRECTION('center_axis',(0.,1.,0.));
#6139=DIRECTION('ref_axis',(0.,0.,-1.));
#6140=DIRECTION('center_axis',(0.,1.,0.));
#6141=DIRECTION('ref_axis',(-1.22464679914735E-16,0.,1.));
#6142=DIRECTION('center_axis',(0.,1.,0.));
#6143=DIRECTION('ref_axis',(0.,0.,-1.));
#6144=DIRECTION('center_axis',(0.,1.,0.));
#6145=DIRECTION('ref_axis',(0.707106781186547,0.,-0.707106781186547));
#6146=DIRECTION('center_axis',(0.,1.,0.));
#6147=DIRECTION('ref_axis',(-0.707106781186548,0.,0.707106781186547));
#6148=DIRECTION('center_axis',(0.,1.,0.));
#6149=DIRECTION('ref_axis',(-0.707106781186548,0.,0.707106781186547));
#6150=DIRECTION('center_axis',(0.,1.,0.));
#6151=DIRECTION('ref_axis',(-1.83697019872103E-16,0.,1.));
#6152=DIRECTION('center_axis',(0.,1.,0.));
#6153=DIRECTION('ref_axis',(-0.707106781186547,0.,-0.707106781186548));
#6154=DIRECTION('center_axis',(0.,1.,0.));
#6155=DIRECTION('ref_axis',(-0.707106781186547,0.,-0.707106781186548));
#6156=DIRECTION('center_axis',(0.,-1.,0.));
#6157=DIRECTION('ref_axis',(-0.707106781186548,0.,0.707106781186547));
#6158=DIRECTION('center_axis',(0.,1.,0.));
#6159=DIRECTION('ref_axis',(0.707106781186547,0.,0.707106781186548));
#6160=DIRECTION('center_axis',(0.,1.,0.));
#6161=DIRECTION('ref_axis',(1.,0.,0.));
#6162=DIRECTION('center_axis',(0.,1.,0.));
#6163=DIRECTION('ref_axis',(1.,0.,1.83697019872103E-16));
#6164=DIRECTION('center_axis',(0.,-1.,0.));
#6165=DIRECTION('ref_axis',(-1.83697019872103E-16,0.,1.));
#6166=DIRECTION('center_axis',(0.,1.,0.));
#6167=DIRECTION('ref_axis',(-1.,0.,-1.83697019872103E-16));
#6168=DIRECTION('center_axis',(0.,1.,0.));
#6169=DIRECTION('ref_axis',(-1.83697019872103E-16,0.,1.));
#6170=DIRECTION('center_axis',(0.,1.,0.));
#6171=DIRECTION('ref_axis',(1.,0.,1.83697019872103E-16));
#6172=DIRECTION('center_axis',(0.,1.,0.));
#6173=DIRECTION('ref_axis',(1.,0.,0.));
#6174=DIRECTION('center_axis',(0.,1.,0.));
#6175=DIRECTION('ref_axis',(0.707106781186547,0.,0.707106781186548));
#6176=DIRECTION('center_axis',(6.12323399573677E-17,-1.,0.));
#6177=DIRECTION('ref_axis',(1.,0.,0.));
#6178=DIRECTION('center_axis',(0.,1.,0.));
#6179=DIRECTION('ref_axis',(1.,0.,1.83697019872103E-16));
#6180=DIRECTION('center_axis',(0.,1.,0.));
#6181=DIRECTION('ref_axis',(0.,0.,-1.));
#6182=DIRECTION('center_axis',(0.,0.,-1.));
#6183=DIRECTION('ref_axis',(-1.,0.,0.));
#6184=DIRECTION('center_axis',(0.,1.,0.));
#6185=DIRECTION('ref_axis',(0.,0.,-1.));
#6186=DIRECTION('center_axis',(0.,1.,0.));
#6187=DIRECTION('ref_axis',(1.,0.,1.83697019872103E-16));
#6188=DIRECTION('center_axis',(0.,1.,0.));
#6189=DIRECTION('ref_axis',(0.,0.,-1.));
#6190=DIRECTION('center_axis',(0.,-1.,0.));
#6191=DIRECTION('ref_axis',(0.707106781186548,0.,-0.707106781186547));
#6192=DIRECTION('center_axis',(0.,1.,0.));
#6193=DIRECTION('ref_axis',(0.707106781186548,0.,-0.707106781186547));
#6194=DIRECTION('center_axis',(0.,1.,0.));
#6195=DIRECTION('ref_axis',(0.,0.,-1.));
#6196=DIRECTION('center_axis',(-0.707106781186548,0.,-0.707106781186548));
#6197=DIRECTION('ref_axis',(-0.707106781186547,0.,0.707106781186547));
#6198=DIRECTION('center_axis',(0.,1.,0.));
#6199=DIRECTION('ref_axis',(0.,0.,-1.));
#6200=DIRECTION('center_axis',(0.,1.,0.));
#6201=DIRECTION('ref_axis',(0.707106781186548,0.,-0.707106781186547));
#6202=DIRECTION('center_axis',(0.,1.,0.));
#6203=DIRECTION('ref_axis',(0.707106781186548,0.,-0.707106781186547));
#6204=DIRECTION('center_axis',(0.,1.,0.));
#6205=DIRECTION('ref_axis',(0.,0.,-1.));
#6206=DIRECTION('center_axis',(0.,1.,0.));
#6207=DIRECTION('ref_axis',(0.707106781186548,0.,-0.707106781186547));
#6208=DIRECTION('center_axis',(0.,1.,0.));
#6209=DIRECTION('ref_axis',(0.707106781186547,0.,0.707106781186548));
#6210=DIRECTION('center_axis',(0.,1.,0.));
#6211=DIRECTION('ref_axis',(-1.83697019872103E-16,0.,1.));
#6212=DIRECTION('center_axis',(0.,1.,0.));
#6213=DIRECTION('ref_axis',(-1.,0.,-1.83697019872103E-16));
#6214=DIRECTION('center_axis',(0.,1.,0.));
#6215=DIRECTION('ref_axis',(-1.,0.,-1.83697019872103E-16));
#6216=DIRECTION('center_axis',(0.,-1.,0.));
#6217=DIRECTION('ref_axis',(-1.83697019872103E-16,0.,1.));
#6218=DIRECTION('center_axis',(0.,1.,0.));
#6219=DIRECTION('ref_axis',(1.,0.,0.));
#6220=DIRECTION('center_axis',(0.,-1.,0.));
#6221=DIRECTION('ref_axis',(0.707106781186547,0.,0.707106781186548));
#6222=DIRECTION('center_axis',(0.,1.,0.));
#6223=DIRECTION('ref_axis',(-0.707106781186548,0.,0.707106781186547));
#6224=DIRECTION('center_axis',(0.,1.,0.));
#6225=DIRECTION('ref_axis',(0.707106781186547,0.,0.707106781186548));
#6226=DIRECTION('center_axis',(0.,1.,0.));
#6227=DIRECTION('ref_axis',(1.,0.,0.));
#6228=DIRECTION('center_axis',(0.,-1.,-6.12323399573677E-17));
#6229=DIRECTION('ref_axis',(0.,0.,-1.));
#6230=DIRECTION('center_axis',(0.,1.,0.));
#6231=DIRECTION('ref_axis',(0.,0.,-1.));
#6232=DIRECTION('center_axis',(0.,1.,0.));
#6233=DIRECTION('ref_axis',(0.,0.,-1.));
#6234=DIRECTION('center_axis',(-1.,0.,0.));
#6235=DIRECTION('ref_axis',(0.,0.,1.));
#6236=DIRECTION('center_axis',(0.,1.,0.));
#6237=DIRECTION('ref_axis',(0.,0.,-1.));
#6238=DIRECTION('center_axis',(0.,1.,0.));
#6239=DIRECTION('ref_axis',(0.,0.,-1.));
#6240=DIRECTION('center_axis',(0.,1.,0.));
#6241=DIRECTION('ref_axis',(0.,0.,-1.));
#6242=DIRECTION('center_axis',(0.,1.,0.));
#6243=DIRECTION('ref_axis',(0.,0.,-1.));
#6244=DIRECTION('center_axis',(0.,1.,0.));
#6245=DIRECTION('ref_axis',(0.,0.,-1.));
#6246=DIRECTION('center_axis',(0.,1.,0.));
#6247=DIRECTION('ref_axis',(1.,0.,0.));
#6248=DIRECTION('center_axis',(0.,1.,0.));
#6249=DIRECTION('ref_axis',(0.707106781186547,0.,0.707106781186548));
#6250=DIRECTION('center_axis',(0.,1.,0.));
#6251=DIRECTION('ref_axis',(-0.707106781186548,0.,0.707106781186547));
#6252=DIRECTION('center_axis',(0.,1.,0.));
#6253=DIRECTION('ref_axis',(-0.707106781186548,0.,0.707106781186547));
#6254=DIRECTION('center_axis',(0.,-1.,0.));
#6255=DIRECTION('ref_axis',(0.707106781186547,0.,0.707106781186548));
#6256=DIRECTION('center_axis',(0.,1.,0.));
#6257=DIRECTION('ref_axis',(1.,0.,0.));
#6258=DIRECTION('center_axis',(0.,-1.,0.));
#6259=DIRECTION('ref_axis',(1.,0.,0.));
#6260=DIRECTION('center_axis',(0.,1.,0.));
#6261=DIRECTION('ref_axis',(0.,0.,1.));
#6262=DIRECTION('center_axis',(0.,1.,0.));
#6263=DIRECTION('ref_axis',(1.,0.,0.));
#6264=DIRECTION('center_axis',(0.,1.,0.));
#6265=DIRECTION('ref_axis',(1.,0.,0.));
#6266=DIRECTION('center_axis',(0.,1.,0.));
#6267=DIRECTION('ref_axis',(-0.707106781186547,0.,0.707106781186548));
#6268=DIRECTION('center_axis',(0.,1.,0.));
#6269=DIRECTION('ref_axis',(0.707106781186547,0.,-0.707106781186547));
#6270=DIRECTION('center_axis',(0.,1.,0.));
#6271=DIRECTION('ref_axis',(0.707106781186547,0.,-0.707106781186547));
#6272=DIRECTION('center_axis',(0.,1.,0.));
#6273=DIRECTION('ref_axis',(6.12323399573677E-17,0.,-1.));
#6274=DIRECTION('center_axis',(0.,1.,0.));
#6275=DIRECTION('ref_axis',(0.707106781186548,0.,0.707106781186548));
#6276=DIRECTION('center_axis',(0.,1.,0.));
#6277=DIRECTION('ref_axis',(0.707106781186548,0.,0.707106781186548));
#6278=DIRECTION('center_axis',(0.,-1.,0.));
#6279=DIRECTION('ref_axis',(0.707106781186547,0.,-0.707106781186547));
#6280=DIRECTION('center_axis',(0.,1.,0.));
#6281=DIRECTION('ref_axis',(-0.707106781186548,0.,-0.707106781186548));
#6282=DIRECTION('center_axis',(0.,1.,0.));
#6283=DIRECTION('ref_axis',(1.,0.,0.));
#6284=DIRECTION('center_axis',(0.,1.,0.));
#6285=DIRECTION('ref_axis',(-1.,0.,-6.12323399573677E-17));
#6286=DIRECTION('center_axis',(0.,-1.,0.));
#6287=DIRECTION('ref_axis',(6.12323399573676E-17,0.,-1.));
#6288=DIRECTION('center_axis',(0.,1.,0.));
#6289=DIRECTION('ref_axis',(1.,0.,6.12323399573677E-17));
#6290=DIRECTION('center_axis',(0.,1.,0.));
#6291=DIRECTION('ref_axis',(6.12323399573677E-17,0.,-1.));
#6292=DIRECTION('center_axis',(0.,1.,0.));
#6293=DIRECTION('ref_axis',(-1.,0.,-6.12323399573677E-17));
#6294=DIRECTION('center_axis',(0.,1.,0.));
#6295=DIRECTION('ref_axis',(1.,0.,0.));
#6296=DIRECTION('center_axis',(0.,1.,0.));
#6297=DIRECTION('ref_axis',(-0.707106781186548,0.,-0.707106781186548));
#6298=DIRECTION('center_axis',(-6.12323399573677E-17,-1.,0.));
#6299=DIRECTION('ref_axis',(-1.,0.,0.));
#6300=DIRECTION('center_axis',(0.,1.,0.));
#6301=DIRECTION('ref_axis',(-1.,0.,-6.12323399573677E-17));
#6302=DIRECTION('center_axis',(0.,1.,0.));
#6303=DIRECTION('ref_axis',(0.,0.,-1.));
#6304=DIRECTION('center_axis',(0.,0.,1.));
#6305=DIRECTION('ref_axis',(1.,0.,0.));
#6306=DIRECTION('center_axis',(0.,1.,0.));
#6307=DIRECTION('ref_axis',(0.,0.,-1.));
#6308=DIRECTION('center_axis',(0.,1.,0.));
#6309=DIRECTION('ref_axis',(-1.,0.,-6.12323399573677E-17));
#6310=DIRECTION('center_axis',(0.,1.,0.));
#6311=DIRECTION('ref_axis',(0.,0.,-1.));
#6312=DIRECTION('center_axis',(0.,1.,0.));
#6313=DIRECTION('ref_axis',(-1.83697019872103E-16,0.,1.));
#6314=DIRECTION('center_axis',(0.,-1.,0.));
#6315=DIRECTION('ref_axis',(6.12323399573676E-17,0.,-1.));
#6316=DIRECTION('center_axis',(0.,-1.,0.));
#6317=DIRECTION('ref_axis',(-0.707106781186548,0.,-0.707106781186548));
#6318=DIRECTION('center_axis',(0.,1.,0.));
#6319=DIRECTION('ref_axis',(0.,0.,-1.));
#6320=DIRECTION('center_axis',(-0.707106781186547,0.,0.707106781186548));
#6321=DIRECTION('ref_axis',(0.707106781186548,0.,0.707106781186547));
#6322=DIRECTION('center_axis',(0.,1.,0.));
#6323=DIRECTION('ref_axis',(0.,0.,-1.));
#6324=DIRECTION('center_axis',(0.,1.,0.));
#6325=DIRECTION('ref_axis',(-0.707106781186548,0.,-0.707106781186548));
#6326=DIRECTION('center_axis',(0.,1.,0.));
#6327=DIRECTION('ref_axis',(0.,0.,-1.));
#6328=DIRECTION('center_axis',(0.,1.,0.));
#6329=DIRECTION('ref_axis',(-0.707106781186548,0.,-0.707106781186548));
#6330=DIRECTION('center_axis',(0.,1.,0.));
#6331=DIRECTION('ref_axis',(-1.,0.,-1.22464679914735E-16));
#6332=DIRECTION('center_axis',(0.,-1.,0.));
#6333=DIRECTION('ref_axis',(1.,0.,0.));
#6334=DIRECTION('center_axis',(0.,1.,0.));
#6335=DIRECTION('ref_axis',(-0.707106781186547,0.,-0.707106781186548));
#6336=DIRECTION('center_axis',(0.,1.,0.));
#6337=DIRECTION('ref_axis',(3.06161699786838E-16,0.,-1.));
#6338=DIRECTION('center_axis',(0.,1.,0.));
#6339=DIRECTION('ref_axis',(0.707106781186548,0.,-0.707106781186547));
#6340=DIRECTION('center_axis',(0.,-1.,0.));
#6341=DIRECTION('ref_axis',(-0.707106781186548,0.,0.707106781186547));
#6342=DIRECTION('center_axis',(0.,1.,0.));
#6343=DIRECTION('ref_axis',(1.,0.,2.44929359829471E-16));
#6344=DIRECTION('center_axis',(0.,-1.,0.));
#6345=DIRECTION('ref_axis',(-1.,0.,-1.22464679914735E-16));
#6346=DIRECTION('center_axis',(0.,1.,0.));
#6347=DIRECTION('ref_axis',(0.707106781186547,0.,0.707106781186548));
#6348=DIRECTION('center_axis',(0.,-1.,0.));
#6349=DIRECTION('ref_axis',(-0.707106781186547,0.,-0.707106781186548));
#6350=DIRECTION('center_axis',(0.,-1.,0.));
#6351=DIRECTION('ref_axis',(1.,0.,0.));
#6352=DIRECTION('center_axis',(0.,1.,0.));
#6353=DIRECTION('ref_axis',(1.,0.,0.));
#6354=DIRECTION('center_axis',(0.,-1.,0.));
#6355=DIRECTION('ref_axis',(1.,0.,0.));
#6356=DIRECTION('center_axis',(0.,1.,0.));
#6357=DIRECTION('ref_axis',(1.,0.,0.));
#6358=DIRECTION('center_axis',(0.,-1.,0.));
#6359=DIRECTION('ref_axis',(1.,0.,0.));
#6360=DIRECTION('center_axis',(0.,1.,0.));
#6361=DIRECTION('ref_axis',(1.,0.,0.));
#6362=DIRECTION('center_axis',(0.,-1.,0.));
#6363=DIRECTION('ref_axis',(1.,0.,0.));
#6364=DIRECTION('center_axis',(0.,1.,0.));
#6365=DIRECTION('ref_axis',(1.,0.,0.));
#6366=DIRECTION('center_axis',(0.,1.,0.));
#6367=DIRECTION('ref_axis',(1.,0.,0.));
#6368=DIRECTION('center_axis',(0.,-1.,0.));
#6369=DIRECTION('ref_axis',(1.,0.,0.));
#6370=DIRECTION('center_axis',(0.,1.,0.));
#6371=DIRECTION('ref_axis',(1.,0.,0.));
#6372=DIRECTION('center_axis',(0.,-1.,0.));
#6373=DIRECTION('ref_axis',(1.,0.,0.));
#6374=DIRECTION('center_axis',(0.,1.,0.));
#6375=DIRECTION('ref_axis',(1.,0.,0.));
#6376=DIRECTION('center_axis',(0.,-1.,0.));
#6377=DIRECTION('ref_axis',(-1.,0.,0.));
#6378=DIRECTION('center_axis',(0.,1.,0.));
#6379=DIRECTION('ref_axis',(-1.,0.,0.));
#6380=DIRECTION('center_axis',(0.,-1.,0.));
#6381=DIRECTION('ref_axis',(-1.,0.,0.));
#6382=DIRECTION('center_axis',(0.,1.,0.));
#6383=DIRECTION('ref_axis',(1.,0.,0.));
#6384=DIRECTION('center_axis',(0.,-1.,0.));
#6385=DIRECTION('ref_axis',(-1.,0.,0.));
#6386=DIRECTION('center_axis',(0.,1.,0.));
#6387=DIRECTION('ref_axis',(-1.,0.,0.));
#6388=DIRECTION('center_axis',(0.,-1.,0.));
#6389=DIRECTION('ref_axis',(-1.,0.,0.));
#6390=DIRECTION('center_axis',(0.,1.,0.));
#6391=DIRECTION('ref_axis',(1.,0.,0.));
#6392=DIRECTION('center_axis',(0.,-1.,0.));
#6393=DIRECTION('ref_axis',(-1.,0.,0.));
#6394=DIRECTION('center_axis',(0.,1.,0.));
#6395=DIRECTION('ref_axis',(-1.,0.,0.));
#6396=DIRECTION('center_axis',(0.,-1.,0.));
#6397=DIRECTION('ref_axis',(-1.,0.,0.));
#6398=DIRECTION('center_axis',(0.,1.,0.));
#6399=DIRECTION('ref_axis',(1.,0.,0.));
#6400=DIRECTION('center_axis',(0.,1.,0.));
#6401=DIRECTION('ref_axis',(1.,0.,0.));
#6402=DIRECTION('center_axis',(0.,-1.,0.));
#6403=DIRECTION('ref_axis',(-1.,0.,0.));
#6404=DIRECTION('center_axis',(0.,1.,0.));
#6405=DIRECTION('ref_axis',(-1.,0.,0.));
#6406=DIRECTION('center_axis',(0.,-1.,0.));
#6407=DIRECTION('ref_axis',(-1.,0.,0.));
#6408=DIRECTION('center_axis',(0.,1.,0.));
#6409=DIRECTION('ref_axis',(1.,0.,0.));
#6410=DIRECTION('center_axis',(0.,-1.,0.));
#6411=DIRECTION('ref_axis',(1.,0.,0.));
#6412=DIRECTION('center_axis',(0.,1.,0.));
#6413=DIRECTION('ref_axis',(1.,0.,0.));
#6414=DIRECTION('center_axis',(0.,-1.,0.));
#6415=DIRECTION('ref_axis',(1.,0.,0.));
#6416=DIRECTION('center_axis',(0.,1.,0.));
#6417=DIRECTION('ref_axis',(1.,0.,0.));
#6418=DIRECTION('center_axis',(0.,1.,0.));
#6419=DIRECTION('ref_axis',(1.,0.,0.));
#6420=DIRECTION('center_axis',(0.,1.,0.));
#6421=DIRECTION('ref_axis',(-1.,0.,0.));
#6422=DIRECTION('center_axis',(0.,-1.,0.));
#6423=DIRECTION('ref_axis',(-1.,0.,0.));
#6424=DIRECTION('center_axis',(0.,1.,0.));
#6425=DIRECTION('ref_axis',(-1.,0.,0.));
#6426=DIRECTION('center_axis',(0.,1.,0.));
#6427=DIRECTION('ref_axis',(1.,0.,0.));
#6428=DIRECTION('center_axis',(0.,1.,0.));
#6429=DIRECTION('ref_axis',(-1.,0.,0.));
#6430=DIRECTION('center_axis',(0.,-1.,0.));
#6431=DIRECTION('ref_axis',(-1.,0.,0.));
#6432=DIRECTION('center_axis',(0.,1.,0.));
#6433=DIRECTION('ref_axis',(-1.,0.,0.));
#6434=DIRECTION('center_axis',(0.,1.,0.));
#6435=DIRECTION('ref_axis',(1.,0.,0.));
#6436=DIRECTION('center_axis',(0.,1.,0.));
#6437=DIRECTION('ref_axis',(1.,0.,0.));
#6438=DIRECTION('center_axis',(0.,1.,0.));
#6439=DIRECTION('ref_axis',(-1.,0.,0.));
#6440=DIRECTION('center_axis',(0.,-1.,0.));
#6441=DIRECTION('ref_axis',(-1.,0.,0.));
#6442=DIRECTION('center_axis',(0.,1.,0.));
#6443=DIRECTION('ref_axis',(-1.,0.,0.));
#6444=DIRECTION('center_axis',(0.,1.,0.));
#6445=DIRECTION('ref_axis',(1.,0.,0.));
#6446=DIRECTION('center_axis',(0.,1.,0.));
#6447=DIRECTION('ref_axis',(-1.,0.,0.));
#6448=DIRECTION('center_axis',(0.,-1.,0.));
#6449=DIRECTION('ref_axis',(-1.,0.,0.));
#6450=DIRECTION('center_axis',(0.,1.,0.));
#6451=DIRECTION('ref_axis',(-1.,0.,0.));
#6452=DIRECTION('center_axis',(0.,1.,0.));
#6453=DIRECTION('ref_axis',(1.,0.,0.));
#6454=DIRECTION('center_axis',(0.,1.,0.));
#6455=DIRECTION('ref_axis',(1.,0.,0.));
#6456=DIRECTION('center_axis',(0.,-1.,0.));
#6457=DIRECTION('ref_axis',(1.,0.,0.));
#6458=DIRECTION('center_axis',(0.,1.,0.));
#6459=DIRECTION('ref_axis',(1.,0.,0.));
#6460=DIRECTION('center_axis',(0.,1.,0.));
#6461=DIRECTION('ref_axis',(1.,0.,0.));
#6462=DIRECTION('center_axis',(0.,1.,0.));
#6463=DIRECTION('ref_axis',(1.,0.,0.));
#6464=DIRECTION('center_axis',(0.,-1.,0.));
#6465=DIRECTION('ref_axis',(1.,0.,0.));
#6466=DIRECTION('center_axis',(0.,1.,0.));
#6467=DIRECTION('ref_axis',(1.,0.,0.));
#6468=DIRECTION('center_axis',(0.,1.,0.));
#6469=DIRECTION('ref_axis',(1.,0.,0.));
#6470=DIRECTION('center_axis',(0.,1.,0.));
#6471=DIRECTION('ref_axis',(1.,0.,0.));
#6472=DIRECTION('center_axis',(0.,1.,0.));
#6473=DIRECTION('ref_axis',(1.,0.,0.));
#6474=DIRECTION('center_axis',(0.,-1.,0.));
#6475=DIRECTION('ref_axis',(1.,0.,0.));
#6476=DIRECTION('center_axis',(0.,1.,0.));
#6477=DIRECTION('ref_axis',(1.,0.,0.));
#6478=DIRECTION('center_axis',(0.,1.,0.));
#6479=DIRECTION('ref_axis',(1.,0.,0.));
#6480=DIRECTION('center_axis',(0.,1.,0.));
#6481=DIRECTION('ref_axis',(1.,0.,0.));
#6482=DIRECTION('center_axis',(0.,-1.,0.));
#6483=DIRECTION('ref_axis',(1.,0.,0.));
#6484=DIRECTION('center_axis',(0.,1.,0.));
#6485=DIRECTION('ref_axis',(1.,0.,0.));
#6486=DIRECTION('center_axis',(0.,1.,0.));
#6487=DIRECTION('ref_axis',(1.,0.,0.));
#6488=DIRECTION('center_axis',(0.,1.,0.));
#6489=DIRECTION('ref_axis',(1.,0.,0.));
#6490=DIRECTION('center_axis',(0.,1.,0.));
#6491=DIRECTION('ref_axis',(1.,0.,0.));
#6492=DIRECTION('center_axis',(0.,1.,0.));
#6493=DIRECTION('ref_axis',(1.,0.,0.));
#6494=DIRECTION('center_axis',(0.,1.,0.));
#6495=DIRECTION('ref_axis',(0.,0.,-1.));
#6496=DIRECTION('center_axis',(0.,1.,0.));
#6497=DIRECTION('ref_axis',(0.,0.,-1.));
#6498=DIRECTION('center_axis',(0.,1.,0.));
#6499=DIRECTION('ref_axis',(1.,0.,0.));
#6500=DIRECTION('center_axis',(0.,1.,0.));
#6501=DIRECTION('ref_axis',(0.,0.,-1.));
#6502=DIRECTION('center_axis',(0.,-1.,0.));
#6503=DIRECTION('ref_axis',(0.707106781186547,0.,0.707106781186548));
#6504=DIRECTION('center_axis',(0.707106781186548,0.,-0.707106781186547));
#6505=DIRECTION('ref_axis',(-0.707106781186547,0.,-0.707106781186548));
#6506=DIRECTION('center_axis',(0.,1.,0.));
#6507=DIRECTION('ref_axis',(0.707106781186547,0.,0.707106781186548));
#6508=DIRECTION('center_axis',(0.,1.,0.));
#6509=DIRECTION('ref_axis',(0.707106781186547,0.,0.707106781186548));
#6510=DIRECTION('center_axis',(0.,-1.,0.));
#6511=DIRECTION('ref_axis',(0.707106781186547,0.,0.707106781186548));
#6512=DIRECTION('center_axis',(0.,1.,0.));
#6513=DIRECTION('ref_axis',(-0.707106781186547,0.,-0.707106781186548));
#6514=DIRECTION('center_axis',(-0.707106781186548,0.,0.707106781186547));
#6515=DIRECTION('ref_axis',(-0.707106781186547,0.,-0.707106781186548));
#6516=DIRECTION('center_axis',(0.,1.,0.));
#6517=DIRECTION('ref_axis',(1.,0.,0.));
#6518=DIRECTION('center_axis',(0.,1.,0.));
#6519=DIRECTION('ref_axis',(0.,0.,-1.));
#6520=DIRECTION('center_axis',(0.,-1.,0.));
#6521=DIRECTION('ref_axis',(-0.707106781186548,0.,0.707106781186548));
#6522=DIRECTION('center_axis',(0.,1.,0.));
#6523=DIRECTION('ref_axis',(0.,0.,-1.));
#6524=DIRECTION('center_axis',(0.707106781186547,0.,0.707106781186548));
#6525=DIRECTION('ref_axis',(0.707106781186548,0.,-0.707106781186547));
#6526=DIRECTION('center_axis',(0.,1.,0.));
#6527=DIRECTION('ref_axis',(0.,0.,-1.));
#6528=DIRECTION('center_axis',(0.,1.,0.));
#6529=DIRECTION('ref_axis',(-0.707106781186548,0.,0.707106781186547));
#6530=DIRECTION('center_axis',(0.,1.,0.));
#6531=DIRECTION('ref_axis',(-0.707106781186548,0.,0.707106781186547));
#6532=DIRECTION('center_axis',(0.,1.,0.));
#6533=DIRECTION('ref_axis',(1.,0.,0.));
#6534=DIRECTION('center_axis',(0.,1.,0.));
#6535=DIRECTION('ref_axis',(1.,0.,0.));
#6536=DIRECTION('center_axis',(0.,1.,0.));
#6537=DIRECTION('ref_axis',(-1.,0.,-1.22464679914735E-16));
#6538=DIRECTION('center_axis',(0.,-1.,6.12323399573677E-17));
#6539=DIRECTION('ref_axis',(0.,0.,1.));
#6540=DIRECTION('center_axis',(0.,1.,0.));
#6541=DIRECTION('ref_axis',(1.22464679914735E-16,0.,-1.));
#6542=DIRECTION('center_axis',(-1.,0.,0.));
#6543=DIRECTION('ref_axis',(0.,0.,-1.));
#6544=DIRECTION('center_axis',(0.,1.,0.));
#6545=DIRECTION('ref_axis',(1.22464679914735E-16,0.,-1.));
#6546=DIRECTION('center_axis',(0.,1.,0.));
#6547=DIRECTION('ref_axis',(-1.,0.,-1.22464679914735E-16));
#6548=DIRECTION('center_axis',(0.,-1.,0.));
#6549=DIRECTION('ref_axis',(-0.707106781186548,0.,0.707106781186547));
#6550=DIRECTION('center_axis',(0.,1.,0.));
#6551=DIRECTION('ref_axis',(0.707106781186548,0.,-0.707106781186547));
#6552=DIRECTION('center_axis',(-0.707106781186548,0.,-0.707106781186547));
#6553=DIRECTION('ref_axis',(0.707106781186547,0.,-0.707106781186548));
#6554=DIRECTION('center_axis',(0.,1.,0.));
#6555=DIRECTION('ref_axis',(6.12323399573677E-17,0.,1.));
#6556=DIRECTION('center_axis',(0.,1.,0.));
#6557=DIRECTION('ref_axis',(6.12323399573677E-17,0.,-1.));
#6558=DIRECTION('center_axis',(-6.12323399573676E-17,-1.,0.));
#6559=DIRECTION('ref_axis',(-1.,0.,0.));
#6560=DIRECTION('center_axis',(0.,1.,0.));
#6561=DIRECTION('ref_axis',(1.,0.,6.12323399573677E-17));
#6562=DIRECTION('center_axis',(0.,0.,-1.));
#6563=DIRECTION('ref_axis',(1.,0.,0.));
#6564=DIRECTION('center_axis',(0.,1.,0.));
#6565=DIRECTION('ref_axis',(1.,0.,6.12323399573677E-17));
#6566=DIRECTION('center_axis',(0.,1.,0.));
#6567=DIRECTION('ref_axis',(6.12323399573677E-17,0.,-1.));
#6568=DIRECTION('center_axis',(0.,1.,0.));
#6569=DIRECTION('ref_axis',(1.,0.,0.));
#6570=DIRECTION('center_axis',(0.,1.,0.));
#6571=DIRECTION('ref_axis',(-0.707106781186548,0.,0.707106781186547));
#6572=DIRECTION('center_axis',(0.,-1.,0.));
#6573=DIRECTION('ref_axis',(0.707106781186547,0.,-0.707106781186547));
#6574=DIRECTION('center_axis',(0.,-1.,0.));
#6575=DIRECTION('ref_axis',(-0.707106781186548,0.,-0.707106781186547));
#6576=DIRECTION('center_axis',(0.,1.,0.));
#6577=DIRECTION('ref_axis',(0.707106781186548,0.,0.707106781186548));
#6578=DIRECTION('center_axis',(0.707106781186548,0.,-0.707106781186548));
#6579=DIRECTION('ref_axis',(0.707106781186548,0.,0.707106781186548));
#6580=DIRECTION('center_axis',(0.,1.,0.));
#6581=DIRECTION('ref_axis',(1.,0.,0.));
#6582=DIRECTION('center_axis',(0.,1.,0.));
#6583=DIRECTION('ref_axis',(6.12323399573676E-17,0.,-1.));
#6584=DIRECTION('center_axis',(6.12323399573676E-17,-1.,0.));
#6585=DIRECTION('ref_axis',(1.,0.,0.));
#6586=DIRECTION('center_axis',(0.,0.,1.));
#6587=DIRECTION('ref_axis',(-1.,0.,0.));
#6588=DIRECTION('center_axis',(0.,1.,0.));
#6589=DIRECTION('ref_axis',(1.,0.,0.));
#6590=DIRECTION('center_axis',(0.,1.,0.));
#6591=DIRECTION('ref_axis',(-0.707106781186547,0.,-0.707106781186548));
#6592=DIRECTION('center_axis',(0.,-1.,0.));
#6593=DIRECTION('ref_axis',(0.707106781186548,0.,-0.707106781186547));
#6594=DIRECTION('center_axis',(0.707106781186548,0.,0.707106781186548));
#6595=DIRECTION('ref_axis',(-0.707106781186548,0.,0.707106781186548));
#6596=DIRECTION('center_axis',(0.,1.,0.));
#6597=DIRECTION('ref_axis',(-1.,0.,1.22464679914735E-16));
#6598=DIRECTION('center_axis',(0.,1.,0.));
#6599=DIRECTION('ref_axis',(1.,0.,0.));
#6600=DIRECTION('center_axis',(0.,-1.,-6.12323399573677E-17));
#6601=DIRECTION('ref_axis',(0.,0.,-1.));
#6602=DIRECTION('center_axis',(0.,1.,0.));
#6603=DIRECTION('ref_axis',(0.,0.,1.));
#6604=DIRECTION('center_axis',(1.,0.,0.));
#6605=DIRECTION('ref_axis',(0.,0.,1.));
#6606=DIRECTION('center_axis',(0.,1.,0.));
#6607=DIRECTION('ref_axis',(0.,0.,1.));
#6608=DIRECTION('center_axis',(0.,1.,0.));
#6609=DIRECTION('ref_axis',(1.,0.,0.));
#6610=CARTESIAN_POINT('',(0.,0.,0.));
#6611=CARTESIAN_POINT('Origin',(0.,-0.387298371642054,-7.70371977754894E-33));
#6612=CARTESIAN_POINT('',(-1.375,-0.387298371642054,1.68388934882761E-16));
#6613=CARTESIAN_POINT('',(-1.68388934882761E-16,-0.387298371642054,1.375));
#6614=CARTESIAN_POINT('Origin',(0.,-0.387298371642054,-7.70371977754894E-33));
#6615=CARTESIAN_POINT('',(-1.66791569296294E-16,-0.353620253829359,1.36195652013643));
#6616=CARTESIAN_POINT('Origin',(-1.62265700887024E-16,-0.387298371642054,
1.325));
#6617=CARTESIAN_POINT('Origin',(0.,-0.353620253829359,-7.85194695550293E-17));
#6618=CARTESIAN_POINT('Origin',(0.,-0.387298371642054,-7.70371977754894E-33));
#6619=CARTESIAN_POINT('Origin',(0.,0.,0.));
#6620=CARTESIAN_POINT('',(-1.375,-1.22,-1.68388934882761E-16));
#6621=CARTESIAN_POINT('',(-1.375,0.,1.68388934882761E-16));
#6622=CARTESIAN_POINT('',(-1.68388934882761E-16,-1.22,1.375));
#6623=CARTESIAN_POINT('Origin',(0.,-1.22,0.));
#6624=CARTESIAN_POINT('Origin',(0.,-1.22,0.));
#6625=CARTESIAN_POINT('Origin',(0.,0.387298371642054,-7.70371977754894E-33));
#6626=CARTESIAN_POINT('',(-1.375,0.387298371642054,-1.68388934882761E-16));
#6627=CARTESIAN_POINT('',(-1.68388934882761E-16,0.387298371642054,-1.375));
#6628=CARTESIAN_POINT('Origin',(0.,0.387298371642054,-7.70371977754894E-33));
#6629=CARTESIAN_POINT('',(-1.66791569296294E-16,0.353620253829359,-1.36195652013643));
#6630=CARTESIAN_POINT('Origin',(-1.62265700887024E-16,0.387298371642054,
-1.325));
#6631=CARTESIAN_POINT('',(-1.66791569296295E-16,0.353620253829359,1.36195652013643));
#6632=CARTESIAN_POINT('Origin',(0.,0.353620253829359,7.85194695550293E-17));
#6633=CARTESIAN_POINT('Origin',(0.,0.353620253829359,7.85194695550293E-17));
#6634=CARTESIAN_POINT('Origin',(0.,0.387298371642054,-7.70371977754894E-33));
#6635=CARTESIAN_POINT('Origin',(0.,0.,0.));
#6636=CARTESIAN_POINT('',(-1.375,1.22,1.68388934882761E-16));
#6637=CARTESIAN_POINT('',(-1.68388934882761E-16,1.22,1.375));
#6638=CARTESIAN_POINT('Origin',(0.,1.22,0.));
#6639=CARTESIAN_POINT('',(-1.375,0.,1.68388934882761E-16));
#6640=CARTESIAN_POINT('Origin',(0.,1.22,0.));
#6641=CARTESIAN_POINT('Origin',(0.,0.,-7.70371977754894E-33));
#6642=CARTESIAN_POINT('Origin',(-2.14313189850787E-16,-3.88578058618805E-16,
1.75));
#6643=CARTESIAN_POINT('Origin',(0.,-1.22,0.));
#6644=CARTESIAN_POINT('',(-1.64714994485319E-16,-1.25,1.345));
#6645=CARTESIAN_POINT('Origin',(0.,-1.25,0.));
#6646=CARTESIAN_POINT('Origin',(-1.64714994485319E-16,-1.22,1.345));
#6647=CARTESIAN_POINT('Origin',(0.,-1.25,0.));
#6648=CARTESIAN_POINT('',(-1.05,-1.25,-1.28587913910472E-16));
#6649=CARTESIAN_POINT('Origin',(0.,-1.25,0.));
#6650=CARTESIAN_POINT('Origin',(0.,1.22,0.));
#6651=CARTESIAN_POINT('',(-1.64714994485319E-16,1.25,1.345));
#6652=CARTESIAN_POINT('Origin',(-1.64714994485319E-16,1.22,1.345));
#6653=CARTESIAN_POINT('Origin',(0.,1.25,0.));
#6654=CARTESIAN_POINT('Origin',(0.,1.25,0.));
#6655=CARTESIAN_POINT('',(-1.05,1.25,1.28587913910472E-16));
#6656=CARTESIAN_POINT('Origin',(0.,1.25,0.));
#6657=CARTESIAN_POINT('Origin',(0.,-1.225,0.));
#6658=CARTESIAN_POINT('',(-1.,-1.2,1.22464679914735E-16));
#6659=CARTESIAN_POINT('',(-1.025,-1.225,-1.25526296912604E-16));
#6660=CARTESIAN_POINT('Origin',(0.,-1.2,0.));
#6661=CARTESIAN_POINT('Origin',(0.,0.,0.));
#6662=CARTESIAN_POINT('',(-1.,1.2,-1.22464679914735E-16));
#6663=CARTESIAN_POINT('Origin',(0.,1.2,0.));
#6664=CARTESIAN_POINT('',(-1.,0.,1.22464679914735E-16));
#6665=CARTESIAN_POINT('Origin',(0.,1.225,0.));
#6666=CARTESIAN_POINT('',(-1.025,1.225,1.25526296912604E-16));
#6667=CARTESIAN_POINT('Origin',(0.,-0.387298371642054,-7.70371977754894E-33));
#6668=CARTESIAN_POINT('',(-2.125,-0.387298371642054,-2.60237444818813E-16));
#6669=CARTESIAN_POINT('',(-2.60237444818813E-16,-0.387298371642054,-2.125));
#6670=CARTESIAN_POINT('Origin',(0.,-0.387298371642054,-7.70371977754894E-33));
#6671=CARTESIAN_POINT('',(-2.61834810405279E-16,-0.353620253829359,-2.13804347986357));
#6672=CARTESIAN_POINT('Origin',(-2.66360678814549E-16,-0.387298371642054,
-2.175));
#6673=CARTESIAN_POINT('',(-2.61834810405279E-16,-0.353620253829359,2.13804347986357));
#6674=CARTESIAN_POINT('Origin',(0.,-0.353620253829359,-7.85194695550293E-17));
#6675=CARTESIAN_POINT('Origin',(0.,-0.353620253829359,-7.85194695550293E-17));
#6676=CARTESIAN_POINT('Origin',(0.,-0.387298371642054,-7.70371977754894E-33));
#6677=CARTESIAN_POINT('Origin',(0.,0.,0.));
#6678=CARTESIAN_POINT('',(-2.125,-1.22,2.60237444818813E-16));
#6679=CARTESIAN_POINT('',(-2.125,0.,2.60237444818813E-16));
#6680=CARTESIAN_POINT('',(-2.60237444818813E-16,-1.22,-2.125));
#6681=CARTESIAN_POINT('Origin',(0.,-1.22,0.));
#6682=CARTESIAN_POINT('Origin',(0.,-1.22,0.));
#6683=CARTESIAN_POINT('Origin',(0.,0.387298371642054,-7.70371977754894E-33));
#6684=CARTESIAN_POINT('',(-2.125,0.387298371642054,2.60237444818813E-16));
#6685=CARTESIAN_POINT('',(-2.60237444818813E-16,0.387298371642054,2.125));
#6686=CARTESIAN_POINT('Origin',(0.,0.387298371642054,-7.70371977754894E-33));
#6687=CARTESIAN_POINT('',(-2.61834810405279E-16,0.353620253829359,2.13804347986357));
#6688=CARTESIAN_POINT('Origin',(-2.66360678814549E-16,0.387298371642054,
2.175));
#6689=CARTESIAN_POINT('Origin',(0.,0.353620253829359,7.85194695550293E-17));
#6690=CARTESIAN_POINT('Origin',(0.,0.387298371642054,-7.70371977754894E-33));
#6691=CARTESIAN_POINT('Origin',(0.,0.,0.));
#6692=CARTESIAN_POINT('',(-2.125,1.22,-2.60237444818813E-16));
#6693=CARTESIAN_POINT('',(-2.60237444818813E-16,1.22,-2.125));
#6694=CARTESIAN_POINT('Origin',(0.,1.22,0.));
#6695=CARTESIAN_POINT('',(-2.125,0.,2.60237444818813E-16));
#6696=CARTESIAN_POINT('Origin',(0.,1.22,0.));
#6697=CARTESIAN_POINT('Origin',(0.,0.,-7.70371977754894E-33));
#6698=CARTESIAN_POINT('Origin',(-2.14313189850787E-16,-3.88578058618805E-16,
1.75));
#6699=CARTESIAN_POINT('Origin',(0.,-1.22,0.));
#6700=CARTESIAN_POINT('',(-2.63911385216255E-16,-1.25,-2.155));
#6701=CARTESIAN_POINT('Origin',(0.,-1.25,0.));
#6702=CARTESIAN_POINT('Origin',(-2.63911385216255E-16,-1.22,-2.155));
#6703=CARTESIAN_POINT('Origin',(0.,-1.25,0.));
#6704=CARTESIAN_POINT('',(-2.45,-1.25,3.00038465791102E-16));
#6705=CARTESIAN_POINT('Origin',(0.,-1.25,0.));
#6706=CARTESIAN_POINT('Origin',(0.,1.22,0.));
#6707=CARTESIAN_POINT('',(-2.63911385216255E-16,1.25,-2.155));
#6708=CARTESIAN_POINT('Origin',(-2.63911385216255E-16,1.22,-2.155));
#6709=CARTESIAN_POINT('Origin',(0.,1.25,0.));
#6710=CARTESIAN_POINT('Origin',(0.,1.25,0.));
#6711=CARTESIAN_POINT('',(-2.45,1.25,-3.00038465791102E-16));
#6712=CARTESIAN_POINT('Origin',(0.,1.25,0.));
#6713=CARTESIAN_POINT('Origin',(0.,-1.225,0.));
#6714=CARTESIAN_POINT('',(-2.5,-1.2,-3.06161699786838E-16));
#6715=CARTESIAN_POINT('',(-2.475,-1.225,-3.0310008278897E-16));
#6716=CARTESIAN_POINT('Origin',(0.,-1.2,0.));
#6717=CARTESIAN_POINT('Origin',(0.,0.,0.));
#6718=CARTESIAN_POINT('',(-2.5,1.2,3.06161699786838E-16));
#6719=CARTESIAN_POINT('Origin',(0.,1.2,0.));
#6720=CARTESIAN_POINT('',(-2.5,0.,3.06161699786838E-16));
#6721=CARTESIAN_POINT('Origin',(0.,1.225,0.));
#6722=CARTESIAN_POINT('',(-2.475,1.225,3.0310008278897E-16));
#6723=CARTESIAN_POINT('Origin',(-1.75,0.,0.));
#6724=CARTESIAN_POINT('',(-1.75,-3.74939945665464E-33,0.5));
#6725=CARTESIAN_POINT('',(-1.75,-3.74939945665464E-33,-0.5));
#6726=CARTESIAN_POINT('Origin',(-1.75,0.,0.));
#6727=CARTESIAN_POINT('Origin',(-1.23743686707646,0.,1.23743686707646));
#6728=CARTESIAN_POINT('',(-0.883883476483185,-3.74939945665465E-33,1.59099025766973));
#6729=CARTESIAN_POINT('',(-1.59099025766973,-3.74939945665465E-33,0.883883476483185));
#6730=CARTESIAN_POINT('Origin',(-1.23743686707646,0.,1.23743686707646));
#6731=CARTESIAN_POINT('Origin',(-1.07156594925393E-16,0.,1.75));
#6732=CARTESIAN_POINT('',(0.5,-3.74939945665464E-33,1.75));
#6733=CARTESIAN_POINT('',(-0.5,-3.74939945665465E-33,1.75));
#6734=CARTESIAN_POINT('Origin',(-1.07156594925393E-16,0.,1.75));
#6735=CARTESIAN_POINT('Origin',(1.23743686707646,0.,1.23743686707646));
#6736=CARTESIAN_POINT('',(1.59099025766973,1.16580400984432E-32,0.883883476483184));
#6737=CARTESIAN_POINT('',(0.883883476483184,-1.91568390117525E-32,1.59099025766973));
#6738=CARTESIAN_POINT('Origin',(1.23743686707646,0.,1.23743686707646));
#6739=CARTESIAN_POINT('Origin',(1.75,0.,2.14313189850787E-16));
#6740=CARTESIAN_POINT('',(1.75,-3.74939945665464E-33,-0.5));
#6741=CARTESIAN_POINT('',(1.75,-3.74939945665465E-33,0.5));
#6742=CARTESIAN_POINT('Origin',(1.75,0.,2.14313189850787E-16));
#6743=CARTESIAN_POINT('Origin',(1.23743686707646,0.,-1.23743686707646));
#6744=CARTESIAN_POINT('',(0.883883476483185,7.80618020966877E-33,-1.59099025766973));
#6745=CARTESIAN_POINT('',(1.59099025766973,-1.53049791229781E-32,-0.883883476483184));
#6746=CARTESIAN_POINT('Origin',(1.23743686707646,0.,-1.23743686707646));
#6747=CARTESIAN_POINT('Origin',(3.2146978477618E-16,0.,-1.75));
#6748=CARTESIAN_POINT('',(-0.5,-3.74939945665464E-33,-1.75));
#6749=CARTESIAN_POINT('',(0.500000000000001,-3.74939945665465E-33,-1.75));
#6750=CARTESIAN_POINT('Origin',(3.2146978477618E-16,0.,-1.75));
#6751=CARTESIAN_POINT('Origin',(-1.23743686707646,0.,-1.23743686707646));
#6752=CARTESIAN_POINT('',(-1.59099025766973,-7.60125934542912E-33,-0.883883476483185));
#6753=CARTESIAN_POINT('',(-0.883883476483184,1.02460432119827E-34,-1.59099025766973));
#6754=CARTESIAN_POINT('Origin',(-1.23743686707646,0.,-1.23743686707646));
#6755=CARTESIAN_POINT('Origin',(1.61678918189475,0.,0.669696006638907));
#6756=CARTESIAN_POINT('',(1.61678918189475,0.,0.744696006638907));
#6757=CARTESIAN_POINT('Origin',(1.61678918189475,0.,0.669696006638907));
#6758=CARTESIAN_POINT('',(1.61678918189475,0.15,0.744696006638907));
#6759=CARTESIAN_POINT('',(1.61678918189475,0.,0.744696006638907));
#6760=CARTESIAN_POINT('Origin',(1.61678918189475,0.15,0.669696006638907));
#6761=CARTESIAN_POINT('Origin',(-1.61678918189475,0.,-0.669696006638906));
#6762=CARTESIAN_POINT('',(-1.54178918189475,0.,-0.669696006638906));
#6763=CARTESIAN_POINT('Origin',(-1.61678918189475,0.,-0.669696006638906));
#6764=CARTESIAN_POINT('',(-1.54178918189475,0.15,-0.669696006638906));
#6765=CARTESIAN_POINT('',(-1.54178918189475,0.,-0.669696006638906));
#6766=CARTESIAN_POINT('Origin',(-1.61678918189475,0.15,-0.669696006638906));
#6767=CARTESIAN_POINT('Origin',(-0.669696006638908,0.,-1.61678918189475));
#6768=CARTESIAN_POINT('',(-0.594696006638908,0.,-1.61678918189475));
#6769=CARTESIAN_POINT('Origin',(-0.669696006638908,0.,-1.61678918189475));
#6770=CARTESIAN_POINT('',(-0.594696006638908,0.15,-1.61678918189475));
#6771=CARTESIAN_POINT('',(-0.594696006638908,0.,-1.61678918189475));
#6772=CARTESIAN_POINT('Origin',(-0.669696006638908,0.15,-1.61678918189475));
#6773=CARTESIAN_POINT('Origin',(0.669696006638908,0.,1.61678918189475));
#6774=CARTESIAN_POINT('',(0.669696006638908,0.,1.69178918189475));
#6775=CARTESIAN_POINT('Origin',(0.669696006638908,0.,1.61678918189475));
#6776=CARTESIAN_POINT('',(0.669696006638908,0.15,1.69178918189475));
#6777=CARTESIAN_POINT('',(0.669696006638908,0.,1.69178918189475));
#6778=CARTESIAN_POINT('Origin',(0.669696006638908,0.15,1.61678918189475));
#6779=CARTESIAN_POINT('Origin',(1.61678918189475,0.,-0.669696006638907));
#6780=CARTESIAN_POINT('',(1.69178918189475,0.,-0.669696006638907));
#6781=CARTESIAN_POINT('Origin',(1.61678918189475,0.,-0.669696006638907));
#6782=CARTESIAN_POINT('',(1.69178918189475,0.15,-0.669696006638907));
#6783=CARTESIAN_POINT('',(1.69178918189475,0.,-0.669696006638907));
#6784=CARTESIAN_POINT('Origin',(1.61678918189475,0.15,-0.669696006638907));
#6785=CARTESIAN_POINT('Origin',(-1.61678918189475,0.,0.669696006638907));
#6786=CARTESIAN_POINT('',(-1.69178918189475,0.,0.669696006638907));
#6787=CARTESIAN_POINT('Origin',(-1.61678918189475,0.,0.669696006638907));
#6788=CARTESIAN_POINT('',(-1.69178918189475,0.15,0.669696006638907));
#6789=CARTESIAN_POINT('',(-1.69178918189475,0.,0.669696006638907));
#6790=CARTESIAN_POINT('Origin',(-1.61678918189475,0.15,0.669696006638907));
#6791=CARTESIAN_POINT('Origin',(0.669696006638907,0.,-1.61678918189475));
#6792=CARTESIAN_POINT('',(0.744696006638907,0.,-1.61678918189475));
#6793=CARTESIAN_POINT('Origin',(0.669696006638907,0.,-1.61678918189475));
#6794=CARTESIAN_POINT('',(0.744696006638907,0.15,-1.61678918189475));
#6795=CARTESIAN_POINT('',(0.744696006638907,0.,-1.61678918189475));
#6796=CARTESIAN_POINT('Origin',(0.669696006638907,0.15,-1.61678918189475));
#6797=CARTESIAN_POINT('Origin',(-0.669696006638907,0.,1.61678918189475));
#6798=CARTESIAN_POINT('',(-0.722729015227898,0.,1.66982219048374));
#6799=CARTESIAN_POINT('Origin',(-0.669696006638907,0.,1.61678918189475));
#6800=CARTESIAN_POINT('',(-0.722729015227898,0.15,1.66982219048374));
#6801=CARTESIAN_POINT('',(-0.722729015227898,0.,1.66982219048374));
#6802=CARTESIAN_POINT('Origin',(-0.669696006638907,0.15,1.61678918189475));
#6803=CARTESIAN_POINT('Ctrl Pts',(1.22943368571953,-8.76805440216955E-18,
0.687495070199351));
#6804=CARTESIAN_POINT('Ctrl Pts',(1.22943368571953,0.117834779450202,0.687495070199351));
#6805=CARTESIAN_POINT('Ctrl Pts',(1.19033642755783,0.369674959927533,0.773712392316422));
#6806=CARTESIAN_POINT('Ctrl Pts',(0.997817348599537,0.459262460336843,1.00539219303483));
#6807=CARTESIAN_POINT('Ctrl Pts',(0.768091903512829,0.332773908726908,1.19005998256424));
#6808=CARTESIAN_POINT('Ctrl Pts',(0.687495070199351,0.147293474312751,1.22943368571953));
#6809=CARTESIAN_POINT('Ctrl Pts',(0.687495070199351,-2.10433305652018E-16,
1.22943368571953));
#6810=CARTESIAN_POINT('Ctrl Pts',(1.2244534691284,-8.6750562240746E-18,
0.690471425661545));
#6811=CARTESIAN_POINT('Ctrl Pts',(1.2244534691284,0.116584967427779,0.690471425661545));
#6812=CARTESIAN_POINT('Ctrl Pts',(1.18526106173374,0.365507966280985,0.775881066599172));
#6813=CARTESIAN_POINT('Ctrl Pts',(0.995913802210052,0.453258778581331,1.00330385502357));
#6814=CARTESIAN_POINT('Ctrl Pts',(0.770209905444334,0.32901573560598,1.18514227939203));
#6815=CARTESIAN_POINT('Ctrl Pts',(0.690471425661545,0.145731209284723,1.2244534691284));
#6816=CARTESIAN_POINT('Ctrl Pts',(0.690471425661545,-2.08201349377739E-16,
1.2244534691284));
#6817=CARTESIAN_POINT('Ctrl Pts',(1.21947325253728,-8.58205804597966E-18,
0.693447781123738));
#6818=CARTESIAN_POINT('Ctrl Pts',(1.21947325253728,0.115335155405356,0.693447781123738));
#6819=CARTESIAN_POINT('Ctrl Pts',(1.18018569590966,0.361340972634437,0.778049740881923));
#6820=CARTESIAN_POINT('Ctrl Pts',(0.994010255820566,0.44725509682582,1.00121551701232));
#6821=CARTESIAN_POINT('Ctrl Pts',(0.772327907375839,0.325257562485052,1.18022457621982));
#6822=CARTESIAN_POINT('Ctrl Pts',(0.693447781123738,0.144168944256695,1.21947325253728));
#6823=CARTESIAN_POINT('Ctrl Pts',(0.693447781123738,-2.05969393103461E-16,
1.21947325253728));
#6824=CARTESIAN_POINT('Ctrl Pts',(1.21449303594616,-8.48905986788471E-18,
0.696424136585932));
#6825=CARTESIAN_POINT('Ctrl Pts',(1.21449303594616,0.114085343382933,0.696424136585932));
#6826=CARTESIAN_POINT('Ctrl Pts',(1.17511033008557,0.357173978987889,0.780218415164673));
#6827=CARTESIAN_POINT('Ctrl Pts',(0.99210670943108,0.441251415070309,0.999127179001066));
#6828=CARTESIAN_POINT('Ctrl Pts',(0.774445909307344,0.321499389364123,1.17530687304761));
#6829=CARTESIAN_POINT('Ctrl Pts',(0.696424136585931,0.142606679228666,1.21449303594616));
#6830=CARTESIAN_POINT('Ctrl Pts',(0.696424136585931,-2.03737436829183E-16,
1.21449303594616));
#6831=CARTESIAN_POINT('',(0.696424136585931,0.,1.21449303594616));
#6832=CARTESIAN_POINT('',(0.687495070199351,0.,1.22943368571953));
#6833=CARTESIAN_POINT('Ctrl Pts',(0.696424136585931,0.,1.21449303594616));
#6834=CARTESIAN_POINT('Ctrl Pts',(0.694935958854835,0.,1.21698314424172));
#6835=CARTESIAN_POINT('Ctrl Pts',(0.693447781123738,0.,1.21947325253728));
#6836=CARTESIAN_POINT('Ctrl Pts',(0.690471425661545,0.,1.2244534691284));
#6837=CARTESIAN_POINT('Ctrl Pts',(0.688983247930448,0.,1.22694357742397));
#6838=CARTESIAN_POINT('Ctrl Pts',(0.687495070199351,0.,1.22943368571953));
#6839=CARTESIAN_POINT('',(1.22943368571953,-4.38402720108477E-18,0.687495070199351));
#6840=CARTESIAN_POINT('Ctrl Pts',(0.687495070199351,-2.10433305652018E-16,
1.22943368571953));
#6841=CARTESIAN_POINT('Ctrl Pts',(0.687495070199351,0.147293474312751,1.22943368571953));
#6842=CARTESIAN_POINT('Ctrl Pts',(0.768091903512829,0.332773908726908,1.19005998256424));
#6843=CARTESIAN_POINT('Ctrl Pts',(0.997817348599537,0.459262460336843,1.00539219303483));
#6844=CARTESIAN_POINT('Ctrl Pts',(1.19033642755783,0.369674959927533,0.773712392316422));
#6845=CARTESIAN_POINT('Ctrl Pts',(1.22943368571953,0.117834779450202,0.687495070199351));
#6846=CARTESIAN_POINT('Ctrl Pts',(1.22943368571953,-8.76805440216955E-18,
0.687495070199351));
#6847=CARTESIAN_POINT('',(1.21449303594616,-4.24452993394236E-18,0.696424136585932));
#6848=CARTESIAN_POINT('Ctrl Pts',(1.22943368571953,-8.76805440216955E-18,
0.687495070199351));
#6849=CARTESIAN_POINT('Ctrl Pts',(1.22694357742397,-8.76805440216955E-18,
0.688983247930448));
#6850=CARTESIAN_POINT('Ctrl Pts',(1.2244534691284,-8.62855713502713E-18,
0.690471425661545));
#6851=CARTESIAN_POINT('Ctrl Pts',(1.21947325253728,-8.62855713502713E-18,
0.693447781123738));
#6852=CARTESIAN_POINT('Ctrl Pts',(1.21698314424172,1.27335898018236E-16,
0.694935958854835));
#6853=CARTESIAN_POINT('Ctrl Pts',(1.21449303594616,1.27335898018236E-16,
0.696424136585932));
#6854=CARTESIAN_POINT('Ctrl Pts',(1.21449303594616,-8.48905986788471E-18,
0.696424136585932));
#6855=CARTESIAN_POINT('Ctrl Pts',(1.21449303594616,0.114085343382933,0.696424136585932));
#6856=CARTESIAN_POINT('Ctrl Pts',(1.17511033008557,0.357173978987889,0.780218415164673));
#6857=CARTESIAN_POINT('Ctrl Pts',(0.99210670943108,0.441251415070309,0.999127179001066));
#6858=CARTESIAN_POINT('Ctrl Pts',(0.774445909307344,0.321499389364123,1.17530687304761));
#6859=CARTESIAN_POINT('Ctrl Pts',(0.696424136585931,0.142606679228666,1.21449303594616));
#6860=CARTESIAN_POINT('Ctrl Pts',(0.696424136585931,-2.03737436829183E-16,
1.21449303594616));
#6861=CARTESIAN_POINT('Origin',(0.,0.,0.));
#6862=CARTESIAN_POINT('',(1.2045598002178,0.,0.713467308347355));
#6863=CARTESIAN_POINT('Origin',(0.,0.,0.));
#6864=CARTESIAN_POINT('',(0.713467308347355,0.,1.2045598002178));
#6865=CARTESIAN_POINT('Ctrl Pts',(0.713467308347355,-2.16840434497101E-17,
1.2045598002178));
#6866=CARTESIAN_POINT('Ctrl Pts',(0.713467308347355,0.0656595707575655,
1.2045598002178));
#6867=CARTESIAN_POINT('Ctrl Pts',(0.727091629720382,0.134710197353418,1.19679358771292));
#6868=CARTESIAN_POINT('Ctrl Pts',(0.766614397654272,0.225316635316375,1.17155735721935));
#6869=CARTESIAN_POINT('Ctrl Pts',(0.782843315023452,0.253448039751705,1.16089135459554));
#6870=CARTESIAN_POINT('Ctrl Pts',(0.819832459536843,0.303113223225173,1.13506814815973));
#6871=CARTESIAN_POINT('Ctrl Pts',(0.840585060077537,0.324651321592487,1.1199083280829));
#6872=CARTESIAN_POINT('Ctrl Pts',(0.881553441062109,0.356939113483868,1.08786268871694));
#6873=CARTESIAN_POINT('Ctrl Pts',(0.90333062630692,0.369998740395575,1.06998709603175));
#6874=CARTESIAN_POINT('Ctrl Pts',(0.947494497253942,0.387184877953085,1.03107125389309));
#6875=CARTESIAN_POINT('Ctrl Pts',(0.969874879654204,0.391311868073653,1.01002406341394));
#6876=CARTESIAN_POINT('Ctrl Pts',(1.01002406341394,0.391311868073653,0.969874879654204));
#6877=CARTESIAN_POINT('Ctrl Pts',(1.03107125389309,0.387184877953085,0.947494497253942));
#6878=CARTESIAN_POINT('Ctrl Pts',(1.06998709603175,0.369998740395576,0.903330626306921));
#6879=CARTESIAN_POINT('Ctrl Pts',(1.08786268871694,0.356939113483869,0.881553441062109));
#6880=CARTESIAN_POINT('Ctrl Pts',(1.1199083280829,0.324651321592487,0.840585060077538));
#6881=CARTESIAN_POINT('Ctrl Pts',(1.13506814815973,0.303113223225174,0.819832459536843));
#6882=CARTESIAN_POINT('Ctrl Pts',(1.16089135459554,0.253448039751706,0.782843315023452));
#6883=CARTESIAN_POINT('Ctrl Pts',(1.17155735721935,0.225316635316376,0.766614397654273));
#6884=CARTESIAN_POINT('Ctrl Pts',(1.19679358771292,0.134710197353418,0.727091629720382));
#6885=CARTESIAN_POINT('Ctrl Pts',(1.2045598002178,0.0656595707575656,0.713467308347355));
#6886=CARTESIAN_POINT('Ctrl Pts',(1.2045598002178,0.,0.713467308347355));
#6887=CARTESIAN_POINT('Origin',(0.,0.,0.));
#6888=CARTESIAN_POINT('Origin',(0.,0.,0.));
#6889=CARTESIAN_POINT('',(1.32919983178886,0.,0.695145816782077));
#6890=CARTESIAN_POINT('Origin',(1.23743683941759,0.,1.23743683941759));
#6891=CARTESIAN_POINT('',(1.43142853556999,0.,0.448343893649856));
#6892=CARTESIAN_POINT('Origin',(0.,0.,0.));
#6893=CARTESIAN_POINT('',(1.35547332236173,0.,0.383208470021166));
#6894=CARTESIAN_POINT('Origin',(1.74999996088445,0.,2.14313185060514E-16));
#6895=CARTESIAN_POINT('',(1.35122249098326,0.,0.366330031859466));
#6896=CARTESIAN_POINT('Ctrl Pts',(1.35122249098326,-3.39562394715302E-17,
0.366330031859466));
#6897=CARTESIAN_POINT('Ctrl Pts',(1.35193096287967,-3.39562394715302E-17,
0.369143104886416));
#6898=CARTESIAN_POINT('Ctrl Pts',(1.35263943477609,0.,0.371956177913366));
#6899=CARTESIAN_POINT('Ctrl Pts',(1.35405637856891,0.,0.377582323967266));
#6900=CARTESIAN_POINT('Ctrl Pts',(1.35476485046532,-3.50722176086693E-17,
0.380395396994216));
#6901=CARTESIAN_POINT('Ctrl Pts',(1.35547332236173,-3.50722176086693E-17,
0.383208470021166));
#6902=CARTESIAN_POINT('',(1.35624997496605,0.,0.347254831191394));
#6903=CARTESIAN_POINT('Origin',(0.,0.,0.));
#6904=CARTESIAN_POINT('',(2.05624994367361,0.,0.426422293038146));
#6905=CARTESIAN_POINT('Origin',(1.75,0.,2.14313189850787E-16));
#6906=CARTESIAN_POINT('',(2.05074768814163,-4.22414116426495E-18,0.452143475502409));
#6907=CARTESIAN_POINT('Origin',(0.,0.,0.));
#6908=CARTESIAN_POINT('',(2.04012412464282,-4.41656556751945E-18,0.467255786056747));
#6909=CARTESIAN_POINT('Ctrl Pts',(2.04012412464282,-8.83313113503891E-18,
0.467255786056747));
#6910=CARTESIAN_POINT('Ctrl Pts',(2.04189471855929,-8.83313113503891E-18,
0.464737067631024));
#6911=CARTESIAN_POINT('Ctrl Pts',(2.04366531247576,-8.6407067317844E-18,
0.462218349205301));
#6912=CARTESIAN_POINT('Ctrl Pts',(2.04720650030869,-8.6407067317844E-18,
0.457180912353855));
#6913=CARTESIAN_POINT('Ctrl Pts',(2.04897709422516,2.61896752184416E-16,
0.454662193928132));
#6914=CARTESIAN_POINT('Ctrl Pts',(2.05074768814163,2.61896752184416E-16,
0.452143475502409));
#6915=CARTESIAN_POINT('',(1.93142852439412,0.,0.519214480097405));
#6916=CARTESIAN_POINT('Origin',(1.74999996088445,0.,2.14313185060514E-16));
#6917=CARTESIAN_POINT('',(1.73286628674333,0.,0.998586127209087));
#6918=CARTESIAN_POINT('Origin',(0.,0.,0.));
#6919=CARTESIAN_POINT('',(1.77298533786658,0.,1.11218586812783));
#6920=CARTESIAN_POINT('Origin',(1.23743683941759,0.,1.23743683941759));
#6921=CARTESIAN_POINT('',(1.76981131438459,0.,1.13038387919058));
#6922=CARTESIAN_POINT('Ctrl Pts',(1.76981131438459,6.75862586282366E-17,
1.13038387919058));
#6923=CARTESIAN_POINT('Ctrl Pts',(1.77034031829825,6.75862586282366E-17,
1.12735087734678));
#6924=CARTESIAN_POINT('Ctrl Pts',(1.77086932221192,0.,1.12431787550299));
#6925=CARTESIAN_POINT('Ctrl Pts',(1.77192733003925,0.,1.11825187181541));
#6926=CARTESIAN_POINT('Ctrl Pts',(1.77245633395292,7.06650490803085E-17,
1.11521886997162));
#6927=CARTESIAN_POINT('Ctrl Pts',(1.77298533786658,7.06650490803085E-17,
1.11218586812783));
#6928=CARTESIAN_POINT('',(1.75551437404246,0.,1.15246218392968));
#6929=CARTESIAN_POINT('Origin',(0.,0.,0.));
#6930=CARTESIAN_POINT('',(1.6086679271994,0.,0.866205806953521));
#6931=CARTESIAN_POINT('Origin',(1.23743686707646,0.,1.23743686707646));
#6932=CARTESIAN_POINT('Origin',(1.23743686707646,0.,1.23743686707646));
#6933=CARTESIAN_POINT('Ctrl Pts',(1.35547332236173,-8.76805440216732E-18,
-0.383208470021166));
#6934=CARTESIAN_POINT('Ctrl Pts',(1.35547332236173,0.117834779450201,-0.383208470021166));
#6935=CARTESIAN_POINT('Ctrl Pts',(1.3887835203807,0.369692937418354,-0.29460760831385));
#6936=CARTESIAN_POINT('Ctrl Pts',(1.41647730675074,0.459279076651599,0.00535183192255002));
#6937=CARTESIAN_POINT('Ctrl Pts',(1.38461408927261,0.332795704081833,0.298372939771574));
#6938=CARTESIAN_POINT('Ctrl Pts',(1.35547332236173,0.147293474312751,0.383208470021166));
#6939=CARTESIAN_POINT('Ctrl Pts',(1.35547332236173,-2.10433305652019E-16,
0.383208470021166));
#6940=CARTESIAN_POINT('Ctrl Pts',(1.35405637856891,-8.6750562240724E-18,
-0.377582323967266));
#6941=CARTESIAN_POINT('Ctrl Pts',(1.35405637856891,0.116584967427779,-0.377582323967266));
#6942=CARTESIAN_POINT('Ctrl Pts',(1.38672838186312,0.365526113279108,-0.289485375071083));
#6943=CARTESIAN_POINT('Ctrl Pts',(1.41365475759272,0.453275489491154,0.00522113136974971));
#6944=CARTESIAN_POINT('Ctrl Pts',(1.38263460956785,0.32903769289814,0.293397839842207));
#6945=CARTESIAN_POINT('Ctrl Pts',(1.35405637856891,0.145731209284723,0.377582323967266));
#6946=CARTESIAN_POINT('Ctrl Pts',(1.35405637856891,-2.08201349377741E-16,
0.377582323967266));
#6947=CARTESIAN_POINT('Ctrl Pts',(1.35263943477609,-8.58205804597747E-18,
-0.371956177913366));
#6948=CARTESIAN_POINT('Ctrl Pts',(1.35263943477609,0.115335155405356,-0.371956177913366));
#6949=CARTESIAN_POINT('Ctrl Pts',(1.38467324334555,0.361359289139863,-0.284363141828317));
#6950=CARTESIAN_POINT('Ctrl Pts',(1.41083220843469,0.447271902330709,0.00509043081695024));
#6951=CARTESIAN_POINT('Ctrl Pts',(1.3806551298631,0.325279681714447,0.288422739912841));
#6952=CARTESIAN_POINT('Ctrl Pts',(1.35263943477609,0.144168944256695,0.371956177913366));
#6953=CARTESIAN_POINT('Ctrl Pts',(1.35263943477609,-2.05969393103463E-16,
0.371956177913366));
#6954=CARTESIAN_POINT('Ctrl Pts',(1.35122249098326,-8.48905986788255E-18,
-0.366330031859466));
#6955=CARTESIAN_POINT('Ctrl Pts',(1.35122249098326,0.114085343382933,-0.366330031859466));
#6956=CARTESIAN_POINT('Ctrl Pts',(1.38261810482797,0.357192465000617,-0.27924090858555));
#6957=CARTESIAN_POINT('Ctrl Pts',(1.40800965927667,0.441268315170263,0.00495973026414984));
#6958=CARTESIAN_POINT('Ctrl Pts',(1.37867565015834,0.321521670530754,0.283447639983473));
#6959=CARTESIAN_POINT('Ctrl Pts',(1.35122249098326,0.142606679228666,0.366330031859466));
#6960=CARTESIAN_POINT('Ctrl Pts',(1.35122249098326,-2.03737436829185E-16,
0.366330031859466));
#6961=CARTESIAN_POINT('',(1.35547332236173,-4.38402720108366E-18,-0.383208470021166));
#6962=CARTESIAN_POINT('Ctrl Pts',(1.35547332236173,-2.10433305652019E-16,
0.383208470021166));
#6963=CARTESIAN_POINT('Ctrl Pts',(1.35547332236173,0.147293474312751,0.383208470021166));
#6964=CARTESIAN_POINT('Ctrl Pts',(1.38461408927261,0.332795704081833,0.298372939771574));
#6965=CARTESIAN_POINT('Ctrl Pts',(1.41647730675074,0.459279076651599,0.00535183192255002));
#6966=CARTESIAN_POINT('Ctrl Pts',(1.3887835203807,0.369692937418354,-0.29460760831385));
#6967=CARTESIAN_POINT('Ctrl Pts',(1.35547332236173,0.117834779450201,-0.383208470021166));
#6968=CARTESIAN_POINT('Ctrl Pts',(1.35547332236173,-8.76805440216732E-18,
-0.383208470021166));
#6969=CARTESIAN_POINT('',(1.35122249098326,-4.24452993394128E-18,-0.366330031859466));
#6970=CARTESIAN_POINT('Ctrl Pts',(1.35547332236173,-8.76805440216732E-18,
-0.383208470021166));
#6971=CARTESIAN_POINT('Ctrl Pts',(1.35476485046532,-8.76805440216732E-18,
-0.380395396994216));
#6972=CARTESIAN_POINT('Ctrl Pts',(1.35405637856891,-8.62855713502494E-18,
-0.377582323967266));
#6973=CARTESIAN_POINT('Ctrl Pts',(1.35263943477609,-8.62855713502494E-18,
-0.371956177913366));
#6974=CARTESIAN_POINT('Ctrl Pts',(1.35193096287967,-8.48905986788255E-18,
-0.369143104886416));
#6975=CARTESIAN_POINT('Ctrl Pts',(1.35122249098326,-8.48905986788255E-18,
-0.366330031859466));
#6976=CARTESIAN_POINT('Ctrl Pts',(1.35122249098326,-8.48905986788255E-18,
-0.366330031859466));
#6977=CARTESIAN_POINT('Ctrl Pts',(1.35122249098326,0.114085343382933,-0.366330031859466));
#6978=CARTESIAN_POINT('Ctrl Pts',(1.38261810482797,0.357192465000617,-0.27924090858555));
#6979=CARTESIAN_POINT('Ctrl Pts',(1.40800965927667,0.441268315170263,0.00495973026414984));
#6980=CARTESIAN_POINT('Ctrl Pts',(1.37867565015834,0.321521670530754,0.283447639983473));
#6981=CARTESIAN_POINT('Ctrl Pts',(1.35122249098326,0.142606679228666,0.366330031859466));
#6982=CARTESIAN_POINT('Ctrl Pts',(1.35122249098326,-2.03737436829185E-16,
0.366330031859466));
#6983=CARTESIAN_POINT('Origin',(1.74999996088445,0.,2.14313185060514E-16));
#6984=CARTESIAN_POINT('',(1.43702853569516,0.139999999999975,0.430056841609334));
#6985=CARTESIAN_POINT('Ctrl Pts',(1.43142853556999,-1.73472347597681E-17,
0.448343893649856));
#6986=CARTESIAN_POINT('Ctrl Pts',(1.43142853556999,0.0463231274222621,0.448343893649856));
#6987=CARTESIAN_POINT('Ctrl Pts',(1.43334202975917,0.0939186768300718,0.442375246328119));
#6988=CARTESIAN_POINT('Ctrl Pts',(1.43702853569516,0.139999999999974,0.430056841609328));
#6989=CARTESIAN_POINT('',(1.44645710714289,0.15,0.433430197312589));
#6990=CARTESIAN_POINT('Ctrl Pts',(1.43702853569515,0.139999999999988,0.430056841609317));
#6991=CARTESIAN_POINT('Ctrl Pts',(1.44016927245085,0.143351395921931,0.43125148701382));
#6992=CARTESIAN_POINT('Ctrl Pts',(1.44331366688597,0.14668613226641,0.432375613047472));
#6993=CARTESIAN_POINT('Ctrl Pts',(1.44645710714306,0.150000000000183,0.433430197312647));
#6994=CARTESIAN_POINT('',(1.92645709596702,0.15,0.498861583486294));
#6995=CARTESIAN_POINT('Origin',(1.74999996088445,0.15,2.14313185060514E-16));
#6996=CARTESIAN_POINT('',(1.93702852451924,0.139999999999697,0.497915973217246));
#6997=CARTESIAN_POINT('Ctrl Pts',(1.92645709596645,0.150000000000546,0.498861583486333));
#6998=CARTESIAN_POINT('Ctrl Pts',(1.92996844171195,0.146660404855669,0.498623716425152));
#6999=CARTESIAN_POINT('Ctrl Pts',(1.93349486473765,0.14332467990767,0.498308489498463));
#7000=CARTESIAN_POINT('Ctrl Pts',(1.93702852451928,0.140000000000012,0.497915973217059));
#7001=CARTESIAN_POINT('Ctrl Pts',(1.93702852451926,0.139999999999668,0.497915973217161));
#7002=CARTESIAN_POINT('Ctrl Pts',(1.93333377062917,0.0938155774057352,0.512289570492903));
#7003=CARTESIAN_POINT('Ctrl Pts',(1.93142852439412,0.0456392015252004,0.519214480097405));
#7004=CARTESIAN_POINT('Ctrl Pts',(1.93142852439412,0.,0.519214480097405));
#7005=CARTESIAN_POINT('',(2.04012412464282,0.,-0.467255786056747));
#7006=CARTESIAN_POINT('Ctrl Pts',(2.04012412464282,-4.0238001558931E-19,
-0.467255786056747));
#7007=CARTESIAN_POINT('Ctrl Pts',(2.04012412464282,0.0644321422352576,-0.467255786056747));
#7008=CARTESIAN_POINT('Ctrl Pts',(2.04813598512339,0.202492634023807,-0.431533604431643));
#7009=CARTESIAN_POINT('Ctrl Pts',(2.08369983632711,0.403780072398884,-0.246814317431699));
#7010=CARTESIAN_POINT('Ctrl Pts',(2.10019870984272,0.460898821987815,0.0405721067179103));
#7011=CARTESIAN_POINT('Ctrl Pts',(2.07397376487046,0.352867210854361,0.293050655132802));
#7012=CARTESIAN_POINT('Ctrl Pts',(2.048901940166,0.203299060656971,0.431364045800496));
#7013=CARTESIAN_POINT('Ctrl Pts',(2.04012412464282,0.0644321422352574,0.467255786056747));
#7014=CARTESIAN_POINT('Ctrl Pts',(2.04012412464282,-8.83313113503891E-18,
0.467255786056747));
#7015=CARTESIAN_POINT('',(1.93142852439412,0.,-0.519214480097404));
#7016=CARTESIAN_POINT('Origin',(1.74999996088445,0.,2.14313185060514E-16));
#7017=CARTESIAN_POINT('',(1.93702852451924,0.139999999999697,-0.497915973217246));
#7018=CARTESIAN_POINT('Ctrl Pts',(1.93142852439412,-3.60071382662955E-30,
-0.519214480097405));
#7019=CARTESIAN_POINT('Ctrl Pts',(1.93142852439412,0.0456392014905951,-0.519214480097405));
#7020=CARTESIAN_POINT('Ctrl Pts',(1.93333377063841,0.0938155775212489,-0.512289570456953));
#7021=CARTESIAN_POINT('Ctrl Pts',(1.93702852451926,0.139999999999668,-0.49791597321716));
#7022=CARTESIAN_POINT('',(1.92645709596702,0.15,-0.498861583486293));
#7023=CARTESIAN_POINT('Ctrl Pts',(1.93702852451928,0.140000000000012,-0.497915973217058));
#7024=CARTESIAN_POINT('Ctrl Pts',(1.933495081213,0.143324476234634,-0.498308465452544));
#7025=CARTESIAN_POINT('Ctrl Pts',(1.92996838559134,0.146660458231252,-0.498623720226881));
#7026=CARTESIAN_POINT('Ctrl Pts',(1.92645709596753,0.149999999999519,-0.498861583486259));
#7027=CARTESIAN_POINT('',(1.74999996088445,0.15,-0.529150262212918));
#7028=CARTESIAN_POINT('Origin',(1.74999996088445,0.15,2.14313185060514E-16));
#7029=CARTESIAN_POINT('',(1.74999996088445,0.55,1.80635398083961E-16));
#7030=CARTESIAN_POINT('Origin',(1.74999996088445,0.,2.14313185060514E-16));
#7031=CARTESIAN_POINT('',(1.44645710714289,0.15,-0.433430197312589));
#7032=CARTESIAN_POINT('Origin',(1.74999996088445,0.15,2.14313185060514E-16));
#7033=CARTESIAN_POINT('',(1.43702853569516,0.139999999999976,-0.430056841609334));
#7034=CARTESIAN_POINT('Ctrl Pts',(1.44645710714289,0.15,-0.433430197312589));
#7035=CARTESIAN_POINT('Ctrl Pts',(1.4433137682935,0.146686239171939,-0.432375647068408));
#7036=CARTESIAN_POINT('Ctrl Pts',(1.44016921292564,0.143351332404179,-0.431251464372152));
#7037=CARTESIAN_POINT('Ctrl Pts',(1.43702853569515,0.139999999999988,-0.430056841609316));
#7038=CARTESIAN_POINT('',(1.43142853556999,0.,-0.448343893649856));
#7039=CARTESIAN_POINT('Ctrl Pts',(1.43702853569516,0.139999999999974,-0.430056841609328));
#7040=CARTESIAN_POINT('Ctrl Pts',(1.43334202976393,0.0939186768896576,-0.442375246312191));
#7041=CARTESIAN_POINT('Ctrl Pts',(1.43142853556999,0.0463231272168406,-0.448343893649855));
#7042=CARTESIAN_POINT('Ctrl Pts',(1.43142853556999,0.,-0.448343893649855));
#7043=CARTESIAN_POINT('Origin',(1.74999996088445,0.,2.14313185060514E-16));
#7044=CARTESIAN_POINT('Ctrl Pts',(0.687495070199352,-1.49056924836844E-16,
-1.22943368571953));
#7045=CARTESIAN_POINT('Ctrl Pts',(0.687495070199352,0.117834779450201,-1.22943368571953));
#7046=CARTESIAN_POINT('Ctrl Pts',(0.773712392316422,0.369674959927533,-1.19033642755783));
#7047=CARTESIAN_POINT('Ctrl Pts',(1.00539219303483,0.459262460336843,-0.997817348599537));
#7048=CARTESIAN_POINT('Ctrl Pts',(1.19005998256424,0.332773908726908,-0.768091903512829));
#7049=CARTESIAN_POINT('Ctrl Pts',(1.22943368571953,0.147293474312752,-0.687495070199351));
#7050=CARTESIAN_POINT('Ctrl Pts',(1.22943368571953,-1.05216652826008E-16,
-0.687495070199351));
#7051=CARTESIAN_POINT('Ctrl Pts',(0.690471425661545,-1.47475955809231E-16,
-1.2244534691284));
#7052=CARTESIAN_POINT('Ctrl Pts',(0.690471425661545,0.116584967427778,-1.2244534691284));
#7053=CARTESIAN_POINT('Ctrl Pts',(0.775881066599173,0.365507966280985,-1.18526106173374));
#7054=CARTESIAN_POINT('Ctrl Pts',(1.00330385502357,0.453258778581331,-0.995913802210052));
#7055=CARTESIAN_POINT('Ctrl Pts',(1.18514227939203,0.32901573560598,-0.770209905444335));
#7056=CARTESIAN_POINT('Ctrl Pts',(1.2244534691284,0.145731209284723,-0.690471425661545));
#7057=CARTESIAN_POINT('Ctrl Pts',(1.2244534691284,-1.04100674688869E-16,
-0.690471425661545));
#7058=CARTESIAN_POINT('Ctrl Pts',(0.693447781123738,-1.45894986781617E-16,
-1.21947325253728));
#7059=CARTESIAN_POINT('Ctrl Pts',(0.693447781123738,0.115335155405356,-1.21947325253728));
#7060=CARTESIAN_POINT('Ctrl Pts',(0.778049740881923,0.361340972634437,-1.18018569590966));
#7061=CARTESIAN_POINT('Ctrl Pts',(1.00121551701232,0.44725509682582,-0.994010255820566));
#7062=CARTESIAN_POINT('Ctrl Pts',(1.18022457621982,0.325257562485052,-0.772327907375839));
#7063=CARTESIAN_POINT('Ctrl Pts',(1.21947325253728,0.144168944256695,-0.693447781123738));
#7064=CARTESIAN_POINT('Ctrl Pts',(1.21947325253728,-1.0298469655173E-16,
-0.693447781123738));
#7065=CARTESIAN_POINT('Ctrl Pts',(0.696424136585932,-1.44314017754004E-16,
-1.21449303594616));
#7066=CARTESIAN_POINT('Ctrl Pts',(0.696424136585932,0.114085343382933,-1.21449303594616));
#7067=CARTESIAN_POINT('Ctrl Pts',(0.780218415164674,0.357173978987889,-1.17511033008557));
#7068=CARTESIAN_POINT('Ctrl Pts',(0.999127179001067,0.441251415070309,-0.99210670943108));
#7069=CARTESIAN_POINT('Ctrl Pts',(1.17530687304761,0.321499389364123,-0.774445909307345));
#7070=CARTESIAN_POINT('Ctrl Pts',(1.21449303594616,0.142606679228666,-0.696424136585931));
#7071=CARTESIAN_POINT('Ctrl Pts',(1.21449303594616,-1.01868718414591E-16,
-0.696424136585931));
#7072=CARTESIAN_POINT('',(1.21449303594616,0.,-0.696424136585931));
#7073=CARTESIAN_POINT('',(1.22943368571953,0.,-0.687495070199351));
#7074=CARTESIAN_POINT('Ctrl Pts',(1.21449303594616,-6.79124789430624E-17,
-0.696424136585931));
#7075=CARTESIAN_POINT('Ctrl Pts',(1.21698314424172,-6.79124789430624E-17,
-0.694935958854835));
#7076=CARTESIAN_POINT('Ctrl Pts',(1.21947325253728,0.,-0.693447781123738));
#7077=CARTESIAN_POINT('Ctrl Pts',(1.2244534691284,0.,-0.690471425661545));
#7078=CARTESIAN_POINT('Ctrl Pts',(1.22694357742397,-7.01444352173405E-17,
-0.688983247930448));
#7079=CARTESIAN_POINT('Ctrl Pts',(1.22943368571953,-7.01444352173405E-17,
-0.687495070199351));
#7080=CARTESIAN_POINT('',(0.687495070199352,-4.38402720108366E-18,-1.22943368571953));
#7081=CARTESIAN_POINT('Ctrl Pts',(1.22943368571953,-1.05216652826008E-16,
-0.687495070199351));
#7082=CARTESIAN_POINT('Ctrl Pts',(1.22943368571953,0.147293474312752,-0.687495070199351));
#7083=CARTESIAN_POINT('Ctrl Pts',(1.19005998256424,0.332773908726908,-0.768091903512829));
#7084=CARTESIAN_POINT('Ctrl Pts',(1.00539219303483,0.459262460336843,-0.997817348599537));
#7085=CARTESIAN_POINT('Ctrl Pts',(0.773712392316422,0.369674959927533,-1.19033642755783));
#7086=CARTESIAN_POINT('Ctrl Pts',(0.687495070199352,0.117834779450201,-1.22943368571953));
#7087=CARTESIAN_POINT('Ctrl Pts',(0.687495070199352,-1.49056924836844E-16,
-1.22943368571953));
#7088=CARTESIAN_POINT('',(0.696424136585932,-4.24452993394128E-18,-1.21449303594616));
#7089=CARTESIAN_POINT('Ctrl Pts',(0.687495070199352,1.3152081603251E-16,
-1.22943368571953));
#7090=CARTESIAN_POINT('Ctrl Pts',(0.688983247930448,1.3152081603251E-16,
-1.22694357742397));
#7091=CARTESIAN_POINT('Ctrl Pts',(0.690471425661545,1.29428357025374E-16,
-1.2244534691284));
#7092=CARTESIAN_POINT('Ctrl Pts',(0.693447781123738,1.29428357025374E-16,
-1.21947325253728));
#7093=CARTESIAN_POINT('Ctrl Pts',(0.694935958854835,-1.44314017754004E-16,
-1.21698314424172));
#7094=CARTESIAN_POINT('Ctrl Pts',(0.696424136585932,-1.44314017754004E-16,
-1.21449303594616));
#7095=CARTESIAN_POINT('Ctrl Pts',(0.696424136585932,-1.44314017754004E-16,
-1.21449303594616));
#7096=CARTESIAN_POINT('Ctrl Pts',(0.696424136585932,0.114085343382933,-1.21449303594616));
#7097=CARTESIAN_POINT('Ctrl Pts',(0.780218415164674,0.357173978987889,-1.17511033008557));
#7098=CARTESIAN_POINT('Ctrl Pts',(0.999127179001067,0.441251415070309,-0.99210670943108));
#7099=CARTESIAN_POINT('Ctrl Pts',(1.17530687304761,0.321499389364123,-0.774445909307345));
#7100=CARTESIAN_POINT('Ctrl Pts',(1.21449303594616,0.142606679228666,-0.696424136585931));
#7101=CARTESIAN_POINT('Ctrl Pts',(1.21449303594616,-1.01868718414591E-16,
-0.696424136585931));
#7102=CARTESIAN_POINT('Origin',(0.,0.,0.));
#7103=CARTESIAN_POINT('',(0.713467308347355,0.,-1.2045598002178));
#7104=CARTESIAN_POINT('Origin',(0.,0.,0.));
#7105=CARTESIAN_POINT('',(1.2045598002178,0.,-0.713467308347355));
#7106=CARTESIAN_POINT('Ctrl Pts',(1.2045598002178,-2.16840434497101E-17,
-0.713467308347355));
#7107=CARTESIAN_POINT('Ctrl Pts',(1.2045598002178,0.0656595707575655,-0.713467308347355));
#7108=CARTESIAN_POINT('Ctrl Pts',(1.19679358771292,0.134710197353418,-0.727091629720382));
#7109=CARTESIAN_POINT('Ctrl Pts',(1.17155735721935,0.225316635316375,-0.766614397654272));
#7110=CARTESIAN_POINT('Ctrl Pts',(1.16089135459554,0.253448039751705,-0.782843315023452));
#7111=CARTESIAN_POINT('Ctrl Pts',(1.13506814815973,0.303113223225173,-0.819832459536843));
#7112=CARTESIAN_POINT('Ctrl Pts',(1.1199083280829,0.324651321592487,-0.840585060077537));
#7113=CARTESIAN_POINT('Ctrl Pts',(1.08786268871694,0.356939113483868,-0.881553441062109));
#7114=CARTESIAN_POINT('Ctrl Pts',(1.06998709603175,0.369998740395575,-0.90333062630692));
#7115=CARTESIAN_POINT('Ctrl Pts',(1.03107125389309,0.387184877953085,-0.947494497253942));
#7116=CARTESIAN_POINT('Ctrl Pts',(1.01002406341394,0.391311868073653,-0.969874879654204));
#7117=CARTESIAN_POINT('Ctrl Pts',(0.969874879654204,0.391311868073653,-1.01002406341394));
#7118=CARTESIAN_POINT('Ctrl Pts',(0.947494497253943,0.387184877953085,-1.03107125389309));
#7119=CARTESIAN_POINT('Ctrl Pts',(0.903330626306921,0.369998740395576,-1.06998709603175));
#7120=CARTESIAN_POINT('Ctrl Pts',(0.881553441062109,0.356939113483869,-1.08786268871694));
#7121=CARTESIAN_POINT('Ctrl Pts',(0.840585060077538,0.324651321592487,-1.1199083280829));
#7122=CARTESIAN_POINT('Ctrl Pts',(0.819832459536843,0.303113223225174,-1.13506814815973));
#7123=CARTESIAN_POINT('Ctrl Pts',(0.782843315023452,0.253448039751706,-1.16089135459554));
#7124=CARTESIAN_POINT('Ctrl Pts',(0.766614397654273,0.225316635316376,-1.17155735721935));
#7125=CARTESIAN_POINT('Ctrl Pts',(0.727091629720382,0.134710197353418,-1.19679358771292));
#7126=CARTESIAN_POINT('Ctrl Pts',(0.713467308347355,0.0656595707575656,
-1.2045598002178));
#7127=CARTESIAN_POINT('Ctrl Pts',(0.713467308347355,0.,-1.2045598002178));
#7128=CARTESIAN_POINT('Origin',(0.,0.,0.));
#7129=CARTESIAN_POINT('Origin',(0.,0.,0.));
#7130=CARTESIAN_POINT('',(0.695145816782077,0.,-1.32919983178886));
#7131=CARTESIAN_POINT('Origin',(1.23743683941759,0.,-1.23743683941759));
#7132=CARTESIAN_POINT('',(0.448343893649856,0.,-1.43142853556999));
#7133=CARTESIAN_POINT('Origin',(0.,0.,0.));
#7134=CARTESIAN_POINT('',(0.383208470021166,0.,-1.35547332236173));
#7135=CARTESIAN_POINT('Origin',(3.21469777590771E-16,0.,-1.74999996088445));
#7136=CARTESIAN_POINT('',(0.366330031859467,0.,-1.35122249098326));
#7137=CARTESIAN_POINT('Ctrl Pts',(0.366330031859467,-1.69781197357651E-17,
-1.35122249098326));
#7138=CARTESIAN_POINT('Ctrl Pts',(0.369143104886417,-1.69781197357651E-17,
-1.35193096287967));
#7139=CARTESIAN_POINT('Ctrl Pts',(0.371956177913366,0.,-1.35263943477609));
#7140=CARTESIAN_POINT('Ctrl Pts',(0.377582323967266,0.,-1.35405637856891));
#7141=CARTESIAN_POINT('Ctrl Pts',(0.380395396994216,-1.75361088043346E-17,
-1.35476485046532));
#7142=CARTESIAN_POINT('Ctrl Pts',(0.383208470021166,-1.75361088043346E-17,
-1.35547332236173));
#7143=CARTESIAN_POINT('',(0.347254831191394,0.,-1.35624997496605));
#7144=CARTESIAN_POINT('Origin',(0.,0.,0.));
#7145=CARTESIAN_POINT('',(0.426422293038146,0.,-2.05624994367361));
#7146=CARTESIAN_POINT('Origin',(3.2146978477618E-16,0.,-1.75));
#7147=CARTESIAN_POINT('',(0.452143475502409,-4.22414116426478E-18,-2.05074768814163));
#7148=CARTESIAN_POINT('Origin',(0.,0.,0.));
#7149=CARTESIAN_POINT('',(0.467255786056747,-4.41656556751928E-18,-2.04012412464282));
#7150=CARTESIAN_POINT('Ctrl Pts',(0.467255786056747,-8.83313113503856E-18,
-2.04012412464282));
#7151=CARTESIAN_POINT('Ctrl Pts',(0.464737067631024,-8.83313113503856E-18,
-2.04189471855929));
#7152=CARTESIAN_POINT('Ctrl Pts',(0.462218349205301,-8.64070673178406E-18,
-2.04366531247576));
#7153=CARTESIAN_POINT('Ctrl Pts',(0.457180912353855,-8.64070673178406E-18,
-2.04720650030869));
#7154=CARTESIAN_POINT('Ctrl Pts',(0.454662193928132,-8.44828232852957E-18,
-2.04897709422516));
#7155=CARTESIAN_POINT('Ctrl Pts',(0.452143475502409,-8.44828232852957E-18,
-2.05074768814163));
#7156=CARTESIAN_POINT('',(0.519214480097405,0.,-1.93142852439412));
#7157=CARTESIAN_POINT('Origin',(3.21469777590771E-16,0.,-1.74999996088445));
#7158=CARTESIAN_POINT('',(0.998586127209088,0.,-1.73286628674333));
#7159=CARTESIAN_POINT('Origin',(0.,0.,0.));
#7160=CARTESIAN_POINT('',(1.11218586812783,0.,-1.77298533786658));
#7161=CARTESIAN_POINT('Origin',(1.23743683941759,0.,-1.23743683941759));
#7162=CARTESIAN_POINT('',(1.13038387919058,0.,-1.76981131438459));
#7163=CARTESIAN_POINT('Ctrl Pts',(1.13038387919058,-1.68965646570597E-16,
-1.76981131438459));
#7164=CARTESIAN_POINT('Ctrl Pts',(1.12735087734678,-1.68965646570597E-16,
-1.77034031829825));
#7165=CARTESIAN_POINT('Ctrl Pts',(1.12431787550299,-2.76502615417098E-16,
-1.77086932221192));
#7166=CARTESIAN_POINT('Ctrl Pts',(1.11825187181541,-2.76502615417098E-16,
-1.77192733003925));
#7167=CARTESIAN_POINT('Ctrl Pts',(1.11521886997162,3.53325245401488E-17,
-1.77245633395292));
#7168=CARTESIAN_POINT('Ctrl Pts',(1.11218586812783,3.53325245401488E-17,
-1.77298533786658));
#7169=CARTESIAN_POINT('',(1.15246218392968,0.,-1.75551437404246));
#7170=CARTESIAN_POINT('Origin',(0.,0.,0.));
#7171=CARTESIAN_POINT('',(0.866205806953521,0.,-1.6086679271994));
#7172=CARTESIAN_POINT('Origin',(1.23743686707646,0.,-1.23743686707646));
#7173=CARTESIAN_POINT('Origin',(1.23743686707646,0.,-1.23743686707646));
#7174=CARTESIAN_POINT('Ctrl Pts',(-0.383208470021166,-8.76805440216846E-18,
-1.35547332236173));
#7175=CARTESIAN_POINT('Ctrl Pts',(-0.383208470021166,0.117834779450201,
-1.35547332236173));
#7176=CARTESIAN_POINT('Ctrl Pts',(-0.29460760831385,0.369692937418354,-1.3887835203807));
#7177=CARTESIAN_POINT('Ctrl Pts',(0.00535183192255,0.459279076651599,-1.41647730675074));
#7178=CARTESIAN_POINT('Ctrl Pts',(0.298372939771574,0.332795704081833,-1.38461408927261));
#7179=CARTESIAN_POINT('Ctrl Pts',(0.383208470021166,0.147293474312752,-1.35547332236173));
#7180=CARTESIAN_POINT('Ctrl Pts',(0.383208470021166,-1.92897196847681E-16,
-1.35547332236173));
#7181=CARTESIAN_POINT('Ctrl Pts',(-0.377582323967266,-8.67505622407353E-18,
-1.35405637856891));
#7182=CARTESIAN_POINT('Ctrl Pts',(-0.377582323967266,0.116584967427779,
-1.35405637856891));
#7183=CARTESIAN_POINT('Ctrl Pts',(-0.289485375071083,0.365526113279108,
-1.38672838186312));
#7184=CARTESIAN_POINT('Ctrl Pts',(0.0052211313697499,0.453275489491154,
-1.41365475759272));
#7185=CARTESIAN_POINT('Ctrl Pts',(0.293397839842207,0.32903769289814,-1.38263460956785));
#7186=CARTESIAN_POINT('Ctrl Pts',(0.377582323967266,0.145731209284723,-1.35405637856891));
#7187=CARTESIAN_POINT('Ctrl Pts',(0.377582323967266,-1.90851236929593E-16,
-1.35405637856891));
#7188=CARTESIAN_POINT('Ctrl Pts',(-0.371956177913366,-8.58205804597859E-18,
-1.35263943477609));
#7189=CARTESIAN_POINT('Ctrl Pts',(-0.371956177913366,0.115335155405356,
-1.35263943477609));
#7190=CARTESIAN_POINT('Ctrl Pts',(-0.284363141828317,0.361359289139863,
-1.38467324334555));
#7191=CARTESIAN_POINT('Ctrl Pts',(0.00509043081694974,0.447271902330709,
-1.41083220843469));
#7192=CARTESIAN_POINT('Ctrl Pts',(0.28842273991284,0.325279681714447,-1.3806551298631));
#7193=CARTESIAN_POINT('Ctrl Pts',(0.371956177913366,0.144168944256695,-1.35263943477609));
#7194=CARTESIAN_POINT('Ctrl Pts',(0.371956177913366,-1.88805277011504E-16,
-1.35263943477609));
#7195=CARTESIAN_POINT('Ctrl Pts',(-0.366330031859467,-8.48905986788366E-18,
-1.35122249098326));
#7196=CARTESIAN_POINT('Ctrl Pts',(-0.366330031859467,0.114085343382933,
-1.35122249098326));
#7197=CARTESIAN_POINT('Ctrl Pts',(-0.27924090858555,0.357192465000617,-1.38261810482797));
#7198=CARTESIAN_POINT('Ctrl Pts',(0.00495973026414966,0.441268315170263,
-1.40800965927667));
#7199=CARTESIAN_POINT('Ctrl Pts',(0.283447639983473,0.321521670530754,-1.37867565015834));
#7200=CARTESIAN_POINT('Ctrl Pts',(0.366330031859467,0.142606679228666,-1.35122249098326));
#7201=CARTESIAN_POINT('Ctrl Pts',(0.366330031859467,-1.86759317093416E-16,
-1.35122249098326));
#7202=CARTESIAN_POINT('',(-0.383208470021166,-4.38402720108423E-18,-1.35547332236173));
#7203=CARTESIAN_POINT('Ctrl Pts',(0.383208470021166,-1.92897196847681E-16,
-1.35547332236173));
#7204=CARTESIAN_POINT('Ctrl Pts',(0.383208470021166,0.147293474312752,-1.35547332236173));
#7205=CARTESIAN_POINT('Ctrl Pts',(0.298372939771574,0.332795704081833,-1.38461408927261));
#7206=CARTESIAN_POINT('Ctrl Pts',(0.00535183192255,0.459279076651599,-1.41647730675074));
#7207=CARTESIAN_POINT('Ctrl Pts',(-0.29460760831385,0.369692937418354,-1.3887835203807));
#7208=CARTESIAN_POINT('Ctrl Pts',(-0.383208470021166,0.117834779450201,
-1.35547332236173));
#7209=CARTESIAN_POINT('Ctrl Pts',(-0.383208470021166,-8.76805440216846E-18,
-1.35547332236173));
#7210=CARTESIAN_POINT('',(-0.366330031859467,-4.24452993394183E-18,-1.35122249098326));
#7211=CARTESIAN_POINT('Ctrl Pts',(-0.383208470021166,-8.76805440216846E-18,
-1.35547332236173));
#7212=CARTESIAN_POINT('Ctrl Pts',(-0.380395396994216,-8.76805440216846E-18,
-1.35476485046532));
#7213=CARTESIAN_POINT('Ctrl Pts',(-0.377582323967266,-8.62855713502606E-18,
-1.35405637856891));
#7214=CARTESIAN_POINT('Ctrl Pts',(-0.371956177913366,-8.62855713502606E-18,
-1.35263943477609));
#7215=CARTESIAN_POINT('Ctrl Pts',(-0.369143104886416,-8.48905986788366E-18,
-1.35193096287967));
#7216=CARTESIAN_POINT('Ctrl Pts',(-0.366330031859467,-8.48905986788366E-18,
-1.35122249098326));
#7217=CARTESIAN_POINT('Ctrl Pts',(-0.366330031859467,-8.48905986788366E-18,
-1.35122249098326));
#7218=CARTESIAN_POINT('Ctrl Pts',(-0.366330031859467,0.114085343382933,
-1.35122249098326));
#7219=CARTESIAN_POINT('Ctrl Pts',(-0.27924090858555,0.357192465000617,-1.38261810482797));
#7220=CARTESIAN_POINT('Ctrl Pts',(0.00495973026414966,0.441268315170263,
-1.40800965927667));
#7221=CARTESIAN_POINT('Ctrl Pts',(0.283447639983473,0.321521670530754,-1.37867565015834));
#7222=CARTESIAN_POINT('Ctrl Pts',(0.366330031859467,0.142606679228666,-1.35122249098326));
#7223=CARTESIAN_POINT('Ctrl Pts',(0.366330031859467,-1.86759317093416E-16,
-1.35122249098326));
#7224=CARTESIAN_POINT('Origin',(3.21469777590771E-16,0.,-1.74999996088445));
#7225=CARTESIAN_POINT('',(0.430056841609334,0.139999999999975,-1.43702853569516));
#7226=CARTESIAN_POINT('Ctrl Pts',(0.448343893649856,0.,-1.43142853556999));
#7227=CARTESIAN_POINT('Ctrl Pts',(0.448343893649856,0.0463231274222622,
-1.43142853556999));
#7228=CARTESIAN_POINT('Ctrl Pts',(0.44237524632812,0.0939186768300719,-1.43334202975917));
#7229=CARTESIAN_POINT('Ctrl Pts',(0.430056841609328,0.139999999999974,-1.43702853569516));
#7230=CARTESIAN_POINT('',(0.433430197312589,0.15,-1.44645710714289));
#7231=CARTESIAN_POINT('Ctrl Pts',(0.430056841609317,0.139999999999988,-1.43702853569515));
#7232=CARTESIAN_POINT('Ctrl Pts',(0.43125148701382,0.143351395921931,-1.44016927245085));
#7233=CARTESIAN_POINT('Ctrl Pts',(0.432375613047473,0.14668613226641,-1.44331366688597));
#7234=CARTESIAN_POINT('Ctrl Pts',(0.433430197312647,0.150000000000183,-1.44645710714306));
#7235=CARTESIAN_POINT('',(0.498861583486294,0.15,-1.92645709596702));
#7236=CARTESIAN_POINT('Origin',(3.21469777590771E-16,0.15,-1.74999996088445));
#7237=CARTESIAN_POINT('',(0.497915973217246,0.139999999999697,-1.93702852451924));
#7238=CARTESIAN_POINT('Ctrl Pts',(0.498861583486333,0.150000000000546,-1.92645709596645));
#7239=CARTESIAN_POINT('Ctrl Pts',(0.498623716425152,0.146660404855669,-1.92996844171195));
#7240=CARTESIAN_POINT('Ctrl Pts',(0.498308489498463,0.14332467990767,-1.93349486473765));
#7241=CARTESIAN_POINT('Ctrl Pts',(0.497915973217059,0.140000000000012,-1.93702852451928));
#7242=CARTESIAN_POINT('Ctrl Pts',(0.497915973217161,0.139999999999668,-1.93702852451926));
#7243=CARTESIAN_POINT('Ctrl Pts',(0.512289570492904,0.0938155774057352,
-1.93333377062917));
#7244=CARTESIAN_POINT('Ctrl Pts',(0.519214480097405,0.0456392015252004,
-1.93142852439412));
#7245=CARTESIAN_POINT('Ctrl Pts',(0.519214480097405,3.72591580611921E-30,
-1.93142852439412));
#7246=CARTESIAN_POINT('',(-0.467255786056747,0.,-2.04012412464282));
#7247=CARTESIAN_POINT('Ctrl Pts',(-0.467255786056747,-1.07301337490499E-18,
-2.04012412464282));
#7248=CARTESIAN_POINT('Ctrl Pts',(-0.467255786056747,0.0644321422352576,
-2.04012412464282));
#7249=CARTESIAN_POINT('Ctrl Pts',(-0.431533604431643,0.202492634023807,
-2.04813598512339));
#7250=CARTESIAN_POINT('Ctrl Pts',(-0.246814317431699,0.403780072398884,
-2.0836998363271));
#7251=CARTESIAN_POINT('Ctrl Pts',(0.0405721067179103,0.460898821987816,
-2.10019870984272));
#7252=CARTESIAN_POINT('Ctrl Pts',(0.293050655132801,0.352867210854361,-2.07397376487046));
#7253=CARTESIAN_POINT('Ctrl Pts',(0.431364045800496,0.203299060656971,-2.048901940166));
#7254=CARTESIAN_POINT('Ctrl Pts',(0.467255786056747,0.0644321422352576,
-2.04012412464282));
#7255=CARTESIAN_POINT('Ctrl Pts',(0.467255786056747,-8.83313113503856E-18,
-2.04012412464282));
#7256=CARTESIAN_POINT('',(-0.519214480097404,0.,-1.93142852439412));
#7257=CARTESIAN_POINT('Origin',(3.21469777590771E-16,0.,-1.74999996088445));
#7258=CARTESIAN_POINT('',(-0.497915973217246,0.139999999999697,-1.93702852451924));
#7259=CARTESIAN_POINT('Ctrl Pts',(-0.519214480097404,1.30104260698261E-17,
-1.93142852439412));
#7260=CARTESIAN_POINT('Ctrl Pts',(-0.519214480097404,0.045639201490595,
-1.93142852439412));
#7261=CARTESIAN_POINT('Ctrl Pts',(-0.512289570456953,0.093815577521249,
-1.93333377063841));
#7262=CARTESIAN_POINT('Ctrl Pts',(-0.49791597321716,0.139999999999668,-1.93702852451926));
#7263=CARTESIAN_POINT('',(-0.498861583486293,0.15,-1.92645709596702));
#7264=CARTESIAN_POINT('Ctrl Pts',(-0.497915973217058,0.140000000000012,
-1.93702852451928));
#7265=CARTESIAN_POINT('Ctrl Pts',(-0.498308465452544,0.143324476234634,
-1.93349508121299));
#7266=CARTESIAN_POINT('Ctrl Pts',(-0.498623720226881,0.146660458231252,
-1.92996838559134));
#7267=CARTESIAN_POINT('Ctrl Pts',(-0.498861583486259,0.149999999999519,
-1.92645709596753));
#7268=CARTESIAN_POINT('',(-0.529150262212918,0.15,-1.74999996088445));
#7269=CARTESIAN_POINT('Origin',(3.21469777590771E-16,0.15,-1.74999996088445));
#7270=CARTESIAN_POINT('',(2.87791990614218E-16,0.55,-1.74999996088445));
#7271=CARTESIAN_POINT('Origin',(3.21469777590771E-16,0.,-1.74999996088445));
#7272=CARTESIAN_POINT('',(-0.433430197312588,0.15,-1.44645710714289));
#7273=CARTESIAN_POINT('Origin',(3.21469777590771E-16,0.15,-1.74999996088445));
#7274=CARTESIAN_POINT('',(-0.430056841609334,0.139999999999975,-1.43702853569516));
#7275=CARTESIAN_POINT('Ctrl Pts',(-0.433430197312588,0.15,-1.44645710714289));
#7276=CARTESIAN_POINT('Ctrl Pts',(-0.432375647068408,0.146686239171939,
-1.4433137682935));
#7277=CARTESIAN_POINT('Ctrl Pts',(-0.431251464372152,0.143351332404179,
-1.44016921292564));
#7278=CARTESIAN_POINT('Ctrl Pts',(-0.430056841609316,0.139999999999988,
-1.43702853569515));
#7279=CARTESIAN_POINT('',(-0.448343893649855,0.,-1.43142853556999));
#7280=CARTESIAN_POINT('Ctrl Pts',(-0.430056841609327,0.139999999999974,
-1.43702853569516));
#7281=CARTESIAN_POINT('Ctrl Pts',(-0.442375246312191,0.0939186768896576,
-1.43334202976393));
#7282=CARTESIAN_POINT('Ctrl Pts',(-0.448343893649855,0.0463231272168406,
-1.43142853556999));
#7283=CARTESIAN_POINT('Ctrl Pts',(-0.448343893649855,0.,-1.43142853556999));
#7284=CARTESIAN_POINT('Origin',(3.21469777590771E-16,0.,-1.74999996088445));
#7285=CARTESIAN_POINT('Ctrl Pts',(-1.22943368571953,-8.76805440216815E-18,
-0.687495070199352));
#7286=CARTESIAN_POINT('Ctrl Pts',(-1.22943368571953,0.147293474312752,-0.687495070199352));
#7287=CARTESIAN_POINT('Ctrl Pts',(-1.19005998256424,0.332773908726908,-0.76809190351283));
#7288=CARTESIAN_POINT('Ctrl Pts',(-1.00539219303483,0.459262460336842,-0.997817348599537));
#7289=CARTESIAN_POINT('Ctrl Pts',(-0.773712392316422,0.369674959927533,
-1.19033642755783));
#7290=CARTESIAN_POINT('Ctrl Pts',(-0.687495070199351,0.117834779450201,
-1.22943368571953));
#7291=CARTESIAN_POINT('Ctrl Pts',(-0.687495070199351,-2.27969414456351E-16,
-1.22943368571953));
#7292=CARTESIAN_POINT('Ctrl Pts',(-1.2244534691284,-8.67505622407322E-18,
-0.690471425661545));
#7293=CARTESIAN_POINT('Ctrl Pts',(-1.2244534691284,0.145731209284723,-0.690471425661545));
#7294=CARTESIAN_POINT('Ctrl Pts',(-1.18514227939203,0.32901573560598,-0.770209905444335));
#7295=CARTESIAN_POINT('Ctrl Pts',(-1.00330385502357,0.45325877858133,-0.995913802210051));
#7296=CARTESIAN_POINT('Ctrl Pts',(-0.775881066599172,0.365507966280985,
-1.18526106173374));
#7297=CARTESIAN_POINT('Ctrl Pts',(-0.690471425661544,0.116584967427778,
-1.2244534691284));
#7298=CARTESIAN_POINT('Ctrl Pts',(-0.690471425661544,-2.25551461825883E-16,
-1.2244534691284));
#7299=CARTESIAN_POINT('Ctrl Pts',(-1.21947325253728,-8.58205804597829E-18,
-0.693447781123738));
#7300=CARTESIAN_POINT('Ctrl Pts',(-1.21947325253728,0.144168944256695,-0.693447781123738));
#7301=CARTESIAN_POINT('Ctrl Pts',(-1.18022457621982,0.325257562485052,-0.772327907375841));
#7302=CARTESIAN_POINT('Ctrl Pts',(-1.00121551701232,0.44725509682582,-0.994010255820565));
#7303=CARTESIAN_POINT('Ctrl Pts',(-0.778049740881923,0.361340972634437,
-1.18018569590966));
#7304=CARTESIAN_POINT('Ctrl Pts',(-0.693447781123738,0.115335155405356,
-1.21947325253728));
#7305=CARTESIAN_POINT('Ctrl Pts',(-0.693447781123738,-2.23133509195415E-16,
-1.21947325253728));
#7306=CARTESIAN_POINT('Ctrl Pts',(-1.21449303594616,-8.48905986788336E-18,
-0.696424136585932));
#7307=CARTESIAN_POINT('Ctrl Pts',(-1.21449303594616,0.142606679228666,-0.696424136585932));
#7308=CARTESIAN_POINT('Ctrl Pts',(-1.1753068730476,0.321499389364124,-0.774445909307346));
#7309=CARTESIAN_POINT('Ctrl Pts',(-0.999127179001066,0.441251415070308,
-0.992106709431079));
#7310=CARTESIAN_POINT('Ctrl Pts',(-0.780218415164673,0.357173978987889,
-1.17511033008557));
#7311=CARTESIAN_POINT('Ctrl Pts',(-0.696424136585931,0.114085343382933,
-1.21449303594616));
#7312=CARTESIAN_POINT('Ctrl Pts',(-0.696424136585931,-2.20715556564947E-16,
-1.21449303594616));
#7313=CARTESIAN_POINT('',(-0.696424136585931,0.,-1.21449303594616));
#7314=CARTESIAN_POINT('',(-0.687495070199351,0.,-1.22943368571953));
#7315=CARTESIAN_POINT('Ctrl Pts',(-0.696424136585931,-5.09343592072953E-17,
-1.21449303594616));
#7316=CARTESIAN_POINT('Ctrl Pts',(-0.694935958854835,-5.09343592072953E-17,
-1.21698314424172));
#7317=CARTESIAN_POINT('Ctrl Pts',(-0.693447781123738,0.,-1.21947325253728));
#7318=CARTESIAN_POINT('Ctrl Pts',(-0.690471425661545,0.,-1.2244534691284));
#7319=CARTESIAN_POINT('Ctrl Pts',(-0.688983247930448,-5.26083264130039E-17,
-1.22694357742397));
#7320=CARTESIAN_POINT('Ctrl Pts',(-0.687495070199351,-5.26083264130039E-17,
-1.22943368571953));
#7321=CARTESIAN_POINT('',(-1.22943368571953,-4.38402720108408E-18,-0.687495070199352));
#7322=CARTESIAN_POINT('Ctrl Pts',(-0.687495070199351,-2.27969414456351E-16,
-1.22943368571953));
#7323=CARTESIAN_POINT('Ctrl Pts',(-0.687495070199351,0.117834779450201,
-1.22943368571953));
#7324=CARTESIAN_POINT('Ctrl Pts',(-0.773712392316422,0.369674959927533,
-1.19033642755783));
#7325=CARTESIAN_POINT('Ctrl Pts',(-1.00539219303483,0.459262460336842,-0.997817348599537));
#7326=CARTESIAN_POINT('Ctrl Pts',(-1.19005998256424,0.332773908726908,-0.76809190351283));
#7327=CARTESIAN_POINT('Ctrl Pts',(-1.22943368571953,0.147293474312752,-0.687495070199352));
#7328=CARTESIAN_POINT('Ctrl Pts',(-1.22943368571953,-8.76805440216815E-18,
-0.687495070199352));
#7329=CARTESIAN_POINT('',(-1.21449303594616,-4.24452993394168E-18,-0.696424136585932));
#7330=CARTESIAN_POINT('Ctrl Pts',(-1.22943368571953,-8.76805440216815E-18,
-0.687495070199352));
#7331=CARTESIAN_POINT('Ctrl Pts',(-1.22694357742397,-8.76805440216815E-18,
-0.688983247930448));
#7332=CARTESIAN_POINT('Ctrl Pts',(-1.2244534691284,-8.62855713502576E-18,
-0.690471425661545));
#7333=CARTESIAN_POINT('Ctrl Pts',(-1.21947325253728,-8.62855713502576E-18,
-0.693447781123738));
#7334=CARTESIAN_POINT('Ctrl Pts',(-1.21698314424172,-8.48905986788336E-18,
-0.694935958854835));
#7335=CARTESIAN_POINT('Ctrl Pts',(-1.21449303594616,-8.48905986788336E-18,
-0.696424136585932));
#7336=CARTESIAN_POINT('Ctrl Pts',(-1.21449303594616,-8.48905986788336E-18,
-0.696424136585932));
#7337=CARTESIAN_POINT('Ctrl Pts',(-1.21449303594616,0.142606679228666,-0.696424136585932));
#7338=CARTESIAN_POINT('Ctrl Pts',(-1.1753068730476,0.321499389364124,-0.774445909307346));
#7339=CARTESIAN_POINT('Ctrl Pts',(-0.999127179001066,0.441251415070308,
-0.992106709431079));
#7340=CARTESIAN_POINT('Ctrl Pts',(-0.780218415164673,0.357173978987889,
-1.17511033008557));
#7341=CARTESIAN_POINT('Ctrl Pts',(-0.696424136585931,0.114085343382933,
-1.21449303594616));
#7342=CARTESIAN_POINT('Ctrl Pts',(-0.696424136585931,-2.20715556564947E-16,
-1.21449303594616));
#7343=CARTESIAN_POINT('Origin',(-1.23743683941759,0.,-1.23743683941759));
#7344=CARTESIAN_POINT('',(-0.695145816782077,0.,-1.32919983178886));
#7345=CARTESIAN_POINT('Origin',(-1.23743683941759,0.,-1.23743683941759));
#7346=CARTESIAN_POINT('',(-0.712036513350991,0.139999999999975,-1.32022873134625));
#7347=CARTESIAN_POINT('Ctrl Pts',(-0.695145816782077,8.67361737988404E-18,
-1.32919983178886));
#7348=CARTESIAN_POINT('Ctrl Pts',(-0.695145816782077,0.0463231274222622,
-1.32919983178886));
#7349=CARTESIAN_POINT('Ctrl Pts',(-0.700719332494715,0.0939186768300722,
-1.32633240551008));
#7350=CARTESIAN_POINT('Ctrl Pts',(-0.712036513350997,0.139999999999974,
-1.32022873134625));
#7351=CARTESIAN_POINT('',(-0.71631819746546,0.15,-1.32928106084697));
#7352=CARTESIAN_POINT('Ctrl Pts',(-0.712036513350998,0.139999999999988,
-1.32022873134623));
#7353=CARTESIAN_POINT('Ctrl Pts',(-0.713412607742238,0.143351395921931,
-1.32329430947075));
#7354=CARTESIAN_POINT('Ctrl Pts',(-0.714841153228733,0.14668613226641,-1.32631260923985));
#7355=CARTESIAN_POINT('Ctrl Pts',(-0.716318197465541,0.150000000000183,
-1.32928106084713));
#7356=CARTESIAN_POINT('',(-1.00946246766661,0.15,-1.71495928477984));
#7357=CARTESIAN_POINT('Origin',(-1.23743683941759,0.15,-1.23743683941759));
#7358=CARTESIAN_POINT('',(-1.01760624391631,0.139999999999697,-1.72176576616234));
#7359=CARTESIAN_POINT('Ctrl Pts',(-1.00946246766617,0.150000000000546,-1.71495928477946));
#7360=CARTESIAN_POINT('Ctrl Pts',(-1.01211356146589,0.146660404855669,-1.71727398375521));
#7361=CARTESIAN_POINT('Ctrl Pts',(-1.01483001819817,0.14332467990767,-1.71954464229255));
#7362=CARTESIAN_POINT('Ctrl Pts',(-1.01760624391647,0.140000000000012,-1.72176576616224));
#7363=CARTESIAN_POINT('',(-0.998586127209087,0.,-1.73286628674333));
#7364=CARTESIAN_POINT('Ctrl Pts',(-1.01760624391639,0.139999999999668,-1.7217657661623));
#7365=CARTESIAN_POINT('Ctrl Pts',(-1.00482999028217,0.093815577405735,-1.72931684873552));
#7366=CARTESIAN_POINT('Ctrl Pts',(-0.998586127209087,0.0456392015252003,
-1.73286628674333));
#7367=CARTESIAN_POINT('Ctrl Pts',(-0.998586127209087,2.35259263934484E-30,
-1.73286628674333));
#7368=CARTESIAN_POINT('',(-1.11218586812783,-4.41656556751901E-18,-1.77298533786658));
#7369=CARTESIAN_POINT('Origin',(-1.23743683941759,0.,-1.23743683941759));
#7370=CARTESIAN_POINT('',(-1.77298533786658,0.,-1.11218586812783));
#7371=CARTESIAN_POINT('Ctrl Pts',(-1.77298533786658,-2.68253343726197E-19,
-1.11218586812783));
#7372=CARTESIAN_POINT('Ctrl Pts',(-1.77298533786658,0.0644321422352576,
-1.11218586812783));
#7373=CARTESIAN_POINT('Ctrl Pts',(-1.75338698791081,0.202484232093552,-1.14311574606838));
#7374=CARTESIAN_POINT('Ctrl Pts',(-1.64791776222178,0.403767047906264,-1.29887860219802));
#7375=CARTESIAN_POINT('Ctrl Pts',(-1.45637544629578,0.460881452371995,-1.51375527574363));
#7376=CARTESIAN_POINT('Ctrl Pts',(-1.25930627293246,0.352856539997531,-1.67373838901964));
#7377=CARTESIAN_POINT('Ctrl Pts',(-1.14377693183421,0.20329099526952,-1.75381095787786));
#7378=CARTESIAN_POINT('Ctrl Pts',(-1.11218586812783,0.0644321422352573,
-1.77298533786658));
#7379=CARTESIAN_POINT('Ctrl Pts',(-1.11218586812783,-2.91493327456275E-16,
-1.77298533786658));
#7380=CARTESIAN_POINT('',(-1.73286628674333,0.,-0.998586127209088));
#7381=CARTESIAN_POINT('Origin',(-1.23743683941759,0.,-1.23743683941759));
#7382=CARTESIAN_POINT('',(-1.72176576616234,0.139999999999697,-1.01760624391631));
#7383=CARTESIAN_POINT('Ctrl Pts',(-1.73286628674333,1.30104260698261E-17,
-0.998586127209088));
#7384=CARTESIAN_POINT('Ctrl Pts',(-1.73286628674333,0.0456392014905951,
-0.998586127209088));
#7385=CARTESIAN_POINT('Ctrl Pts',(-1.72931684871664,0.0938155775212488,
-1.00482999031413));
#7386=CARTESIAN_POINT('Ctrl Pts',(-1.7217657661623,0.139999999999668,-1.01760624391639));
#7387=CARTESIAN_POINT('',(-1.71495928477984,0.15,-1.00946246766661));
#7388=CARTESIAN_POINT('Ctrl Pts',(-1.72176576616224,0.140000000000012,-1.01760624391647));
#7389=CARTESIAN_POINT('Ctrl Pts',(-1.7195447783607,0.143324476234634,-1.01483018827239));
#7390=CARTESIAN_POINT('Ctrl Pts',(-1.71727394676018,0.146660458231252,-1.0121135190944));
#7391=CARTESIAN_POINT('Ctrl Pts',(-1.71495928478017,0.149999999999519,-1.00946246766699));
#7392=CARTESIAN_POINT('',(-1.61160257809498,0.15,-0.863271100740195));
#7393=CARTESIAN_POINT('Origin',(-1.23743683941759,0.15,-1.23743683941759));
#7394=CARTESIAN_POINT('',(-1.23743683941759,0.55,-1.23743683941759));
#7395=CARTESIAN_POINT('Origin',(-1.23743683941759,0.,-1.23743683941759));
#7396=CARTESIAN_POINT('',(-1.32928106084697,0.15,-0.71631819746546));
#7397=CARTESIAN_POINT('Origin',(-1.23743683941759,0.15,-1.23743683941759));
#7398=CARTESIAN_POINT('',(-1.32022873134625,0.139999999999976,-0.712036513350992));
#7399=CARTESIAN_POINT('Ctrl Pts',(-1.32928106084697,0.15,-0.71631819746546));
#7400=CARTESIAN_POINT('Ctrl Pts',(-1.32631270500224,0.146686239171939,-0.714841200878252));
#7401=CARTESIAN_POINT('Ctrl Pts',(-1.32329425136999,0.143351332404179,-0.713412581661637));
#7402=CARTESIAN_POINT('Ctrl Pts',(-1.32022873134623,0.139999999999988,-0.712036513350999));
#7403=CARTESIAN_POINT('',(-1.32919983178886,0.,-0.695145816782077));
#7404=CARTESIAN_POINT('Ctrl Pts',(-1.32022873134625,0.139999999999974,-0.712036513350997));
#7405=CARTESIAN_POINT('Ctrl Pts',(-1.32633240550219,0.0939186768896575,
-0.700719332509349));
#7406=CARTESIAN_POINT('Ctrl Pts',(-1.32919983178886,0.0463231272168407,
-0.695145816782077));
#7407=CARTESIAN_POINT('Ctrl Pts',(-1.32919983178886,0.,-0.695145816782077));
#7408=CARTESIAN_POINT('Origin',(-1.23743683941759,0.,-1.23743683941759));
#7409=CARTESIAN_POINT('Origin',(0.,0.,0.));
#7410=CARTESIAN_POINT('Origin',(0.,0.,0.));
#7411=CARTESIAN_POINT('',(-0.713467308347354,0.,-1.2045598002178));
#7412=CARTESIAN_POINT('Origin',(0.,0.,0.));
#7413=CARTESIAN_POINT('',(-1.15246218392968,0.,-1.75551437404246));
#7414=CARTESIAN_POINT('Origin',(-1.23743686707646,0.,-1.23743686707646));
#7415=CARTESIAN_POINT('',(-1.13038387919057,-4.22414116426453E-18,-1.76981131438459));
#7416=CARTESIAN_POINT('Origin',(0.,0.,0.));
#7417=CARTESIAN_POINT('Ctrl Pts',(-1.11218586812783,-2.91493327456275E-16,
-1.77298533786658));
#7418=CARTESIAN_POINT('Ctrl Pts',(-1.11521886997162,-2.91493327456275E-16,
-1.77245633395292));
#7419=CARTESIAN_POINT('Ctrl Pts',(-1.11825187181541,-2.85143322148876E-16,
-1.77192733003925));
#7420=CARTESIAN_POINT('Ctrl Pts',(-1.12431787550299,-2.85143322148876E-16,
-1.77086932221192));
#7421=CARTESIAN_POINT('Ctrl Pts',(-1.12735087734678,2.61896752184417E-16,
-1.77034031829825));
#7422=CARTESIAN_POINT('Ctrl Pts',(-1.13038387919057,2.61896752184417E-16,
-1.76981131438459));
#7423=CARTESIAN_POINT('Origin',(0.,0.,0.));
#7424=CARTESIAN_POINT('',(-0.452143475502408,0.,-2.05074768814163));
#7425=CARTESIAN_POINT('Ctrl Pts',(-0.452143475502408,1.35172517256473E-16,
-2.05074768814163));
#7426=CARTESIAN_POINT('Ctrl Pts',(-0.454662193928131,1.35172517256473E-16,
-2.04897709422516));
#7427=CARTESIAN_POINT('Ctrl Pts',(-0.457180912353854,0.,-2.04720650030869));
#7428=CARTESIAN_POINT('Ctrl Pts',(-0.4622183492053,0.,-2.04366531247576));
#7429=CARTESIAN_POINT('Ctrl Pts',(-0.464737067631024,1.41330098160617E-16,
-2.04189471855929));
#7430=CARTESIAN_POINT('Ctrl Pts',(-0.467255786056747,1.41330098160617E-16,
-2.04012412464282));
#7431=CARTESIAN_POINT('',(-0.426422293038145,0.,-2.05624994367361));
#7432=CARTESIAN_POINT('Origin',(0.,0.,0.));
#7433=CARTESIAN_POINT('',(-0.525,0.,-1.75));
#7434=CARTESIAN_POINT('Origin',(3.2146978477618E-16,0.,-1.75));
#7435=CARTESIAN_POINT('',(-0.347254831191393,0.,-1.35624997496605));
#7436=CARTESIAN_POINT('Origin',(3.2146978477618E-16,0.,-1.75));
#7437=CARTESIAN_POINT('Origin',(0.,0.,0.));
#7438=CARTESIAN_POINT('Ctrl Pts',(-1.35547332236173,-8.76805440216731E-18,
0.383208470021166));
#7439=CARTESIAN_POINT('Ctrl Pts',(-1.35547332236173,0.117834779450201,0.383208470021166));
#7440=CARTESIAN_POINT('Ctrl Pts',(-1.3887835203807,0.369692937418354,0.29460760831385));
#7441=CARTESIAN_POINT('Ctrl Pts',(-1.41647730675074,0.459279076651599,-0.00535183192254981));
#7442=CARTESIAN_POINT('Ctrl Pts',(-1.38461408927261,0.332795704081833,-0.298372939771574));
#7443=CARTESIAN_POINT('Ctrl Pts',(-1.35547332236173,0.147293474312752,-0.383208470021166));
#7444=CARTESIAN_POINT('Ctrl Pts',(-1.35547332236173,-1.75361088043347E-16,
-0.383208470021166));
#7445=CARTESIAN_POINT('Ctrl Pts',(-1.35405637856891,-8.67505622407239E-18,
0.377582323967266));
#7446=CARTESIAN_POINT('Ctrl Pts',(-1.35405637856891,0.116584967427779,0.377582323967266));
#7447=CARTESIAN_POINT('Ctrl Pts',(-1.38672838186312,0.365526113279108,0.289485375071084));
#7448=CARTESIAN_POINT('Ctrl Pts',(-1.41365475759272,0.453275489491153,-0.0052211313697498));
#7449=CARTESIAN_POINT('Ctrl Pts',(-1.38263460956785,0.32903769289814,-0.293397839842207));
#7450=CARTESIAN_POINT('Ctrl Pts',(-1.35405637856891,0.145731209284723,-0.377582323967266));
#7451=CARTESIAN_POINT('Ctrl Pts',(-1.35405637856891,-1.73501124481448E-16,
-0.377582323967266));
#7452=CARTESIAN_POINT('Ctrl Pts',(-1.35263943477609,-8.58205804597747E-18,
0.371956177913366));
#7453=CARTESIAN_POINT('Ctrl Pts',(-1.35263943477609,0.115335155405356,0.371956177913366));
#7454=CARTESIAN_POINT('Ctrl Pts',(-1.38467324334555,0.361359289139863,0.284363141828317));
#7455=CARTESIAN_POINT('Ctrl Pts',(-1.41083220843469,0.447271902330709,-0.00509043081694977));
#7456=CARTESIAN_POINT('Ctrl Pts',(-1.3806551298631,0.325279681714447,-0.28842273991284));
#7457=CARTESIAN_POINT('Ctrl Pts',(-1.35263943477609,0.144168944256695,-0.371956177913366));
#7458=CARTESIAN_POINT('Ctrl Pts',(-1.35263943477609,-1.7164116091955E-16,
-0.371956177913366));
#7459=CARTESIAN_POINT('Ctrl Pts',(-1.35122249098326,-8.48905986788255E-18,
0.366330031859466));
#7460=CARTESIAN_POINT('Ctrl Pts',(-1.35122249098326,0.114085343382933,0.366330031859466));
#7461=CARTESIAN_POINT('Ctrl Pts',(-1.38261810482797,0.357192465000617,0.27924090858555));
#7462=CARTESIAN_POINT('Ctrl Pts',(-1.40800965927667,0.441268315170263,-0.00495973026414969));
#7463=CARTESIAN_POINT('Ctrl Pts',(-1.37867565015834,0.321521670530754,-0.283447639983473));
#7464=CARTESIAN_POINT('Ctrl Pts',(-1.35122249098326,0.142606679228666,-0.366330031859466));
#7465=CARTESIAN_POINT('Ctrl Pts',(-1.35122249098326,-1.69781197357651E-16,
-0.366330031859466));
#7466=CARTESIAN_POINT('',(-1.35122249098326,0.,-0.366330031859467));
#7467=CARTESIAN_POINT('',(-1.35547332236173,0.,-0.383208470021166));
#7468=CARTESIAN_POINT('Ctrl Pts',(-1.35122249098326,3.39562394715302E-17,
-0.366330031859467));
#7469=CARTESIAN_POINT('Ctrl Pts',(-1.35193096287967,3.39562394715302E-17,
-0.369143104886417));
#7470=CARTESIAN_POINT('Ctrl Pts',(-1.35263943477609,0.,-0.371956177913367));
#7471=CARTESIAN_POINT('Ctrl Pts',(-1.35405637856891,0.,-0.377582323967266));
#7472=CARTESIAN_POINT('Ctrl Pts',(-1.35476485046532,3.50722176086693E-17,
-0.380395396994216));
#7473=CARTESIAN_POINT('Ctrl Pts',(-1.35547332236173,3.50722176086693E-17,
-0.383208470021166));
#7474=CARTESIAN_POINT('',(-1.35547332236173,-4.38402720108366E-18,0.383208470021166));
#7475=CARTESIAN_POINT('Ctrl Pts',(-1.35547332236173,-1.75361088043347E-16,
-0.383208470021166));
#7476=CARTESIAN_POINT('Ctrl Pts',(-1.35547332236173,0.147293474312752,-0.383208470021166));
#7477=CARTESIAN_POINT('Ctrl Pts',(-1.38461408927261,0.332795704081833,-0.298372939771574));
#7478=CARTESIAN_POINT('Ctrl Pts',(-1.41647730675074,0.459279076651599,-0.00535183192254981));
#7479=CARTESIAN_POINT('Ctrl Pts',(-1.3887835203807,0.369692937418354,0.29460760831385));
#7480=CARTESIAN_POINT('Ctrl Pts',(-1.35547332236173,0.117834779450201,0.383208470021166));
#7481=CARTESIAN_POINT('Ctrl Pts',(-1.35547332236173,-8.76805440216731E-18,
0.383208470021166));
#7482=CARTESIAN_POINT('',(-1.35122249098326,-4.24452993394128E-18,0.366330031859466));
#7483=CARTESIAN_POINT('Ctrl Pts',(-1.35547332236173,-8.76805440216731E-18,
0.383208470021166));
#7484=CARTESIAN_POINT('Ctrl Pts',(-1.35476485046532,-8.76805440216731E-18,
0.380395396994216));
#7485=CARTESIAN_POINT('Ctrl Pts',(-1.35405637856891,-8.62855713502493E-18,
0.377582323967266));
#7486=CARTESIAN_POINT('Ctrl Pts',(-1.35263943477609,-8.62855713502493E-18,
0.371956177913366));
#7487=CARTESIAN_POINT('Ctrl Pts',(-1.35193096287967,1.27335898018238E-16,
0.369143104886416));
#7488=CARTESIAN_POINT('Ctrl Pts',(-1.35122249098326,1.27335898018238E-16,
0.366330031859466));
#7489=CARTESIAN_POINT('Ctrl Pts',(-1.35122249098326,-8.48905986788255E-18,
0.366330031859466));
#7490=CARTESIAN_POINT('Ctrl Pts',(-1.35122249098326,0.114085343382933,0.366330031859466));
#7491=CARTESIAN_POINT('Ctrl Pts',(-1.38261810482797,0.357192465000617,0.27924090858555));
#7492=CARTESIAN_POINT('Ctrl Pts',(-1.40800965927667,0.441268315170263,-0.00495973026414969));
#7493=CARTESIAN_POINT('Ctrl Pts',(-1.37867565015834,0.321521670530754,-0.283447639983473));
#7494=CARTESIAN_POINT('Ctrl Pts',(-1.35122249098326,0.142606679228666,-0.366330031859466));
#7495=CARTESIAN_POINT('Ctrl Pts',(-1.35122249098326,-1.69781197357651E-16,
-0.366330031859466));
#7496=CARTESIAN_POINT('Origin',(-1.74999996088445,0.,0.));
#7497=CARTESIAN_POINT('',(-1.43142853556999,0.,-0.448343893649856));
#7498=CARTESIAN_POINT('Origin',(-1.74999996088445,0.,0.));
#7499=CARTESIAN_POINT('',(-1.43702853569516,0.139999999999975,-0.430056841609334));
#7500=CARTESIAN_POINT('Ctrl Pts',(-1.43142853556999,3.46944695195361E-17,
-0.448343893649856));
#7501=CARTESIAN_POINT('Ctrl Pts',(-1.43142853556999,0.0463231274222622,
-0.448343893649856));
#7502=CARTESIAN_POINT('Ctrl Pts',(-1.43334202975917,0.0939186768300719,
-0.442375246328119));
#7503=CARTESIAN_POINT('Ctrl Pts',(-1.43702853569516,0.139999999999974,-0.430056841609328));
#7504=CARTESIAN_POINT('',(-1.44645710714289,0.15,-0.433430197312589));
#7505=CARTESIAN_POINT('Ctrl Pts',(-1.43702853569515,0.139999999999988,-0.430056841609316));
#7506=CARTESIAN_POINT('Ctrl Pts',(-1.44016927245085,0.143351395921931,-0.431251487013819));
#7507=CARTESIAN_POINT('Ctrl Pts',(-1.44331366688597,0.14668613226641,-0.432375613047472));
#7508=CARTESIAN_POINT('Ctrl Pts',(-1.44645710714306,0.150000000000183,-0.433430197312647));
#7509=CARTESIAN_POINT('',(-1.92645709596702,0.15,-0.498861583486294));
#7510=CARTESIAN_POINT('Origin',(-1.74999996088445,0.15,0.));
#7511=CARTESIAN_POINT('',(-1.93702852451924,0.139999999999697,-0.497915973217246));
#7512=CARTESIAN_POINT('Ctrl Pts',(-1.92645709596645,0.150000000000546,-0.498861583486332));
#7513=CARTESIAN_POINT('Ctrl Pts',(-1.92996844171195,0.146660404855669,-0.498623716425151));
#7514=CARTESIAN_POINT('Ctrl Pts',(-1.93349486473765,0.14332467990767,-0.498308489498463));
#7515=CARTESIAN_POINT('Ctrl Pts',(-1.93702852451928,0.140000000000012,-0.497915973217059));
#7516=CARTESIAN_POINT('',(-1.93142852439412,0.,-0.519214480097405));
#7517=CARTESIAN_POINT('Ctrl Pts',(-1.93702852451926,0.139999999999668,-0.497915973217161));
#7518=CARTESIAN_POINT('Ctrl Pts',(-1.93333377062917,0.0938155774057351,
-0.512289570492903));
#7519=CARTESIAN_POINT('Ctrl Pts',(-1.93142852439412,0.0456392015252004,
-0.519214480097405));
#7520=CARTESIAN_POINT('Ctrl Pts',(-1.93142852439412,0.,-0.519214480097405));
#7521=CARTESIAN_POINT('',(-2.04012412464282,-4.41656556751928E-18,-0.467255786056747));
#7522=CARTESIAN_POINT('Origin',(-1.74999996088445,0.,0.));
#7523=CARTESIAN_POINT('',(-2.04012412464282,0.,0.467255786056747));
#7524=CARTESIAN_POINT('Ctrl Pts',(-2.04012412464282,1.88289514860541E-31,
0.467255786056747));
#7525=CARTESIAN_POINT('Ctrl Pts',(-2.04012412464282,0.0644321422352577,
0.467255786056747));
#7526=CARTESIAN_POINT('Ctrl Pts',(-2.048901940166,0.203299060656971,0.431364045800496));
#7527=CARTESIAN_POINT('Ctrl Pts',(-2.07397376487046,0.352867210854362,0.293050655132801));
#7528=CARTESIAN_POINT('Ctrl Pts',(-2.10019870984272,0.460898821987815,0.0405721067179098));
#7529=CARTESIAN_POINT('Ctrl Pts',(-2.0836998363271,0.403780072398884,-0.246814317431699));
#7530=CARTESIAN_POINT('Ctrl Pts',(-2.04813598512339,0.202492634023807,-0.431533604431643));
#7531=CARTESIAN_POINT('Ctrl Pts',(-2.04012412464282,0.0644321422352575,
-0.467255786056747));
#7532=CARTESIAN_POINT('Ctrl Pts',(-2.04012412464282,-8.83313113503856E-18,
-0.467255786056747));
#7533=CARTESIAN_POINT('',(-1.93142852439412,0.,0.519214480097405));
#7534=CARTESIAN_POINT('Origin',(-1.74999996088445,0.,0.));
#7535=CARTESIAN_POINT('',(-1.93702852451924,0.139999999999697,0.497915973217246));
#7536=CARTESIAN_POINT('Ctrl Pts',(-1.93142852439412,1.30104260698261E-17,
0.519214480097405));
#7537=CARTESIAN_POINT('Ctrl Pts',(-1.93142852439412,0.0456392014905951,
0.519214480097405));
#7538=CARTESIAN_POINT('Ctrl Pts',(-1.93333377063841,0.0938155775212489,
0.512289570456953));
#7539=CARTESIAN_POINT('Ctrl Pts',(-1.93702852451926,0.139999999999668,0.497915973217161));
#7540=CARTESIAN_POINT('',(-1.92645709596702,0.15,0.498861583486294));
#7541=CARTESIAN_POINT('Ctrl Pts',(-1.93702852451928,0.140000000000012,0.497915973217059));
#7542=CARTESIAN_POINT('Ctrl Pts',(-1.933495081213,0.143324476234634,0.498308465452544));
#7543=CARTESIAN_POINT('Ctrl Pts',(-1.92996838559134,0.146660458231252,0.498623720226882));
#7544=CARTESIAN_POINT('Ctrl Pts',(-1.92645709596753,0.149999999999519,0.498861583486259));
#7545=CARTESIAN_POINT('',(-1.74999996088445,0.15,0.529150262212918));
#7546=CARTESIAN_POINT('Origin',(-1.74999996088445,0.15,0.));
#7547=CARTESIAN_POINT('',(-1.74999996088445,0.55,3.36777869765522E-17));
#7548=CARTESIAN_POINT('Origin',(-1.74999996088445,0.,0.));
#7549=CARTESIAN_POINT('',(-1.44645710714289,0.15,0.433430197312589));
#7550=CARTESIAN_POINT('Origin',(-1.74999996088445,0.15,0.));
#7551=CARTESIAN_POINT('',(-1.43702853569516,0.139999999999975,0.430056841609334));
#7552=CARTESIAN_POINT('Ctrl Pts',(-1.44645710714289,0.15,0.433430197312589));
#7553=CARTESIAN_POINT('Ctrl Pts',(-1.4433137682935,0.146686239171939,0.432375647068408));
#7554=CARTESIAN_POINT('Ctrl Pts',(-1.44016921292564,0.143351332404179,0.431251464372152));
#7555=CARTESIAN_POINT('Ctrl Pts',(-1.43702853569515,0.139999999999988,0.430056841609316));
#7556=CARTESIAN_POINT('',(-1.43142853556999,0.,0.448343893649856));
#7557=CARTESIAN_POINT('Ctrl Pts',(-1.43702853569516,0.139999999999974,0.430056841609328));
#7558=CARTESIAN_POINT('Ctrl Pts',(-1.43334202976393,0.0939186768896576,
0.442375246312191));
#7559=CARTESIAN_POINT('Ctrl Pts',(-1.43142853556999,0.0463231272168406,
0.448343893649856));
#7560=CARTESIAN_POINT('Ctrl Pts',(-1.43142853556999,8.50186599825718E-32,
0.448343893649856));
#7561=CARTESIAN_POINT('Origin',(-1.74999996088445,0.,0.));
#7562=CARTESIAN_POINT('Origin',(0.,0.,0.));
#7563=CARTESIAN_POINT('Origin',(0.,0.,0.));
#7564=CARTESIAN_POINT('',(-1.35624997496605,0.,-0.347254831191393));
#7565=CARTESIAN_POINT('Origin',(0.,0.,0.));
#7566=CARTESIAN_POINT('',(-2.05624994367361,0.,-0.426422293038146));
#7567=CARTESIAN_POINT('Origin',(-1.75,0.,0.));
#7568=CARTESIAN_POINT('',(-2.05074768814163,-4.22414116426478E-18,-0.452143475502408));
#7569=CARTESIAN_POINT('Origin',(0.,0.,0.));
#7570=CARTESIAN_POINT('Ctrl Pts',(-2.04012412464282,2.73827065186195E-16,
-0.467255786056747));
#7571=CARTESIAN_POINT('Ctrl Pts',(-2.04189471855929,2.73827065186195E-16,
-0.464737067631024));
#7572=CARTESIAN_POINT('Ctrl Pts',(-2.04366531247576,2.67861908685306E-16,
-0.462218349205301));
#7573=CARTESIAN_POINT('Ctrl Pts',(-2.04720650030869,2.67861908685306E-16,
-0.457180912353855));
#7574=CARTESIAN_POINT('Ctrl Pts',(-2.04897709422516,-8.44828232852957E-18,
-0.454662193928132));
#7575=CARTESIAN_POINT('Ctrl Pts',(-2.05074768814163,-8.44828232852957E-18,
-0.452143475502408));
#7576=CARTESIAN_POINT('Origin',(0.,0.,0.));
#7577=CARTESIAN_POINT('',(-1.76981131438459,0.,-1.13038387919058));
#7578=CARTESIAN_POINT('Ctrl Pts',(-1.76981131438459,3.37931293141131E-17,
-1.13038387919058));
#7579=CARTESIAN_POINT('Ctrl Pts',(-1.77034031829825,3.37931293141131E-17,
-1.12735087734678));
#7580=CARTESIAN_POINT('Ctrl Pts',(-1.77086932221192,0.,-1.12431787550299));
#7581=CARTESIAN_POINT('Ctrl Pts',(-1.77192733003925,0.,-1.11825187181541));
#7582=CARTESIAN_POINT('Ctrl Pts',(-1.77245633395292,3.53325245401488E-17,
-1.11521886997162));
#7583=CARTESIAN_POINT('Ctrl Pts',(-1.77298533786658,3.53325245401488E-17,
-1.11218586812783));
#7584=CARTESIAN_POINT('',(-1.75551437404246,0.,-1.15246218392968));
#7585=CARTESIAN_POINT('Origin',(0.,0.,0.));
#7586=CARTESIAN_POINT('',(-1.6086679271994,0.,-0.866205806953521));
#7587=CARTESIAN_POINT('Origin',(-1.23743686707646,0.,-1.23743686707646));
#7588=CARTESIAN_POINT('',(-1.2045598002178,0.,-0.713467308347355));
#7589=CARTESIAN_POINT('Origin',(-1.23743686707646,0.,-1.23743686707646));
#7590=CARTESIAN_POINT('Origin',(0.,0.,0.));
#7591=CARTESIAN_POINT('Ctrl Pts',(-0.687495070199351,-8.768054402168E-18,
1.22943368571953));
#7592=CARTESIAN_POINT('Ctrl Pts',(-0.687495070199351,0.147293474312752,
1.22943368571953));
#7593=CARTESIAN_POINT('Ctrl Pts',(-0.768091903512829,0.332773908726908,
1.19005998256424));
#7594=CARTESIAN_POINT('Ctrl Pts',(-0.997817348599537,0.459262460336843,
1.00539219303483));
#7595=CARTESIAN_POINT('Ctrl Pts',(-1.19033642755783,0.369674959927533,0.773712392316422));
#7596=CARTESIAN_POINT('Ctrl Pts',(-1.22943368571953,0.117834779450201,0.687495070199351));
#7597=CARTESIAN_POINT('Ctrl Pts',(-1.22943368571953,-2.63041632065021E-16,
0.687495070199351));
#7598=CARTESIAN_POINT('Ctrl Pts',(-0.690471425661545,-8.67505622407307E-18,
1.2244534691284));
#7599=CARTESIAN_POINT('Ctrl Pts',(-0.690471425661545,0.145731209284723,
1.2244534691284));
#7600=CARTESIAN_POINT('Ctrl Pts',(-0.770209905444335,0.32901573560598,1.18514227939203));
#7601=CARTESIAN_POINT('Ctrl Pts',(-0.995913802210052,0.453258778581331,
1.00330385502357));
#7602=CARTESIAN_POINT('Ctrl Pts',(-1.18526106173374,0.365507966280985,0.775881066599173));
#7603=CARTESIAN_POINT('Ctrl Pts',(-1.2244534691284,0.116584967427778,0.690471425661545));
#7604=CARTESIAN_POINT('Ctrl Pts',(-1.2244534691284,-2.60251686722173E-16,
0.690471425661545));
#7605=CARTESIAN_POINT('Ctrl Pts',(-0.693447781123738,-8.58205804597814E-18,
1.21947325253728));
#7606=CARTESIAN_POINT('Ctrl Pts',(-0.693447781123738,0.144168944256695,
1.21947325253728));
#7607=CARTESIAN_POINT('Ctrl Pts',(-0.77232790737584,0.325257562485052,1.18022457621982));
#7608=CARTESIAN_POINT('Ctrl Pts',(-0.994010255820566,0.44725509682582,1.00121551701232));
#7609=CARTESIAN_POINT('Ctrl Pts',(-1.18018569590966,0.361340972634437,0.778049740881923));
#7610=CARTESIAN_POINT('Ctrl Pts',(-1.21947325253728,0.115335155405356,0.693447781123738));
#7611=CARTESIAN_POINT('Ctrl Pts',(-1.21947325253728,-2.57461741379325E-16,
0.693447781123738));
#7612=CARTESIAN_POINT('Ctrl Pts',(-0.696424136585932,-8.48905986788321E-18,
1.21449303594616));
#7613=CARTESIAN_POINT('Ctrl Pts',(-0.696424136585932,0.142606679228666,
1.21449303594616));
#7614=CARTESIAN_POINT('Ctrl Pts',(-0.774445909307345,0.321499389364123,
1.17530687304761));
#7615=CARTESIAN_POINT('Ctrl Pts',(-0.99210670943108,0.441251415070309,0.999127179001067));
#7616=CARTESIAN_POINT('Ctrl Pts',(-1.17511033008557,0.357173978987889,0.780218415164673));
#7617=CARTESIAN_POINT('Ctrl Pts',(-1.21449303594616,0.114085343382933,0.696424136585932));
#7618=CARTESIAN_POINT('Ctrl Pts',(-1.21449303594616,-2.54671796036478E-16,
0.696424136585932));
#7619=CARTESIAN_POINT('',(-1.21449303594616,0.,0.696424136585932));
#7620=CARTESIAN_POINT('',(-1.22943368571953,0.,0.687495070199351));
#7621=CARTESIAN_POINT('Ctrl Pts',(-1.21449303594616,-1.01868718414591E-16,
0.696424136585932));
#7622=CARTESIAN_POINT('Ctrl Pts',(-1.21698314424172,-1.01868718414591E-16,
0.694935958854835));
#7623=CARTESIAN_POINT('Ctrl Pts',(-1.21947325253728,0.,0.693447781123738));
#7624=CARTESIAN_POINT('Ctrl Pts',(-1.2244534691284,0.,0.690471425661545));
#7625=CARTESIAN_POINT('Ctrl Pts',(-1.22694357742397,-1.05216652826008E-16,
0.688983247930448));
#7626=CARTESIAN_POINT('Ctrl Pts',(-1.22943368571953,-1.05216652826008E-16,
0.687495070199351));
#7627=CARTESIAN_POINT('',(-0.687495070199351,-4.384027201084E-18,1.22943368571953));
#7628=CARTESIAN_POINT('Ctrl Pts',(-1.22943368571953,-2.63041632065021E-16,
0.687495070199351));
#7629=CARTESIAN_POINT('Ctrl Pts',(-1.22943368571953,0.117834779450201,0.687495070199351));
#7630=CARTESIAN_POINT('Ctrl Pts',(-1.19033642755783,0.369674959927533,0.773712392316422));
#7631=CARTESIAN_POINT('Ctrl Pts',(-0.997817348599537,0.459262460336843,
1.00539219303483));
#7632=CARTESIAN_POINT('Ctrl Pts',(-0.768091903512829,0.332773908726908,
1.19005998256424));
#7633=CARTESIAN_POINT('Ctrl Pts',(-0.687495070199351,0.147293474312752,
1.22943368571953));
#7634=CARTESIAN_POINT('Ctrl Pts',(-0.687495070199351,-8.768054402168E-18,
1.22943368571953));
#7635=CARTESIAN_POINT('',(-0.696424136585932,-4.24452993394161E-18,1.21449303594616));
#7636=CARTESIAN_POINT('Ctrl Pts',(-0.687495070199351,-8.768054402168E-18,
1.22943368571953));
#7637=CARTESIAN_POINT('Ctrl Pts',(-0.688983247930448,-8.768054402168E-18,
1.22694357742397));
#7638=CARTESIAN_POINT('Ctrl Pts',(-0.690471425661545,-8.6285571350256E-18,
1.2244534691284));
#7639=CARTESIAN_POINT('Ctrl Pts',(-0.693447781123738,-8.6285571350256E-18,
1.21947325253728));
#7640=CARTESIAN_POINT('Ctrl Pts',(-0.694935958854835,-8.48905986788321E-18,
1.21698314424172));
#7641=CARTESIAN_POINT('Ctrl Pts',(-0.696424136585932,-8.48905986788321E-18,
1.21449303594616));
#7642=CARTESIAN_POINT('Ctrl Pts',(-0.696424136585932,-8.48905986788321E-18,
1.21449303594616));
#7643=CARTESIAN_POINT('Ctrl Pts',(-0.696424136585932,0.142606679228666,
1.21449303594616));
#7644=CARTESIAN_POINT('Ctrl Pts',(-0.774445909307345,0.321499389364123,
1.17530687304761));
#7645=CARTESIAN_POINT('Ctrl Pts',(-0.99210670943108,0.441251415070309,0.999127179001067));
#7646=CARTESIAN_POINT('Ctrl Pts',(-1.17511033008557,0.357173978987889,0.780218415164673));
#7647=CARTESIAN_POINT('Ctrl Pts',(-1.21449303594616,0.114085343382933,0.696424136585932));
#7648=CARTESIAN_POINT('Ctrl Pts',(-1.21449303594616,-2.54671796036478E-16,
0.696424136585932));
#7649=CARTESIAN_POINT('Origin',(0.,0.,0.));
#7650=CARTESIAN_POINT('',(-0.713467308347355,0.,1.2045598002178));
#7651=CARTESIAN_POINT('Origin',(0.,0.,0.));
#7652=CARTESIAN_POINT('',(-1.2045598002178,0.,0.713467308347355));
#7653=CARTESIAN_POINT('Ctrl Pts',(-1.2045598002178,-2.16840434497101E-17,
0.713467308347355));
#7654=CARTESIAN_POINT('Ctrl Pts',(-1.2045598002178,0.0656595707575655,0.713467308347355));
#7655=CARTESIAN_POINT('Ctrl Pts',(-1.19679358771292,0.134710197353418,0.727091629720382));
#7656=CARTESIAN_POINT('Ctrl Pts',(-1.17155735721935,0.225316635316375,0.766614397654272));
#7657=CARTESIAN_POINT('Ctrl Pts',(-1.16089135459554,0.253448039751705,0.782843315023452));
#7658=CARTESIAN_POINT('Ctrl Pts',(-1.13506814815973,0.303113223225173,0.819832459536843));
#7659=CARTESIAN_POINT('Ctrl Pts',(-1.1199083280829,0.324651321592487,0.840585060077538));
#7660=CARTESIAN_POINT('Ctrl Pts',(-1.08786268871694,0.356939113483868,0.881553441062109));
#7661=CARTESIAN_POINT('Ctrl Pts',(-1.06998709603175,0.369998740395575,0.90333062630692));
#7662=CARTESIAN_POINT('Ctrl Pts',(-1.03107125389309,0.387184877953085,0.947494497253942));
#7663=CARTESIAN_POINT('Ctrl Pts',(-1.01002406341394,0.391311868073653,0.969874879654204));
#7664=CARTESIAN_POINT('Ctrl Pts',(-0.969874879654204,0.391311868073653,
1.01002406341394));
#7665=CARTESIAN_POINT('Ctrl Pts',(-0.947494497253942,0.387184877953085,
1.03107125389309));
#7666=CARTESIAN_POINT('Ctrl Pts',(-0.903330626306921,0.369998740395576,
1.06998709603175));
#7667=CARTESIAN_POINT('Ctrl Pts',(-0.881553441062109,0.356939113483869,
1.08786268871694));
#7668=CARTESIAN_POINT('Ctrl Pts',(-0.840585060077538,0.324651321592487,
1.1199083280829));
#7669=CARTESIAN_POINT('Ctrl Pts',(-0.819832459536843,0.303113223225174,
1.13506814815973));
#7670=CARTESIAN_POINT('Ctrl Pts',(-0.782843315023452,0.253448039751706,
1.16089135459554));
#7671=CARTESIAN_POINT('Ctrl Pts',(-0.766614397654273,0.225316635316376,
1.17155735721935));
#7672=CARTESIAN_POINT('Ctrl Pts',(-0.727091629720382,0.134710197353418,
1.19679358771292));
#7673=CARTESIAN_POINT('Ctrl Pts',(-0.713467308347355,0.0656595707575656,
1.2045598002178));
#7674=CARTESIAN_POINT('Ctrl Pts',(-0.713467308347355,0.,1.2045598002178));
#7675=CARTESIAN_POINT('Origin',(0.,0.,0.));
#7676=CARTESIAN_POINT('Origin',(0.,0.,0.));
#7677=CARTESIAN_POINT('',(-0.695145816782077,0.,1.32919983178886));
#7678=CARTESIAN_POINT('Origin',(-1.23743683941759,0.,1.23743683941759));
#7679=CARTESIAN_POINT('',(-0.448343893649856,0.,1.43142853556999));
#7680=CARTESIAN_POINT('Origin',(0.,0.,0.));
#7681=CARTESIAN_POINT('',(-0.383208470021166,0.,1.35547332236173));
#7682=CARTESIAN_POINT('Origin',(-1.07156592530257E-16,0.,1.74999996088445));
#7683=CARTESIAN_POINT('',(-0.366330031859466,0.,1.35122249098326));
#7684=CARTESIAN_POINT('Ctrl Pts',(-0.366330031859466,-3.39562394715302E-17,
1.35122249098326));
#7685=CARTESIAN_POINT('Ctrl Pts',(-0.369143104886416,-3.39562394715302E-17,
1.35193096287967));
#7686=CARTESIAN_POINT('Ctrl Pts',(-0.371956177913366,0.,1.35263943477609));
#7687=CARTESIAN_POINT('Ctrl Pts',(-0.377582323967266,0.,1.35405637856891));
#7688=CARTESIAN_POINT('Ctrl Pts',(-0.380395396994216,-3.50722176086693E-17,
1.35476485046532));
#7689=CARTESIAN_POINT('Ctrl Pts',(-0.383208470021166,-3.50722176086693E-17,
1.35547332236173));
#7690=CARTESIAN_POINT('',(-0.347254831191394,0.,1.35624997496605));
#7691=CARTESIAN_POINT('Origin',(0.,0.,0.));
#7692=CARTESIAN_POINT('',(-0.426422293038146,0.,2.05624994367361));
#7693=CARTESIAN_POINT('Origin',(-1.07156594925393E-16,0.,1.75));
#7694=CARTESIAN_POINT('',(-0.452143475502409,-4.22414116426478E-18,2.05074768814163));
#7695=CARTESIAN_POINT('Origin',(0.,0.,0.));
#7696=CARTESIAN_POINT('',(-0.467255786056747,-4.41656556751928E-18,2.04012412464282));
#7697=CARTESIAN_POINT('Ctrl Pts',(-0.467255786056747,2.73827065186195E-16,
2.04012412464282));
#7698=CARTESIAN_POINT('Ctrl Pts',(-0.464737067631024,2.73827065186195E-16,
2.04189471855929));
#7699=CARTESIAN_POINT('Ctrl Pts',(-0.462218349205301,2.67861908685306E-16,
2.04366531247576));
#7700=CARTESIAN_POINT('Ctrl Pts',(-0.457180912353855,2.67861908685306E-16,
2.04720650030869));
#7701=CARTESIAN_POINT('Ctrl Pts',(-0.454662193928132,2.61896752184417E-16,
2.04897709422516));
#7702=CARTESIAN_POINT('Ctrl Pts',(-0.452143475502409,2.61896752184417E-16,
2.05074768814163));
#7703=CARTESIAN_POINT('',(-0.519214480097405,0.,1.93142852439412));
#7704=CARTESIAN_POINT('Origin',(-1.07156592530257E-16,0.,1.74999996088445));
#7705=CARTESIAN_POINT('',(-0.998586127209087,0.,1.73286628674333));
#7706=CARTESIAN_POINT('Origin',(0.,0.,0.));
#7707=CARTESIAN_POINT('',(-1.11218586812783,0.,1.77298533786658));
#7708=CARTESIAN_POINT('Origin',(-1.23743683941759,0.,1.23743683941759));
#7709=CARTESIAN_POINT('',(-1.13038387919058,0.,1.76981131438459));
#7710=CARTESIAN_POINT('Ctrl Pts',(-1.13038387919058,3.37931293141118E-17,
1.76981131438459));
#7711=CARTESIAN_POINT('Ctrl Pts',(-1.12735087734678,3.37931293141118E-17,
1.77034031829825));
#7712=CARTESIAN_POINT('Ctrl Pts',(-1.12431787550299,0.,1.77086932221192));
#7713=CARTESIAN_POINT('Ctrl Pts',(-1.11825187181541,0.,1.77192733003925));
#7714=CARTESIAN_POINT('Ctrl Pts',(-1.11521886997162,3.53325245401475E-17,
1.77245633395292));
#7715=CARTESIAN_POINT('Ctrl Pts',(-1.11218586812783,3.53325245401475E-17,
1.77298533786658));
#7716=CARTESIAN_POINT('',(-1.15246218392968,0.,1.75551437404246));
#7717=CARTESIAN_POINT('Origin',(0.,0.,0.));
#7718=CARTESIAN_POINT('',(-0.866205806953521,0.,1.6086679271994));
#7719=CARTESIAN_POINT('Origin',(-1.23743686707646,0.,1.23743686707646));
#7720=CARTESIAN_POINT('Origin',(-1.23743686707646,0.,1.23743686707646));
#7721=CARTESIAN_POINT('Ctrl Pts',(0.383208470021166,-8.76805440216732E-18,
1.35547332236173));
#7722=CARTESIAN_POINT('Ctrl Pts',(0.383208470021166,0.147293474312752,1.35547332236173));
#7723=CARTESIAN_POINT('Ctrl Pts',(0.298372939771575,0.332795704081833,1.38461408927261));
#7724=CARTESIAN_POINT('Ctrl Pts',(0.00535183192255073,0.4592790766516,1.41647730675074));
#7725=CARTESIAN_POINT('Ctrl Pts',(-0.29460760831385,0.369692937418355,1.3887835203807));
#7726=CARTESIAN_POINT('Ctrl Pts',(-0.383208470021166,0.117834779450201,
1.35547332236173));
#7727=CARTESIAN_POINT('Ctrl Pts',(-0.383208470021166,-5.26083264130039E-17,
1.35547332236173));
#7728=CARTESIAN_POINT('Ctrl Pts',(0.377582323967266,-8.6750562240724E-18,
1.35405637856891));
#7729=CARTESIAN_POINT('Ctrl Pts',(0.377582323967266,0.145731209284723,1.35405637856891));
#7730=CARTESIAN_POINT('Ctrl Pts',(0.293397839842208,0.32903769289814,1.38263460956785));
#7731=CARTESIAN_POINT('Ctrl Pts',(0.00522113136975064,0.453275489491154,
1.41365475759272));
#7732=CARTESIAN_POINT('Ctrl Pts',(-0.289485375071083,0.365526113279109,
1.38672838186312));
#7733=CARTESIAN_POINT('Ctrl Pts',(-0.377582323967266,0.116584967427779,
1.35405637856891));
#7734=CARTESIAN_POINT('Ctrl Pts',(-0.377582323967266,-5.20503373444344E-17,
1.35405637856891));
#7735=CARTESIAN_POINT('Ctrl Pts',(0.371956177913366,-8.58205804597747E-18,
1.35263943477609));
#7736=CARTESIAN_POINT('Ctrl Pts',(0.371956177913366,0.144168944256695,1.35263943477609));
#7737=CARTESIAN_POINT('Ctrl Pts',(0.288422739912841,0.325279681714447,1.3806551298631));
#7738=CARTESIAN_POINT('Ctrl Pts',(0.00509043081695062,0.447271902330709,
1.41083220843469));
#7739=CARTESIAN_POINT('Ctrl Pts',(-0.284363141828317,0.361359289139864,
1.38467324334555));
#7740=CARTESIAN_POINT('Ctrl Pts',(-0.371956177913366,0.115335155405356,
1.35263943477609));
#7741=CARTESIAN_POINT('Ctrl Pts',(-0.371956177913366,-5.14923482758648E-17,
1.35263943477609));
#7742=CARTESIAN_POINT('Ctrl Pts',(0.366330031859466,-8.48905986788255E-18,
1.35122249098326));
#7743=CARTESIAN_POINT('Ctrl Pts',(0.366330031859466,0.142606679228666,1.35122249098326));
#7744=CARTESIAN_POINT('Ctrl Pts',(0.283447639983473,0.321521670530753,1.37867565015834));
#7745=CARTESIAN_POINT('Ctrl Pts',(0.00495973026415055,0.441268315170264,
1.40800965927667));
#7746=CARTESIAN_POINT('Ctrl Pts',(-0.27924090858555,0.357192465000618,1.38261810482797));
#7747=CARTESIAN_POINT('Ctrl Pts',(-0.366330031859466,0.114085343382933,
1.35122249098326));
#7748=CARTESIAN_POINT('Ctrl Pts',(-0.366330031859466,-5.09343592072953E-17,
1.35122249098326));
#7749=CARTESIAN_POINT('',(0.383208470021166,-4.38402720108366E-18,1.35547332236173));
#7750=CARTESIAN_POINT('Ctrl Pts',(-0.383208470021166,-5.26083264130039E-17,
1.35547332236173));
#7751=CARTESIAN_POINT('Ctrl Pts',(-0.383208470021166,0.117834779450201,
1.35547332236173));
#7752=CARTESIAN_POINT('Ctrl Pts',(-0.29460760831385,0.369692937418355,1.3887835203807));
#7753=CARTESIAN_POINT('Ctrl Pts',(0.00535183192255073,0.4592790766516,1.41647730675074));
#7754=CARTESIAN_POINT('Ctrl Pts',(0.298372939771575,0.332795704081833,1.38461408927261));
#7755=CARTESIAN_POINT('Ctrl Pts',(0.383208470021166,0.147293474312752,1.35547332236173));
#7756=CARTESIAN_POINT('Ctrl Pts',(0.383208470021166,-8.76805440216732E-18,
1.35547332236173));
#7757=CARTESIAN_POINT('',(0.366330031859466,-4.24452993394128E-18,1.35122249098326));
#7758=CARTESIAN_POINT('Ctrl Pts',(0.383208470021166,-8.76805440216732E-18,
1.35547332236173));
#7759=CARTESIAN_POINT('Ctrl Pts',(0.380395396994216,-8.76805440216732E-18,
1.35476485046532));
#7760=CARTESIAN_POINT('Ctrl Pts',(0.377582323967266,-8.62855713502494E-18,
1.35405637856891));
#7761=CARTESIAN_POINT('Ctrl Pts',(0.371956177913366,-8.62855713502494E-18,
1.35263943477609));
#7762=CARTESIAN_POINT('Ctrl Pts',(0.369143104886416,-8.48905986788255E-18,
1.35193096287967));
#7763=CARTESIAN_POINT('Ctrl Pts',(0.366330031859466,-8.48905986788255E-18,
1.35122249098326));
#7764=CARTESIAN_POINT('Ctrl Pts',(0.366330031859466,-8.48905986788255E-18,
1.35122249098326));
#7765=CARTESIAN_POINT('Ctrl Pts',(0.366330031859466,0.142606679228666,1.35122249098326));
#7766=CARTESIAN_POINT('Ctrl Pts',(0.283447639983473,0.321521670530753,1.37867565015834));
#7767=CARTESIAN_POINT('Ctrl Pts',(0.00495973026415055,0.441268315170264,
1.40800965927667));
#7768=CARTESIAN_POINT('Ctrl Pts',(-0.27924090858555,0.357192465000618,1.38261810482797));
#7769=CARTESIAN_POINT('Ctrl Pts',(-0.366330031859466,0.114085343382933,
1.35122249098326));
#7770=CARTESIAN_POINT('Ctrl Pts',(-0.366330031859466,-5.09343592072953E-17,
1.35122249098326));
#7771=CARTESIAN_POINT('Origin',(-1.07156592530257E-16,0.,1.74999996088445));
#7772=CARTESIAN_POINT('',(-0.430056841609334,0.139999999999975,1.43702853569516));
#7773=CARTESIAN_POINT('Ctrl Pts',(-0.448343893649856,-1.73472347597681E-17,
1.43142853556999));
#7774=CARTESIAN_POINT('Ctrl Pts',(-0.448343893649856,0.0463231274222621,
1.43142853556999));
#7775=CARTESIAN_POINT('Ctrl Pts',(-0.442375246328119,0.0939186768300719,
1.43334202975917));
#7776=CARTESIAN_POINT('Ctrl Pts',(-0.430056841609328,0.139999999999974,
1.43702853569516));
#7777=CARTESIAN_POINT('',(-0.433430197312589,0.15,1.44645710714289));
#7778=CARTESIAN_POINT('Ctrl Pts',(-0.430056841609316,0.139999999999988,
1.43702853569515));
#7779=CARTESIAN_POINT('Ctrl Pts',(-0.431251487013819,0.143351395921931,
1.44016927245085));
#7780=CARTESIAN_POINT('Ctrl Pts',(-0.432375613047472,0.14668613226641,1.44331366688597));
#7781=CARTESIAN_POINT('Ctrl Pts',(-0.433430197312647,0.150000000000183,
1.44645710714306));
#7782=CARTESIAN_POINT('',(-0.498861583486294,0.15,1.92645709596702));
#7783=CARTESIAN_POINT('Origin',(-1.07156592530257E-16,0.15,1.74999996088445));
#7784=CARTESIAN_POINT('',(-0.497915973217246,0.139999999999697,1.93702852451924));
#7785=CARTESIAN_POINT('Ctrl Pts',(-0.498861583486333,0.150000000000546,
1.92645709596645));
#7786=CARTESIAN_POINT('Ctrl Pts',(-0.498623716425151,0.146660404855669,
1.92996844171195));
#7787=CARTESIAN_POINT('Ctrl Pts',(-0.498308489498463,0.14332467990767,1.93349486473766));
#7788=CARTESIAN_POINT('Ctrl Pts',(-0.497915973217059,0.140000000000012,
1.93702852451928));
#7789=CARTESIAN_POINT('Ctrl Pts',(-0.497915973217161,0.139999999999668,
1.93702852451926));
#7790=CARTESIAN_POINT('Ctrl Pts',(-0.512289570492903,0.0938155774057351,
1.93333377062917));
#7791=CARTESIAN_POINT('Ctrl Pts',(-0.519214480097405,0.0456392015252003,
1.93142852439412));
#7792=CARTESIAN_POINT('Ctrl Pts',(-0.519214480097405,0.,1.93142852439412));
#7793=CARTESIAN_POINT('',(0.467255786056747,0.,2.04012412464282));
#7794=CARTESIAN_POINT('Ctrl Pts',(0.467255786056747,-6.70633359315599E-19,
2.04012412464282));
#7795=CARTESIAN_POINT('Ctrl Pts',(0.467255786056747,0.0644321422352577,
2.04012412464282));
#7796=CARTESIAN_POINT('Ctrl Pts',(0.431364045800496,0.203299060656971,2.048901940166));
#7797=CARTESIAN_POINT('Ctrl Pts',(0.293050655132801,0.352867210854362,2.07397376487046));
#7798=CARTESIAN_POINT('Ctrl Pts',(0.0405721067179098,0.460898821987815,
2.10019870984272));
#7799=CARTESIAN_POINT('Ctrl Pts',(-0.246814317431699,0.403780072398884,
2.0836998363271));
#7800=CARTESIAN_POINT('Ctrl Pts',(-0.431533604431643,0.202492634023807,
2.04813598512339));
#7801=CARTESIAN_POINT('Ctrl Pts',(-0.467255786056747,0.0644321422352575,
2.04012412464282));
#7802=CARTESIAN_POINT('Ctrl Pts',(-0.467255786056747,-8.83313113503856E-18,
2.04012412464282));
#7803=CARTESIAN_POINT('',(0.519214480097404,0.,1.93142852439412));
#7804=CARTESIAN_POINT('Origin',(-1.07156592530257E-16,0.,1.74999996088445));
#7805=CARTESIAN_POINT('',(0.497915973217246,0.139999999999697,1.93702852451924));
#7806=CARTESIAN_POINT('Ctrl Pts',(0.519214480097405,0.,1.93142852439412));
#7807=CARTESIAN_POINT('Ctrl Pts',(0.519214480097405,0.0456392014905951,
1.93142852439412));
#7808=CARTESIAN_POINT('Ctrl Pts',(0.512289570456953,0.0938155775212488,
1.93333377063841));
#7809=CARTESIAN_POINT('Ctrl Pts',(0.49791597321716,0.139999999999668,1.93702852451926));
#7810=CARTESIAN_POINT('',(0.498861583486294,0.15,1.92645709596702));
#7811=CARTESIAN_POINT('Ctrl Pts',(0.497915973217059,0.140000000000012,1.93702852451928));
#7812=CARTESIAN_POINT('Ctrl Pts',(0.498308465452544,0.143324476234634,1.93349508121299));
#7813=CARTESIAN_POINT('Ctrl Pts',(0.498623720226881,0.146660458231252,1.92996838559134));
#7814=CARTESIAN_POINT('Ctrl Pts',(0.498861583486259,0.149999999999519,1.92645709596753));
#7815=CARTESIAN_POINT('',(0.529150262212918,0.15,1.74999996088445));
#7816=CARTESIAN_POINT('Origin',(-1.07156592530257E-16,0.15,1.74999996088445));
#7817=CARTESIAN_POINT('',(-7.34788055537046E-17,0.55,1.74999996088445));
#7818=CARTESIAN_POINT('Origin',(-1.07156592530257E-16,0.,1.74999996088445));
#7819=CARTESIAN_POINT('',(0.433430197312589,0.15,1.44645710714289));
#7820=CARTESIAN_POINT('Origin',(-1.07156592530257E-16,0.15,1.74999996088445));
#7821=CARTESIAN_POINT('',(0.430056841609334,0.139999999999975,1.43702853569516));
#7822=CARTESIAN_POINT('Ctrl Pts',(0.433430197312589,0.15,1.44645710714289));
#7823=CARTESIAN_POINT('Ctrl Pts',(0.432375647068408,0.146686239171939,1.4433137682935));
#7824=CARTESIAN_POINT('Ctrl Pts',(0.431251464372152,0.143351332404179,1.44016921292564));
#7825=CARTESIAN_POINT('Ctrl Pts',(0.430056841609316,0.139999999999988,1.43702853569515));
#7826=CARTESIAN_POINT('',(0.448343893649856,0.,1.43142853556999));
#7827=CARTESIAN_POINT('Ctrl Pts',(0.430056841609328,0.139999999999974,1.43702853569516));
#7828=CARTESIAN_POINT('Ctrl Pts',(0.442375246312191,0.0939186768896576,
1.43334202976393));
#7829=CARTESIAN_POINT('Ctrl Pts',(0.448343893649856,0.0463231272168407,
1.43142853556999));
#7830=CARTESIAN_POINT('Ctrl Pts',(0.448343893649856,0.,1.43142853556999));
#7831=CARTESIAN_POINT('Origin',(-1.07156592530257E-16,0.,1.74999996088445));
#7832=CARTESIAN_POINT('Ctrl Pts',(-0.467255786056747,-8.83313113503856E-18,
2.04012412464282));
#7833=CARTESIAN_POINT('Ctrl Pts',(-0.467255786056747,0.0644321422352575,
2.04012412464282));
#7834=CARTESIAN_POINT('Ctrl Pts',(-0.431533604431643,0.202492634023807,
2.04813598512339));
#7835=CARTESIAN_POINT('Ctrl Pts',(-0.246814317431699,0.403780072398884,
2.0836998363271));
#7836=CARTESIAN_POINT('Ctrl Pts',(0.0405721067179098,0.460898821987815,
2.10019870984272));
#7837=CARTESIAN_POINT('Ctrl Pts',(0.293050655132801,0.352867210854362,2.07397376487046));
#7838=CARTESIAN_POINT('Ctrl Pts',(0.431364045800496,0.203299060656971,2.048901940166));
#7839=CARTESIAN_POINT('Ctrl Pts',(0.467255786056747,0.0644321422352577,
2.04012412464282));
#7840=CARTESIAN_POINT('Ctrl Pts',(0.467255786056747,-6.70633359315599E-19,
2.04012412464282));
#7841=CARTESIAN_POINT('Ctrl Pts',(-0.462218349205301,-8.70484819953556E-18,
2.04366531247576));
#7842=CARTESIAN_POINT('Ctrl Pts',(-0.462218349205301,0.0634963988142299,
2.04366531247576));
#7843=CARTESIAN_POINT('Ctrl Pts',(-0.427021175486845,0.199557440715615,
2.05149470456712));
#7844=CARTESIAN_POINT('Ctrl Pts',(-0.244561341654351,0.398525430694057,
2.08640628726732));
#7845=CARTESIAN_POINT('Ctrl Pts',(0.0402368269372724,0.455203669633153,
2.1026655910279));
#7846=CARTESIAN_POINT('Ctrl Pts',(0.290228200618524,0.348174653330311,2.07685162358505));
#7847=CARTESIAN_POINT('Ctrl Pts',(0.426856218407456,0.200375681242005,2.0522528845295));
#7848=CARTESIAN_POINT('Ctrl Pts',(0.462218349205301,0.0634963988142302,
2.04366531247576));
#7849=CARTESIAN_POINT('Ctrl Pts',(0.462218349205301,-6.60893798715396E-19,
2.04366531247576));
#7850=CARTESIAN_POINT('Ctrl Pts',(-0.457180912353855,-8.57656526403257E-18,
2.04720650030869));
#7851=CARTESIAN_POINT('Ctrl Pts',(-0.457180912353855,0.0625606553932026,
2.04720650030869));
#7852=CARTESIAN_POINT('Ctrl Pts',(-0.422508746542047,0.196622247407422,
2.05485342401084));
#7853=CARTESIAN_POINT('Ctrl Pts',(-0.242308365877003,0.393270788989231,
2.08911273820753));
#7854=CARTESIAN_POINT('Ctrl Pts',(0.0399015471566349,0.449508517278491,
2.10513247221309));
#7855=CARTESIAN_POINT('Ctrl Pts',(0.287405746104247,0.343482095806261,2.07972948229964));
#7856=CARTESIAN_POINT('Ctrl Pts',(0.422348391014417,0.197452301827038,2.055603828893));
#7857=CARTESIAN_POINT('Ctrl Pts',(0.457180912353855,0.0625606553932026,
2.04720650030869));
#7858=CARTESIAN_POINT('Ctrl Pts',(0.457180912353855,-6.51154238115194E-19,
2.04720650030869));
#7859=CARTESIAN_POINT('Ctrl Pts',(-0.452143475502409,-8.44828232852957E-18,
2.05074768814163));
#7860=CARTESIAN_POINT('Ctrl Pts',(-0.452143475502409,0.0616249119721749,
2.05074768814163));
#7861=CARTESIAN_POINT('Ctrl Pts',(-0.417996317597249,0.19368705409923,2.05821214345457));
#7862=CARTESIAN_POINT('Ctrl Pts',(-0.240055390099654,0.388016147284404,
2.09181918914775));
#7863=CARTESIAN_POINT('Ctrl Pts',(0.0395662673759976,0.443813364923829,
2.10759935339827));
#7864=CARTESIAN_POINT('Ctrl Pts',(0.28458329158997,0.33878953828221,2.08260734101423));
#7865=CARTESIAN_POINT('Ctrl Pts',(0.417840563621378,0.194528922412072,2.0589547732565));
#7866=CARTESIAN_POINT('Ctrl Pts',(0.452143475502408,0.0616249119721751,
2.05074768814163));
#7867=CARTESIAN_POINT('Ctrl Pts',(0.452143475502408,-6.41414677514991E-19,
2.05074768814163));
#7868=CARTESIAN_POINT('',(0.452143475502408,0.,2.05074768814163));
#7869=CARTESIAN_POINT('Ctrl Pts',(0.452143475502408,8.44828232852958E-17,
2.05074768814163));
#7870=CARTESIAN_POINT('Ctrl Pts',(0.454662193928131,8.44828232852958E-17,
2.04897709422516));
#7871=CARTESIAN_POINT('Ctrl Pts',(0.457180912353855,0.,2.04720650030869));
#7872=CARTESIAN_POINT('Ctrl Pts',(0.462218349205301,0.,2.04366531247576));
#7873=CARTESIAN_POINT('Ctrl Pts',(0.464737067631024,8.83313113503857E-17,
2.04189471855929));
#7874=CARTESIAN_POINT('Ctrl Pts',(0.467255786056747,8.83313113503857E-17,
2.04012412464282));
#7875=CARTESIAN_POINT('Ctrl Pts',(-0.452143475502409,-8.44828232852957E-18,
2.05074768814163));
#7876=CARTESIAN_POINT('Ctrl Pts',(-0.452143475502409,0.0616249119721749,
2.05074768814163));
#7877=CARTESIAN_POINT('Ctrl Pts',(-0.417996317597249,0.19368705409923,2.05821214345457));
#7878=CARTESIAN_POINT('Ctrl Pts',(-0.240055390099654,0.388016147284404,
2.09181918914775));
#7879=CARTESIAN_POINT('Ctrl Pts',(0.0395662673759976,0.443813364923829,
2.10759935339827));
#7880=CARTESIAN_POINT('Ctrl Pts',(0.28458329158997,0.33878953828221,2.08260734101423));
#7881=CARTESIAN_POINT('Ctrl Pts',(0.417840563621378,0.194528922412072,2.0589547732565));
#7882=CARTESIAN_POINT('Ctrl Pts',(0.452143475502408,0.0616249119721751,
2.05074768814163));
#7883=CARTESIAN_POINT('Ctrl Pts',(0.452143475502408,-6.41414677514991E-19,
2.05074768814163));
#7884=CARTESIAN_POINT('Origin',(0.,0.,0.));
#7885=CARTESIAN_POINT('',(0.426422293038145,0.,2.05624994367361));
#7886=CARTESIAN_POINT('Ctrl Pts',(0.426422293038146,2.09289070136712E-31,
2.05624994367361));
#7887=CARTESIAN_POINT('Ctrl Pts',(0.426422293038146,0.0448462140401569,
2.05624994367361));
#7888=CARTESIAN_POINT('Ctrl Pts',(0.417576155087841,0.0926400319721468,
2.05814454178371));
#7889=CARTESIAN_POINT('Ctrl Pts',(0.381960560651497,0.180981132984229,2.06505085155158));
#7890=CARTESIAN_POINT('Ctrl Pts',(0.355211215862051,0.221543895181683,2.0699679320608));
#7891=CARTESIAN_POINT('Ctrl Pts',(0.296172457223492,0.285180247340983,2.0792128560597));
#7892=CARTESIAN_POINT('Ctrl Pts',(0.256012233668863,0.316038915962018,2.08467019929429));
#7893=CARTESIAN_POINT('Ctrl Pts',(0.155900594026135,0.370642899791789,2.09516290101742));
#7894=CARTESIAN_POINT('Ctrl Pts',(0.0720665152656127,0.39131193804567,2.09999995306134));
#7895=CARTESIAN_POINT('Ctrl Pts',(-0.0720665152656135,0.39131193804567,
2.09999995306134));
#7896=CARTESIAN_POINT('Ctrl Pts',(-0.155900594026136,0.370642899791788,
2.09516290101742));
#7897=CARTESIAN_POINT('Ctrl Pts',(-0.256012233668864,0.316038915962017,
2.08467019929429));
#7898=CARTESIAN_POINT('Ctrl Pts',(-0.296172457223493,0.285180247340983,
2.0792128560597));
#7899=CARTESIAN_POINT('Ctrl Pts',(-0.355211215862051,0.221543895181682,
2.0699679320608));
#7900=CARTESIAN_POINT('Ctrl Pts',(-0.381960560651498,0.180981132984228,
2.06505085155158));
#7901=CARTESIAN_POINT('Ctrl Pts',(-0.417576155087842,0.0926400319721465,
2.05814454178371));
#7902=CARTESIAN_POINT('Ctrl Pts',(-0.426422293038146,0.0448462140401568,
2.05624994367361));
#7903=CARTESIAN_POINT('Ctrl Pts',(-0.426422293038146,0.,2.05624994367361));
#7904=CARTESIAN_POINT('Origin',(0.,0.,0.));
#7905=CARTESIAN_POINT('Ctrl Pts',(-1.77298533786658,-8.83313113503856E-18,
1.11218586812783));
#7906=CARTESIAN_POINT('Ctrl Pts',(-1.77298533786658,0.0644321422352575,
1.11218586812783));
#7907=CARTESIAN_POINT('Ctrl Pts',(-1.75338698791081,0.202484232093551,1.14311574606838));
#7908=CARTESIAN_POINT('Ctrl Pts',(-1.64791776222178,0.403767047906263,1.29887860219802));
#7909=CARTESIAN_POINT('Ctrl Pts',(-1.45637544629578,0.460881452371995,1.51375527574363));
#7910=CARTESIAN_POINT('Ctrl Pts',(-1.25930627293246,0.352856539997531,1.67373838901964));
#7911=CARTESIAN_POINT('Ctrl Pts',(-1.14377693183421,0.203290995269521,1.75381095787786));
#7912=CARTESIAN_POINT('Ctrl Pts',(-1.11218586812783,0.0644321422352577,
1.77298533786658));
#7913=CARTESIAN_POINT('Ctrl Pts',(-1.11218586812783,-2.68253343726191E-19,
1.77298533786658));
#7914=CARTESIAN_POINT('Ctrl Pts',(-1.77192733003925,-8.70484819953556E-18,
1.11825187181541));
#7915=CARTESIAN_POINT('Ctrl Pts',(-1.77192733003925,0.06349639881423,1.11825187181541));
#7916=CARTESIAN_POINT('Ctrl Pts',(-1.75257121088415,0.19954914231401,1.14868139780286));
#7917=CARTESIAN_POINT('Ctrl Pts',(-1.64823841683264,0.398512542046874,1.30238537611355));
#7918=CARTESIAN_POINT('Ctrl Pts',(-1.45835679420481,0.455186514152126,1.5152625131057));
#7919=CARTESIAN_POINT('Ctrl Pts',(-1.26333690366904,0.348164147498123,1.67377756071321));
#7920=CARTESIAN_POINT('Ctrl Pts',(-1.14933380924023,0.200367750283886,1.75299293206957));
#7921=CARTESIAN_POINT('Ctrl Pts',(-1.11825187181541,0.0634963988142301,
1.77192733003925));
#7922=CARTESIAN_POINT('Ctrl Pts',(-1.11825187181541,-2.64357519486111E-19,
1.77192733003925));
#7923=CARTESIAN_POINT('Ctrl Pts',(-1.77086932221192,-8.57656526403257E-18,
1.12431787550299));
#7924=CARTESIAN_POINT('Ctrl Pts',(-1.77086932221192,0.0625606553932025,
1.12431787550299));
#7925=CARTESIAN_POINT('Ctrl Pts',(-1.75175543385748,0.196614052534469,1.15424704953735));
#7926=CARTESIAN_POINT('Ctrl Pts',(-1.64855907144351,0.393258036187486,1.30589215002908));
#7927=CARTESIAN_POINT('Ctrl Pts',(-1.46033814211385,0.449491575932258,1.51676975046776));
#7928=CARTESIAN_POINT('Ctrl Pts',(-1.26736753440563,0.343471754998717,1.67381673240677));
#7929=CARTESIAN_POINT('Ctrl Pts',(-1.15489068664625,0.19744450529825,1.75217490626128));
#7930=CARTESIAN_POINT('Ctrl Pts',(-1.12431787550299,0.0625606553932027,
1.77086932221192));
#7931=CARTESIAN_POINT('Ctrl Pts',(-1.12431787550299,-2.60461695246031E-19,
1.77086932221192));
#7932=CARTESIAN_POINT('Ctrl Pts',(-1.76981131438459,-8.44828232852957E-18,
1.13038387919058));
#7933=CARTESIAN_POINT('Ctrl Pts',(-1.76981131438459,0.061624911972175,1.13038387919058));
#7934=CARTESIAN_POINT('Ctrl Pts',(-1.75093965683082,0.193678962754928,1.15981270127184));
#7935=CARTESIAN_POINT('Ctrl Pts',(-1.64887972605437,0.388003530328098,1.30939892394462));
#7936=CARTESIAN_POINT('Ctrl Pts',(-1.46231949002288,0.443796637712388,1.51827698782983));
#7937=CARTESIAN_POINT('Ctrl Pts',(-1.27139816514221,0.338779362499309,1.67385590410034));
#7938=CARTESIAN_POINT('Ctrl Pts',(-1.16044756405227,0.194521260312615,1.75135688045299));
#7939=CARTESIAN_POINT('Ctrl Pts',(-1.13038387919058,0.0616249119721751,
1.76981131438459));
#7940=CARTESIAN_POINT('Ctrl Pts',(-1.13038387919058,-2.5656587100595E-19,
1.76981131438459));
#7941=CARTESIAN_POINT('',(-1.77298533786658,-4.41656556751928E-18,1.11218586812783));
#7942=CARTESIAN_POINT('Ctrl Pts',(-1.11218586812783,-2.68253343726191E-19,
1.77298533786658));
#7943=CARTESIAN_POINT('Ctrl Pts',(-1.11218586812783,0.0644321422352577,
1.77298533786658));
#7944=CARTESIAN_POINT('Ctrl Pts',(-1.14377693183421,0.203290995269521,1.75381095787786));
#7945=CARTESIAN_POINT('Ctrl Pts',(-1.25930627293246,0.352856539997531,1.67373838901964));
#7946=CARTESIAN_POINT('Ctrl Pts',(-1.45637544629578,0.460881452371995,1.51375527574363));
#7947=CARTESIAN_POINT('Ctrl Pts',(-1.64791776222178,0.403767047906263,1.29887860219802));
#7948=CARTESIAN_POINT('Ctrl Pts',(-1.75338698791081,0.202484232093551,1.14311574606838));
#7949=CARTESIAN_POINT('Ctrl Pts',(-1.77298533786658,0.0644321422352575,
1.11218586812783));
#7950=CARTESIAN_POINT('Ctrl Pts',(-1.77298533786658,-8.83313113503856E-18,
1.11218586812783));
#7951=CARTESIAN_POINT('',(-1.76981131438459,-4.22414116426478E-18,1.13038387919058));
#7952=CARTESIAN_POINT('Ctrl Pts',(-1.77298533786658,-8.83313113503856E-18,
1.11218586812783));
#7953=CARTESIAN_POINT('Ctrl Pts',(-1.77245633395292,-8.83313113503856E-18,
1.11521886997162));
#7954=CARTESIAN_POINT('Ctrl Pts',(-1.77192733003925,-8.64070673178406E-18,
1.11825187181541));
#7955=CARTESIAN_POINT('Ctrl Pts',(-1.77086932221192,-8.64070673178406E-18,
1.12431787550299));
#7956=CARTESIAN_POINT('Ctrl Pts',(-1.77034031829825,-8.44828232852957E-18,
1.12735087734678));
#7957=CARTESIAN_POINT('Ctrl Pts',(-1.76981131438459,-8.44828232852957E-18,
1.13038387919058));
#7958=CARTESIAN_POINT('Ctrl Pts',(-1.76981131438459,-8.44828232852957E-18,
1.13038387919058));
#7959=CARTESIAN_POINT('Ctrl Pts',(-1.76981131438459,0.061624911972175,1.13038387919058));
#7960=CARTESIAN_POINT('Ctrl Pts',(-1.75093965683082,0.193678962754928,1.15981270127184));
#7961=CARTESIAN_POINT('Ctrl Pts',(-1.64887972605437,0.388003530328098,1.30939892394462));
#7962=CARTESIAN_POINT('Ctrl Pts',(-1.46231949002288,0.443796637712388,1.51827698782983));
#7963=CARTESIAN_POINT('Ctrl Pts',(-1.27139816514221,0.338779362499309,1.67385590410034));
#7964=CARTESIAN_POINT('Ctrl Pts',(-1.16044756405227,0.194521260312615,1.75135688045299));
#7965=CARTESIAN_POINT('Ctrl Pts',(-1.13038387919058,0.0616249119721751,
1.76981131438459));
#7966=CARTESIAN_POINT('Ctrl Pts',(-1.13038387919058,-2.5656587100595E-19,
1.76981131438459));
#7967=CARTESIAN_POINT('Origin',(-1.23743683941759,0.,1.23743683941759));
#7968=CARTESIAN_POINT('',(-1.32919983178886,0.,0.695145816782077));
#7969=CARTESIAN_POINT('Origin',(-1.23743683941759,0.,1.23743683941759));
#7970=CARTESIAN_POINT('',(-1.32022873134625,0.139999999999975,0.712036513350991));
#7971=CARTESIAN_POINT('Ctrl Pts',(-1.32919983178886,0.,0.695145816782077));
#7972=CARTESIAN_POINT('Ctrl Pts',(-1.32919983178886,0.0463231274222622,
0.695145816782077));
#7973=CARTESIAN_POINT('Ctrl Pts',(-1.32633240551008,0.093918676830072,0.700719332494715));
#7974=CARTESIAN_POINT('Ctrl Pts',(-1.32022873134625,0.139999999999974,0.712036513350997));
#7975=CARTESIAN_POINT('',(-1.32928106084697,0.15,0.71631819746546));
#7976=CARTESIAN_POINT('Ctrl Pts',(-1.32022873134623,0.139999999999988,0.712036513350999));
#7977=CARTESIAN_POINT('Ctrl Pts',(-1.32329430947075,0.143351395921931,0.713412607742238));
#7978=CARTESIAN_POINT('Ctrl Pts',(-1.32631260923985,0.14668613226641,0.714841153228733));
#7979=CARTESIAN_POINT('Ctrl Pts',(-1.32928106084713,0.150000000000183,0.716318197465541));
#7980=CARTESIAN_POINT('',(-1.71495928477984,0.15,1.00946246766661));
#7981=CARTESIAN_POINT('Origin',(-1.23743683941759,0.15,1.23743683941759));
#7982=CARTESIAN_POINT('',(-1.72176576616234,0.139999999999697,1.01760624391631));
#7983=CARTESIAN_POINT('Ctrl Pts',(-1.71495928477946,0.150000000000546,1.00946246766617));
#7984=CARTESIAN_POINT('Ctrl Pts',(-1.71727398375521,0.146660404855669,1.01211356146589));
#7985=CARTESIAN_POINT('Ctrl Pts',(-1.71954464229255,0.143324679907669,1.01483001819817));
#7986=CARTESIAN_POINT('Ctrl Pts',(-1.72176576616224,0.140000000000011,1.01760624391647));
#7987=CARTESIAN_POINT('',(-1.73286628674333,0.,0.998586127209087));
#7988=CARTESIAN_POINT('Ctrl Pts',(-1.7217657661623,0.139999999999668,1.01760624391639));
#7989=CARTESIAN_POINT('Ctrl Pts',(-1.72931684873552,0.0938155774057351,
1.00482999028217));
#7990=CARTESIAN_POINT('Ctrl Pts',(-1.73286628674333,0.0456392015252004,
0.998586127209087));
#7991=CARTESIAN_POINT('Ctrl Pts',(-1.73286628674333,0.,0.998586127209087));
#7992=CARTESIAN_POINT('Origin',(-1.23743683941759,0.,1.23743683941759));
#7993=CARTESIAN_POINT('',(-1.01760624391631,0.139999999999697,1.72176576616234));
#7994=CARTESIAN_POINT('Ctrl Pts',(-0.998586127209087,0.,1.73286628674333));
#7995=CARTESIAN_POINT('Ctrl Pts',(-0.998586127209087,0.045639201490595,
1.73286628674333));
#7996=CARTESIAN_POINT('Ctrl Pts',(-1.00482999031413,0.0938155775212489,
1.72931684871664));
#7997=CARTESIAN_POINT('Ctrl Pts',(-1.01760624391639,0.139999999999668,1.7217657661623));
#7998=CARTESIAN_POINT('',(-1.00946246766661,0.15,1.71495928477984));
#7999=CARTESIAN_POINT('Ctrl Pts',(-1.01760624391647,0.140000000000012,1.72176576616224));
#8000=CARTESIAN_POINT('Ctrl Pts',(-1.01483018827239,0.143324476234634,1.7195447783607));
#8001=CARTESIAN_POINT('Ctrl Pts',(-1.0121135190944,0.146660458231252,1.71727394676018));
#8002=CARTESIAN_POINT('Ctrl Pts',(-1.00946246766699,0.149999999999519,1.71495928478017));
#8003=CARTESIAN_POINT('',(-0.863271100740195,0.15,1.61160257809498));
#8004=CARTESIAN_POINT('Origin',(-1.23743683941759,0.15,1.23743683941759));
#8005=CARTESIAN_POINT('',(-1.23743683941759,0.55,1.23743683941759));
#8006=CARTESIAN_POINT('Origin',(-1.23743683941759,0.,1.23743683941759));
#8007=CARTESIAN_POINT('',(-0.71631819746546,0.15,1.32928106084697));
#8008=CARTESIAN_POINT('Origin',(-1.23743683941759,0.15,1.23743683941759));
#8009=CARTESIAN_POINT('',(-0.712036513350991,0.139999999999976,1.32022873134625));
#8010=CARTESIAN_POINT('Ctrl Pts',(-0.71631819746546,0.15,1.32928106084697));
#8011=CARTESIAN_POINT('Ctrl Pts',(-0.714841200878252,0.146686239171939,
1.32631270500224));
#8012=CARTESIAN_POINT('Ctrl Pts',(-0.713412581661636,0.143351332404179,
1.32329425136999));
#8013=CARTESIAN_POINT('Ctrl Pts',(-0.712036513350999,0.139999999999988,
1.32022873134623));
#8014=CARTESIAN_POINT('Ctrl Pts',(-0.712036513350997,0.139999999999974,
1.32022873134625));
#8015=CARTESIAN_POINT('Ctrl Pts',(-0.700719332509348,0.0939186768896556,
1.32633240550219));
#8016=CARTESIAN_POINT('Ctrl Pts',(-0.695145816782077,0.0463231272168439,
1.32919983178886));
#8017=CARTESIAN_POINT('Ctrl Pts',(-0.695145816782077,0.,1.32919983178886));
#8018=CARTESIAN_POINT('Ctrl Pts',(-2.04012412464282,-8.83313113503856E-18,
-0.467255786056747));
#8019=CARTESIAN_POINT('Ctrl Pts',(-2.04012412464282,0.0644321422352575,
-0.467255786056747));
#8020=CARTESIAN_POINT('Ctrl Pts',(-2.04813598512339,0.202492634023807,-0.431533604431643));
#8021=CARTESIAN_POINT('Ctrl Pts',(-2.0836998363271,0.403780072398884,-0.246814317431699));
#8022=CARTESIAN_POINT('Ctrl Pts',(-2.10019870984272,0.460898821987815,0.0405721067179098));
#8023=CARTESIAN_POINT('Ctrl Pts',(-2.07397376487046,0.352867210854362,0.293050655132801));
#8024=CARTESIAN_POINT('Ctrl Pts',(-2.048901940166,0.203299060656971,0.431364045800496));
#8025=CARTESIAN_POINT('Ctrl Pts',(-2.04012412464282,0.0644321422352577,
0.467255786056747));
#8026=CARTESIAN_POINT('Ctrl Pts',(-2.04012412464282,1.88289514860541E-31,
0.467255786056747));
#8027=CARTESIAN_POINT('Ctrl Pts',(-2.04366531247576,-8.70484819953556E-18,
-0.462218349205301));
#8028=CARTESIAN_POINT('Ctrl Pts',(-2.04366531247576,0.0634963988142299,
-0.462218349205301));
#8029=CARTESIAN_POINT('Ctrl Pts',(-2.05149470456712,0.199557440715615,-0.427021175486845));
#8030=CARTESIAN_POINT('Ctrl Pts',(-2.08640628726732,0.398525430694057,-0.244561341654351));
#8031=CARTESIAN_POINT('Ctrl Pts',(-2.1026655910279,0.455203669633154,0.0402368269372726));
#8032=CARTESIAN_POINT('Ctrl Pts',(-2.07685162358505,0.348174653330311,0.290228200618524));
#8033=CARTESIAN_POINT('Ctrl Pts',(-2.0522528845295,0.200375681242005,0.426856218407457));
#8034=CARTESIAN_POINT('Ctrl Pts',(-2.04366531247576,0.0634963988142301,
0.462218349205301));
#8035=CARTESIAN_POINT('Ctrl Pts',(-2.04366531247576,1.85554999622232E-31,
0.462218349205301));
#8036=CARTESIAN_POINT('Ctrl Pts',(-2.04720650030869,-8.57656526403257E-18,
-0.457180912353855));
#8037=CARTESIAN_POINT('Ctrl Pts',(-2.04720650030869,0.0625606553932026,
-0.457180912353855));
#8038=CARTESIAN_POINT('Ctrl Pts',(-2.05485342401084,0.196622247407423,-0.422508746542047));
#8039=CARTESIAN_POINT('Ctrl Pts',(-2.08911273820754,0.393270788989231,-0.242308365877003));
#8040=CARTESIAN_POINT('Ctrl Pts',(-2.10513247221309,0.449508517278492,0.039901547156635));
#8041=CARTESIAN_POINT('Ctrl Pts',(-2.07972948229964,0.343482095806261,0.287405746104247));
#8042=CARTESIAN_POINT('Ctrl Pts',(-2.055603828893,0.197452301827038,0.422348391014418));
#8043=CARTESIAN_POINT('Ctrl Pts',(-2.04720650030869,0.0625606553932027,
0.457180912353855));
#8044=CARTESIAN_POINT('Ctrl Pts',(-2.04720650030869,1.82820484383923E-31,
0.457180912353855));
#8045=CARTESIAN_POINT('Ctrl Pts',(-2.05074768814163,-8.44828232852957E-18,
-0.452143475502408));
#8046=CARTESIAN_POINT('Ctrl Pts',(-2.05074768814163,0.0616249119721749,
-0.452143475502408));
#8047=CARTESIAN_POINT('Ctrl Pts',(-2.05821214345457,0.19368705409923,-0.417996317597248));
#8048=CARTESIAN_POINT('Ctrl Pts',(-2.09181918914775,0.388016147284404,-0.240055390099654));
#8049=CARTESIAN_POINT('Ctrl Pts',(-2.10759935339827,0.44381336492383,0.0395662673759977));
#8050=CARTESIAN_POINT('Ctrl Pts',(-2.08260734101423,0.33878953828221,0.28458329158997));
#8051=CARTESIAN_POINT('Ctrl Pts',(-2.0589547732565,0.194528922412072,0.417840563621378));
#8052=CARTESIAN_POINT('Ctrl Pts',(-2.05074768814163,0.0616249119721751,
0.452143475502408));
#8053=CARTESIAN_POINT('Ctrl Pts',(-2.05074768814163,1.80085969145613E-31,
0.452143475502408));
#8054=CARTESIAN_POINT('',(-2.05074768814163,0.,0.452143475502408));
#8055=CARTESIAN_POINT('Ctrl Pts',(-2.05074768814163,1.52069081913532E-16,
0.452143475502408));
#8056=CARTESIAN_POINT('Ctrl Pts',(-2.04897709422516,1.52069081913532E-16,
0.454662193928132));
#8057=CARTESIAN_POINT('Ctrl Pts',(-2.04720650030869,2.76502615417091E-16,
0.457180912353855));
#8058=CARTESIAN_POINT('Ctrl Pts',(-2.04366531247576,2.76502615417091E-16,
0.462218349205301));
#8059=CARTESIAN_POINT('Ctrl Pts',(-2.04189471855929,1.58996360430694E-16,
0.464737067631024));
#8060=CARTESIAN_POINT('Ctrl Pts',(-2.04012412464282,1.58996360430694E-16,
0.467255786056747));
#8061=CARTESIAN_POINT('Ctrl Pts',(-2.05074768814163,-8.44828232852957E-18,
-0.452143475502408));
#8062=CARTESIAN_POINT('Ctrl Pts',(-2.05074768814163,0.0616249119721749,
-0.452143475502408));
#8063=CARTESIAN_POINT('Ctrl Pts',(-2.05821214345457,0.19368705409923,-0.417996317597248));
#8064=CARTESIAN_POINT('Ctrl Pts',(-2.09181918914775,0.388016147284404,-0.240055390099654));
#8065=CARTESIAN_POINT('Ctrl Pts',(-2.10759935339827,0.44381336492383,0.0395662673759977));
#8066=CARTESIAN_POINT('Ctrl Pts',(-2.08260734101423,0.33878953828221,0.28458329158997));
#8067=CARTESIAN_POINT('Ctrl Pts',(-2.0589547732565,0.194528922412072,0.417840563621378));
#8068=CARTESIAN_POINT('Ctrl Pts',(-2.05074768814163,0.0616249119721751,
0.452143475502408));
#8069=CARTESIAN_POINT('Ctrl Pts',(-2.05074768814163,1.80085969145613E-31,
0.452143475502408));
#8070=CARTESIAN_POINT('Origin',(0.,0.,0.));
#8071=CARTESIAN_POINT('',(-2.05624994367361,0.,0.426422293038146));
#8072=CARTESIAN_POINT('Ctrl Pts',(-2.05624994367361,2.09289070136712E-31,
0.426422293038146));
#8073=CARTESIAN_POINT('Ctrl Pts',(-2.05624994367361,0.0448462140401569,
0.426422293038146));
#8074=CARTESIAN_POINT('Ctrl Pts',(-2.05814454178371,0.0926400319721468,
0.417576155087841));
#8075=CARTESIAN_POINT('Ctrl Pts',(-2.06505085155158,0.180981132984229,0.381960560651497));
#8076=CARTESIAN_POINT('Ctrl Pts',(-2.0699679320608,0.221543895181683,0.355211215862051));
#8077=CARTESIAN_POINT('Ctrl Pts',(-2.0792128560597,0.285180247340983,0.296172457223492));
#8078=CARTESIAN_POINT('Ctrl Pts',(-2.08467019929429,0.316038915962018,0.256012233668863));
#8079=CARTESIAN_POINT('Ctrl Pts',(-2.09516290101742,0.370642899791789,0.155900594026135));
#8080=CARTESIAN_POINT('Ctrl Pts',(-2.09999995306134,0.39131193804567,0.0720665152656128));
#8081=CARTESIAN_POINT('Ctrl Pts',(-2.09999995306134,0.39131193804567,-0.0720665152656133));
#8082=CARTESIAN_POINT('Ctrl Pts',(-2.09516290101742,0.370642899791788,-0.155900594026136));
#8083=CARTESIAN_POINT('Ctrl Pts',(-2.08467019929429,0.316038915962017,-0.256012233668864));
#8084=CARTESIAN_POINT('Ctrl Pts',(-2.0792128560597,0.285180247340983,-0.296172457223493));
#8085=CARTESIAN_POINT('Ctrl Pts',(-2.0699679320608,0.221543895181682,-0.355211215862051));
#8086=CARTESIAN_POINT('Ctrl Pts',(-2.06505085155158,0.180981132984228,-0.381960560651498));
#8087=CARTESIAN_POINT('Ctrl Pts',(-2.05814454178371,0.0926400319721465,
-0.417576155087841));
#8088=CARTESIAN_POINT('Ctrl Pts',(-2.05624994367361,0.0448462140401568,
-0.426422293038146));
#8089=CARTESIAN_POINT('Ctrl Pts',(-2.05624994367361,0.,-0.426422293038146));
#8090=CARTESIAN_POINT('Origin',(0.,0.,0.));
#8091=CARTESIAN_POINT('Ctrl Pts',(-1.11218586812783,-2.91493327456275E-16,
-1.77298533786658));
#8092=CARTESIAN_POINT('Ctrl Pts',(-1.11218586812783,0.0644321422352573,
-1.77298533786658));
#8093=CARTESIAN_POINT('Ctrl Pts',(-1.14377693183421,0.20329099526952,-1.75381095787786));
#8094=CARTESIAN_POINT('Ctrl Pts',(-1.25930627293246,0.352856539997531,-1.67373838901964));
#8095=CARTESIAN_POINT('Ctrl Pts',(-1.45637544629578,0.460881452371995,-1.51375527574363));
#8096=CARTESIAN_POINT('Ctrl Pts',(-1.64791776222178,0.403767047906264,-1.29887860219802));
#8097=CARTESIAN_POINT('Ctrl Pts',(-1.75338698791081,0.202484232093552,-1.14311574606838));
#8098=CARTESIAN_POINT('Ctrl Pts',(-1.77298533786658,0.0644321422352576,
-1.11218586812783));
#8099=CARTESIAN_POINT('Ctrl Pts',(-1.77298533786658,-2.68253343726197E-19,
-1.11218586812783));
#8100=CARTESIAN_POINT('Ctrl Pts',(-1.11825187181541,-2.87259990584676E-16,
-1.77192733003925));
#8101=CARTESIAN_POINT('Ctrl Pts',(-1.11825187181541,0.0634963988142297,
-1.77192733003925));
#8102=CARTESIAN_POINT('Ctrl Pts',(-1.14933380924023,0.200367750283885,-1.75299293206957));
#8103=CARTESIAN_POINT('Ctrl Pts',(-1.26333690366904,0.348164147498123,-1.67377756071321));
#8104=CARTESIAN_POINT('Ctrl Pts',(-1.45835679420481,0.455186514152126,-1.5152625131057));
#8105=CARTESIAN_POINT('Ctrl Pts',(-1.64823841683264,0.398512542046875,-1.30238537611355));
#8106=CARTESIAN_POINT('Ctrl Pts',(-1.75257121088415,0.19954914231401,-1.14868139780286));
#8107=CARTESIAN_POINT('Ctrl Pts',(-1.77192733003925,0.0634963988142301,
-1.11825187181541));
#8108=CARTESIAN_POINT('Ctrl Pts',(-1.77192733003925,-2.64357519486117E-19,
-1.11825187181541));
#8109=CARTESIAN_POINT('Ctrl Pts',(-1.12431787550299,-2.83026653713077E-16,
-1.77086932221192));
#8110=CARTESIAN_POINT('Ctrl Pts',(-1.12431787550299,0.0625606553932023,
-1.77086932221192));
#8111=CARTESIAN_POINT('Ctrl Pts',(-1.15489068664625,0.19744450529825,-1.75217490626128));
#8112=CARTESIAN_POINT('Ctrl Pts',(-1.26736753440562,0.343471754998717,-1.67381673240677));
#8113=CARTESIAN_POINT('Ctrl Pts',(-1.46033814211385,0.449491575932258,-1.51676975046776));
#8114=CARTESIAN_POINT('Ctrl Pts',(-1.64855907144351,0.393258036187487,-1.30589215002908));
#8115=CARTESIAN_POINT('Ctrl Pts',(-1.75175543385748,0.196614052534469,-1.15424704953735));
#8116=CARTESIAN_POINT('Ctrl Pts',(-1.77086932221192,0.0625606553932026,
-1.12431787550299));
#8117=CARTESIAN_POINT('Ctrl Pts',(-1.77086932221192,-2.60461695246036E-19,
-1.12431787550299));
#8118=CARTESIAN_POINT('Ctrl Pts',(-1.13038387919058,-2.78793316841478E-16,
-1.76981131438459));
#8119=CARTESIAN_POINT('Ctrl Pts',(-1.13038387919058,0.0616249119721747,
-1.76981131438459));
#8120=CARTESIAN_POINT('Ctrl Pts',(-1.16044756405227,0.194521260312615,-1.75135688045299));
#8121=CARTESIAN_POINT('Ctrl Pts',(-1.27139816514221,0.33877936249931,-1.67385590410034));
#8122=CARTESIAN_POINT('Ctrl Pts',(-1.46231949002288,0.443796637712389,-1.51827698782983));
#8123=CARTESIAN_POINT('Ctrl Pts',(-1.64887972605437,0.388003530328099,-1.30939892394462));
#8124=CARTESIAN_POINT('Ctrl Pts',(-1.75093965683082,0.193678962754928,-1.15981270127184));
#8125=CARTESIAN_POINT('Ctrl Pts',(-1.76981131438459,0.061624911972175,-1.13038387919058));
#8126=CARTESIAN_POINT('Ctrl Pts',(-1.76981131438459,-2.56565871005956E-19,
-1.13038387919058));
#8127=CARTESIAN_POINT('Ctrl Pts',(-1.13038387919058,-2.78793316841478E-16,
-1.76981131438459));
#8128=CARTESIAN_POINT('Ctrl Pts',(-1.13038387919058,0.0616249119721747,
-1.76981131438459));
#8129=CARTESIAN_POINT('Ctrl Pts',(-1.16044756405227,0.194521260312615,-1.75135688045299));
#8130=CARTESIAN_POINT('Ctrl Pts',(-1.27139816514221,0.33877936249931,-1.67385590410034));
#8131=CARTESIAN_POINT('Ctrl Pts',(-1.46231949002288,0.443796637712389,-1.51827698782983));
#8132=CARTESIAN_POINT('Ctrl Pts',(-1.64887972605437,0.388003530328099,-1.30939892394462));
#8133=CARTESIAN_POINT('Ctrl Pts',(-1.75093965683082,0.193678962754928,-1.15981270127184));
#8134=CARTESIAN_POINT('Ctrl Pts',(-1.76981131438459,0.061624911972175,-1.13038387919058));
#8135=CARTESIAN_POINT('Ctrl Pts',(-1.76981131438459,-2.56565871005956E-19,
-1.13038387919058));
#8136=CARTESIAN_POINT('Origin',(0.,0.,0.));
#8137=CARTESIAN_POINT('Ctrl Pts',(-1.75551437404246,0.,-1.15246218392968));
#8138=CARTESIAN_POINT('Ctrl Pts',(-1.75551437404246,0.0448462140401569,
-1.15246218392968));
#8139=CARTESIAN_POINT('Ctrl Pts',(-1.75059889308176,0.0926400319721468,
-1.16005703123292));
#8140=CARTESIAN_POINT('Ctrl Pts',(-1.73029836320967,0.180981132984229,-1.19012455804469));
#8141=CARTESIAN_POINT('Ctrl Pts',(-1.71486062108846,0.221543895181683,-1.21251610210931));
#8142=CARTESIAN_POINT('Ctrl Pts',(-1.67965106295348,0.285180247340983,-1.26079995714665));
#8143=CARTESIAN_POINT('Ctrl Pts',(-1.65511242095248,0.316038915962018,-1.29305644796454));
#8144=CARTESIAN_POINT('Ctrl Pts',(-1.59174226222679,0.370642899791789,-1.37126552777301));
#8145=CARTESIAN_POINT('Ctrl Pts',(-1.5358829289419,0.39131193804567,-1.43396548566031));
#8146=CARTESIAN_POINT('Ctrl Pts',(-1.43396548566031,0.39131193804567,-1.53588292894191));
#8147=CARTESIAN_POINT('Ctrl Pts',(-1.371265527773,0.370642899791788,-1.59174226222679));
#8148=CARTESIAN_POINT('Ctrl Pts',(-1.29305644796454,0.316038915962017,-1.65511242095248));
#8149=CARTESIAN_POINT('Ctrl Pts',(-1.26079995714665,0.285180247340983,-1.67965106295348));
#8150=CARTESIAN_POINT('Ctrl Pts',(-1.21251610210931,0.221543895181682,-1.71486062108846));
#8151=CARTESIAN_POINT('Ctrl Pts',(-1.19012455804469,0.180981132984228,-1.73029836320967));
#8152=CARTESIAN_POINT('Ctrl Pts',(-1.16005703123292,0.0926400319721465,
-1.75059889308176));
#8153=CARTESIAN_POINT('Ctrl Pts',(-1.15246218392968,0.0448462140401568,
-1.75551437404246));
#8154=CARTESIAN_POINT('Ctrl Pts',(-1.15246218392968,0.,-1.75551437404246));
#8155=CARTESIAN_POINT('Ctrl Pts',(0.467255786056747,-8.83313113503856E-18,
-2.04012412464282));
#8156=CARTESIAN_POINT('Ctrl Pts',(0.467255786056747,0.0644321422352576,
-2.04012412464282));
#8157=CARTESIAN_POINT('Ctrl Pts',(0.431364045800496,0.203299060656971,-2.048901940166));
#8158=CARTESIAN_POINT('Ctrl Pts',(0.293050655132801,0.352867210854361,-2.07397376487046));
#8159=CARTESIAN_POINT('Ctrl Pts',(0.0405721067179103,0.460898821987816,
-2.10019870984272));
#8160=CARTESIAN_POINT('Ctrl Pts',(-0.246814317431699,0.403780072398884,
-2.0836998363271));
#8161=CARTESIAN_POINT('Ctrl Pts',(-0.431533604431643,0.202492634023807,
-2.04813598512339));
#8162=CARTESIAN_POINT('Ctrl Pts',(-0.467255786056747,0.0644321422352576,
-2.04012412464282));
#8163=CARTESIAN_POINT('Ctrl Pts',(-0.467255786056747,-1.07301337490499E-18,
-2.04012412464282));
#8164=CARTESIAN_POINT('Ctrl Pts',(0.462218349205301,-8.70484819953556E-18,
-2.04366531247576));
#8165=CARTESIAN_POINT('Ctrl Pts',(0.462218349205301,0.0634963988142301,
-2.04366531247576));
#8166=CARTESIAN_POINT('Ctrl Pts',(0.426856218407457,0.200375681242005,-2.0522528845295));
#8167=CARTESIAN_POINT('Ctrl Pts',(0.290228200618524,0.348174653330311,-2.07685162358505));
#8168=CARTESIAN_POINT('Ctrl Pts',(0.040236826937273,0.455203669633153,-2.1026655910279));
#8169=CARTESIAN_POINT('Ctrl Pts',(-0.24456134165435,0.398525430694057,-2.08640628726732));
#8170=CARTESIAN_POINT('Ctrl Pts',(-0.427021175486844,0.199557440715615,
-2.05149470456712));
#8171=CARTESIAN_POINT('Ctrl Pts',(-0.462218349205301,0.0634963988142301,
-2.04366531247576));
#8172=CARTESIAN_POINT('Ctrl Pts',(-0.462218349205301,-1.05743007794467E-18,
-2.04366531247576));
#8173=CARTESIAN_POINT('Ctrl Pts',(0.457180912353855,-8.57656526403257E-18,
-2.04720650030869));
#8174=CARTESIAN_POINT('Ctrl Pts',(0.457180912353855,0.0625606553932026,
-2.04720650030869));
#8175=CARTESIAN_POINT('Ctrl Pts',(0.422348391014417,0.197452301827039,-2.055603828893));
#8176=CARTESIAN_POINT('Ctrl Pts',(0.287405746104248,0.343482095806261,-2.07972948229964));
#8177=CARTESIAN_POINT('Ctrl Pts',(0.0399015471566357,0.449508517278492,
-2.10513247221309));
#8178=CARTESIAN_POINT('Ctrl Pts',(-0.242308365877002,0.393270788989231,
-2.08911273820754));
#8179=CARTESIAN_POINT('Ctrl Pts',(-0.422508746542046,0.196622247407423,
-2.05485342401084));
#8180=CARTESIAN_POINT('Ctrl Pts',(-0.457180912353854,0.0625606553932026,
-2.04720650030869));
#8181=CARTESIAN_POINT('Ctrl Pts',(-0.457180912353854,-1.04184678098434E-18,
-2.04720650030869));
#8182=CARTESIAN_POINT('Ctrl Pts',(0.452143475502409,-8.44828232852957E-18,
-2.05074768814163));
#8183=CARTESIAN_POINT('Ctrl Pts',(0.452143475502409,0.061624911972175,-2.05074768814163));
#8184=CARTESIAN_POINT('Ctrl Pts',(0.417840563621378,0.194528922412072,-2.0589547732565));
#8185=CARTESIAN_POINT('Ctrl Pts',(0.284583291589971,0.33878953828221,-2.08260734101423));
#8186=CARTESIAN_POINT('Ctrl Pts',(0.0395662673759984,0.44381336492383,-2.10759935339827));
#8187=CARTESIAN_POINT('Ctrl Pts',(-0.240055390099654,0.388016147284404,
-2.09181918914775));
#8188=CARTESIAN_POINT('Ctrl Pts',(-0.417996317597248,0.193687054099231,
-2.05821214345457));
#8189=CARTESIAN_POINT('Ctrl Pts',(-0.452143475502408,0.061624911972175,
-2.05074768814163));
#8190=CARTESIAN_POINT('Ctrl Pts',(-0.452143475502408,-1.02626348402402E-18,
-2.05074768814163));
#8191=CARTESIAN_POINT('Ctrl Pts',(0.452143475502409,-8.44828232852957E-18,
-2.05074768814163));
#8192=CARTESIAN_POINT('Ctrl Pts',(0.452143475502409,0.061624911972175,-2.05074768814163));
#8193=CARTESIAN_POINT('Ctrl Pts',(0.417840563621378,0.194528922412072,-2.0589547732565));
#8194=CARTESIAN_POINT('Ctrl Pts',(0.284583291589971,0.33878953828221,-2.08260734101423));
#8195=CARTESIAN_POINT('Ctrl Pts',(0.0395662673759984,0.44381336492383,-2.10759935339827));
#8196=CARTESIAN_POINT('Ctrl Pts',(-0.240055390099654,0.388016147284404,
-2.09181918914775));
#8197=CARTESIAN_POINT('Ctrl Pts',(-0.417996317597248,0.193687054099231,
-2.05821214345457));
#8198=CARTESIAN_POINT('Ctrl Pts',(-0.452143475502408,0.061624911972175,
-2.05074768814163));
#8199=CARTESIAN_POINT('Ctrl Pts',(-0.452143475502408,-1.02626348402402E-18,
-2.05074768814163));
#8200=CARTESIAN_POINT('Origin',(0.,0.,0.));
#8201=CARTESIAN_POINT('Ctrl Pts',(-0.426422293038145,2.09289070136711E-31,
-2.05624994367361));
#8202=CARTESIAN_POINT('Ctrl Pts',(-0.426422293038145,0.0448462140401569,
-2.05624994367361));
#8203=CARTESIAN_POINT('Ctrl Pts',(-0.417576155087841,0.0926400319721468,
-2.05814454178371));
#8204=CARTESIAN_POINT('Ctrl Pts',(-0.381960560651497,0.180981132984229,
-2.06505085155158));
#8205=CARTESIAN_POINT('Ctrl Pts',(-0.35521121586205,0.221543895181683,-2.0699679320608));
#8206=CARTESIAN_POINT('Ctrl Pts',(-0.296172457223492,0.285180247340983,
-2.0792128560597));
#8207=CARTESIAN_POINT('Ctrl Pts',(-0.256012233668863,0.316038915962018,
-2.08467019929429));
#8208=CARTESIAN_POINT('Ctrl Pts',(-0.155900594026135,0.370642899791789,
-2.09516290101742));
#8209=CARTESIAN_POINT('Ctrl Pts',(-0.0720665152656124,0.39131193804567,
-2.09999995306134));
#8210=CARTESIAN_POINT('Ctrl Pts',(0.0720665152656137,0.39131193804567,-2.09999995306134));
#8211=CARTESIAN_POINT('Ctrl Pts',(0.155900594026136,0.370642899791788,-2.09516290101742));
#8212=CARTESIAN_POINT('Ctrl Pts',(0.256012233668864,0.316038915962017,-2.08467019929429));
#8213=CARTESIAN_POINT('Ctrl Pts',(0.296172457223493,0.285180247340983,-2.0792128560597));
#8214=CARTESIAN_POINT('Ctrl Pts',(0.355211215862051,0.221543895181682,-2.0699679320608));
#8215=CARTESIAN_POINT('Ctrl Pts',(0.381960560651498,0.180981132984228,-2.06505085155158));
#8216=CARTESIAN_POINT('Ctrl Pts',(0.417576155087842,0.0926400319721465,
-2.05814454178371));
#8217=CARTESIAN_POINT('Ctrl Pts',(0.426422293038146,0.0448462140401568,
-2.05624994367361));
#8218=CARTESIAN_POINT('Ctrl Pts',(0.426422293038146,0.,-2.05624994367361));
#8219=CARTESIAN_POINT('Ctrl Pts',(1.77298533786658,-8.83313113503802E-18,
-1.11218586812783));
#8220=CARTESIAN_POINT('Ctrl Pts',(1.77298533786658,0.0644321422352576,-1.11218586812783));
#8221=CARTESIAN_POINT('Ctrl Pts',(1.75381095787786,0.203290995269521,-1.14377693183421));
#8222=CARTESIAN_POINT('Ctrl Pts',(1.67373838901964,0.352856539997531,-1.25930627293246));
#8223=CARTESIAN_POINT('Ctrl Pts',(1.51375527574363,0.460881452371995,-1.45637544629578));
#8224=CARTESIAN_POINT('Ctrl Pts',(1.29887860219802,0.403767047906263,-1.64791776222178));
#8225=CARTESIAN_POINT('Ctrl Pts',(1.14311574606838,0.202484232093552,-1.75338698791081));
#8226=CARTESIAN_POINT('Ctrl Pts',(1.11218586812783,0.0644321422352573,-1.77298533786658));
#8227=CARTESIAN_POINT('Ctrl Pts',(1.11218586812783,-2.84758432082481E-16,
-1.77298533786658));
#8228=CARTESIAN_POINT('Ctrl Pts',(1.77192733003925,-8.70484819953503E-18,
-1.11825187181541));
#8229=CARTESIAN_POINT('Ctrl Pts',(1.77192733003925,0.0634963988142301,-1.11825187181541));
#8230=CARTESIAN_POINT('Ctrl Pts',(1.75299293206957,0.200367750283885,-1.14933380924023));
#8231=CARTESIAN_POINT('Ctrl Pts',(1.67377756071321,0.348164147498124,-1.26333690366904));
#8232=CARTESIAN_POINT('Ctrl Pts',(1.5152625131057,0.455186514152126,-1.45835679420481));
#8233=CARTESIAN_POINT('Ctrl Pts',(1.30238537611355,0.398512542046875,-1.64823841683264));
#8234=CARTESIAN_POINT('Ctrl Pts',(1.14868139780286,0.19954914231401,-1.75257121088415));
#8235=CARTESIAN_POINT('Ctrl Pts',(1.11825187181541,0.0634963988142297,-1.77192733003925));
#8236=CARTESIAN_POINT('Ctrl Pts',(1.11825187181541,-2.80622905617594E-16,
-1.77192733003925));
#8237=CARTESIAN_POINT('Ctrl Pts',(1.77086932221192,-8.57656526403204E-18,
-1.12431787550299));
#8238=CARTESIAN_POINT('Ctrl Pts',(1.77086932221192,0.0625606553932027,-1.12431787550299));
#8239=CARTESIAN_POINT('Ctrl Pts',(1.75217490626128,0.197444505298251,-1.15489068664625));
#8240=CARTESIAN_POINT('Ctrl Pts',(1.67381673240677,0.343471754998717,-1.26736753440562));
#8241=CARTESIAN_POINT('Ctrl Pts',(1.51676975046777,0.449491575932258,-1.46033814211385));
#8242=CARTESIAN_POINT('Ctrl Pts',(1.30589215002908,0.393258036187487,-1.64855907144351));
#8243=CARTESIAN_POINT('Ctrl Pts',(1.15424704953735,0.196614052534469,-1.75175543385748));
#8244=CARTESIAN_POINT('Ctrl Pts',(1.12431787550299,0.0625606553932024,-1.77086932221192));
#8245=CARTESIAN_POINT('Ctrl Pts',(1.12431787550299,-2.76487379152707E-16,
-1.77086932221192));
#8246=CARTESIAN_POINT('Ctrl Pts',(1.76981131438459,-8.44828232852905E-18,
-1.13038387919057));
#8247=CARTESIAN_POINT('Ctrl Pts',(1.76981131438459,0.0616249119721751,-1.13038387919057));
#8248=CARTESIAN_POINT('Ctrl Pts',(1.75135688045299,0.194521260312615,-1.16044756405227));
#8249=CARTESIAN_POINT('Ctrl Pts',(1.67385590410034,0.33877936249931,-1.27139816514221));
#8250=CARTESIAN_POINT('Ctrl Pts',(1.51827698782983,0.443796637712389,-1.46231949002288));
#8251=CARTESIAN_POINT('Ctrl Pts',(1.30939892394462,0.388003530328098,-1.64887972605437));
#8252=CARTESIAN_POINT('Ctrl Pts',(1.15981270127184,0.193678962754928,-1.75093965683082));
#8253=CARTESIAN_POINT('Ctrl Pts',(1.13038387919058,0.0616249119721747,-1.76981131438459));
#8254=CARTESIAN_POINT('Ctrl Pts',(1.13038387919058,-2.72351852687819E-16,
-1.76981131438459));
#8255=CARTESIAN_POINT('',(1.77298533786658,-4.41656556751901E-18,-1.11218586812783));
#8256=CARTESIAN_POINT('Ctrl Pts',(1.11218586812783,-2.84758432082481E-16,
-1.77298533786658));
#8257=CARTESIAN_POINT('Ctrl Pts',(1.11218586812783,0.0644321422352573,-1.77298533786658));
#8258=CARTESIAN_POINT('Ctrl Pts',(1.14311574606838,0.202484232093552,-1.75338698791081));
#8259=CARTESIAN_POINT('Ctrl Pts',(1.29887860219802,0.403767047906263,-1.64791776222178));
#8260=CARTESIAN_POINT('Ctrl Pts',(1.51375527574363,0.460881452371995,-1.45637544629578));
#8261=CARTESIAN_POINT('Ctrl Pts',(1.67373838901964,0.352856539997531,-1.25930627293246));
#8262=CARTESIAN_POINT('Ctrl Pts',(1.75381095787786,0.203290995269521,-1.14377693183421));
#8263=CARTESIAN_POINT('Ctrl Pts',(1.77298533786658,0.0644321422352576,-1.11218586812783));
#8264=CARTESIAN_POINT('Ctrl Pts',(1.77298533786658,-8.83313113503802E-18,
-1.11218586812783));
#8265=CARTESIAN_POINT('',(1.76981131438459,-4.22414116426453E-18,-1.13038387919057));
#8266=CARTESIAN_POINT('Ctrl Pts',(1.77298533786658,2.73827065186196E-16,
-1.11218586812783));
#8267=CARTESIAN_POINT('Ctrl Pts',(1.77245633395292,2.73827065186196E-16,
-1.11521886997162));
#8268=CARTESIAN_POINT('Ctrl Pts',(1.77192733003925,2.67861908685307E-16,
-1.11825187181541));
#8269=CARTESIAN_POINT('Ctrl Pts',(1.77086932221192,2.67861908685307E-16,
-1.12431787550299));
#8270=CARTESIAN_POINT('Ctrl Pts',(1.77034031829825,-8.44828232852905E-18,
-1.12735087734678));
#8271=CARTESIAN_POINT('Ctrl Pts',(1.76981131438459,-8.44828232852905E-18,
-1.13038387919057));
#8272=CARTESIAN_POINT('Ctrl Pts',(1.76981131438459,-8.44828232852905E-18,
-1.13038387919057));
#8273=CARTESIAN_POINT('Ctrl Pts',(1.76981131438459,0.0616249119721751,-1.13038387919057));
#8274=CARTESIAN_POINT('Ctrl Pts',(1.75135688045299,0.194521260312615,-1.16044756405227));
#8275=CARTESIAN_POINT('Ctrl Pts',(1.67385590410034,0.33877936249931,-1.27139816514221));
#8276=CARTESIAN_POINT('Ctrl Pts',(1.51827698782983,0.443796637712389,-1.46231949002288));
#8277=CARTESIAN_POINT('Ctrl Pts',(1.30939892394462,0.388003530328098,-1.64887972605437));
#8278=CARTESIAN_POINT('Ctrl Pts',(1.15981270127184,0.193678962754928,-1.75093965683082));
#8279=CARTESIAN_POINT('Ctrl Pts',(1.13038387919058,0.0616249119721747,-1.76981131438459));
#8280=CARTESIAN_POINT('Ctrl Pts',(1.13038387919058,-2.72351852687819E-16,
-1.76981131438459));
#8281=CARTESIAN_POINT('Origin',(0.,0.,0.));
#8282=CARTESIAN_POINT('',(1.75551437404246,0.,-1.15246218392968));
#8283=CARTESIAN_POINT('Origin',(0.,0.,0.));
#8284=CARTESIAN_POINT('Ctrl Pts',(1.15246218392968,7.19194533868665E-31,
-1.75551437404246));
#8285=CARTESIAN_POINT('Ctrl Pts',(1.15246218392968,0.0448462140401569,-1.75551437404246));
#8286=CARTESIAN_POINT('Ctrl Pts',(1.16005703123292,0.0926400319721468,-1.75059889308176));
#8287=CARTESIAN_POINT('Ctrl Pts',(1.19012455804469,0.180981132984229,-1.73029836320967));
#8288=CARTESIAN_POINT('Ctrl Pts',(1.21251610210931,0.221543895181683,-1.71486062108846));
#8289=CARTESIAN_POINT('Ctrl Pts',(1.26079995714665,0.285180247340983,-1.67965106295348));
#8290=CARTESIAN_POINT('Ctrl Pts',(1.29305644796454,0.316038915962018,-1.65511242095248));
#8291=CARTESIAN_POINT('Ctrl Pts',(1.37126552777301,0.370642899791789,-1.59174226222679));
#8292=CARTESIAN_POINT('Ctrl Pts',(1.43396548566031,0.39131193804567,-1.53588292894191));
#8293=CARTESIAN_POINT('Ctrl Pts',(1.53588292894191,0.39131193804567,-1.43396548566031));
#8294=CARTESIAN_POINT('Ctrl Pts',(1.59174226222679,0.370642899791788,-1.37126552777301));
#8295=CARTESIAN_POINT('Ctrl Pts',(1.65511242095248,0.316038915962017,-1.29305644796454));
#8296=CARTESIAN_POINT('Ctrl Pts',(1.67965106295348,0.285180247340983,-1.26079995714665));
#8297=CARTESIAN_POINT('Ctrl Pts',(1.71486062108846,0.221543895181682,-1.21251610210931));
#8298=CARTESIAN_POINT('Ctrl Pts',(1.73029836320967,0.180981132984228,-1.19012455804469));
#8299=CARTESIAN_POINT('Ctrl Pts',(1.75059889308176,0.0926400319721465,-1.16005703123292));
#8300=CARTESIAN_POINT('Ctrl Pts',(1.75551437404246,0.0448462140401568,-1.15246218392968));
#8301=CARTESIAN_POINT('Ctrl Pts',(1.75551437404246,0.,-1.15246218392968));
#8302=CARTESIAN_POINT('Ctrl Pts',(2.04012412464282,-8.83313113503891E-18,
0.467255786056747));
#8303=CARTESIAN_POINT('Ctrl Pts',(2.04012412464282,0.0644321422352574,0.467255786056747));
#8304=CARTESIAN_POINT('Ctrl Pts',(2.048901940166,0.203299060656971,0.431364045800496));
#8305=CARTESIAN_POINT('Ctrl Pts',(2.07397376487046,0.352867210854361,0.293050655132802));
#8306=CARTESIAN_POINT('Ctrl Pts',(2.10019870984272,0.460898821987815,0.0405721067179103));
#8307=CARTESIAN_POINT('Ctrl Pts',(2.08369983632711,0.403780072398884,-0.246814317431699));
#8308=CARTESIAN_POINT('Ctrl Pts',(2.04813598512339,0.202492634023807,-0.431533604431643));
#8309=CARTESIAN_POINT('Ctrl Pts',(2.04012412464282,0.0644321422352576,-0.467255786056747));
#8310=CARTESIAN_POINT('Ctrl Pts',(2.04012412464282,-4.0238001558931E-19,
-0.467255786056747));
#8311=CARTESIAN_POINT('Ctrl Pts',(2.04366531247576,-8.7048481995359E-18,
0.462218349205301));
#8312=CARTESIAN_POINT('Ctrl Pts',(2.04366531247576,0.0634963988142299,0.462218349205301));
#8313=CARTESIAN_POINT('Ctrl Pts',(2.0522528845295,0.200375681242004,0.426856218407457));
#8314=CARTESIAN_POINT('Ctrl Pts',(2.07685162358505,0.348174653330311,0.290228200618525));
#8315=CARTESIAN_POINT('Ctrl Pts',(2.1026655910279,0.455203669633153,0.0402368269372731));
#8316=CARTESIAN_POINT('Ctrl Pts',(2.08640628726732,0.398525430694057,-0.24456134165435));
#8317=CARTESIAN_POINT('Ctrl Pts',(2.05149470456712,0.199557440715615,-0.427021175486845));
#8318=CARTESIAN_POINT('Ctrl Pts',(2.04366531247576,0.0634963988142301,-0.462218349205301));
#8319=CARTESIAN_POINT('Ctrl Pts',(2.04366531247576,-3.96536279229189E-19,
-0.462218349205301));
#8320=CARTESIAN_POINT('Ctrl Pts',(2.04720650030869,-8.5765652640329E-18,
0.457180912353855));
#8321=CARTESIAN_POINT('Ctrl Pts',(2.04720650030869,0.0625606553932023,0.457180912353855));
#8322=CARTESIAN_POINT('Ctrl Pts',(2.055603828893,0.197452301827038,0.422348391014418));
#8323=CARTESIAN_POINT('Ctrl Pts',(2.07972948229964,0.34348209580626,0.287405746104248));
#8324=CARTESIAN_POINT('Ctrl Pts',(2.10513247221309,0.449508517278492,0.0399015471566354));
#8325=CARTESIAN_POINT('Ctrl Pts',(2.08911273820754,0.393270788989231,-0.242308365877002));
#8326=CARTESIAN_POINT('Ctrl Pts',(2.05485342401084,0.196622247407423,-0.422508746542047));
#8327=CARTESIAN_POINT('Ctrl Pts',(2.04720650030869,0.0625606553932027,-0.457180912353855));
#8328=CARTESIAN_POINT('Ctrl Pts',(2.04720650030869,-3.90692542869069E-19,
-0.457180912353855));
#8329=CARTESIAN_POINT('Ctrl Pts',(2.05074768814163,-8.4482823285299E-18,
0.452143475502409));
#8330=CARTESIAN_POINT('Ctrl Pts',(2.05074768814163,0.0616249119721748,0.452143475502409));
#8331=CARTESIAN_POINT('Ctrl Pts',(2.0589547732565,0.194528922412071,0.417840563621379));
#8332=CARTESIAN_POINT('Ctrl Pts',(2.08260734101423,0.33878953828221,0.284583291589971));
#8333=CARTESIAN_POINT('Ctrl Pts',(2.10759935339827,0.44381336492383,0.0395662673759982));
#8334=CARTESIAN_POINT('Ctrl Pts',(2.09181918914775,0.388016147284404,-0.240055390099654));
#8335=CARTESIAN_POINT('Ctrl Pts',(2.05821214345457,0.19368705409923,-0.417996317597249));
#8336=CARTESIAN_POINT('Ctrl Pts',(2.05074768814163,0.0616249119721752,-0.452143475502409));
#8337=CARTESIAN_POINT('Ctrl Pts',(2.05074768814163,-3.84848806508948E-19,
-0.452143475502409));
#8338=CARTESIAN_POINT('',(2.05074768814163,0.,-0.452143475502409));
#8339=CARTESIAN_POINT('Ctrl Pts',(2.05074768814163,5.06896939711707E-17,
-0.452143475502409));
#8340=CARTESIAN_POINT('Ctrl Pts',(2.04897709422516,5.06896939711707E-17,
-0.454662193928132));
#8341=CARTESIAN_POINT('Ctrl Pts',(2.04720650030869,0.,-0.457180912353855));
#8342=CARTESIAN_POINT('Ctrl Pts',(2.04366531247576,0.,-0.462218349205301));
#8343=CARTESIAN_POINT('Ctrl Pts',(2.04189471855929,5.29987868102244E-17,
-0.464737067631024));
#8344=CARTESIAN_POINT('Ctrl Pts',(2.04012412464282,5.29987868102244E-17,
-0.467255786056747));
#8345=CARTESIAN_POINT('Ctrl Pts',(2.05074768814163,-8.4482823285299E-18,
0.452143475502409));
#8346=CARTESIAN_POINT('Ctrl Pts',(2.05074768814163,0.0616249119721748,0.452143475502409));
#8347=CARTESIAN_POINT('Ctrl Pts',(2.0589547732565,0.194528922412071,0.417840563621379));
#8348=CARTESIAN_POINT('Ctrl Pts',(2.08260734101423,0.33878953828221,0.284583291589971));
#8349=CARTESIAN_POINT('Ctrl Pts',(2.10759935339827,0.44381336492383,0.0395662673759982));
#8350=CARTESIAN_POINT('Ctrl Pts',(2.09181918914775,0.388016147284404,-0.240055390099654));
#8351=CARTESIAN_POINT('Ctrl Pts',(2.05821214345457,0.19368705409923,-0.417996317597249));
#8352=CARTESIAN_POINT('Ctrl Pts',(2.05074768814163,0.0616249119721752,-0.452143475502409));
#8353=CARTESIAN_POINT('Ctrl Pts',(2.05074768814163,-3.84848806508948E-19,
-0.452143475502409));
#8354=CARTESIAN_POINT('Origin',(0.,0.,0.));
#8355=CARTESIAN_POINT('',(2.05624994367361,0.,-0.426422293038145));
#8356=CARTESIAN_POINT('Ctrl Pts',(2.05624994367361,3.13933605205067E-31,
-0.426422293038146));
#8357=CARTESIAN_POINT('Ctrl Pts',(2.05624994367361,0.0448462140401569,-0.426422293038146));
#8358=CARTESIAN_POINT('Ctrl Pts',(2.05814454178371,0.0926400319721468,-0.417576155087841));
#8359=CARTESIAN_POINT('Ctrl Pts',(2.06505085155158,0.180981132984229,-0.381960560651497));
#8360=CARTESIAN_POINT('Ctrl Pts',(2.0699679320608,0.221543895181683,-0.35521121586205));
#8361=CARTESIAN_POINT('Ctrl Pts',(2.0792128560597,0.285180247340983,-0.296172457223492));
#8362=CARTESIAN_POINT('Ctrl Pts',(2.08467019929429,0.316038915962018,-0.256012233668863));
#8363=CARTESIAN_POINT('Ctrl Pts',(2.09516290101742,0.370642899791789,-0.155900594026135));
#8364=CARTESIAN_POINT('Ctrl Pts',(2.09999995306134,0.39131193804567,-0.0720665152656125));
#8365=CARTESIAN_POINT('Ctrl Pts',(2.09999995306134,0.39131193804567,0.0720665152656136));
#8366=CARTESIAN_POINT('Ctrl Pts',(2.09516290101742,0.370642899791788,0.155900594026136));
#8367=CARTESIAN_POINT('Ctrl Pts',(2.08467019929429,0.316038915962017,0.256012233668864));
#8368=CARTESIAN_POINT('Ctrl Pts',(2.0792128560597,0.285180247340983,0.296172457223493));
#8369=CARTESIAN_POINT('Ctrl Pts',(2.0699679320608,0.221543895181682,0.355211215862051));
#8370=CARTESIAN_POINT('Ctrl Pts',(2.06505085155158,0.180981132984228,0.381960560651498));
#8371=CARTESIAN_POINT('Ctrl Pts',(2.05814454178371,0.0926400319721465,0.417576155087842));
#8372=CARTESIAN_POINT('Ctrl Pts',(2.05624994367361,0.0448462140401568,0.426422293038146));
#8373=CARTESIAN_POINT('Ctrl Pts',(2.05624994367361,0.,0.426422293038146));
#8374=CARTESIAN_POINT('Origin',(0.,0.,0.));
#8375=CARTESIAN_POINT('Ctrl Pts',(1.11218586812783,-2.91493327456281E-16,
1.77298533786658));
#8376=CARTESIAN_POINT('Ctrl Pts',(1.11218586812783,0.0644321422352572,1.77298533786658));
#8377=CARTESIAN_POINT('Ctrl Pts',(1.14377693183421,0.20329099526952,1.75381095787786));
#8378=CARTESIAN_POINT('Ctrl Pts',(1.25930627293246,0.35285653999753,1.67373838901964));
#8379=CARTESIAN_POINT('Ctrl Pts',(1.45637544629578,0.460881452371995,1.51375527574363));
#8380=CARTESIAN_POINT('Ctrl Pts',(1.64791776222178,0.403767047906264,1.29887860219802));
#8381=CARTESIAN_POINT('Ctrl Pts',(1.75338698791081,0.202484232093552,1.14311574606838));
#8382=CARTESIAN_POINT('Ctrl Pts',(1.77298533786658,0.0644321422352576,1.11218586812783));
#8383=CARTESIAN_POINT('Ctrl Pts',(1.77298533786658,-5.36506687452474E-19,
1.11218586812783));
#8384=CARTESIAN_POINT('Ctrl Pts',(1.11825187181541,-2.87259990584682E-16,
1.77192733003925));
#8385=CARTESIAN_POINT('Ctrl Pts',(1.11825187181541,0.0634963988142298,1.77192733003925));
#8386=CARTESIAN_POINT('Ctrl Pts',(1.14933380924023,0.200367750283885,1.75299293206957));
#8387=CARTESIAN_POINT('Ctrl Pts',(1.26333690366904,0.348164147498123,1.67377756071321));
#8388=CARTESIAN_POINT('Ctrl Pts',(1.45835679420481,0.455186514152126,1.5152625131057));
#8389=CARTESIAN_POINT('Ctrl Pts',(1.64823841683264,0.398512542046875,1.30238537611355));
#8390=CARTESIAN_POINT('Ctrl Pts',(1.75257121088415,0.19954914231401,1.14868139780286));
#8391=CARTESIAN_POINT('Ctrl Pts',(1.77192733003925,0.06349639881423,1.11825187181541));
#8392=CARTESIAN_POINT('Ctrl Pts',(1.77192733003925,-5.28715038972312E-19,
1.11825187181541));
#8393=CARTESIAN_POINT('Ctrl Pts',(1.12431787550299,-2.83026653713083E-16,
1.77086932221192));
#8394=CARTESIAN_POINT('Ctrl Pts',(1.12431787550299,0.0625606553932021,1.77086932221192));
#8395=CARTESIAN_POINT('Ctrl Pts',(1.15489068664625,0.19744450529825,1.75217490626128));
#8396=CARTESIAN_POINT('Ctrl Pts',(1.26736753440562,0.343471754998716,1.67381673240677));
#8397=CARTESIAN_POINT('Ctrl Pts',(1.46033814211385,0.449491575932258,1.51676975046776));
#8398=CARTESIAN_POINT('Ctrl Pts',(1.64855907144351,0.393258036187488,1.30589215002908));
#8399=CARTESIAN_POINT('Ctrl Pts',(1.75175543385749,0.196614052534469,1.15424704953735));
#8400=CARTESIAN_POINT('Ctrl Pts',(1.77086932221192,0.0625606553932027,1.12431787550299));
#8401=CARTESIAN_POINT('Ctrl Pts',(1.77086932221192,-5.20923390492151E-19,
1.12431787550299));
#8402=CARTESIAN_POINT('Ctrl Pts',(1.13038387919058,-2.78793316841484E-16,
1.76981131438459));
#8403=CARTESIAN_POINT('Ctrl Pts',(1.13038387919058,0.0616249119721747,1.76981131438459));
#8404=CARTESIAN_POINT('Ctrl Pts',(1.16044756405227,0.194521260312615,1.75135688045299));
#8405=CARTESIAN_POINT('Ctrl Pts',(1.27139816514221,0.338779362499309,1.67385590410034));
#8406=CARTESIAN_POINT('Ctrl Pts',(1.46231949002288,0.443796637712388,1.51827698782983));
#8407=CARTESIAN_POINT('Ctrl Pts',(1.64887972605437,0.388003530328099,1.30939892394462));
#8408=CARTESIAN_POINT('Ctrl Pts',(1.75093965683082,0.193678962754928,1.15981270127184));
#8409=CARTESIAN_POINT('Ctrl Pts',(1.76981131438459,0.0616249119721751,1.13038387919058));
#8410=CARTESIAN_POINT('Ctrl Pts',(1.76981131438459,-5.13131742011989E-19,
1.13038387919058));
#8411=CARTESIAN_POINT('',(1.11218586812783,-4.41656556751928E-18,1.77298533786658));
#8412=CARTESIAN_POINT('Ctrl Pts',(1.77298533786658,-5.36506687452474E-19,
1.11218586812783));
#8413=CARTESIAN_POINT('Ctrl Pts',(1.77298533786658,0.0644321422352576,1.11218586812783));
#8414=CARTESIAN_POINT('Ctrl Pts',(1.75338698791081,0.202484232093552,1.14311574606838));
#8415=CARTESIAN_POINT('Ctrl Pts',(1.64791776222178,0.403767047906264,1.29887860219802));
#8416=CARTESIAN_POINT('Ctrl Pts',(1.45637544629578,0.460881452371995,1.51375527574363));
#8417=CARTESIAN_POINT('Ctrl Pts',(1.25930627293246,0.35285653999753,1.67373838901964));
#8418=CARTESIAN_POINT('Ctrl Pts',(1.14377693183421,0.20329099526952,1.75381095787786));
#8419=CARTESIAN_POINT('Ctrl Pts',(1.11218586812783,0.0644321422352572,1.77298533786658));
#8420=CARTESIAN_POINT('Ctrl Pts',(1.11218586812783,-2.91493327456281E-16,
1.77298533786658));
#8421=CARTESIAN_POINT('',(1.13038387919058,-4.22414116426478E-18,1.76981131438459));
#8422=CARTESIAN_POINT('Ctrl Pts',(1.11218586812783,-8.83313113503856E-18,
1.77298533786658));
#8423=CARTESIAN_POINT('Ctrl Pts',(1.11521886997162,-8.83313113503856E-18,
1.77245633395292));
#8424=CARTESIAN_POINT('Ctrl Pts',(1.11825187181541,-8.64070673178406E-18,
1.77192733003925));
#8425=CARTESIAN_POINT('Ctrl Pts',(1.12431787550299,-8.64070673178406E-18,
1.77086932221192));
#8426=CARTESIAN_POINT('Ctrl Pts',(1.12735087734678,-2.78793316841484E-16,
1.77034031829825));
#8427=CARTESIAN_POINT('Ctrl Pts',(1.13038387919058,-2.78793316841484E-16,
1.76981131438459));
#8428=CARTESIAN_POINT('Ctrl Pts',(1.13038387919058,-2.78793316841484E-16,
1.76981131438459));
#8429=CARTESIAN_POINT('Ctrl Pts',(1.13038387919058,0.0616249119721747,1.76981131438459));
#8430=CARTESIAN_POINT('Ctrl Pts',(1.16044756405227,0.194521260312615,1.75135688045299));
#8431=CARTESIAN_POINT('Ctrl Pts',(1.27139816514221,0.338779362499309,1.67385590410034));
#8432=CARTESIAN_POINT('Ctrl Pts',(1.46231949002288,0.443796637712388,1.51827698782983));
#8433=CARTESIAN_POINT('Ctrl Pts',(1.64887972605437,0.388003530328099,1.30939892394462));
#8434=CARTESIAN_POINT('Ctrl Pts',(1.75093965683082,0.193678962754928,1.15981270127184));
#8435=CARTESIAN_POINT('Ctrl Pts',(1.76981131438459,0.0616249119721751,1.13038387919058));
#8436=CARTESIAN_POINT('Ctrl Pts',(1.76981131438459,-5.13131742011989E-19,
1.13038387919058));
#8437=CARTESIAN_POINT('Origin',(0.,0.,0.));
#8438=CARTESIAN_POINT('',(1.15246218392968,0.,1.75551437404246));
#8439=CARTESIAN_POINT('Origin',(0.,0.,0.));
#8440=CARTESIAN_POINT('Ctrl Pts',(1.75551437404246,-3.31765481201315E-30,
1.15246218392968));
#8441=CARTESIAN_POINT('Ctrl Pts',(1.75551437404246,0.0448462140401569,1.15246218392968));
#8442=CARTESIAN_POINT('Ctrl Pts',(1.75059889308176,0.0926400319721468,1.16005703123292));
#8443=CARTESIAN_POINT('Ctrl Pts',(1.73029836320967,0.180981132984229,1.19012455804469));
#8444=CARTESIAN_POINT('Ctrl Pts',(1.71486062108846,0.221543895181683,1.21251610210931));
#8445=CARTESIAN_POINT('Ctrl Pts',(1.67965106295348,0.285180247340983,1.26079995714665));
#8446=CARTESIAN_POINT('Ctrl Pts',(1.65511242095248,0.316038915962018,1.29305644796454));
#8447=CARTESIAN_POINT('Ctrl Pts',(1.59174226222679,0.370642899791789,1.37126552777301));
#8448=CARTESIAN_POINT('Ctrl Pts',(1.53588292894191,0.39131193804567,1.43396548566031));
#8449=CARTESIAN_POINT('Ctrl Pts',(1.43396548566031,0.39131193804567,1.53588292894191));
#8450=CARTESIAN_POINT('Ctrl Pts',(1.37126552777301,0.370642899791788,1.59174226222679));
#8451=CARTESIAN_POINT('Ctrl Pts',(1.29305644796454,0.316038915962017,1.65511242095248));
#8452=CARTESIAN_POINT('Ctrl Pts',(1.26079995714665,0.285180247340983,1.67965106295348));
#8453=CARTESIAN_POINT('Ctrl Pts',(1.21251610210931,0.221543895181682,1.71486062108846));
#8454=CARTESIAN_POINT('Ctrl Pts',(1.19012455804469,0.180981132984228,1.73029836320967));
#8455=CARTESIAN_POINT('Ctrl Pts',(1.16005703123292,0.0926400319721465,1.75059889308176));
#8456=CARTESIAN_POINT('Ctrl Pts',(1.15246218392968,0.0448462140401568,1.75551437404246));
#8457=CARTESIAN_POINT('Ctrl Pts',(1.15246218392968,0.,1.75551437404246));
#8458=CARTESIAN_POINT('Origin',(0.,0.145,0.));
#8459=CARTESIAN_POINT('',(1.32022873134625,0.139999999999975,0.712036513350991));
#8460=CARTESIAN_POINT('Origin',(0.,0.14,0.));
#8461=CARTESIAN_POINT('',(1.32928106084697,0.15,0.71631819746546));
#8462=CARTESIAN_POINT('Ctrl Pts',(1.32928106084697,0.15,0.71631819746546));
#8463=CARTESIAN_POINT('Ctrl Pts',(1.32631270500224,0.146686239171939,0.714841200878252));
#8464=CARTESIAN_POINT('Ctrl Pts',(1.32329425136999,0.143351332404179,0.713412581661636));
#8465=CARTESIAN_POINT('Ctrl Pts',(1.32022873134623,0.139999999999988,0.712036513350999));
#8466=CARTESIAN_POINT('Origin',(0.,0.15,0.));
#8467=CARTESIAN_POINT('Origin',(0.,0.,0.));
#8468=CARTESIAN_POINT('Ctrl Pts',(1.32022873134625,0.139999999999974,0.712036513350997));
#8469=CARTESIAN_POINT('Ctrl Pts',(1.32633240550219,0.0939186768896556,0.700719332509348));
#8470=CARTESIAN_POINT('Ctrl Pts',(1.32919983178886,0.0463231272168438,0.695145816782077));
#8471=CARTESIAN_POINT('Ctrl Pts',(1.32919983178886,0.,0.695145816782077));
#8472=CARTESIAN_POINT('Origin',(0.,0.145,0.));
#8473=CARTESIAN_POINT('',(1.32928106084697,0.15,-0.71631819746546));
#8474=CARTESIAN_POINT('',(1.32022873134625,0.139999999999976,-0.712036513350991));
#8475=CARTESIAN_POINT('Ctrl Pts',(1.32022873134623,0.139999999999988,-0.712036513350998));
#8476=CARTESIAN_POINT('Ctrl Pts',(1.32329430947075,0.143351395921931,-0.713412607742238));
#8477=CARTESIAN_POINT('Ctrl Pts',(1.32631260923985,0.14668613226641,-0.714841153228733));
#8478=CARTESIAN_POINT('Ctrl Pts',(1.32928106084713,0.150000000000183,-0.716318197465541));
#8479=CARTESIAN_POINT('Origin',(0.,0.14,0.));
#8480=CARTESIAN_POINT('Origin',(0.,0.15,0.));
#8481=CARTESIAN_POINT('Origin',(0.,0.,0.));
#8482=CARTESIAN_POINT('',(1.32919983178886,0.,-0.695145816782077));
#8483=CARTESIAN_POINT('Ctrl Pts',(1.32919983178886,8.67361737988404E-18,
-0.695145816782077));
#8484=CARTESIAN_POINT('Ctrl Pts',(1.32919983178886,0.0463231274222653,-0.695145816782077));
#8485=CARTESIAN_POINT('Ctrl Pts',(1.32633240551008,0.09391867683007,-0.700719332494715));
#8486=CARTESIAN_POINT('Ctrl Pts',(1.32022873134625,0.139999999999974,-0.712036513350997));
#8487=CARTESIAN_POINT('Origin',(0.,0.,0.));
#8488=CARTESIAN_POINT('Origin',(0.,0.145,0.));
#8489=CARTESIAN_POINT('',(0.712036513350992,0.139999999999975,-1.32022873134625));
#8490=CARTESIAN_POINT('Origin',(0.,0.14,0.));
#8491=CARTESIAN_POINT('',(0.71631819746546,0.15,-1.32928106084697));
#8492=CARTESIAN_POINT('Ctrl Pts',(0.71631819746546,0.15,-1.32928106084697));
#8493=CARTESIAN_POINT('Ctrl Pts',(0.714841200878252,0.146686239171939,-1.32631270500224));
#8494=CARTESIAN_POINT('Ctrl Pts',(0.713412581661637,0.143351332404179,-1.32329425136999));
#8495=CARTESIAN_POINT('Ctrl Pts',(0.712036513350999,0.139999999999988,-1.32022873134623));
#8496=CARTESIAN_POINT('Origin',(0.,0.15,0.));
#8497=CARTESIAN_POINT('Origin',(0.,0.,0.));
#8498=CARTESIAN_POINT('Ctrl Pts',(0.712036513350997,0.139999999999974,-1.32022873134625));
#8499=CARTESIAN_POINT('Ctrl Pts',(0.700719332509349,0.0939186768896576,
-1.32633240550219));
#8500=CARTESIAN_POINT('Ctrl Pts',(0.695145816782077,0.0463231272168406,
-1.32919983178886));
#8501=CARTESIAN_POINT('Ctrl Pts',(0.695145816782077,0.,-1.32919983178886));
#8502=CARTESIAN_POINT('Origin',(0.,0.145,0.));
#8503=CARTESIAN_POINT('Origin',(0.,0.14,0.));
#8504=CARTESIAN_POINT('Origin',(0.,0.15,0.));
#8505=CARTESIAN_POINT('Origin',(0.,0.,0.));
#8506=CARTESIAN_POINT('Origin',(0.,0.145,0.));
#8507=CARTESIAN_POINT('Origin',(0.,0.14,0.));
#8508=CARTESIAN_POINT('Origin',(0.,0.15,0.));
#8509=CARTESIAN_POINT('Origin',(0.,0.,0.));
#8510=CARTESIAN_POINT('Origin',(0.,0.145,0.));
#8511=CARTESIAN_POINT('Origin',(0.,0.14,0.));
#8512=CARTESIAN_POINT('Origin',(0.,0.15,0.));
#8513=CARTESIAN_POINT('Origin',(0.,0.,0.));
#8514=CARTESIAN_POINT('Origin',(0.,0.,0.));
#8515=CARTESIAN_POINT('Origin',(0.,0.145,0.));
#8516=CARTESIAN_POINT('Origin',(0.,0.14,0.));
#8517=CARTESIAN_POINT('Origin',(0.,0.15,0.));
#8518=CARTESIAN_POINT('Origin',(0.,0.,0.));
#8519=CARTESIAN_POINT('Origin',(0.,0.145,0.));
#8520=CARTESIAN_POINT('',(0.71631819746546,0.15,1.32928106084697));
#8521=CARTESIAN_POINT('',(0.712036513350991,0.139999999999975,1.32022873134625));
#8522=CARTESIAN_POINT('Ctrl Pts',(0.712036513350998,0.139999999999988,1.32022873134623));
#8523=CARTESIAN_POINT('Ctrl Pts',(0.713412607742238,0.143351395921931,1.32329430947075));
#8524=CARTESIAN_POINT('Ctrl Pts',(0.714841153228733,0.14668613226641,1.32631260923985));
#8525=CARTESIAN_POINT('Ctrl Pts',(0.716318197465541,0.150000000000183,1.32928106084713));
#8526=CARTESIAN_POINT('Origin',(0.,0.14,0.));
#8527=CARTESIAN_POINT('Origin',(0.,0.15,0.));
#8528=CARTESIAN_POINT('Origin',(0.,0.,0.));
#8529=CARTESIAN_POINT('',(0.695145816782077,0.,1.32919983178886));
#8530=CARTESIAN_POINT('Ctrl Pts',(0.695145816782077,3.46944695195361E-17,
1.32919983178886));
#8531=CARTESIAN_POINT('Ctrl Pts',(0.695145816782077,0.0463231274222623,
1.32919983178886));
#8532=CARTESIAN_POINT('Ctrl Pts',(0.700719332494715,0.0939186768300721,
1.32633240551008));
#8533=CARTESIAN_POINT('Ctrl Pts',(0.712036513350997,0.139999999999974,1.32022873134625));
#8534=CARTESIAN_POINT('Origin',(0.,0.,0.));
#8535=CARTESIAN_POINT('Origin',(0.,0.145,0.));
#8536=CARTESIAN_POINT('Origin',(0.,0.14,0.));
#8537=CARTESIAN_POINT('Origin',(0.,0.15,0.));
#8538=CARTESIAN_POINT('Origin',(0.,0.,0.));
#8539=CARTESIAN_POINT('Origin',(0.,0.145,0.));
#8540=CARTESIAN_POINT('Origin',(0.,0.14,0.));
#8541=CARTESIAN_POINT('Origin',(0.,0.15,0.));
#8542=CARTESIAN_POINT('Origin',(0.,0.,0.));
#8543=CARTESIAN_POINT('Origin',(0.,0.,0.));
#8544=CARTESIAN_POINT('Origin',(0.,0.145,0.));
#8545=CARTESIAN_POINT('Origin',(0.,0.14,0.));
#8546=CARTESIAN_POINT('Origin',(0.,0.15,0.));
#8547=CARTESIAN_POINT('Origin',(0.,0.,0.));
#8548=CARTESIAN_POINT('Origin',(0.,0.145,0.));
#8549=CARTESIAN_POINT('Origin',(0.,0.14,0.));
#8550=CARTESIAN_POINT('Origin',(0.,0.15,0.));
#8551=CARTESIAN_POINT('Origin',(0.,0.,0.));
#8552=CARTESIAN_POINT('Origin',(0.,0.145,0.));
#8553=CARTESIAN_POINT('',(1.00946246766661,0.15,-1.71495928477984));
#8554=CARTESIAN_POINT('',(1.01760624391631,0.139999999999697,-1.72176576616234));
#8555=CARTESIAN_POINT('Ctrl Pts',(1.01760624391647,0.140000000000012,-1.72176576616224));
#8556=CARTESIAN_POINT('Ctrl Pts',(1.01483018827239,0.143324476234634,-1.7195447783607));
#8557=CARTESIAN_POINT('Ctrl Pts',(1.0121135190944,0.146660458231252,-1.71727394676018));
#8558=CARTESIAN_POINT('Ctrl Pts',(1.00946246766699,0.149999999999519,-1.71495928478017));
#8559=CARTESIAN_POINT('Origin',(0.,0.14,0.));
#8560=CARTESIAN_POINT('Origin',(0.,0.15,0.));
#8561=CARTESIAN_POINT('Origin',(0.,0.,0.));
#8562=CARTESIAN_POINT('Ctrl Pts',(0.998586127209087,-8.67361737988404E-18,
-1.73286628674333));
#8563=CARTESIAN_POINT('Ctrl Pts',(0.998586127209087,0.045639201490595,-1.73286628674333));
#8564=CARTESIAN_POINT('Ctrl Pts',(1.00482999031413,0.0938155775212489,-1.72931684871664));
#8565=CARTESIAN_POINT('Ctrl Pts',(1.01760624391639,0.139999999999668,-1.7217657661623));
#8566=CARTESIAN_POINT('Origin',(0.,0.145,0.));
#8567=CARTESIAN_POINT('',(1.72176576616234,0.139999999999697,-1.01760624391631));
#8568=CARTESIAN_POINT('Origin',(0.,0.14,0.));
#8569=CARTESIAN_POINT('',(1.71495928477984,0.15,-1.00946246766661));
#8570=CARTESIAN_POINT('Ctrl Pts',(1.71495928477946,0.150000000000546,-1.00946246766617));
#8571=CARTESIAN_POINT('Ctrl Pts',(1.71727398375521,0.14666040485567,-1.01211356146589));
#8572=CARTESIAN_POINT('Ctrl Pts',(1.71954464229255,0.14332467990767,-1.01483001819817));
#8573=CARTESIAN_POINT('Ctrl Pts',(1.72176576616224,0.140000000000012,-1.01760624391647));
#8574=CARTESIAN_POINT('Origin',(0.,0.15,0.));
#8575=CARTESIAN_POINT('Origin',(0.,0.,0.));
#8576=CARTESIAN_POINT('',(1.73286628674333,0.,-0.998586127209087));
#8577=CARTESIAN_POINT('Origin',(0.,0.,0.));
#8578=CARTESIAN_POINT('Ctrl Pts',(1.7217657661623,0.139999999999668,-1.01760624391639));
#8579=CARTESIAN_POINT('Ctrl Pts',(1.72931684873552,0.0938155774057352,-1.00482999028217));
#8580=CARTESIAN_POINT('Ctrl Pts',(1.73286628674333,0.0456392015252004,-0.998586127209087));
#8581=CARTESIAN_POINT('Ctrl Pts',(1.73286628674333,0.,-0.998586127209087));
#8582=CARTESIAN_POINT('Origin',(0.,0.145,0.));
#8583=CARTESIAN_POINT('',(1.71495928477984,0.15,1.00946246766661));
#8584=CARTESIAN_POINT('',(1.72176576616234,0.139999999999697,1.01760624391631));
#8585=CARTESIAN_POINT('Ctrl Pts',(1.72176576616224,0.140000000000012,1.01760624391647));
#8586=CARTESIAN_POINT('Ctrl Pts',(1.7195447783607,0.143324476234634,1.01483018827239));
#8587=CARTESIAN_POINT('Ctrl Pts',(1.71727394676018,0.146660458231252,1.0121135190944));
#8588=CARTESIAN_POINT('Ctrl Pts',(1.71495928478017,0.149999999999519,1.00946246766699));
#8589=CARTESIAN_POINT('Origin',(0.,0.14,0.));
#8590=CARTESIAN_POINT('Origin',(0.,0.15,0.));
#8591=CARTESIAN_POINT('Origin',(0.,0.,0.));
#8592=CARTESIAN_POINT('Ctrl Pts',(1.73286628674333,0.,0.998586127209087));
#8593=CARTESIAN_POINT('Ctrl Pts',(1.73286628674333,0.045639201490595,0.998586127209087));
#8594=CARTESIAN_POINT('Ctrl Pts',(1.72931684871664,0.0938155775212489,1.00482999031413));
#8595=CARTESIAN_POINT('Ctrl Pts',(1.7217657661623,0.139999999999668,1.01760624391639));
#8596=CARTESIAN_POINT('Origin',(0.,0.145,0.));
#8597=CARTESIAN_POINT('',(1.01760624391631,0.139999999999697,1.72176576616234));
#8598=CARTESIAN_POINT('Origin',(0.,0.14,0.));
#8599=CARTESIAN_POINT('',(1.00946246766661,0.15,1.71495928477984));
#8600=CARTESIAN_POINT('Ctrl Pts',(1.00946246766617,0.150000000000546,1.71495928477946));
#8601=CARTESIAN_POINT('Ctrl Pts',(1.01211356146589,0.146660404855669,1.71727398375521));
#8602=CARTESIAN_POINT('Ctrl Pts',(1.01483001819817,0.14332467990767,1.71954464229255));
#8603=CARTESIAN_POINT('Ctrl Pts',(1.01760624391647,0.140000000000012,1.72176576616224));
#8604=CARTESIAN_POINT('Origin',(0.,0.15,0.));
#8605=CARTESIAN_POINT('Origin',(0.,0.,0.));
#8606=CARTESIAN_POINT('',(0.998586127209087,0.,1.73286628674333));
#8607=CARTESIAN_POINT('Origin',(0.,0.,0.));
#8608=CARTESIAN_POINT('Ctrl Pts',(1.01760624391639,0.139999999999668,1.7217657661623));
#8609=CARTESIAN_POINT('Ctrl Pts',(1.00482999028217,0.0938155774057352,1.72931684873552));
#8610=CARTESIAN_POINT('Ctrl Pts',(0.998586127209087,0.0456392015252004,
1.73286628674333));
#8611=CARTESIAN_POINT('Ctrl Pts',(0.998586127209087,0.,1.73286628674333));
#8612=CARTESIAN_POINT('Origin',(-0.72394665847274,0.15,1.6279252194941));
#8613=CARTESIAN_POINT('Origin',(0.723946658472741,0.15,-1.6279252194941));
#8614=CARTESIAN_POINT('',(0.863271100740195,0.15,-1.61160257809498));
#8615=CARTESIAN_POINT('Origin',(1.23743683941759,0.15,-1.23743683941759));
#8616=CARTESIAN_POINT('Origin',(1.23743683941759,0.15,-1.23743683941759));
#8617=CARTESIAN_POINT('Origin',(1.6279252194941,0.15,-0.72394665847274));
#8618=CARTESIAN_POINT('Origin',(1.23743683941759,0.15,-1.23743683941759));
#8619=CARTESIAN_POINT('Origin',(1.23743683941759,0.,-1.23743683941759));
#8620=CARTESIAN_POINT('Origin',(1.23743683941759,0.,-1.23743683941759));
#8621=CARTESIAN_POINT('Origin',(1.23743683941759,0.,-1.23743683941759));
#8622=CARTESIAN_POINT('',(1.23743683941759,0.55,-1.23743683941759));
#8623=CARTESIAN_POINT('Origin',(1.23743683941759,0.,-1.23743683941759));
#8624=CARTESIAN_POINT('Origin',(1.23743686707646,0.,-1.23743686707646));
#8625=CARTESIAN_POINT('',(1.23743686707646,0.525,-1.23743686707646));
#8626=CARTESIAN_POINT('Origin',(1.23743686707646,0.,-1.23743686707646));
#8627=CARTESIAN_POINT('Origin',(1.23743686707646,0.,-1.23743686707646));
#8628=CARTESIAN_POINT('Origin',(0.723946658472741,0.15,1.6279252194941));
#8629=CARTESIAN_POINT('Origin',(1.23743683941759,0.15,1.23743683941759));
#8630=CARTESIAN_POINT('Origin',(1.23743683941759,0.,1.23743683941759));
#8631=CARTESIAN_POINT('Origin',(1.23743683941759,0.,1.23743683941759));
#8632=CARTESIAN_POINT('Origin',(1.23743683941759,0.,1.23743683941759));
#8633=CARTESIAN_POINT('',(1.61160257809498,0.15,0.863271100740195));
#8634=CARTESIAN_POINT('Origin',(1.23743683941759,0.15,1.23743683941759));
#8635=CARTESIAN_POINT('',(1.23743683941759,0.55,1.23743683941759));
#8636=CARTESIAN_POINT('Origin',(1.23743683941759,0.,1.23743683941759));
#8637=CARTESIAN_POINT('Origin',(1.23743683941759,0.15,1.23743683941759));
#8638=CARTESIAN_POINT('Origin',(1.6279252194941,0.15,0.723946658472741));
#8639=CARTESIAN_POINT('Origin',(0.,0.,0.));
#8640=CARTESIAN_POINT('',(1.35624997496605,0.,-0.347254831191393));
#8641=CARTESIAN_POINT('Origin',(0.,0.,0.));
#8642=CARTESIAN_POINT('Ctrl Pts',(1.35624997496605,-2.16840434497101E-17,
0.347254831191394));
#8643=CARTESIAN_POINT('Ctrl Pts',(1.35624997496605,0.0656595707575655,0.347254831191394));
#8644=CARTESIAN_POINT('Ctrl Pts',(1.36039228347165,0.134710197353418,0.332129439633125));
#8645=CARTESIAN_POINT('Ctrl Pts',(1.37049439097537,0.225316635316375,0.286337912702216));
#8646=CARTESIAN_POINT('Ctrl Pts',(1.37442796571498,0.253448039751705,0.267320332395702));
#8647=CARTESIAN_POINT('Ctrl Pts',(1.38232347624795,0.303113223225173,0.222905293097257));
#8648=CARTESIAN_POINT('Ctrl Pts',(1.38627816923964,0.324651321592487,0.197511376949781));
#8649=CARTESIAN_POINT('Ctrl Pts',(1.39258750034493,0.356939113483868,0.145882668038225));
#8650=CARTESIAN_POINT('Ctrl Pts',(1.39534634290126,0.369998740395575,0.117843919871035));
#8651=CARTESIAN_POINT('Ctrl Pts',(1.39905725965952,0.387184877953085,0.0590976913691165));
#8652=CARTESIAN_POINT('Ctrl Pts',(1.39999996870756,0.391311868073653,0.0283897600956124));
#8653=CARTESIAN_POINT('Ctrl Pts',(1.39999996870756,0.391311868073653,-0.0283897600956123));
#8654=CARTESIAN_POINT('Ctrl Pts',(1.39905725965952,0.387184877953085,-0.0590976913691164));
#8655=CARTESIAN_POINT('Ctrl Pts',(1.39534634290126,0.369998740395576,-0.117843919871035));
#8656=CARTESIAN_POINT('Ctrl Pts',(1.39258750034493,0.356939113483869,-0.145882668038225));
#8657=CARTESIAN_POINT('Ctrl Pts',(1.38627816923964,0.324651321592487,-0.197511376949781));
#8658=CARTESIAN_POINT('Ctrl Pts',(1.38232347624795,0.303113223225174,-0.222905293097256));
#8659=CARTESIAN_POINT('Ctrl Pts',(1.37442796571498,0.253448039751706,-0.267320332395702));
#8660=CARTESIAN_POINT('Ctrl Pts',(1.37049439097537,0.225316635316376,-0.286337912702216));
#8661=CARTESIAN_POINT('Ctrl Pts',(1.36039228347165,0.134710197353418,-0.332129439633125));
#8662=CARTESIAN_POINT('Ctrl Pts',(1.35624997496605,0.0656595707575656,-0.347254831191393));
#8663=CARTESIAN_POINT('Ctrl Pts',(1.35624997496605,0.,-0.347254831191393));
#8664=CARTESIAN_POINT('Origin',(1.75,0.,2.14313189850787E-16));
#8665=CARTESIAN_POINT('',(1.75,0.,-0.525));
#8666=CARTESIAN_POINT('Origin',(1.75,0.,2.14313189850787E-16));
#8667=CARTESIAN_POINT('',(1.75,0.525,1.82166211373169E-16));
#8668=CARTESIAN_POINT('Origin',(1.75,0.,2.14313189850787E-16));
#8669=CARTESIAN_POINT('Origin',(1.75,0.,2.14313189850787E-16));
#8670=CARTESIAN_POINT('Origin',(0.,0.,0.));
#8671=CARTESIAN_POINT('Origin',(1.23743686707646,0.,1.23743686707646));
#8672=CARTESIAN_POINT('',(1.23743686707646,0.525,1.23743686707646));
#8673=CARTESIAN_POINT('Origin',(1.23743686707646,0.,1.23743686707646));
#8674=CARTESIAN_POINT('Origin',(1.23743686707646,0.,1.23743686707646));
#8675=CARTESIAN_POINT('Origin',(0.,0.,0.));
#8676=CARTESIAN_POINT('',(0.347254831191393,0.,1.35624997496605));
#8677=CARTESIAN_POINT('Origin',(0.,0.,0.));
#8678=CARTESIAN_POINT('Ctrl Pts',(-0.347254831191394,-2.16840434497101E-17,
1.35624997496605));
#8679=CARTESIAN_POINT('Ctrl Pts',(-0.347254831191394,0.0656595707575655,
1.35624997496605));
#8680=CARTESIAN_POINT('Ctrl Pts',(-0.332129439633125,0.134710197353418,
1.36039228347165));
#8681=CARTESIAN_POINT('Ctrl Pts',(-0.286337912702216,0.225316635316375,
1.37049439097537));
#8682=CARTESIAN_POINT('Ctrl Pts',(-0.267320332395702,0.253448039751705,
1.37442796571498));
#8683=CARTESIAN_POINT('Ctrl Pts',(-0.222905293097257,0.303113223225173,
1.38232347624795));
#8684=CARTESIAN_POINT('Ctrl Pts',(-0.197511376949781,0.324651321592487,
1.38627816923964));
#8685=CARTESIAN_POINT('Ctrl Pts',(-0.145882668038225,0.356939113483868,
1.39258750034493));
#8686=CARTESIAN_POINT('Ctrl Pts',(-0.117843919871035,0.369998740395575,
1.39534634290126));
#8687=CARTESIAN_POINT('Ctrl Pts',(-0.0590976913691165,0.387184877953085,
1.39905725965952));
#8688=CARTESIAN_POINT('Ctrl Pts',(-0.0283897600956124,0.391311868073653,
1.39999996870756));
#8689=CARTESIAN_POINT('Ctrl Pts',(0.0283897600956124,0.391311868073653,
1.39999996870756));
#8690=CARTESIAN_POINT('Ctrl Pts',(0.0590976913691165,0.387184877953085,
1.39905725965952));
#8691=CARTESIAN_POINT('Ctrl Pts',(0.117843919871035,0.369998740395576,1.39534634290126));
#8692=CARTESIAN_POINT('Ctrl Pts',(0.145882668038225,0.356939113483869,1.39258750034493));
#8693=CARTESIAN_POINT('Ctrl Pts',(0.197511376949781,0.324651321592487,1.38627816923964));
#8694=CARTESIAN_POINT('Ctrl Pts',(0.222905293097256,0.303113223225174,1.38232347624795));
#8695=CARTESIAN_POINT('Ctrl Pts',(0.267320332395702,0.253448039751706,1.37442796571498));
#8696=CARTESIAN_POINT('Ctrl Pts',(0.286337912702216,0.225316635316376,1.37049439097537));
#8697=CARTESIAN_POINT('Ctrl Pts',(0.332129439633125,0.134710197353418,1.36039228347165));
#8698=CARTESIAN_POINT('Ctrl Pts',(0.347254831191394,0.0656595707575656,
1.35624997496605));
#8699=CARTESIAN_POINT('Ctrl Pts',(0.347254831191394,0.,1.35624997496605));
#8700=CARTESIAN_POINT('Origin',(-1.07156594925393E-16,0.,1.75));
#8701=CARTESIAN_POINT('',(0.525,0.,1.75));
#8702=CARTESIAN_POINT('Origin',(-1.07156594925393E-16,0.,1.75));
#8703=CARTESIAN_POINT('',(-7.50096164477754E-17,0.525,1.75));
#8704=CARTESIAN_POINT('Origin',(-1.07156594925393E-16,0.,1.75));
#8705=CARTESIAN_POINT('Origin',(-1.07156594925393E-16,0.,1.75));
#8706=CARTESIAN_POINT('Origin',(0.,0.,0.));
#8707=CARTESIAN_POINT('Origin',(-1.6279252194941,0.15,0.723946658472741));
#8708=CARTESIAN_POINT('Origin',(0.,0.,0.));
#8709=CARTESIAN_POINT('',(-1.75551437404246,0.,1.15246218392968));
#8710=CARTESIAN_POINT('Origin',(0.,0.,0.));
#8711=CARTESIAN_POINT('Ctrl Pts',(-1.15246218392968,-4.03684934588182E-30,
1.75551437404246));
#8712=CARTESIAN_POINT('Ctrl Pts',(-1.15246218392968,0.0448462140401569,
1.75551437404246));
#8713=CARTESIAN_POINT('Ctrl Pts',(-1.16005703123292,0.0926400319721468,
1.75059889308176));
#8714=CARTESIAN_POINT('Ctrl Pts',(-1.19012455804469,0.180981132984229,1.73029836320967));
#8715=CARTESIAN_POINT('Ctrl Pts',(-1.21251610210931,0.221543895181683,1.71486062108846));
#8716=CARTESIAN_POINT('Ctrl Pts',(-1.26079995714665,0.285180247340983,1.67965106295348));
#8717=CARTESIAN_POINT('Ctrl Pts',(-1.29305644796454,0.316038915962018,1.65511242095248));
#8718=CARTESIAN_POINT('Ctrl Pts',(-1.37126552777301,0.370642899791789,1.59174226222679));
#8719=CARTESIAN_POINT('Ctrl Pts',(-1.43396548566031,0.39131193804567,1.53588292894191));
#8720=CARTESIAN_POINT('Ctrl Pts',(-1.53588292894191,0.39131193804567,1.43396548566031));
#8721=CARTESIAN_POINT('Ctrl Pts',(-1.59174226222679,0.370642899791788,1.37126552777301));
#8722=CARTESIAN_POINT('Ctrl Pts',(-1.65511242095248,0.316038915962017,1.29305644796454));
#8723=CARTESIAN_POINT('Ctrl Pts',(-1.67965106295348,0.285180247340983,1.26079995714665));
#8724=CARTESIAN_POINT('Ctrl Pts',(-1.71486062108846,0.221543895181682,1.21251610210931));
#8725=CARTESIAN_POINT('Ctrl Pts',(-1.73029836320967,0.180981132984228,1.19012455804469));
#8726=CARTESIAN_POINT('Ctrl Pts',(-1.75059889308176,0.0926400319721465,
1.16005703123292));
#8727=CARTESIAN_POINT('Ctrl Pts',(-1.75551437404246,0.0448462140401568,
1.15246218392968));
#8728=CARTESIAN_POINT('Ctrl Pts',(-1.75551437404246,0.,1.15246218392968));
#8729=CARTESIAN_POINT('Origin',(-1.23743686707646,0.,1.23743686707646));
#8730=CARTESIAN_POINT('',(-1.23743686707646,0.525,1.23743686707646));
#8731=CARTESIAN_POINT('Origin',(-1.23743686707646,0.,1.23743686707646));
#8732=CARTESIAN_POINT('Origin',(-1.23743686707646,0.,1.23743686707646));
#8733=CARTESIAN_POINT('Origin',(-0.72394665847274,0.15,-1.6279252194941));
#8734=CARTESIAN_POINT('Origin',(0.,0.,0.));
#8735=CARTESIAN_POINT('Ctrl Pts',(0.347254831191394,-2.16840434497101E-17,
-1.35624997496605));
#8736=CARTESIAN_POINT('Ctrl Pts',(0.347254831191394,0.0656595707575655,
-1.35624997496605));
#8737=CARTESIAN_POINT('Ctrl Pts',(0.332129439633125,0.134710197353418,-1.36039228347165));
#8738=CARTESIAN_POINT('Ctrl Pts',(0.286337912702216,0.225316635316375,-1.37049439097537));
#8739=CARTESIAN_POINT('Ctrl Pts',(0.267320332395702,0.253448039751705,-1.37442796571498));
#8740=CARTESIAN_POINT('Ctrl Pts',(0.222905293097257,0.303113223225173,-1.38232347624795));
#8741=CARTESIAN_POINT('Ctrl Pts',(0.197511376949781,0.324651321592487,-1.38627816923964));
#8742=CARTESIAN_POINT('Ctrl Pts',(0.145882668038225,0.356939113483868,-1.39258750034493));
#8743=CARTESIAN_POINT('Ctrl Pts',(0.117843919871035,0.369998740395575,-1.39534634290126));
#8744=CARTESIAN_POINT('Ctrl Pts',(0.0590976913691166,0.387184877953085,
-1.39905725965952));
#8745=CARTESIAN_POINT('Ctrl Pts',(0.0283897600956125,0.391311868073653,
-1.39999996870756));
#8746=CARTESIAN_POINT('Ctrl Pts',(-0.0283897600956122,0.391311868073653,
-1.39999996870756));
#8747=CARTESIAN_POINT('Ctrl Pts',(-0.0590976913691163,0.387184877953085,
-1.39905725965952));
#8748=CARTESIAN_POINT('Ctrl Pts',(-0.117843919871035,0.369998740395576,
-1.39534634290126));
#8749=CARTESIAN_POINT('Ctrl Pts',(-0.145882668038225,0.356939113483869,
-1.39258750034493));
#8750=CARTESIAN_POINT('Ctrl Pts',(-0.197511376949781,0.324651321592487,
-1.38627816923964));
#8751=CARTESIAN_POINT('Ctrl Pts',(-0.222905293097256,0.303113223225174,
-1.38232347624795));
#8752=CARTESIAN_POINT('Ctrl Pts',(-0.267320332395702,0.253448039751706,
-1.37442796571498));
#8753=CARTESIAN_POINT('Ctrl Pts',(-0.286337912702215,0.225316635316376,
-1.37049439097537));
#8754=CARTESIAN_POINT('Ctrl Pts',(-0.332129439633125,0.134710197353418,
-1.36039228347165));
#8755=CARTESIAN_POINT('Ctrl Pts',(-0.347254831191393,0.0656595707575656,
-1.35624997496605));
#8756=CARTESIAN_POINT('Ctrl Pts',(-0.347254831191393,0.,-1.35624997496605));
#8757=CARTESIAN_POINT('Origin',(3.2146978477618E-16,0.,-1.75));
#8758=CARTESIAN_POINT('',(2.89322806298562E-16,0.525,-1.75));
#8759=CARTESIAN_POINT('Origin',(3.2146978477618E-16,0.,-1.75));
#8760=CARTESIAN_POINT('Origin',(-1.6279252194941,0.15,-0.723946658472741));
#8761=CARTESIAN_POINT('Origin',(0.,0.,0.));
#8762=CARTESIAN_POINT('Ctrl Pts',(-0.713467308347354,-2.16840434497101E-17,
-1.2045598002178));
#8763=CARTESIAN_POINT('Ctrl Pts',(-0.713467308347354,0.0656595707575655,
-1.2045598002178));
#8764=CARTESIAN_POINT('Ctrl Pts',(-0.727091629720381,0.134710197353418,
-1.19679358771292));
#8765=CARTESIAN_POINT('Ctrl Pts',(-0.766614397654272,0.225316635316375,
-1.17155735721935));
#8766=CARTESIAN_POINT('Ctrl Pts',(-0.782843315023452,0.253448039751705,
-1.16089135459554));
#8767=CARTESIAN_POINT('Ctrl Pts',(-0.819832459536843,0.303113223225173,
-1.13506814815973));
#8768=CARTESIAN_POINT('Ctrl Pts',(-0.840585060077537,0.324651321592487,
-1.1199083280829));
#8769=CARTESIAN_POINT('Ctrl Pts',(-0.881553441062108,0.356939113483868,
-1.08786268871694));
#8770=CARTESIAN_POINT('Ctrl Pts',(-0.90333062630692,0.369998740395575,-1.06998709603175));
#8771=CARTESIAN_POINT('Ctrl Pts',(-0.947494497253942,0.387184877953085,
-1.03107125389309));
#8772=CARTESIAN_POINT('Ctrl Pts',(-0.969874879654204,0.391311868073653,
-1.01002406341394));
#8773=CARTESIAN_POINT('Ctrl Pts',(-1.01002406341394,0.391311868073653,-0.969874879654204));
#8774=CARTESIAN_POINT('Ctrl Pts',(-1.03107125389309,0.387184877953085,-0.947494497253943));
#8775=CARTESIAN_POINT('Ctrl Pts',(-1.06998709603175,0.369998740395576,-0.903330626306921));
#8776=CARTESIAN_POINT('Ctrl Pts',(-1.08786268871694,0.356939113483869,-0.881553441062109));
#8777=CARTESIAN_POINT('Ctrl Pts',(-1.1199083280829,0.324651321592487,-0.840585060077538));
#8778=CARTESIAN_POINT('Ctrl Pts',(-1.13506814815973,0.303113223225174,-0.819832459536843));
#8779=CARTESIAN_POINT('Ctrl Pts',(-1.16089135459554,0.253448039751706,-0.782843315023453));
#8780=CARTESIAN_POINT('Ctrl Pts',(-1.17155735721935,0.225316635316376,-0.766614397654273));
#8781=CARTESIAN_POINT('Ctrl Pts',(-1.19679358771292,0.134710197353418,-0.727091629720382));
#8782=CARTESIAN_POINT('Ctrl Pts',(-1.2045598002178,0.0656595707575656,-0.713467308347355));
#8783=CARTESIAN_POINT('Ctrl Pts',(-1.2045598002178,0.,-0.713467308347355));
#8784=CARTESIAN_POINT('Origin',(-1.23743686707646,0.,-1.23743686707646));
#8785=CARTESIAN_POINT('',(-1.23743686707646,0.525,-1.23743686707646));
#8786=CARTESIAN_POINT('Origin',(-1.23743686707646,0.,-1.23743686707646));
#8787=CARTESIAN_POINT('Origin',(0.,0.,0.));
#8788=CARTESIAN_POINT('',(-1.35624997496605,0.,0.347254831191393));
#8789=CARTESIAN_POINT('Origin',(0.,0.,0.));
#8790=CARTESIAN_POINT('Ctrl Pts',(-1.35624997496605,-2.16840434497101E-17,
-0.347254831191394));
#8791=CARTESIAN_POINT('Ctrl Pts',(-1.35624997496605,0.0656595707575655,
-0.347254831191394));
#8792=CARTESIAN_POINT('Ctrl Pts',(-1.36039228347165,0.134710197353418,-0.332129439633125));
#8793=CARTESIAN_POINT('Ctrl Pts',(-1.37049439097537,0.225316635316375,-0.286337912702216));
#8794=CARTESIAN_POINT('Ctrl Pts',(-1.37442796571498,0.253448039751705,-0.267320332395702));
#8795=CARTESIAN_POINT('Ctrl Pts',(-1.38232347624795,0.303113223225173,-0.222905293097257));
#8796=CARTESIAN_POINT('Ctrl Pts',(-1.38627816923964,0.324651321592487,-0.197511376949781));
#8797=CARTESIAN_POINT('Ctrl Pts',(-1.39258750034493,0.356939113483868,-0.145882668038225));
#8798=CARTESIAN_POINT('Ctrl Pts',(-1.39534634290126,0.369998740395575,-0.117843919871035));
#8799=CARTESIAN_POINT('Ctrl Pts',(-1.39905725965952,0.387184877953085,-0.0590976913691164));
#8800=CARTESIAN_POINT('Ctrl Pts',(-1.39999996870756,0.391311868073653,-0.0283897600956123));
#8801=CARTESIAN_POINT('Ctrl Pts',(-1.39999996870756,0.391311868073653,0.0283897600956124));
#8802=CARTESIAN_POINT('Ctrl Pts',(-1.39905725965952,0.387184877953085,0.0590976913691165));
#8803=CARTESIAN_POINT('Ctrl Pts',(-1.39534634290126,0.369998740395576,0.117843919871035));
#8804=CARTESIAN_POINT('Ctrl Pts',(-1.39258750034493,0.356939113483869,0.145882668038225));
#8805=CARTESIAN_POINT('Ctrl Pts',(-1.38627816923964,0.324651321592487,0.197511376949781));
#8806=CARTESIAN_POINT('Ctrl Pts',(-1.38232347624795,0.303113223225174,0.222905293097256));
#8807=CARTESIAN_POINT('Ctrl Pts',(-1.37442796571498,0.253448039751706,0.267320332395702));
#8808=CARTESIAN_POINT('Ctrl Pts',(-1.37049439097537,0.225316635316376,0.286337912702216));
#8809=CARTESIAN_POINT('Ctrl Pts',(-1.36039228347165,0.134710197353418,0.332129439633125));
#8810=CARTESIAN_POINT('Ctrl Pts',(-1.35624997496605,0.0656595707575656,
0.347254831191394));
#8811=CARTESIAN_POINT('Ctrl Pts',(-1.35624997496605,0.,0.347254831191394));
#8812=CARTESIAN_POINT('Origin',(-1.75,0.,0.));
#8813=CARTESIAN_POINT('',(-1.75,0.,0.525));
#8814=CARTESIAN_POINT('Origin',(-1.75,0.,0.));
#8815=CARTESIAN_POINT('',(-1.75,0.525,3.2146978477618E-17));
#8816=CARTESIAN_POINT('Origin',(-1.75,0.,0.));
#8817=CARTESIAN_POINT('Origin',(-1.75,0.,0.));
#8818=CARTESIAN_POINT('Origin',(0.,0.,0.));
#8819=CARTESIAN_POINT('Origin',(1.61678918189475,0.,0.669696006638907));
#8820=CARTESIAN_POINT('',(1.61678918189475,0.,0.744696006638907));
#8821=CARTESIAN_POINT('Origin',(1.61678918189475,0.,0.669696006638907));
#8822=CARTESIAN_POINT('',(1.61678918189475,-0.15,0.744696006638907));
#8823=CARTESIAN_POINT('',(1.61678918189475,0.,0.744696006638907));
#8824=CARTESIAN_POINT('Origin',(1.61678918189475,-0.15,0.669696006638907));
#8825=CARTESIAN_POINT('Origin',(-1.61678918189475,0.,-0.669696006638906));
#8826=CARTESIAN_POINT('',(-1.54178918189475,0.,-0.669696006638906));
#8827=CARTESIAN_POINT('Origin',(-1.61678918189475,0.,-0.669696006638906));
#8828=CARTESIAN_POINT('',(-1.54178918189475,-0.15,-0.669696006638906));
#8829=CARTESIAN_POINT('',(-1.54178918189475,0.,-0.669696006638906));
#8830=CARTESIAN_POINT('Origin',(-1.61678918189475,-0.15,-0.669696006638906));
#8831=CARTESIAN_POINT('Origin',(-0.669696006638908,0.,-1.61678918189475));
#8832=CARTESIAN_POINT('',(-0.594696006638908,0.,-1.61678918189475));
#8833=CARTESIAN_POINT('Origin',(-0.669696006638908,0.,-1.61678918189475));
#8834=CARTESIAN_POINT('',(-0.594696006638908,-0.15,-1.61678918189475));
#8835=CARTESIAN_POINT('',(-0.594696006638908,0.,-1.61678918189475));
#8836=CARTESIAN_POINT('Origin',(-0.669696006638908,-0.15,-1.61678918189475));
#8837=CARTESIAN_POINT('Origin',(0.669696006638908,0.,1.61678918189475));
#8838=CARTESIAN_POINT('',(0.669696006638908,0.,1.69178918189475));
#8839=CARTESIAN_POINT('Origin',(0.669696006638908,0.,1.61678918189475));
#8840=CARTESIAN_POINT('',(0.669696006638908,-0.15,1.69178918189475));
#8841=CARTESIAN_POINT('',(0.669696006638908,0.,1.69178918189475));
#8842=CARTESIAN_POINT('Origin',(0.669696006638908,-0.15,1.61678918189475));
#8843=CARTESIAN_POINT('Origin',(1.61678918189475,0.,-0.669696006638907));
#8844=CARTESIAN_POINT('',(1.69178918189475,0.,-0.669696006638907));
#8845=CARTESIAN_POINT('Origin',(1.61678918189475,0.,-0.669696006638907));
#8846=CARTESIAN_POINT('',(1.69178918189475,-0.15,-0.669696006638907));
#8847=CARTESIAN_POINT('',(1.69178918189475,0.,-0.669696006638907));
#8848=CARTESIAN_POINT('Origin',(1.61678918189475,-0.15,-0.669696006638907));
#8849=CARTESIAN_POINT('Origin',(-1.61678918189475,0.,0.669696006638907));
#8850=CARTESIAN_POINT('',(-1.69178918189475,0.,0.669696006638907));
#8851=CARTESIAN_POINT('Origin',(-1.61678918189475,0.,0.669696006638907));
#8852=CARTESIAN_POINT('',(-1.69178918189475,-0.15,0.669696006638907));
#8853=CARTESIAN_POINT('',(-1.69178918189475,0.,0.669696006638907));
#8854=CARTESIAN_POINT('Origin',(-1.61678918189475,-0.15,0.669696006638907));
#8855=CARTESIAN_POINT('Origin',(0.669696006638907,0.,-1.61678918189475));
#8856=CARTESIAN_POINT('',(0.744696006638907,0.,-1.61678918189475));
#8857=CARTESIAN_POINT('Origin',(0.669696006638907,0.,-1.61678918189475));
#8858=CARTESIAN_POINT('',(0.744696006638907,-0.15,-1.61678918189475));
#8859=CARTESIAN_POINT('',(0.744696006638907,0.,-1.61678918189475));
#8860=CARTESIAN_POINT('Origin',(0.669696006638907,-0.15,-1.61678918189475));
#8861=CARTESIAN_POINT('Origin',(-0.669696006638907,0.,1.61678918189475));
#8862=CARTESIAN_POINT('',(-0.722729015227898,0.,1.66982219048374));
#8863=CARTESIAN_POINT('Origin',(-0.669696006638907,0.,1.61678918189475));
#8864=CARTESIAN_POINT('',(-0.722729015227898,-0.15,1.66982219048374));
#8865=CARTESIAN_POINT('',(-0.722729015227898,0.,1.66982219048374));
#8866=CARTESIAN_POINT('Origin',(-0.669696006638907,-0.15,1.61678918189475));
#8867=CARTESIAN_POINT('Ctrl Pts',(1.22943368571953,8.76805440216955E-18,
0.687495070199351));
#8868=CARTESIAN_POINT('Ctrl Pts',(1.22943368571953,-0.117834779450202,0.687495070199351));
#8869=CARTESIAN_POINT('Ctrl Pts',(1.19033642755783,-0.369674959927533,0.773712392316422));
#8870=CARTESIAN_POINT('Ctrl Pts',(0.997817348599537,-0.459262460336843,
1.00539219303483));
#8871=CARTESIAN_POINT('Ctrl Pts',(0.768091903512829,-0.332773908726908,
1.19005998256424));
#8872=CARTESIAN_POINT('Ctrl Pts',(0.687495070199351,-0.147293474312751,
1.22943368571953));
#8873=CARTESIAN_POINT('Ctrl Pts',(0.687495070199351,2.10433305652018E-16,
1.22943368571953));
#8874=CARTESIAN_POINT('Ctrl Pts',(1.2244534691284,8.6750562240746E-18,0.690471425661545));
#8875=CARTESIAN_POINT('Ctrl Pts',(1.2244534691284,-0.116584967427779,0.690471425661545));
#8876=CARTESIAN_POINT('Ctrl Pts',(1.18526106173374,-0.365507966280985,0.775881066599172));
#8877=CARTESIAN_POINT('Ctrl Pts',(0.995913802210052,-0.453258778581331,
1.00330385502357));
#8878=CARTESIAN_POINT('Ctrl Pts',(0.770209905444334,-0.32901573560598,1.18514227939203));
#8879=CARTESIAN_POINT('Ctrl Pts',(0.690471425661545,-0.145731209284723,
1.2244534691284));
#8880=CARTESIAN_POINT('Ctrl Pts',(0.690471425661545,2.08201349377739E-16,
1.2244534691284));
#8881=CARTESIAN_POINT('Ctrl Pts',(1.21947325253728,8.58205804597966E-18,
0.693447781123738));
#8882=CARTESIAN_POINT('Ctrl Pts',(1.21947325253728,-0.115335155405356,0.693447781123738));
#8883=CARTESIAN_POINT('Ctrl Pts',(1.18018569590966,-0.361340972634437,0.778049740881923));
#8884=CARTESIAN_POINT('Ctrl Pts',(0.994010255820566,-0.44725509682582,1.00121551701232));
#8885=CARTESIAN_POINT('Ctrl Pts',(0.772327907375839,-0.325257562485052,
1.18022457621982));
#8886=CARTESIAN_POINT('Ctrl Pts',(0.693447781123738,-0.144168944256695,
1.21947325253728));
#8887=CARTESIAN_POINT('Ctrl Pts',(0.693447781123738,2.05969393103461E-16,
1.21947325253728));
#8888=CARTESIAN_POINT('Ctrl Pts',(1.21449303594616,8.48905986788471E-18,
0.696424136585932));
#8889=CARTESIAN_POINT('Ctrl Pts',(1.21449303594616,-0.114085343382933,0.696424136585932));
#8890=CARTESIAN_POINT('Ctrl Pts',(1.17511033008557,-0.357173978987889,0.780218415164673));
#8891=CARTESIAN_POINT('Ctrl Pts',(0.99210670943108,-0.441251415070309,0.999127179001066));
#8892=CARTESIAN_POINT('Ctrl Pts',(0.774445909307344,-0.321499389364123,
1.17530687304761));
#8893=CARTESIAN_POINT('Ctrl Pts',(0.696424136585931,-0.142606679228666,
1.21449303594616));
#8894=CARTESIAN_POINT('Ctrl Pts',(0.696424136585931,2.03737436829183E-16,
1.21449303594616));
#8895=CARTESIAN_POINT('',(0.696424136585931,0.,1.21449303594616));
#8896=CARTESIAN_POINT('',(0.687495070199351,0.,1.22943368571953));
#8897=CARTESIAN_POINT('Ctrl Pts',(0.696424136585931,0.,1.21449303594616));
#8898=CARTESIAN_POINT('Ctrl Pts',(0.694935958854835,0.,1.21698314424172));
#8899=CARTESIAN_POINT('Ctrl Pts',(0.693447781123738,0.,1.21947325253728));
#8900=CARTESIAN_POINT('Ctrl Pts',(0.690471425661545,0.,1.2244534691284));
#8901=CARTESIAN_POINT('Ctrl Pts',(0.688983247930448,0.,1.22694357742397));
#8902=CARTESIAN_POINT('Ctrl Pts',(0.687495070199351,0.,1.22943368571953));
#8903=CARTESIAN_POINT('',(1.21449303594616,4.24452993394236E-18,0.696424136585932));
#8904=CARTESIAN_POINT('Ctrl Pts',(1.21449303594616,8.48905986788471E-18,
0.696424136585932));
#8905=CARTESIAN_POINT('Ctrl Pts',(1.21449303594616,-0.114085343382933,0.696424136585932));
#8906=CARTESIAN_POINT('Ctrl Pts',(1.17511033008557,-0.357173978987889,0.780218415164673));
#8907=CARTESIAN_POINT('Ctrl Pts',(0.99210670943108,-0.441251415070309,0.999127179001066));
#8908=CARTESIAN_POINT('Ctrl Pts',(0.774445909307344,-0.321499389364123,
1.17530687304761));
#8909=CARTESIAN_POINT('Ctrl Pts',(0.696424136585931,-0.142606679228666,
1.21449303594616));
#8910=CARTESIAN_POINT('Ctrl Pts',(0.696424136585931,2.03737436829183E-16,
1.21449303594616));
#8911=CARTESIAN_POINT('',(1.22943368571953,4.38402720108477E-18,0.687495070199351));
#8912=CARTESIAN_POINT('Ctrl Pts',(1.22943368571953,8.76805440216955E-18,
0.687495070199351));
#8913=CARTESIAN_POINT('Ctrl Pts',(1.22694357742397,8.76805440216955E-18,
0.688983247930448));
#8914=CARTESIAN_POINT('Ctrl Pts',(1.2244534691284,8.62855713502713E-18,
0.690471425661545));
#8915=CARTESIAN_POINT('Ctrl Pts',(1.21947325253728,8.62855713502713E-18,
0.693447781123738));
#8916=CARTESIAN_POINT('Ctrl Pts',(1.21698314424172,-1.27335898018236E-16,
0.694935958854835));
#8917=CARTESIAN_POINT('Ctrl Pts',(1.21449303594616,-1.27335898018236E-16,
0.696424136585932));
#8918=CARTESIAN_POINT('Ctrl Pts',(0.687495070199351,2.10433305652018E-16,
1.22943368571953));
#8919=CARTESIAN_POINT('Ctrl Pts',(0.687495070199351,-0.147293474312751,
1.22943368571953));
#8920=CARTESIAN_POINT('Ctrl Pts',(0.768091903512829,-0.332773908726908,
1.19005998256424));
#8921=CARTESIAN_POINT('Ctrl Pts',(0.997817348599537,-0.459262460336843,
1.00539219303483));
#8922=CARTESIAN_POINT('Ctrl Pts',(1.19033642755783,-0.369674959927533,0.773712392316422));
#8923=CARTESIAN_POINT('Ctrl Pts',(1.22943368571953,-0.117834779450202,0.687495070199351));
#8924=CARTESIAN_POINT('Ctrl Pts',(1.22943368571953,8.76805440216955E-18,
0.687495070199351));
#8925=CARTESIAN_POINT('Origin',(0.,0.,0.));
#8926=CARTESIAN_POINT('',(0.713467308347355,0.,1.2045598002178));
#8927=CARTESIAN_POINT('Origin',(0.,0.,0.));
#8928=CARTESIAN_POINT('',(1.2045598002178,0.,0.713467308347355));
#8929=CARTESIAN_POINT('Ctrl Pts',(0.713467308347355,2.16840434497101E-17,
1.2045598002178));
#8930=CARTESIAN_POINT('Ctrl Pts',(0.713467308347355,-0.0656595707575655,
1.2045598002178));
#8931=CARTESIAN_POINT('Ctrl Pts',(0.727091629720382,-0.134710197353418,
1.19679358771292));
#8932=CARTESIAN_POINT('Ctrl Pts',(0.766614397654272,-0.225316635316375,
1.17155735721935));
#8933=CARTESIAN_POINT('Ctrl Pts',(0.782843315023452,-0.253448039751705,
1.16089135459554));
#8934=CARTESIAN_POINT('Ctrl Pts',(0.819832459536843,-0.303113223225173,
1.13506814815973));
#8935=CARTESIAN_POINT('Ctrl Pts',(0.840585060077537,-0.324651321592487,
1.1199083280829));
#8936=CARTESIAN_POINT('Ctrl Pts',(0.881553441062109,-0.356939113483868,
1.08786268871694));
#8937=CARTESIAN_POINT('Ctrl Pts',(0.90333062630692,-0.369998740395575,1.06998709603175));
#8938=CARTESIAN_POINT('Ctrl Pts',(0.947494497253942,-0.387184877953085,
1.03107125389309));
#8939=CARTESIAN_POINT('Ctrl Pts',(0.969874879654204,-0.391311868073653,
1.01002406341394));
#8940=CARTESIAN_POINT('Ctrl Pts',(1.01002406341394,-0.391311868073653,0.969874879654204));
#8941=CARTESIAN_POINT('Ctrl Pts',(1.03107125389309,-0.387184877953085,0.947494497253942));
#8942=CARTESIAN_POINT('Ctrl Pts',(1.06998709603175,-0.369998740395576,0.903330626306921));
#8943=CARTESIAN_POINT('Ctrl Pts',(1.08786268871694,-0.356939113483869,0.881553441062109));
#8944=CARTESIAN_POINT('Ctrl Pts',(1.1199083280829,-0.324651321592487,0.840585060077538));
#8945=CARTESIAN_POINT('Ctrl Pts',(1.13506814815973,-0.303113223225174,0.819832459536843));
#8946=CARTESIAN_POINT('Ctrl Pts',(1.16089135459554,-0.253448039751706,0.782843315023452));
#8947=CARTESIAN_POINT('Ctrl Pts',(1.17155735721935,-0.225316635316376,0.766614397654273));
#8948=CARTESIAN_POINT('Ctrl Pts',(1.19679358771292,-0.134710197353418,0.727091629720382));
#8949=CARTESIAN_POINT('Ctrl Pts',(1.2045598002178,-0.0656595707575656,0.713467308347355));
#8950=CARTESIAN_POINT('Ctrl Pts',(1.2045598002178,0.,0.713467308347355));
#8951=CARTESIAN_POINT('Origin',(0.,0.,0.));
#8952=CARTESIAN_POINT('Origin',(0.,0.,0.));
#8953=CARTESIAN_POINT('',(1.6086679271994,0.,0.866205806953521));
#8954=CARTESIAN_POINT('Origin',(1.23743686707646,0.,1.23743686707646));
#8955=CARTESIAN_POINT('',(1.75551437404246,0.,1.15246218392968));
#8956=CARTESIAN_POINT('Origin',(1.23743686707646,0.,1.23743686707646));
#8957=CARTESIAN_POINT('',(1.76981131438459,0.,1.13038387919058));
#8958=CARTESIAN_POINT('Origin',(0.,0.,0.));
#8959=CARTESIAN_POINT('',(1.77298533786658,0.,1.11218586812783));
#8960=CARTESIAN_POINT('Ctrl Pts',(1.76981131438459,-6.75862586282366E-17,
1.13038387919058));
#8961=CARTESIAN_POINT('Ctrl Pts',(1.77034031829825,-6.75862586282366E-17,
1.12735087734678));
#8962=CARTESIAN_POINT('Ctrl Pts',(1.77086932221192,0.,1.12431787550299));
#8963=CARTESIAN_POINT('Ctrl Pts',(1.77192733003925,0.,1.11825187181541));
#8964=CARTESIAN_POINT('Ctrl Pts',(1.77245633395292,-7.06650490803085E-17,
1.11521886997162));
#8965=CARTESIAN_POINT('Ctrl Pts',(1.77298533786658,-7.06650490803085E-17,
1.11218586812783));
#8966=CARTESIAN_POINT('',(1.73286628674333,0.,0.998586127209087));
#8967=CARTESIAN_POINT('Origin',(1.23743683941759,0.,1.23743683941759));
#8968=CARTESIAN_POINT('',(1.93142852439412,0.,0.519214480097405));
#8969=CARTESIAN_POINT('Origin',(0.,0.,0.));
#8970=CARTESIAN_POINT('',(2.04012412464282,4.41656556751945E-18,0.467255786056747));
#8971=CARTESIAN_POINT('Origin',(1.74999996088445,0.,2.14313185060514E-16));
#8972=CARTESIAN_POINT('',(2.05074768814163,4.22414116426495E-18,0.452143475502409));
#8973=CARTESIAN_POINT('Ctrl Pts',(2.04012412464282,8.83313113503891E-18,
0.467255786056747));
#8974=CARTESIAN_POINT('Ctrl Pts',(2.04189471855929,8.83313113503891E-18,
0.464737067631024));
#8975=CARTESIAN_POINT('Ctrl Pts',(2.04366531247576,8.6407067317844E-18,
0.462218349205301));
#8976=CARTESIAN_POINT('Ctrl Pts',(2.04720650030869,8.6407067317844E-18,
0.457180912353855));
#8977=CARTESIAN_POINT('Ctrl Pts',(2.04897709422516,-2.61896752184416E-16,
0.454662193928132));
#8978=CARTESIAN_POINT('Ctrl Pts',(2.05074768814163,-2.61896752184416E-16,
0.452143475502409));
#8979=CARTESIAN_POINT('',(2.05624994367361,0.,0.426422293038146));
#8980=CARTESIAN_POINT('Origin',(0.,0.,0.));
#8981=CARTESIAN_POINT('',(1.35624997496605,0.,0.347254831191394));
#8982=CARTESIAN_POINT('Origin',(1.75,0.,2.14313189850787E-16));
#8983=CARTESIAN_POINT('',(1.35122249098326,0.,0.366330031859466));
#8984=CARTESIAN_POINT('Origin',(0.,0.,0.));
#8985=CARTESIAN_POINT('',(1.35547332236173,0.,0.383208470021166));
#8986=CARTESIAN_POINT('Ctrl Pts',(1.35122249098326,3.39562394715302E-17,
0.366330031859466));
#8987=CARTESIAN_POINT('Ctrl Pts',(1.35193096287967,3.39562394715302E-17,
0.369143104886416));
#8988=CARTESIAN_POINT('Ctrl Pts',(1.35263943477609,0.,0.371956177913366));
#8989=CARTESIAN_POINT('Ctrl Pts',(1.35405637856891,0.,0.377582323967266));
#8990=CARTESIAN_POINT('Ctrl Pts',(1.35476485046532,3.50722176086693E-17,
0.380395396994216));
#8991=CARTESIAN_POINT('Ctrl Pts',(1.35547332236173,3.50722176086693E-17,
0.383208470021166));
#8992=CARTESIAN_POINT('',(1.43142853556999,0.,0.448343893649856));
#8993=CARTESIAN_POINT('Origin',(1.74999996088445,0.,2.14313185060514E-16));
#8994=CARTESIAN_POINT('',(1.32919983178886,0.,0.695145816782077));
#8995=CARTESIAN_POINT('Origin',(0.,0.,0.));
#8996=CARTESIAN_POINT('Origin',(1.23743683941759,0.,1.23743683941759));
#8997=CARTESIAN_POINT('Ctrl Pts',(1.35547332236173,8.76805440216732E-18,
-0.383208470021166));
#8998=CARTESIAN_POINT('Ctrl Pts',(1.35547332236173,-0.117834779450201,-0.383208470021166));
#8999=CARTESIAN_POINT('Ctrl Pts',(1.3887835203807,-0.369692937418354,-0.29460760831385));
#9000=CARTESIAN_POINT('Ctrl Pts',(1.41647730675074,-0.459279076651599,0.00535183192255002));
#9001=CARTESIAN_POINT('Ctrl Pts',(1.38461408927261,-0.332795704081833,0.298372939771574));
#9002=CARTESIAN_POINT('Ctrl Pts',(1.35547332236173,-0.147293474312751,0.383208470021166));
#9003=CARTESIAN_POINT('Ctrl Pts',(1.35547332236173,2.10433305652019E-16,
0.383208470021166));
#9004=CARTESIAN_POINT('Ctrl Pts',(1.35405637856891,8.6750562240724E-18,
-0.377582323967266));
#9005=CARTESIAN_POINT('Ctrl Pts',(1.35405637856891,-0.116584967427779,-0.377582323967266));
#9006=CARTESIAN_POINT('Ctrl Pts',(1.38672838186312,-0.365526113279108,-0.289485375071083));
#9007=CARTESIAN_POINT('Ctrl Pts',(1.41365475759272,-0.453275489491154,0.00522113136974971));
#9008=CARTESIAN_POINT('Ctrl Pts',(1.38263460956785,-0.32903769289814,0.293397839842207));
#9009=CARTESIAN_POINT('Ctrl Pts',(1.35405637856891,-0.145731209284723,0.377582323967266));
#9010=CARTESIAN_POINT('Ctrl Pts',(1.35405637856891,2.08201349377741E-16,
0.377582323967266));
#9011=CARTESIAN_POINT('Ctrl Pts',(1.35263943477609,8.58205804597747E-18,
-0.371956177913366));
#9012=CARTESIAN_POINT('Ctrl Pts',(1.35263943477609,-0.115335155405356,-0.371956177913366));
#9013=CARTESIAN_POINT('Ctrl Pts',(1.38467324334555,-0.361359289139863,-0.284363141828317));
#9014=CARTESIAN_POINT('Ctrl Pts',(1.41083220843469,-0.447271902330709,0.00509043081695024));
#9015=CARTESIAN_POINT('Ctrl Pts',(1.3806551298631,-0.325279681714447,0.288422739912841));
#9016=CARTESIAN_POINT('Ctrl Pts',(1.35263943477609,-0.144168944256695,0.371956177913366));
#9017=CARTESIAN_POINT('Ctrl Pts',(1.35263943477609,2.05969393103463E-16,
0.371956177913366));
#9018=CARTESIAN_POINT('Ctrl Pts',(1.35122249098326,8.48905986788255E-18,
-0.366330031859466));
#9019=CARTESIAN_POINT('Ctrl Pts',(1.35122249098326,-0.114085343382933,-0.366330031859466));
#9020=CARTESIAN_POINT('Ctrl Pts',(1.38261810482797,-0.357192465000617,-0.27924090858555));
#9021=CARTESIAN_POINT('Ctrl Pts',(1.40800965927667,-0.441268315170263,0.00495973026414984));
#9022=CARTESIAN_POINT('Ctrl Pts',(1.37867565015834,-0.321521670530754,0.283447639983473));
#9023=CARTESIAN_POINT('Ctrl Pts',(1.35122249098326,-0.142606679228666,0.366330031859466));
#9024=CARTESIAN_POINT('Ctrl Pts',(1.35122249098326,2.03737436829185E-16,
0.366330031859466));
#9025=CARTESIAN_POINT('',(1.35122249098326,4.24452993394128E-18,-0.366330031859466));
#9026=CARTESIAN_POINT('Ctrl Pts',(1.35122249098326,8.48905986788255E-18,
-0.366330031859466));
#9027=CARTESIAN_POINT('Ctrl Pts',(1.35122249098326,-0.114085343382933,-0.366330031859466));
#9028=CARTESIAN_POINT('Ctrl Pts',(1.38261810482797,-0.357192465000617,-0.27924090858555));
#9029=CARTESIAN_POINT('Ctrl Pts',(1.40800965927667,-0.441268315170263,0.00495973026414984));
#9030=CARTESIAN_POINT('Ctrl Pts',(1.37867565015834,-0.321521670530754,0.283447639983473));
#9031=CARTESIAN_POINT('Ctrl Pts',(1.35122249098326,-0.142606679228666,0.366330031859466));
#9032=CARTESIAN_POINT('Ctrl Pts',(1.35122249098326,2.03737436829185E-16,
0.366330031859466));
#9033=CARTESIAN_POINT('',(1.35547332236173,4.38402720108366E-18,-0.383208470021166));
#9034=CARTESIAN_POINT('Ctrl Pts',(1.35547332236173,8.76805440216732E-18,
-0.383208470021166));
#9035=CARTESIAN_POINT('Ctrl Pts',(1.35476485046532,8.76805440216732E-18,
-0.380395396994216));
#9036=CARTESIAN_POINT('Ctrl Pts',(1.35405637856891,8.62855713502494E-18,
-0.377582323967266));
#9037=CARTESIAN_POINT('Ctrl Pts',(1.35263943477609,8.62855713502494E-18,
-0.371956177913366));
#9038=CARTESIAN_POINT('Ctrl Pts',(1.35193096287967,8.48905986788255E-18,
-0.369143104886416));
#9039=CARTESIAN_POINT('Ctrl Pts',(1.35122249098326,8.48905986788255E-18,
-0.366330031859466));
#9040=CARTESIAN_POINT('Ctrl Pts',(1.35547332236173,2.10433305652019E-16,
0.383208470021166));
#9041=CARTESIAN_POINT('Ctrl Pts',(1.35547332236173,-0.147293474312751,0.383208470021166));
#9042=CARTESIAN_POINT('Ctrl Pts',(1.38461408927261,-0.332795704081833,0.298372939771574));
#9043=CARTESIAN_POINT('Ctrl Pts',(1.41647730675074,-0.459279076651599,0.00535183192255002));
#9044=CARTESIAN_POINT('Ctrl Pts',(1.3887835203807,-0.369692937418354,-0.29460760831385));
#9045=CARTESIAN_POINT('Ctrl Pts',(1.35547332236173,-0.117834779450201,-0.383208470021166));
#9046=CARTESIAN_POINT('Ctrl Pts',(1.35547332236173,8.76805440216732E-18,
-0.383208470021166));
#9047=CARTESIAN_POINT('Origin',(1.74999996088445,0.,2.14313185060514E-16));
#9048=CARTESIAN_POINT('',(1.43142853556999,0.,-0.448343893649856));
#9049=CARTESIAN_POINT('Origin',(1.74999996088445,0.,2.14313185060514E-16));
#9050=CARTESIAN_POINT('',(1.43702853569516,-0.139999999999976,-0.430056841609334));
#9051=CARTESIAN_POINT('Ctrl Pts',(1.43702853569516,-0.139999999999974,-0.430056841609328));
#9052=CARTESIAN_POINT('Ctrl Pts',(1.43334202976393,-0.0939186768896576,
-0.442375246312191));
#9053=CARTESIAN_POINT('Ctrl Pts',(1.43142853556999,-0.0463231272168406,
-0.448343893649855));
#9054=CARTESIAN_POINT('Ctrl Pts',(1.43142853556999,0.,-0.448343893649855));
#9055=CARTESIAN_POINT('',(1.44645710714289,-0.15,-0.433430197312589));
#9056=CARTESIAN_POINT('Ctrl Pts',(1.44645710714289,-0.15,-0.433430197312589));
#9057=CARTESIAN_POINT('Ctrl Pts',(1.4433137682935,-0.146686239171939,-0.432375647068408));
#9058=CARTESIAN_POINT('Ctrl Pts',(1.44016921292564,-0.143351332404179,-0.431251464372152));
#9059=CARTESIAN_POINT('Ctrl Pts',(1.43702853569515,-0.139999999999988,-0.430056841609316));
#9060=CARTESIAN_POINT('',(1.74999996088445,-0.15,-0.529150262212918));
#9061=CARTESIAN_POINT('Origin',(1.74999996088445,-0.15,2.14313185060514E-16));
#9062=CARTESIAN_POINT('',(1.74999996088445,-0.55,1.80635398083961E-16));
#9063=CARTESIAN_POINT('Origin',(1.74999996088445,0.,2.14313185060514E-16));
#9064=CARTESIAN_POINT('',(1.92645709596702,-0.15,-0.498861583486293));
#9065=CARTESIAN_POINT('Origin',(1.74999996088445,-0.15,2.14313185060514E-16));
#9066=CARTESIAN_POINT('',(1.93702852451924,-0.139999999999697,-0.497915973217246));
#9067=CARTESIAN_POINT('Ctrl Pts',(1.93702852451928,-0.140000000000012,-0.497915973217058));
#9068=CARTESIAN_POINT('Ctrl Pts',(1.933495081213,-0.143324476234634,-0.498308465452544));
#9069=CARTESIAN_POINT('Ctrl Pts',(1.92996838559134,-0.146660458231252,-0.498623720226881));
#9070=CARTESIAN_POINT('Ctrl Pts',(1.92645709596753,-0.149999999999519,-0.498861583486259));
#9071=CARTESIAN_POINT('',(1.93142852439412,0.,-0.519214480097404));
#9072=CARTESIAN_POINT('Ctrl Pts',(1.93142852439412,3.60071382662955E-30,
-0.519214480097405));
#9073=CARTESIAN_POINT('Ctrl Pts',(1.93142852439412,-0.0456392014905951,
-0.519214480097405));
#9074=CARTESIAN_POINT('Ctrl Pts',(1.93333377063841,-0.0938155775212489,
-0.512289570456953));
#9075=CARTESIAN_POINT('Ctrl Pts',(1.93702852451926,-0.139999999999668,-0.49791597321716));
#9076=CARTESIAN_POINT('',(2.04012412464282,0.,-0.467255786056747));
#9077=CARTESIAN_POINT('Origin',(1.74999996088445,0.,2.14313185060514E-16));
#9078=CARTESIAN_POINT('Ctrl Pts',(2.04012412464282,4.0238001558931E-19,
-0.467255786056747));
#9079=CARTESIAN_POINT('Ctrl Pts',(2.04012412464282,-0.0644321422352576,
-0.467255786056747));
#9080=CARTESIAN_POINT('Ctrl Pts',(2.04813598512339,-0.202492634023807,-0.431533604431643));
#9081=CARTESIAN_POINT('Ctrl Pts',(2.08369983632711,-0.403780072398884,-0.246814317431699));
#9082=CARTESIAN_POINT('Ctrl Pts',(2.10019870984272,-0.460898821987815,0.0405721067179103));
#9083=CARTESIAN_POINT('Ctrl Pts',(2.07397376487046,-0.352867210854361,0.293050655132802));
#9084=CARTESIAN_POINT('Ctrl Pts',(2.048901940166,-0.203299060656971,0.431364045800496));
#9085=CARTESIAN_POINT('Ctrl Pts',(2.04012412464282,-0.0644321422352574,
0.467255786056747));
#9086=CARTESIAN_POINT('Ctrl Pts',(2.04012412464282,8.83313113503891E-18,
0.467255786056747));
#9087=CARTESIAN_POINT('',(1.93702852451924,-0.139999999999697,0.497915973217246));
#9088=CARTESIAN_POINT('Ctrl Pts',(1.93702852451926,-0.139999999999668,0.497915973217161));
#9089=CARTESIAN_POINT('Ctrl Pts',(1.93333377062917,-0.0938155774057352,
0.512289570492903));
#9090=CARTESIAN_POINT('Ctrl Pts',(1.93142852439412,-0.0456392015252004,
0.519214480097405));
#9091=CARTESIAN_POINT('Ctrl Pts',(1.93142852439412,0.,0.519214480097405));
#9092=CARTESIAN_POINT('',(1.92645709596702,-0.15,0.498861583486294));
#9093=CARTESIAN_POINT('Ctrl Pts',(1.92645709596645,-0.150000000000546,0.498861583486333));
#9094=CARTESIAN_POINT('Ctrl Pts',(1.92996844171195,-0.146660404855669,0.498623716425152));
#9095=CARTESIAN_POINT('Ctrl Pts',(1.93349486473765,-0.14332467990767,0.498308489498463));
#9096=CARTESIAN_POINT('Ctrl Pts',(1.93702852451928,-0.140000000000012,0.497915973217059));
#9097=CARTESIAN_POINT('',(1.44645710714289,-0.15,0.433430197312589));
#9098=CARTESIAN_POINT('Origin',(1.74999996088445,-0.15,2.14313185060514E-16));
#9099=CARTESIAN_POINT('',(1.43702853569516,-0.139999999999975,0.430056841609334));
#9100=CARTESIAN_POINT('Ctrl Pts',(1.43702853569515,-0.139999999999988,0.430056841609317));
#9101=CARTESIAN_POINT('Ctrl Pts',(1.44016927245085,-0.143351395921931,0.43125148701382));
#9102=CARTESIAN_POINT('Ctrl Pts',(1.44331366688597,-0.14668613226641,0.432375613047472));
#9103=CARTESIAN_POINT('Ctrl Pts',(1.44645710714306,-0.150000000000183,0.433430197312647));
#9104=CARTESIAN_POINT('Ctrl Pts',(1.43142853556999,1.73472347597681E-17,
0.448343893649856));
#9105=CARTESIAN_POINT('Ctrl Pts',(1.43142853556999,-0.0463231274222621,
0.448343893649856));
#9106=CARTESIAN_POINT('Ctrl Pts',(1.43334202975917,-0.0939186768300718,
0.442375246328119));
#9107=CARTESIAN_POINT('Ctrl Pts',(1.43702853569516,-0.139999999999974,0.430056841609328));
#9108=CARTESIAN_POINT('Ctrl Pts',(0.687495070199352,1.49056924836844E-16,
-1.22943368571953));
#9109=CARTESIAN_POINT('Ctrl Pts',(0.687495070199352,-0.117834779450201,
-1.22943368571953));
#9110=CARTESIAN_POINT('Ctrl Pts',(0.773712392316422,-0.369674959927533,
-1.19033642755783));
#9111=CARTESIAN_POINT('Ctrl Pts',(1.00539219303483,-0.459262460336843,-0.997817348599537));
#9112=CARTESIAN_POINT('Ctrl Pts',(1.19005998256424,-0.332773908726908,-0.768091903512829));
#9113=CARTESIAN_POINT('Ctrl Pts',(1.22943368571953,-0.147293474312752,-0.687495070199351));
#9114=CARTESIAN_POINT('Ctrl Pts',(1.22943368571953,1.05216652826008E-16,
-0.687495070199351));
#9115=CARTESIAN_POINT('Ctrl Pts',(0.690471425661545,1.47475955809231E-16,
-1.2244534691284));
#9116=CARTESIAN_POINT('Ctrl Pts',(0.690471425661545,-0.116584967427778,
-1.2244534691284));
#9117=CARTESIAN_POINT('Ctrl Pts',(0.775881066599173,-0.365507966280985,
-1.18526106173374));
#9118=CARTESIAN_POINT('Ctrl Pts',(1.00330385502357,-0.453258778581331,-0.995913802210052));
#9119=CARTESIAN_POINT('Ctrl Pts',(1.18514227939203,-0.32901573560598,-0.770209905444335));
#9120=CARTESIAN_POINT('Ctrl Pts',(1.2244534691284,-0.145731209284723,-0.690471425661545));
#9121=CARTESIAN_POINT('Ctrl Pts',(1.2244534691284,1.04100674688869E-16,
-0.690471425661545));
#9122=CARTESIAN_POINT('Ctrl Pts',(0.693447781123738,1.45894986781617E-16,
-1.21947325253728));
#9123=CARTESIAN_POINT('Ctrl Pts',(0.693447781123738,-0.115335155405356,
-1.21947325253728));
#9124=CARTESIAN_POINT('Ctrl Pts',(0.778049740881923,-0.361340972634437,
-1.18018569590966));
#9125=CARTESIAN_POINT('Ctrl Pts',(1.00121551701232,-0.44725509682582,-0.994010255820566));
#9126=CARTESIAN_POINT('Ctrl Pts',(1.18022457621982,-0.325257562485052,-0.772327907375839));
#9127=CARTESIAN_POINT('Ctrl Pts',(1.21947325253728,-0.144168944256695,-0.693447781123738));
#9128=CARTESIAN_POINT('Ctrl Pts',(1.21947325253728,1.0298469655173E-16,
-0.693447781123738));
#9129=CARTESIAN_POINT('Ctrl Pts',(0.696424136585932,1.44314017754004E-16,
-1.21449303594616));
#9130=CARTESIAN_POINT('Ctrl Pts',(0.696424136585932,-0.114085343382933,
-1.21449303594616));
#9131=CARTESIAN_POINT('Ctrl Pts',(0.780218415164674,-0.357173978987889,
-1.17511033008557));
#9132=CARTESIAN_POINT('Ctrl Pts',(0.999127179001067,-0.441251415070309,
-0.99210670943108));
#9133=CARTESIAN_POINT('Ctrl Pts',(1.17530687304761,-0.321499389364123,-0.774445909307345));
#9134=CARTESIAN_POINT('Ctrl Pts',(1.21449303594616,-0.142606679228666,-0.696424136585931));
#9135=CARTESIAN_POINT('Ctrl Pts',(1.21449303594616,1.01868718414591E-16,
-0.696424136585931));
#9136=CARTESIAN_POINT('',(1.21449303594616,0.,-0.696424136585931));
#9137=CARTESIAN_POINT('',(1.22943368571953,0.,-0.687495070199351));
#9138=CARTESIAN_POINT('Ctrl Pts',(1.21449303594616,6.79124789430624E-17,
-0.696424136585931));
#9139=CARTESIAN_POINT('Ctrl Pts',(1.21698314424172,6.79124789430624E-17,
-0.694935958854835));
#9140=CARTESIAN_POINT('Ctrl Pts',(1.21947325253728,0.,-0.693447781123738));
#9141=CARTESIAN_POINT('Ctrl Pts',(1.2244534691284,0.,-0.690471425661545));
#9142=CARTESIAN_POINT('Ctrl Pts',(1.22694357742397,7.01444352173405E-17,
-0.688983247930448));
#9143=CARTESIAN_POINT('Ctrl Pts',(1.22943368571953,7.01444352173405E-17,
-0.687495070199351));
#9144=CARTESIAN_POINT('',(0.696424136585932,4.24452993394128E-18,-1.21449303594616));
#9145=CARTESIAN_POINT('Ctrl Pts',(0.696424136585932,1.44314017754004E-16,
-1.21449303594616));
#9146=CARTESIAN_POINT('Ctrl Pts',(0.696424136585932,-0.114085343382933,
-1.21449303594616));
#9147=CARTESIAN_POINT('Ctrl Pts',(0.780218415164674,-0.357173978987889,
-1.17511033008557));
#9148=CARTESIAN_POINT('Ctrl Pts',(0.999127179001067,-0.441251415070309,
-0.99210670943108));
#9149=CARTESIAN_POINT('Ctrl Pts',(1.17530687304761,-0.321499389364123,-0.774445909307345));
#9150=CARTESIAN_POINT('Ctrl Pts',(1.21449303594616,-0.142606679228666,-0.696424136585931));
#9151=CARTESIAN_POINT('Ctrl Pts',(1.21449303594616,1.01868718414591E-16,
-0.696424136585931));
#9152=CARTESIAN_POINT('',(0.687495070199352,4.38402720108366E-18,-1.22943368571953));
#9153=CARTESIAN_POINT('Ctrl Pts',(0.687495070199352,-1.3152081603251E-16,
-1.22943368571953));
#9154=CARTESIAN_POINT('Ctrl Pts',(0.688983247930448,-1.3152081603251E-16,
-1.22694357742397));
#9155=CARTESIAN_POINT('Ctrl Pts',(0.690471425661545,-1.29428357025374E-16,
-1.2244534691284));
#9156=CARTESIAN_POINT('Ctrl Pts',(0.693447781123738,-1.29428357025374E-16,
-1.21947325253728));
#9157=CARTESIAN_POINT('Ctrl Pts',(0.694935958854835,1.44314017754004E-16,
-1.21698314424172));
#9158=CARTESIAN_POINT('Ctrl Pts',(0.696424136585932,1.44314017754004E-16,
-1.21449303594616));
#9159=CARTESIAN_POINT('Ctrl Pts',(1.22943368571953,1.05216652826008E-16,
-0.687495070199351));
#9160=CARTESIAN_POINT('Ctrl Pts',(1.22943368571953,-0.147293474312752,-0.687495070199351));
#9161=CARTESIAN_POINT('Ctrl Pts',(1.19005998256424,-0.332773908726908,-0.768091903512829));
#9162=CARTESIAN_POINT('Ctrl Pts',(1.00539219303483,-0.459262460336843,-0.997817348599537));
#9163=CARTESIAN_POINT('Ctrl Pts',(0.773712392316422,-0.369674959927533,
-1.19033642755783));
#9164=CARTESIAN_POINT('Ctrl Pts',(0.687495070199352,-0.117834779450201,
-1.22943368571953));
#9165=CARTESIAN_POINT('Ctrl Pts',(0.687495070199352,1.49056924836844E-16,
-1.22943368571953));
#9166=CARTESIAN_POINT('Origin',(0.,0.,0.));
#9167=CARTESIAN_POINT('',(1.2045598002178,0.,-0.713467308347355));
#9168=CARTESIAN_POINT('Origin',(0.,0.,0.));
#9169=CARTESIAN_POINT('',(0.713467308347355,0.,-1.2045598002178));
#9170=CARTESIAN_POINT('Ctrl Pts',(1.2045598002178,2.16840434497101E-17,
-0.713467308347355));
#9171=CARTESIAN_POINT('Ctrl Pts',(1.2045598002178,-0.0656595707575655,-0.713467308347355));
#9172=CARTESIAN_POINT('Ctrl Pts',(1.19679358771292,-0.134710197353418,-0.727091629720382));
#9173=CARTESIAN_POINT('Ctrl Pts',(1.17155735721935,-0.225316635316375,-0.766614397654272));
#9174=CARTESIAN_POINT('Ctrl Pts',(1.16089135459554,-0.253448039751705,-0.782843315023452));
#9175=CARTESIAN_POINT('Ctrl Pts',(1.13506814815973,-0.303113223225173,-0.819832459536843));
#9176=CARTESIAN_POINT('Ctrl Pts',(1.1199083280829,-0.324651321592487,-0.840585060077537));
#9177=CARTESIAN_POINT('Ctrl Pts',(1.08786268871694,-0.356939113483868,-0.881553441062109));
#9178=CARTESIAN_POINT('Ctrl Pts',(1.06998709603175,-0.369998740395575,-0.90333062630692));
#9179=CARTESIAN_POINT('Ctrl Pts',(1.03107125389309,-0.387184877953085,-0.947494497253942));
#9180=CARTESIAN_POINT('Ctrl Pts',(1.01002406341394,-0.391311868073653,-0.969874879654204));
#9181=CARTESIAN_POINT('Ctrl Pts',(0.969874879654204,-0.391311868073653,
-1.01002406341394));
#9182=CARTESIAN_POINT('Ctrl Pts',(0.947494497253943,-0.387184877953085,
-1.03107125389309));
#9183=CARTESIAN_POINT('Ctrl Pts',(0.903330626306921,-0.369998740395576,
-1.06998709603175));
#9184=CARTESIAN_POINT('Ctrl Pts',(0.881553441062109,-0.356939113483869,
-1.08786268871694));
#9185=CARTESIAN_POINT('Ctrl Pts',(0.840585060077538,-0.324651321592487,
-1.1199083280829));
#9186=CARTESIAN_POINT('Ctrl Pts',(0.819832459536843,-0.303113223225174,
-1.13506814815973));
#9187=CARTESIAN_POINT('Ctrl Pts',(0.782843315023452,-0.253448039751706,
-1.16089135459554));
#9188=CARTESIAN_POINT('Ctrl Pts',(0.766614397654273,-0.225316635316376,
-1.17155735721935));
#9189=CARTESIAN_POINT('Ctrl Pts',(0.727091629720382,-0.134710197353418,
-1.19679358771292));
#9190=CARTESIAN_POINT('Ctrl Pts',(0.713467308347355,-0.0656595707575656,
-1.2045598002178));
#9191=CARTESIAN_POINT('Ctrl Pts',(0.713467308347355,0.,-1.2045598002178));
#9192=CARTESIAN_POINT('Origin',(0.,0.,0.));
#9193=CARTESIAN_POINT('Origin',(0.,0.,0.));
#9194=CARTESIAN_POINT('',(0.866205806953521,0.,-1.6086679271994));
#9195=CARTESIAN_POINT('Origin',(1.23743686707646,0.,-1.23743686707646));
#9196=CARTESIAN_POINT('',(1.15246218392968,0.,-1.75551437404246));
#9197=CARTESIAN_POINT('Origin',(1.23743686707646,0.,-1.23743686707646));
#9198=CARTESIAN_POINT('',(1.13038387919058,0.,-1.76981131438459));
#9199=CARTESIAN_POINT('Origin',(0.,0.,0.));
#9200=CARTESIAN_POINT('',(1.11218586812783,0.,-1.77298533786658));
#9201=CARTESIAN_POINT('Ctrl Pts',(1.13038387919058,1.68965646570597E-16,
-1.76981131438459));
#9202=CARTESIAN_POINT('Ctrl Pts',(1.12735087734678,1.68965646570597E-16,
-1.77034031829825));
#9203=CARTESIAN_POINT('Ctrl Pts',(1.12431787550299,2.76502615417098E-16,
-1.77086932221192));
#9204=CARTESIAN_POINT('Ctrl Pts',(1.11825187181541,2.76502615417098E-16,
-1.77192733003925));
#9205=CARTESIAN_POINT('Ctrl Pts',(1.11521886997162,-3.53325245401488E-17,
-1.77245633395292));
#9206=CARTESIAN_POINT('Ctrl Pts',(1.11218586812783,-3.53325245401488E-17,
-1.77298533786658));
#9207=CARTESIAN_POINT('',(0.998586127209088,0.,-1.73286628674333));
#9208=CARTESIAN_POINT('Origin',(1.23743683941759,0.,-1.23743683941759));
#9209=CARTESIAN_POINT('',(0.519214480097405,0.,-1.93142852439412));
#9210=CARTESIAN_POINT('Origin',(0.,0.,0.));
#9211=CARTESIAN_POINT('',(0.467255786056747,4.41656556751928E-18,-2.04012412464282));
#9212=CARTESIAN_POINT('Origin',(3.21469777590771E-16,0.,-1.74999996088445));
#9213=CARTESIAN_POINT('',(0.452143475502409,4.22414116426478E-18,-2.05074768814163));
#9214=CARTESIAN_POINT('Ctrl Pts',(0.467255786056747,8.83313113503856E-18,
-2.04012412464282));
#9215=CARTESIAN_POINT('Ctrl Pts',(0.464737067631024,8.83313113503856E-18,
-2.04189471855929));
#9216=CARTESIAN_POINT('Ctrl Pts',(0.462218349205301,8.64070673178406E-18,
-2.04366531247576));
#9217=CARTESIAN_POINT('Ctrl Pts',(0.457180912353855,8.64070673178406E-18,
-2.04720650030869));
#9218=CARTESIAN_POINT('Ctrl Pts',(0.454662193928132,8.44828232852957E-18,
-2.04897709422516));
#9219=CARTESIAN_POINT('Ctrl Pts',(0.452143475502409,8.44828232852957E-18,
-2.05074768814163));
#9220=CARTESIAN_POINT('',(0.426422293038146,0.,-2.05624994367361));
#9221=CARTESIAN_POINT('Origin',(0.,0.,0.));
#9222=CARTESIAN_POINT('',(0.347254831191394,0.,-1.35624997496605));
#9223=CARTESIAN_POINT('Origin',(3.2146978477618E-16,0.,-1.75));
#9224=CARTESIAN_POINT('',(0.366330031859467,0.,-1.35122249098326));
#9225=CARTESIAN_POINT('Origin',(0.,0.,0.));
#9226=CARTESIAN_POINT('',(0.383208470021166,0.,-1.35547332236173));
#9227=CARTESIAN_POINT('Ctrl Pts',(0.366330031859467,1.69781197357651E-17,
-1.35122249098326));
#9228=CARTESIAN_POINT('Ctrl Pts',(0.369143104886417,1.69781197357651E-17,
-1.35193096287967));
#9229=CARTESIAN_POINT('Ctrl Pts',(0.371956177913366,0.,-1.35263943477609));
#9230=CARTESIAN_POINT('Ctrl Pts',(0.377582323967266,0.,-1.35405637856891));
#9231=CARTESIAN_POINT('Ctrl Pts',(0.380395396994216,1.75361088043346E-17,
-1.35476485046532));
#9232=CARTESIAN_POINT('Ctrl Pts',(0.383208470021166,1.75361088043346E-17,
-1.35547332236173));
#9233=CARTESIAN_POINT('',(0.448343893649856,0.,-1.43142853556999));
#9234=CARTESIAN_POINT('Origin',(3.21469777590771E-16,0.,-1.74999996088445));
#9235=CARTESIAN_POINT('',(0.695145816782077,0.,-1.32919983178886));
#9236=CARTESIAN_POINT('Origin',(0.,0.,0.));
#9237=CARTESIAN_POINT('Origin',(1.23743683941759,0.,-1.23743683941759));
#9238=CARTESIAN_POINT('Ctrl Pts',(-0.383208470021166,8.76805440216846E-18,
-1.35547332236173));
#9239=CARTESIAN_POINT('Ctrl Pts',(-0.383208470021166,-0.117834779450201,
-1.35547332236173));
#9240=CARTESIAN_POINT('Ctrl Pts',(-0.29460760831385,-0.369692937418354,
-1.3887835203807));
#9241=CARTESIAN_POINT('Ctrl Pts',(0.00535183192255,-0.459279076651599,-1.41647730675074));
#9242=CARTESIAN_POINT('Ctrl Pts',(0.298372939771574,-0.332795704081833,
-1.38461408927261));
#9243=CARTESIAN_POINT('Ctrl Pts',(0.383208470021166,-0.147293474312752,
-1.35547332236173));
#9244=CARTESIAN_POINT('Ctrl Pts',(0.383208470021166,1.92897196847681E-16,
-1.35547332236173));
#9245=CARTESIAN_POINT('Ctrl Pts',(-0.377582323967266,8.67505622407353E-18,
-1.35405637856891));
#9246=CARTESIAN_POINT('Ctrl Pts',(-0.377582323967266,-0.116584967427779,
-1.35405637856891));
#9247=CARTESIAN_POINT('Ctrl Pts',(-0.289485375071083,-0.365526113279108,
-1.38672838186312));
#9248=CARTESIAN_POINT('Ctrl Pts',(0.0052211313697499,-0.453275489491154,
-1.41365475759272));
#9249=CARTESIAN_POINT('Ctrl Pts',(0.293397839842207,-0.32903769289814,-1.38263460956785));
#9250=CARTESIAN_POINT('Ctrl Pts',(0.377582323967266,-0.145731209284723,
-1.35405637856891));
#9251=CARTESIAN_POINT('Ctrl Pts',(0.377582323967266,1.90851236929593E-16,
-1.35405637856891));
#9252=CARTESIAN_POINT('Ctrl Pts',(-0.371956177913366,8.58205804597859E-18,
-1.35263943477609));
#9253=CARTESIAN_POINT('Ctrl Pts',(-0.371956177913366,-0.115335155405356,
-1.35263943477609));
#9254=CARTESIAN_POINT('Ctrl Pts',(-0.284363141828317,-0.361359289139863,
-1.38467324334555));
#9255=CARTESIAN_POINT('Ctrl Pts',(0.00509043081694974,-0.447271902330709,
-1.41083220843469));
#9256=CARTESIAN_POINT('Ctrl Pts',(0.28842273991284,-0.325279681714447,-1.3806551298631));
#9257=CARTESIAN_POINT('Ctrl Pts',(0.371956177913366,-0.144168944256695,
-1.35263943477609));
#9258=CARTESIAN_POINT('Ctrl Pts',(0.371956177913366,1.88805277011504E-16,
-1.35263943477609));
#9259=CARTESIAN_POINT('Ctrl Pts',(-0.366330031859467,8.48905986788366E-18,
-1.35122249098326));
#9260=CARTESIAN_POINT('Ctrl Pts',(-0.366330031859467,-0.114085343382933,
-1.35122249098326));
#9261=CARTESIAN_POINT('Ctrl Pts',(-0.27924090858555,-0.357192465000617,
-1.38261810482797));
#9262=CARTESIAN_POINT('Ctrl Pts',(0.00495973026414966,-0.441268315170263,
-1.40800965927667));
#9263=CARTESIAN_POINT('Ctrl Pts',(0.283447639983473,-0.321521670530754,
-1.37867565015834));
#9264=CARTESIAN_POINT('Ctrl Pts',(0.366330031859467,-0.142606679228666,
-1.35122249098326));
#9265=CARTESIAN_POINT('Ctrl Pts',(0.366330031859467,1.86759317093416E-16,
-1.35122249098326));
#9266=CARTESIAN_POINT('',(-0.366330031859467,4.24452993394183E-18,-1.35122249098326));
#9267=CARTESIAN_POINT('Ctrl Pts',(-0.366330031859467,8.48905986788366E-18,
-1.35122249098326));
#9268=CARTESIAN_POINT('Ctrl Pts',(-0.366330031859467,-0.114085343382933,
-1.35122249098326));
#9269=CARTESIAN_POINT('Ctrl Pts',(-0.27924090858555,-0.357192465000617,
-1.38261810482797));
#9270=CARTESIAN_POINT('Ctrl Pts',(0.00495973026414966,-0.441268315170263,
-1.40800965927667));
#9271=CARTESIAN_POINT('Ctrl Pts',(0.283447639983473,-0.321521670530754,
-1.37867565015834));
#9272=CARTESIAN_POINT('Ctrl Pts',(0.366330031859467,-0.142606679228666,
-1.35122249098326));
#9273=CARTESIAN_POINT('Ctrl Pts',(0.366330031859467,1.86759317093416E-16,
-1.35122249098326));
#9274=CARTESIAN_POINT('',(-0.383208470021166,4.38402720108423E-18,-1.35547332236173));
#9275=CARTESIAN_POINT('Ctrl Pts',(-0.383208470021166,8.76805440216846E-18,
-1.35547332236173));
#9276=CARTESIAN_POINT('Ctrl Pts',(-0.380395396994216,8.76805440216846E-18,
-1.35476485046532));
#9277=CARTESIAN_POINT('Ctrl Pts',(-0.377582323967266,8.62855713502606E-18,
-1.35405637856891));
#9278=CARTESIAN_POINT('Ctrl Pts',(-0.371956177913366,8.62855713502606E-18,
-1.35263943477609));
#9279=CARTESIAN_POINT('Ctrl Pts',(-0.369143104886416,8.48905986788366E-18,
-1.35193096287967));
#9280=CARTESIAN_POINT('Ctrl Pts',(-0.366330031859467,8.48905986788366E-18,
-1.35122249098326));
#9281=CARTESIAN_POINT('Ctrl Pts',(0.383208470021166,1.92897196847681E-16,
-1.35547332236173));
#9282=CARTESIAN_POINT('Ctrl Pts',(0.383208470021166,-0.147293474312752,
-1.35547332236173));
#9283=CARTESIAN_POINT('Ctrl Pts',(0.298372939771574,-0.332795704081833,
-1.38461408927261));
#9284=CARTESIAN_POINT('Ctrl Pts',(0.00535183192255,-0.459279076651599,-1.41647730675074));
#9285=CARTESIAN_POINT('Ctrl Pts',(-0.29460760831385,-0.369692937418354,
-1.3887835203807));
#9286=CARTESIAN_POINT('Ctrl Pts',(-0.383208470021166,-0.117834779450201,
-1.35547332236173));
#9287=CARTESIAN_POINT('Ctrl Pts',(-0.383208470021166,8.76805440216846E-18,
-1.35547332236173));
#9288=CARTESIAN_POINT('Origin',(3.21469777590771E-16,0.,-1.74999996088445));
#9289=CARTESIAN_POINT('',(-0.448343893649855,0.,-1.43142853556999));
#9290=CARTESIAN_POINT('Origin',(3.21469777590771E-16,0.,-1.74999996088445));
#9291=CARTESIAN_POINT('',(-0.430056841609334,-0.139999999999975,-1.43702853569516));
#9292=CARTESIAN_POINT('Ctrl Pts',(-0.430056841609327,-0.139999999999974,
-1.43702853569516));
#9293=CARTESIAN_POINT('Ctrl Pts',(-0.442375246312191,-0.0939186768896576,
-1.43334202976393));
#9294=CARTESIAN_POINT('Ctrl Pts',(-0.448343893649855,-0.0463231272168406,
-1.43142853556999));
#9295=CARTESIAN_POINT('Ctrl Pts',(-0.448343893649855,0.,-1.43142853556999));
#9296=CARTESIAN_POINT('',(-0.433430197312588,-0.15,-1.44645710714289));
#9297=CARTESIAN_POINT('Ctrl Pts',(-0.433430197312588,-0.15,-1.44645710714289));
#9298=CARTESIAN_POINT('Ctrl Pts',(-0.432375647068408,-0.146686239171939,
-1.4433137682935));
#9299=CARTESIAN_POINT('Ctrl Pts',(-0.431251464372152,-0.143351332404179,
-1.44016921292564));
#9300=CARTESIAN_POINT('Ctrl Pts',(-0.430056841609316,-0.139999999999988,
-1.43702853569515));
#9301=CARTESIAN_POINT('',(-0.529150262212918,-0.15,-1.74999996088445));
#9302=CARTESIAN_POINT('Origin',(3.21469777590771E-16,-0.15,-1.74999996088445));
#9303=CARTESIAN_POINT('',(2.87791990614218E-16,-0.55,-1.74999996088445));
#9304=CARTESIAN_POINT('Origin',(3.21469777590771E-16,0.,-1.74999996088445));
#9305=CARTESIAN_POINT('',(-0.498861583486293,-0.15,-1.92645709596702));
#9306=CARTESIAN_POINT('Origin',(3.21469777590771E-16,-0.15,-1.74999996088445));
#9307=CARTESIAN_POINT('',(-0.497915973217246,-0.139999999999697,-1.93702852451924));
#9308=CARTESIAN_POINT('Ctrl Pts',(-0.497915973217058,-0.140000000000012,
-1.93702852451928));
#9309=CARTESIAN_POINT('Ctrl Pts',(-0.498308465452544,-0.143324476234634,
-1.93349508121299));
#9310=CARTESIAN_POINT('Ctrl Pts',(-0.498623720226881,-0.146660458231252,
-1.92996838559134));
#9311=CARTESIAN_POINT('Ctrl Pts',(-0.498861583486259,-0.149999999999519,
-1.92645709596753));
#9312=CARTESIAN_POINT('',(-0.519214480097404,0.,-1.93142852439412));
#9313=CARTESIAN_POINT('Ctrl Pts',(-0.519214480097404,-1.30104260698261E-17,
-1.93142852439412));
#9314=CARTESIAN_POINT('Ctrl Pts',(-0.519214480097404,-0.045639201490595,
-1.93142852439412));
#9315=CARTESIAN_POINT('Ctrl Pts',(-0.512289570456953,-0.093815577521249,
-1.93333377063841));
#9316=CARTESIAN_POINT('Ctrl Pts',(-0.49791597321716,-0.139999999999668,
-1.93702852451926));
#9317=CARTESIAN_POINT('',(-0.467255786056747,0.,-2.04012412464282));
#9318=CARTESIAN_POINT('Origin',(3.21469777590771E-16,0.,-1.74999996088445));
#9319=CARTESIAN_POINT('Ctrl Pts',(-0.467255786056747,1.07301337490499E-18,
-2.04012412464282));
#9320=CARTESIAN_POINT('Ctrl Pts',(-0.467255786056747,-0.0644321422352576,
-2.04012412464282));
#9321=CARTESIAN_POINT('Ctrl Pts',(-0.431533604431643,-0.202492634023807,
-2.04813598512339));
#9322=CARTESIAN_POINT('Ctrl Pts',(-0.246814317431699,-0.403780072398884,
-2.0836998363271));
#9323=CARTESIAN_POINT('Ctrl Pts',(0.0405721067179102,-0.460898821987815,
-2.10019870984272));
#9324=CARTESIAN_POINT('Ctrl Pts',(0.293050655132801,-0.352867210854361,
-2.07397376487046));
#9325=CARTESIAN_POINT('Ctrl Pts',(0.431364045800496,-0.203299060656971,
-2.048901940166));
#9326=CARTESIAN_POINT('Ctrl Pts',(0.467255786056747,-0.0644321422352576,
-2.04012412464282));
#9327=CARTESIAN_POINT('Ctrl Pts',(0.467255786056747,8.83313113503856E-18,
-2.04012412464282));
#9328=CARTESIAN_POINT('',(0.497915973217246,-0.139999999999697,-1.93702852451924));
#9329=CARTESIAN_POINT('Ctrl Pts',(0.497915973217161,-0.139999999999668,
-1.93702852451926));
#9330=CARTESIAN_POINT('Ctrl Pts',(0.512289570492904,-0.0938155774057352,
-1.93333377062917));
#9331=CARTESIAN_POINT('Ctrl Pts',(0.519214480097405,-0.0456392015252004,
-1.93142852439412));
#9332=CARTESIAN_POINT('Ctrl Pts',(0.519214480097405,-3.72591580611921E-30,
-1.93142852439412));
#9333=CARTESIAN_POINT('',(0.498861583486294,-0.15,-1.92645709596702));
#9334=CARTESIAN_POINT('Ctrl Pts',(0.498861583486333,-0.150000000000546,
-1.92645709596645));
#9335=CARTESIAN_POINT('Ctrl Pts',(0.498623716425152,-0.146660404855669,
-1.92996844171195));
#9336=CARTESIAN_POINT('Ctrl Pts',(0.498308489498463,-0.14332467990767,-1.93349486473765));
#9337=CARTESIAN_POINT('Ctrl Pts',(0.497915973217059,-0.140000000000012,
-1.93702852451928));
#9338=CARTESIAN_POINT('',(0.433430197312589,-0.15,-1.44645710714289));
#9339=CARTESIAN_POINT('Origin',(3.21469777590771E-16,-0.15,-1.74999996088445));
#9340=CARTESIAN_POINT('',(0.430056841609334,-0.139999999999975,-1.43702853569516));
#9341=CARTESIAN_POINT('Ctrl Pts',(0.430056841609317,-0.139999999999988,
-1.43702853569515));
#9342=CARTESIAN_POINT('Ctrl Pts',(0.43125148701382,-0.143351395921931,-1.44016927245085));
#9343=CARTESIAN_POINT('Ctrl Pts',(0.432375613047473,-0.14668613226641,-1.44331366688597));
#9344=CARTESIAN_POINT('Ctrl Pts',(0.433430197312647,-0.150000000000183,
-1.44645710714306));
#9345=CARTESIAN_POINT('Ctrl Pts',(0.448343893649856,0.,-1.43142853556999));
#9346=CARTESIAN_POINT('Ctrl Pts',(0.448343893649856,-0.0463231274222622,
-1.43142853556999));
#9347=CARTESIAN_POINT('Ctrl Pts',(0.44237524632812,-0.0939186768300719,
-1.43334202975917));
#9348=CARTESIAN_POINT('Ctrl Pts',(0.430056841609328,-0.139999999999974,
-1.43702853569516));
#9349=CARTESIAN_POINT('Ctrl Pts',(-1.22943368571953,8.76805440216815E-18,
-0.687495070199352));
#9350=CARTESIAN_POINT('Ctrl Pts',(-1.22943368571953,-0.147293474312752,
-0.687495070199352));
#9351=CARTESIAN_POINT('Ctrl Pts',(-1.19005998256424,-0.332773908726908,
-0.76809190351283));
#9352=CARTESIAN_POINT('Ctrl Pts',(-1.00539219303483,-0.459262460336842,
-0.997817348599537));
#9353=CARTESIAN_POINT('Ctrl Pts',(-0.773712392316421,-0.369674959927533,
-1.19033642755783));
#9354=CARTESIAN_POINT('Ctrl Pts',(-0.687495070199351,-0.117834779450201,
-1.22943368571953));
#9355=CARTESIAN_POINT('Ctrl Pts',(-0.687495070199351,2.27969414456351E-16,
-1.22943368571953));
#9356=CARTESIAN_POINT('Ctrl Pts',(-1.2244534691284,8.67505622407322E-18,
-0.690471425661545));
#9357=CARTESIAN_POINT('Ctrl Pts',(-1.2244534691284,-0.145731209284723,-0.690471425661545));
#9358=CARTESIAN_POINT('Ctrl Pts',(-1.18514227939203,-0.32901573560598,-0.770209905444335));
#9359=CARTESIAN_POINT('Ctrl Pts',(-1.00330385502357,-0.453258778581331,
-0.995913802210051));
#9360=CARTESIAN_POINT('Ctrl Pts',(-0.775881066599172,-0.365507966280985,
-1.18526106173374));
#9361=CARTESIAN_POINT('Ctrl Pts',(-0.690471425661544,-0.116584967427778,
-1.2244534691284));
#9362=CARTESIAN_POINT('Ctrl Pts',(-0.690471425661544,2.25551461825883E-16,
-1.2244534691284));
#9363=CARTESIAN_POINT('Ctrl Pts',(-1.21947325253728,8.58205804597829E-18,
-0.693447781123738));
#9364=CARTESIAN_POINT('Ctrl Pts',(-1.21947325253728,-0.144168944256695,
-0.693447781123738));
#9365=CARTESIAN_POINT('Ctrl Pts',(-1.18022457621982,-0.325257562485052,
-0.772327907375841));
#9366=CARTESIAN_POINT('Ctrl Pts',(-1.00121551701232,-0.44725509682582,-0.994010255820566));
#9367=CARTESIAN_POINT('Ctrl Pts',(-0.778049740881922,-0.361340972634437,
-1.18018569590966));
#9368=CARTESIAN_POINT('Ctrl Pts',(-0.693447781123738,-0.115335155405356,
-1.21947325253728));
#9369=CARTESIAN_POINT('Ctrl Pts',(-0.693447781123738,2.23133509195415E-16,
-1.21947325253728));
#9370=CARTESIAN_POINT('Ctrl Pts',(-1.21449303594616,8.48905986788336E-18,
-0.696424136585932));
#9371=CARTESIAN_POINT('Ctrl Pts',(-1.21449303594616,-0.142606679228666,
-0.696424136585932));
#9372=CARTESIAN_POINT('Ctrl Pts',(-1.17530687304761,-0.321499389364124,
-0.774445909307346));
#9373=CARTESIAN_POINT('Ctrl Pts',(-0.999127179001067,-0.441251415070308,
-0.99210670943108));
#9374=CARTESIAN_POINT('Ctrl Pts',(-0.780218415164673,-0.357173978987889,
-1.17511033008557));
#9375=CARTESIAN_POINT('Ctrl Pts',(-0.696424136585931,-0.114085343382933,
-1.21449303594616));
#9376=CARTESIAN_POINT('Ctrl Pts',(-0.696424136585931,2.20715556564947E-16,
-1.21449303594616));
#9377=CARTESIAN_POINT('',(-0.696424136585931,0.,-1.21449303594616));
#9378=CARTESIAN_POINT('',(-0.687495070199351,0.,-1.22943368571953));
#9379=CARTESIAN_POINT('Ctrl Pts',(-0.696424136585931,5.09343592072953E-17,
-1.21449303594616));
#9380=CARTESIAN_POINT('Ctrl Pts',(-0.694935958854835,5.09343592072953E-17,
-1.21698314424172));
#9381=CARTESIAN_POINT('Ctrl Pts',(-0.693447781123738,0.,-1.21947325253728));
#9382=CARTESIAN_POINT('Ctrl Pts',(-0.690471425661545,0.,-1.2244534691284));
#9383=CARTESIAN_POINT('Ctrl Pts',(-0.688983247930448,5.26083264130039E-17,
-1.22694357742397));
#9384=CARTESIAN_POINT('Ctrl Pts',(-0.687495070199351,5.26083264130039E-17,
-1.22943368571953));
#9385=CARTESIAN_POINT('',(-1.21449303594616,4.24452993394168E-18,-0.696424136585932));
#9386=CARTESIAN_POINT('Ctrl Pts',(-1.21449303594616,8.48905986788336E-18,
-0.696424136585932));
#9387=CARTESIAN_POINT('Ctrl Pts',(-1.21449303594616,-0.142606679228666,
-0.696424136585932));
#9388=CARTESIAN_POINT('Ctrl Pts',(-1.17530687304761,-0.321499389364124,
-0.774445909307346));
#9389=CARTESIAN_POINT('Ctrl Pts',(-0.999127179001067,-0.441251415070308,
-0.99210670943108));
#9390=CARTESIAN_POINT('Ctrl Pts',(-0.780218415164673,-0.357173978987889,
-1.17511033008557));
#9391=CARTESIAN_POINT('Ctrl Pts',(-0.696424136585931,-0.114085343382933,
-1.21449303594616));
#9392=CARTESIAN_POINT('Ctrl Pts',(-0.696424136585931,2.20715556564947E-16,
-1.21449303594616));
#9393=CARTESIAN_POINT('',(-1.22943368571953,4.38402720108408E-18,-0.687495070199352));
#9394=CARTESIAN_POINT('Ctrl Pts',(-1.22943368571953,8.76805440216815E-18,
-0.687495070199352));
#9395=CARTESIAN_POINT('Ctrl Pts',(-1.22694357742397,8.76805440216815E-18,
-0.688983247930448));
#9396=CARTESIAN_POINT('Ctrl Pts',(-1.2244534691284,8.62855713502576E-18,
-0.690471425661545));
#9397=CARTESIAN_POINT('Ctrl Pts',(-1.21947325253728,8.62855713502576E-18,
-0.693447781123738));
#9398=CARTESIAN_POINT('Ctrl Pts',(-1.21698314424172,8.48905986788336E-18,
-0.694935958854835));
#9399=CARTESIAN_POINT('Ctrl Pts',(-1.21449303594616,8.48905986788336E-18,
-0.696424136585932));
#9400=CARTESIAN_POINT('Ctrl Pts',(-0.687495070199351,2.27969414456351E-16,
-1.22943368571953));
#9401=CARTESIAN_POINT('Ctrl Pts',(-0.687495070199351,-0.117834779450201,
-1.22943368571953));
#9402=CARTESIAN_POINT('Ctrl Pts',(-0.773712392316421,-0.369674959927533,
-1.19033642755783));
#9403=CARTESIAN_POINT('Ctrl Pts',(-1.00539219303483,-0.459262460336842,
-0.997817348599537));
#9404=CARTESIAN_POINT('Ctrl Pts',(-1.19005998256424,-0.332773908726908,
-0.76809190351283));
#9405=CARTESIAN_POINT('Ctrl Pts',(-1.22943368571953,-0.147293474312752,
-0.687495070199352));
#9406=CARTESIAN_POINT('Ctrl Pts',(-1.22943368571953,8.76805440216815E-18,
-0.687495070199352));
#9407=CARTESIAN_POINT('Origin',(-1.23743683941759,0.,-1.23743683941759));
#9408=CARTESIAN_POINT('',(-1.32919983178886,0.,-0.695145816782077));
#9409=CARTESIAN_POINT('Origin',(-1.23743683941759,0.,-1.23743683941759));
#9410=CARTESIAN_POINT('',(-1.32022873134625,-0.139999999999976,-0.712036513350992));
#9411=CARTESIAN_POINT('Ctrl Pts',(-1.32022873134625,-0.139999999999974,
-0.712036513350997));
#9412=CARTESIAN_POINT('Ctrl Pts',(-1.32633240550219,-0.0939186768896575,
-0.700719332509349));
#9413=CARTESIAN_POINT('Ctrl Pts',(-1.32919983178886,-0.0463231272168407,
-0.695145816782077));
#9414=CARTESIAN_POINT('Ctrl Pts',(-1.32919983178886,0.,-0.695145816782077));
#9415=CARTESIAN_POINT('',(-1.32928106084697,-0.15,-0.71631819746546));
#9416=CARTESIAN_POINT('Ctrl Pts',(-1.32928106084697,-0.15,-0.71631819746546));
#9417=CARTESIAN_POINT('Ctrl Pts',(-1.32631270500224,-0.146686239171939,
-0.714841200878252));
#9418=CARTESIAN_POINT('Ctrl Pts',(-1.32329425136999,-0.143351332404179,
-0.713412581661637));
#9419=CARTESIAN_POINT('Ctrl Pts',(-1.32022873134623,-0.139999999999988,
-0.712036513350999));
#9420=CARTESIAN_POINT('',(-1.61160257809498,-0.15,-0.863271100740195));
#9421=CARTESIAN_POINT('Origin',(-1.23743683941759,-0.15,-1.23743683941759));
#9422=CARTESIAN_POINT('',(-1.23743683941759,-0.55,-1.23743683941759));
#9423=CARTESIAN_POINT('Origin',(-1.23743683941759,0.,-1.23743683941759));
#9424=CARTESIAN_POINT('',(-1.71495928477984,-0.15,-1.00946246766661));
#9425=CARTESIAN_POINT('Origin',(-1.23743683941759,-0.15,-1.23743683941759));
#9426=CARTESIAN_POINT('',(-1.72176576616234,-0.139999999999697,-1.01760624391631));
#9427=CARTESIAN_POINT('Ctrl Pts',(-1.72176576616224,-0.140000000000012,
-1.01760624391647));
#9428=CARTESIAN_POINT('Ctrl Pts',(-1.7195447783607,-0.143324476234634,-1.01483018827239));
#9429=CARTESIAN_POINT('Ctrl Pts',(-1.71727394676018,-0.146660458231252,
-1.0121135190944));
#9430=CARTESIAN_POINT('Ctrl Pts',(-1.71495928478017,-0.149999999999519,
-1.00946246766699));
#9431=CARTESIAN_POINT('',(-1.73286628674333,0.,-0.998586127209088));
#9432=CARTESIAN_POINT('Ctrl Pts',(-1.73286628674333,-1.30104260698261E-17,
-0.998586127209088));
#9433=CARTESIAN_POINT('Ctrl Pts',(-1.73286628674333,-0.0456392014905951,
-0.998586127209088));
#9434=CARTESIAN_POINT('Ctrl Pts',(-1.72931684871664,-0.0938155775212488,
-1.00482999031413));
#9435=CARTESIAN_POINT('Ctrl Pts',(-1.7217657661623,-0.139999999999668,-1.01760624391639));
#9436=CARTESIAN_POINT('',(-1.77298533786658,0.,-1.11218586812783));
#9437=CARTESIAN_POINT('Origin',(-1.23743683941759,0.,-1.23743683941759));
#9438=CARTESIAN_POINT('',(-1.11218586812783,4.41656556751901E-18,-1.77298533786658));
#9439=CARTESIAN_POINT('Ctrl Pts',(-1.77298533786658,2.68253343726197E-19,
-1.11218586812783));
#9440=CARTESIAN_POINT('Ctrl Pts',(-1.77298533786658,-0.0644321422352576,
-1.11218586812783));
#9441=CARTESIAN_POINT('Ctrl Pts',(-1.75338698791081,-0.202484232093552,
-1.14311574606838));
#9442=CARTESIAN_POINT('Ctrl Pts',(-1.64791776222178,-0.403767047906264,
-1.29887860219802));
#9443=CARTESIAN_POINT('Ctrl Pts',(-1.45637544629578,-0.460881452371995,
-1.51375527574363));
#9444=CARTESIAN_POINT('Ctrl Pts',(-1.25930627293246,-0.352856539997531,
-1.67373838901964));
#9445=CARTESIAN_POINT('Ctrl Pts',(-1.14377693183421,-0.20329099526952,-1.75381095787786));
#9446=CARTESIAN_POINT('Ctrl Pts',(-1.11218586812783,-0.0644321422352573,
-1.77298533786658));
#9447=CARTESIAN_POINT('Ctrl Pts',(-1.11218586812783,2.91493327456275E-16,
-1.77298533786658));
#9448=CARTESIAN_POINT('',(-0.998586127209087,0.,-1.73286628674333));
#9449=CARTESIAN_POINT('Origin',(-1.23743683941759,0.,-1.23743683941759));
#9450=CARTESIAN_POINT('',(-1.01760624391631,-0.139999999999697,-1.72176576616234));
#9451=CARTESIAN_POINT('Ctrl Pts',(-1.01760624391639,-0.139999999999668,
-1.7217657661623));
#9452=CARTESIAN_POINT('Ctrl Pts',(-1.00482999028217,-0.093815577405735,
-1.72931684873552));
#9453=CARTESIAN_POINT('Ctrl Pts',(-0.998586127209087,-0.0456392015252003,
-1.73286628674333));
#9454=CARTESIAN_POINT('Ctrl Pts',(-0.998586127209087,-2.35259263934484E-30,
-1.73286628674333));
#9455=CARTESIAN_POINT('',(-1.00946246766661,-0.15,-1.71495928477984));
#9456=CARTESIAN_POINT('Ctrl Pts',(-1.00946246766617,-0.150000000000546,
-1.71495928477946));
#9457=CARTESIAN_POINT('Ctrl Pts',(-1.01211356146589,-0.146660404855669,
-1.71727398375521));
#9458=CARTESIAN_POINT('Ctrl Pts',(-1.01483001819817,-0.14332467990767,-1.71954464229255));
#9459=CARTESIAN_POINT('Ctrl Pts',(-1.01760624391647,-0.140000000000012,
-1.72176576616224));
#9460=CARTESIAN_POINT('',(-0.71631819746546,-0.15,-1.32928106084697));
#9461=CARTESIAN_POINT('Origin',(-1.23743683941759,-0.15,-1.23743683941759));
#9462=CARTESIAN_POINT('',(-0.712036513350991,-0.139999999999975,-1.32022873134625));
#9463=CARTESIAN_POINT('Ctrl Pts',(-0.712036513350998,-0.139999999999988,
-1.32022873134623));
#9464=CARTESIAN_POINT('Ctrl Pts',(-0.713412607742238,-0.143351395921931,
-1.32329430947075));
#9465=CARTESIAN_POINT('Ctrl Pts',(-0.714841153228733,-0.14668613226641,
-1.32631260923985));
#9466=CARTESIAN_POINT('Ctrl Pts',(-0.716318197465541,-0.150000000000183,
-1.32928106084713));
#9467=CARTESIAN_POINT('',(-0.695145816782077,0.,-1.32919983178886));
#9468=CARTESIAN_POINT('Ctrl Pts',(-0.695145816782077,-8.67361737988404E-18,
-1.32919983178886));
#9469=CARTESIAN_POINT('Ctrl Pts',(-0.695145816782077,-0.0463231274222622,
-1.32919983178886));
#9470=CARTESIAN_POINT('Ctrl Pts',(-0.700719332494715,-0.0939186768300722,
-1.32633240551008));
#9471=CARTESIAN_POINT('Ctrl Pts',(-0.712036513350997,-0.139999999999974,
-1.32022873134625));
#9472=CARTESIAN_POINT('Origin',(-1.23743683941759,0.,-1.23743683941759));
#9473=CARTESIAN_POINT('Origin',(0.,0.,0.));
#9474=CARTESIAN_POINT('',(-0.347254831191393,0.,-1.35624997496605));
#9475=CARTESIAN_POINT('Origin',(0.,0.,0.));
#9476=CARTESIAN_POINT('',(-0.525,0.,-1.75));
#9477=CARTESIAN_POINT('Origin',(3.2146978477618E-16,0.,-1.75));
#9478=CARTESIAN_POINT('',(-0.426422293038145,0.,-2.05624994367361));
#9479=CARTESIAN_POINT('Origin',(3.2146978477618E-16,0.,-1.75));
#9480=CARTESIAN_POINT('',(-0.452143475502408,0.,-2.05074768814163));
#9481=CARTESIAN_POINT('Origin',(0.,0.,0.));
#9482=CARTESIAN_POINT('Ctrl Pts',(-0.452143475502408,-1.35172517256473E-16,
-2.05074768814163));
#9483=CARTESIAN_POINT('Ctrl Pts',(-0.454662193928131,-1.35172517256473E-16,
-2.04897709422516));
#9484=CARTESIAN_POINT('Ctrl Pts',(-0.457180912353854,0.,-2.04720650030869));
#9485=CARTESIAN_POINT('Ctrl Pts',(-0.4622183492053,0.,-2.04366531247576));
#9486=CARTESIAN_POINT('Ctrl Pts',(-0.464737067631024,-1.41330098160617E-16,
-2.04189471855929));
#9487=CARTESIAN_POINT('Ctrl Pts',(-0.467255786056747,-1.41330098160617E-16,
-2.04012412464282));
#9488=CARTESIAN_POINT('Origin',(0.,0.,0.));
#9489=CARTESIAN_POINT('',(-1.13038387919057,4.22414116426453E-18,-1.76981131438459));
#9490=CARTESIAN_POINT('Ctrl Pts',(-1.11218586812783,2.91493327456275E-16,
-1.77298533786658));
#9491=CARTESIAN_POINT('Ctrl Pts',(-1.11521886997162,2.91493327456275E-16,
-1.77245633395292));
#9492=CARTESIAN_POINT('Ctrl Pts',(-1.11825187181541,2.85143322148876E-16,
-1.77192733003925));
#9493=CARTESIAN_POINT('Ctrl Pts',(-1.12431787550299,2.85143322148876E-16,
-1.77086932221192));
#9494=CARTESIAN_POINT('Ctrl Pts',(-1.12735087734678,-2.61896752184417E-16,
-1.77034031829825));
#9495=CARTESIAN_POINT('Ctrl Pts',(-1.13038387919057,-2.61896752184417E-16,
-1.76981131438459));
#9496=CARTESIAN_POINT('',(-1.15246218392968,0.,-1.75551437404246));
#9497=CARTESIAN_POINT('Origin',(0.,0.,0.));
#9498=CARTESIAN_POINT('',(-0.713467308347354,0.,-1.2045598002178));
#9499=CARTESIAN_POINT('Origin',(-1.23743686707646,0.,-1.23743686707646));
#9500=CARTESIAN_POINT('Origin',(0.,0.,0.));
#9501=CARTESIAN_POINT('Origin',(0.,0.,0.));
#9502=CARTESIAN_POINT('Ctrl Pts',(-1.35547332236173,8.76805440216731E-18,
0.383208470021166));
#9503=CARTESIAN_POINT('Ctrl Pts',(-1.35547332236173,-0.117834779450201,
0.383208470021166));
#9504=CARTESIAN_POINT('Ctrl Pts',(-1.3887835203807,-0.369692937418354,0.29460760831385));
#9505=CARTESIAN_POINT('Ctrl Pts',(-1.41647730675074,-0.459279076651599,
-0.00535183192254981));
#9506=CARTESIAN_POINT('Ctrl Pts',(-1.38461408927261,-0.332795704081833,
-0.298372939771574));
#9507=CARTESIAN_POINT('Ctrl Pts',(-1.35547332236173,-0.147293474312752,
-0.383208470021166));
#9508=CARTESIAN_POINT('Ctrl Pts',(-1.35547332236173,1.75361088043347E-16,
-0.383208470021166));
#9509=CARTESIAN_POINT('Ctrl Pts',(-1.35405637856891,8.67505622407239E-18,
0.377582323967266));
#9510=CARTESIAN_POINT('Ctrl Pts',(-1.35405637856891,-0.116584967427779,
0.377582323967266));
#9511=CARTESIAN_POINT('Ctrl Pts',(-1.38672838186312,-0.365526113279108,
0.289485375071084));
#9512=CARTESIAN_POINT('Ctrl Pts',(-1.41365475759272,-0.453275489491153,
-0.0052211313697498));
#9513=CARTESIAN_POINT('Ctrl Pts',(-1.38263460956785,-0.32903769289814,-0.293397839842207));
#9514=CARTESIAN_POINT('Ctrl Pts',(-1.35405637856891,-0.145731209284723,
-0.377582323967266));
#9515=CARTESIAN_POINT('Ctrl Pts',(-1.35405637856891,1.73501124481448E-16,
-0.377582323967266));
#9516=CARTESIAN_POINT('Ctrl Pts',(-1.35263943477609,8.58205804597747E-18,
0.371956177913366));
#9517=CARTESIAN_POINT('Ctrl Pts',(-1.35263943477609,-0.115335155405356,
0.371956177913366));
#9518=CARTESIAN_POINT('Ctrl Pts',(-1.38467324334555,-0.361359289139863,
0.284363141828317));
#9519=CARTESIAN_POINT('Ctrl Pts',(-1.41083220843469,-0.447271902330709,
-0.00509043081694977));
#9520=CARTESIAN_POINT('Ctrl Pts',(-1.3806551298631,-0.325279681714447,-0.28842273991284));
#9521=CARTESIAN_POINT('Ctrl Pts',(-1.35263943477609,-0.144168944256695,
-0.371956177913366));
#9522=CARTESIAN_POINT('Ctrl Pts',(-1.35263943477609,1.7164116091955E-16,
-0.371956177913366));
#9523=CARTESIAN_POINT('Ctrl Pts',(-1.35122249098326,8.48905986788255E-18,
0.366330031859466));
#9524=CARTESIAN_POINT('Ctrl Pts',(-1.35122249098326,-0.114085343382933,
0.366330031859466));
#9525=CARTESIAN_POINT('Ctrl Pts',(-1.38261810482797,-0.357192465000617,
0.27924090858555));
#9526=CARTESIAN_POINT('Ctrl Pts',(-1.40800965927667,-0.441268315170263,
-0.00495973026414969));
#9527=CARTESIAN_POINT('Ctrl Pts',(-1.37867565015834,-0.321521670530754,
-0.283447639983473));
#9528=CARTESIAN_POINT('Ctrl Pts',(-1.35122249098326,-0.142606679228666,
-0.366330031859466));
#9529=CARTESIAN_POINT('Ctrl Pts',(-1.35122249098326,1.69781197357651E-16,
-0.366330031859466));
#9530=CARTESIAN_POINT('',(-1.35122249098326,0.,-0.366330031859467));
#9531=CARTESIAN_POINT('',(-1.35547332236173,0.,-0.383208470021166));
#9532=CARTESIAN_POINT('Ctrl Pts',(-1.35122249098326,-3.39562394715302E-17,
-0.366330031859467));
#9533=CARTESIAN_POINT('Ctrl Pts',(-1.35193096287967,-3.39562394715302E-17,
-0.369143104886417));
#9534=CARTESIAN_POINT('Ctrl Pts',(-1.35263943477609,0.,-0.371956177913367));
#9535=CARTESIAN_POINT('Ctrl Pts',(-1.35405637856891,0.,-0.377582323967266));
#9536=CARTESIAN_POINT('Ctrl Pts',(-1.35476485046532,-3.50722176086693E-17,
-0.380395396994216));
#9537=CARTESIAN_POINT('Ctrl Pts',(-1.35547332236173,-3.50722176086693E-17,
-0.383208470021166));
#9538=CARTESIAN_POINT('',(-1.35122249098326,4.24452993394128E-18,0.366330031859466));
#9539=CARTESIAN_POINT('Ctrl Pts',(-1.35122249098326,8.48905986788255E-18,
0.366330031859466));
#9540=CARTESIAN_POINT('Ctrl Pts',(-1.35122249098326,-0.114085343382933,
0.366330031859466));
#9541=CARTESIAN_POINT('Ctrl Pts',(-1.38261810482797,-0.357192465000617,
0.27924090858555));
#9542=CARTESIAN_POINT('Ctrl Pts',(-1.40800965927667,-0.441268315170263,
-0.00495973026414969));
#9543=CARTESIAN_POINT('Ctrl Pts',(-1.37867565015834,-0.321521670530754,
-0.283447639983473));
#9544=CARTESIAN_POINT('Ctrl Pts',(-1.35122249098326,-0.142606679228666,
-0.366330031859466));
#9545=CARTESIAN_POINT('Ctrl Pts',(-1.35122249098326,1.69781197357651E-16,
-0.366330031859466));
#9546=CARTESIAN_POINT('',(-1.35547332236173,4.38402720108366E-18,0.383208470021166));
#9547=CARTESIAN_POINT('Ctrl Pts',(-1.35547332236173,8.76805440216731E-18,
0.383208470021166));
#9548=CARTESIAN_POINT('Ctrl Pts',(-1.35476485046532,8.76805440216731E-18,
0.380395396994216));
#9549=CARTESIAN_POINT('Ctrl Pts',(-1.35405637856891,8.62855713502493E-18,
0.377582323967266));
#9550=CARTESIAN_POINT('Ctrl Pts',(-1.35263943477609,8.62855713502493E-18,
0.371956177913366));
#9551=CARTESIAN_POINT('Ctrl Pts',(-1.35193096287967,-1.27335898018238E-16,
0.369143104886416));
#9552=CARTESIAN_POINT('Ctrl Pts',(-1.35122249098326,-1.27335898018238E-16,
0.366330031859466));
#9553=CARTESIAN_POINT('Ctrl Pts',(-1.35547332236173,1.75361088043347E-16,
-0.383208470021166));
#9554=CARTESIAN_POINT('Ctrl Pts',(-1.35547332236173,-0.147293474312752,
-0.383208470021166));
#9555=CARTESIAN_POINT('Ctrl Pts',(-1.38461408927261,-0.332795704081833,
-0.298372939771574));
#9556=CARTESIAN_POINT('Ctrl Pts',(-1.41647730675074,-0.459279076651599,
-0.00535183192254981));
#9557=CARTESIAN_POINT('Ctrl Pts',(-1.3887835203807,-0.369692937418354,0.29460760831385));
#9558=CARTESIAN_POINT('Ctrl Pts',(-1.35547332236173,-0.117834779450201,
0.383208470021166));
#9559=CARTESIAN_POINT('Ctrl Pts',(-1.35547332236173,8.76805440216731E-18,
0.383208470021166));
#9560=CARTESIAN_POINT('Origin',(-1.74999996088445,0.,0.));
#9561=CARTESIAN_POINT('',(-1.43142853556999,0.,0.448343893649856));
#9562=CARTESIAN_POINT('Origin',(-1.74999996088445,0.,0.));
#9563=CARTESIAN_POINT('',(-1.43702853569516,-0.139999999999975,0.430056841609334));
#9564=CARTESIAN_POINT('Ctrl Pts',(-1.43702853569516,-0.139999999999974,
0.430056841609328));
#9565=CARTESIAN_POINT('Ctrl Pts',(-1.43334202976393,-0.0939186768896576,
0.442375246312191));
#9566=CARTESIAN_POINT('Ctrl Pts',(-1.43142853556999,-0.0463231272168406,
0.448343893649856));
#9567=CARTESIAN_POINT('Ctrl Pts',(-1.43142853556999,-8.50186599825718E-32,
0.448343893649856));
#9568=CARTESIAN_POINT('',(-1.44645710714289,-0.15,0.433430197312589));
#9569=CARTESIAN_POINT('Ctrl Pts',(-1.44645710714289,-0.15,0.433430197312589));
#9570=CARTESIAN_POINT('Ctrl Pts',(-1.4433137682935,-0.146686239171939,0.432375647068408));
#9571=CARTESIAN_POINT('Ctrl Pts',(-1.44016921292564,-0.143351332404179,
0.431251464372152));
#9572=CARTESIAN_POINT('Ctrl Pts',(-1.43702853569515,-0.139999999999988,
0.430056841609316));
#9573=CARTESIAN_POINT('',(-1.74999996088445,-0.15,0.529150262212918));
#9574=CARTESIAN_POINT('Origin',(-1.74999996088445,-0.15,0.));
#9575=CARTESIAN_POINT('',(-1.74999996088445,-0.55,3.36777869765522E-17));
#9576=CARTESIAN_POINT('Origin',(-1.74999996088445,0.,0.));
#9577=CARTESIAN_POINT('',(-1.92645709596702,-0.15,0.498861583486294));
#9578=CARTESIAN_POINT('Origin',(-1.74999996088445,-0.15,0.));
#9579=CARTESIAN_POINT('',(-1.93702852451924,-0.139999999999697,0.497915973217246));
#9580=CARTESIAN_POINT('Ctrl Pts',(-1.93702852451928,-0.140000000000012,
0.497915973217059));
#9581=CARTESIAN_POINT('Ctrl Pts',(-1.933495081213,-0.143324476234634,0.498308465452544));
#9582=CARTESIAN_POINT('Ctrl Pts',(-1.92996838559134,-0.146660458231252,
0.498623720226882));
#9583=CARTESIAN_POINT('Ctrl Pts',(-1.92645709596753,-0.149999999999519,
0.498861583486259));
#9584=CARTESIAN_POINT('',(-1.93142852439412,0.,0.519214480097405));
#9585=CARTESIAN_POINT('Ctrl Pts',(-1.93142852439412,-1.30104260698261E-17,
0.519214480097405));
#9586=CARTESIAN_POINT('Ctrl Pts',(-1.93142852439412,-0.0456392014905951,
0.519214480097405));
#9587=CARTESIAN_POINT('Ctrl Pts',(-1.93333377063841,-0.0938155775212489,
0.512289570456953));
#9588=CARTESIAN_POINT('Ctrl Pts',(-1.93702852451926,-0.139999999999668,
0.497915973217161));
#9589=CARTESIAN_POINT('',(-2.04012412464282,0.,0.467255786056747));
#9590=CARTESIAN_POINT('Origin',(-1.74999996088445,0.,0.));
#9591=CARTESIAN_POINT('',(-2.04012412464282,4.41656556751928E-18,-0.467255786056747));
#9592=CARTESIAN_POINT('Ctrl Pts',(-2.04012412464282,-1.88289514860541E-31,
0.467255786056747));
#9593=CARTESIAN_POINT('Ctrl Pts',(-2.04012412464282,-0.0644321422352577,
0.467255786056747));
#9594=CARTESIAN_POINT('Ctrl Pts',(-2.048901940166,-0.203299060656971,0.431364045800496));
#9595=CARTESIAN_POINT('Ctrl Pts',(-2.07397376487046,-0.352867210854362,
0.293050655132801));
#9596=CARTESIAN_POINT('Ctrl Pts',(-2.10019870984272,-0.460898821987815,
0.0405721067179098));
#9597=CARTESIAN_POINT('Ctrl Pts',(-2.0836998363271,-0.403780072398884,-0.246814317431699));
#9598=CARTESIAN_POINT('Ctrl Pts',(-2.04813598512339,-0.202492634023807,
-0.431533604431643));
#9599=CARTESIAN_POINT('Ctrl Pts',(-2.04012412464282,-0.0644321422352575,
-0.467255786056747));
#9600=CARTESIAN_POINT('Ctrl Pts',(-2.04012412464282,8.83313113503856E-18,
-0.467255786056747));
#9601=CARTESIAN_POINT('',(-1.93142852439412,0.,-0.519214480097405));
#9602=CARTESIAN_POINT('Origin',(-1.74999996088445,0.,0.));
#9603=CARTESIAN_POINT('',(-1.93702852451924,-0.139999999999697,-0.497915973217246));
#9604=CARTESIAN_POINT('Ctrl Pts',(-1.93702852451926,-0.139999999999668,
-0.497915973217161));
#9605=CARTESIAN_POINT('Ctrl Pts',(-1.93333377062917,-0.0938155774057351,
-0.512289570492903));
#9606=CARTESIAN_POINT('Ctrl Pts',(-1.93142852439412,-0.0456392015252004,
-0.519214480097405));
#9607=CARTESIAN_POINT('Ctrl Pts',(-1.93142852439412,0.,-0.519214480097405));
#9608=CARTESIAN_POINT('',(-1.92645709596702,-0.15,-0.498861583486294));
#9609=CARTESIAN_POINT('Ctrl Pts',(-1.92645709596645,-0.150000000000546,
-0.498861583486332));
#9610=CARTESIAN_POINT('Ctrl Pts',(-1.92996844171195,-0.146660404855669,
-0.498623716425151));
#9611=CARTESIAN_POINT('Ctrl Pts',(-1.93349486473765,-0.14332467990767,-0.498308489498463));
#9612=CARTESIAN_POINT('Ctrl Pts',(-1.93702852451928,-0.140000000000012,
-0.497915973217059));
#9613=CARTESIAN_POINT('',(-1.44645710714289,-0.15,-0.433430197312589));
#9614=CARTESIAN_POINT('Origin',(-1.74999996088445,-0.15,0.));
#9615=CARTESIAN_POINT('',(-1.43702853569516,-0.139999999999975,-0.430056841609334));
#9616=CARTESIAN_POINT('Ctrl Pts',(-1.43702853569515,-0.139999999999988,
-0.430056841609316));
#9617=CARTESIAN_POINT('Ctrl Pts',(-1.44016927245085,-0.143351395921931,
-0.431251487013819));
#9618=CARTESIAN_POINT('Ctrl Pts',(-1.44331366688597,-0.14668613226641,-0.432375613047472));
#9619=CARTESIAN_POINT('Ctrl Pts',(-1.44645710714306,-0.150000000000183,
-0.433430197312647));
#9620=CARTESIAN_POINT('',(-1.43142853556999,0.,-0.448343893649856));
#9621=CARTESIAN_POINT('Ctrl Pts',(-1.43142853556999,-3.46944695195361E-17,
-0.448343893649856));
#9622=CARTESIAN_POINT('Ctrl Pts',(-1.43142853556999,-0.0463231274222622,
-0.448343893649856));
#9623=CARTESIAN_POINT('Ctrl Pts',(-1.43334202975917,-0.0939186768300719,
-0.442375246328119));
#9624=CARTESIAN_POINT('Ctrl Pts',(-1.43702853569516,-0.139999999999974,
-0.430056841609328));
#9625=CARTESIAN_POINT('Origin',(-1.74999996088445,0.,0.));
#9626=CARTESIAN_POINT('Origin',(0.,0.,0.));
#9627=CARTESIAN_POINT('',(-1.2045598002178,0.,-0.713467308347355));
#9628=CARTESIAN_POINT('Origin',(0.,0.,0.));
#9629=CARTESIAN_POINT('',(-1.6086679271994,0.,-0.866205806953521));
#9630=CARTESIAN_POINT('Origin',(-1.23743686707646,0.,-1.23743686707646));
#9631=CARTESIAN_POINT('',(-1.75551437404246,0.,-1.15246218392968));
#9632=CARTESIAN_POINT('Origin',(-1.23743686707646,0.,-1.23743686707646));
#9633=CARTESIAN_POINT('',(-1.76981131438459,0.,-1.13038387919058));
#9634=CARTESIAN_POINT('Origin',(0.,0.,0.));
#9635=CARTESIAN_POINT('Ctrl Pts',(-1.76981131438459,-3.37931293141131E-17,
-1.13038387919058));
#9636=CARTESIAN_POINT('Ctrl Pts',(-1.77034031829825,-3.37931293141131E-17,
-1.12735087734678));
#9637=CARTESIAN_POINT('Ctrl Pts',(-1.77086932221192,0.,-1.12431787550299));
#9638=CARTESIAN_POINT('Ctrl Pts',(-1.77192733003925,0.,-1.11825187181541));
#9639=CARTESIAN_POINT('Ctrl Pts',(-1.77245633395292,-3.53325245401488E-17,
-1.11521886997162));
#9640=CARTESIAN_POINT('Ctrl Pts',(-1.77298533786658,-3.53325245401488E-17,
-1.11218586812783));
#9641=CARTESIAN_POINT('Origin',(0.,0.,0.));
#9642=CARTESIAN_POINT('',(-2.05074768814163,4.22414116426478E-18,-0.452143475502408));
#9643=CARTESIAN_POINT('Ctrl Pts',(-2.04012412464282,-2.73827065186195E-16,
-0.467255786056747));
#9644=CARTESIAN_POINT('Ctrl Pts',(-2.04189471855929,-2.73827065186195E-16,
-0.464737067631024));
#9645=CARTESIAN_POINT('Ctrl Pts',(-2.04366531247576,-2.67861908685306E-16,
-0.462218349205301));
#9646=CARTESIAN_POINT('Ctrl Pts',(-2.04720650030869,-2.67861908685306E-16,
-0.457180912353855));
#9647=CARTESIAN_POINT('Ctrl Pts',(-2.04897709422516,8.44828232852957E-18,
-0.454662193928132));
#9648=CARTESIAN_POINT('Ctrl Pts',(-2.05074768814163,8.44828232852957E-18,
-0.452143475502408));
#9649=CARTESIAN_POINT('',(-2.05624994367361,0.,-0.426422293038146));
#9650=CARTESIAN_POINT('Origin',(0.,0.,0.));
#9651=CARTESIAN_POINT('',(-1.35624997496605,0.,-0.347254831191393));
#9652=CARTESIAN_POINT('Origin',(-1.75,0.,0.));
#9653=CARTESIAN_POINT('Origin',(0.,0.,0.));
#9654=CARTESIAN_POINT('Origin',(0.,0.,0.));
#9655=CARTESIAN_POINT('Ctrl Pts',(-0.687495070199351,8.768054402168E-18,
1.22943368571953));
#9656=CARTESIAN_POINT('Ctrl Pts',(-0.687495070199351,-0.147293474312752,
1.22943368571953));
#9657=CARTESIAN_POINT('Ctrl Pts',(-0.768091903512829,-0.332773908726908,
1.19005998256424));
#9658=CARTESIAN_POINT('Ctrl Pts',(-0.997817348599537,-0.459262460336843,
1.00539219303483));
#9659=CARTESIAN_POINT('Ctrl Pts',(-1.19033642755783,-0.369674959927533,
0.773712392316422));
#9660=CARTESIAN_POINT('Ctrl Pts',(-1.22943368571953,-0.117834779450201,
0.687495070199351));
#9661=CARTESIAN_POINT('Ctrl Pts',(-1.22943368571953,2.63041632065021E-16,
0.687495070199351));
#9662=CARTESIAN_POINT('Ctrl Pts',(-0.690471425661545,8.67505622407307E-18,
1.2244534691284));
#9663=CARTESIAN_POINT('Ctrl Pts',(-0.690471425661545,-0.145731209284723,
1.2244534691284));
#9664=CARTESIAN_POINT('Ctrl Pts',(-0.770209905444335,-0.32901573560598,
1.18514227939203));
#9665=CARTESIAN_POINT('Ctrl Pts',(-0.995913802210052,-0.453258778581331,
1.00330385502357));
#9666=CARTESIAN_POINT('Ctrl Pts',(-1.18526106173374,-0.365507966280985,
0.775881066599172));
#9667=CARTESIAN_POINT('Ctrl Pts',(-1.2244534691284,-0.116584967427778,0.690471425661545));
#9668=CARTESIAN_POINT('Ctrl Pts',(-1.2244534691284,2.60251686722173E-16,
0.690471425661545));
#9669=CARTESIAN_POINT('Ctrl Pts',(-0.693447781123738,8.58205804597814E-18,
1.21947325253728));
#9670=CARTESIAN_POINT('Ctrl Pts',(-0.693447781123738,-0.144168944256695,
1.21947325253728));
#9671=CARTESIAN_POINT('Ctrl Pts',(-0.772327907375839,-0.325257562485052,
1.18022457621982));
#9672=CARTESIAN_POINT('Ctrl Pts',(-0.994010255820566,-0.44725509682582,
1.00121551701232));
#9673=CARTESIAN_POINT('Ctrl Pts',(-1.18018569590966,-0.361340972634437,
0.778049740881923));
#9674=CARTESIAN_POINT('Ctrl Pts',(-1.21947325253728,-0.115335155405356,
0.693447781123738));
#9675=CARTESIAN_POINT('Ctrl Pts',(-1.21947325253728,2.57461741379325E-16,
0.693447781123738));
#9676=CARTESIAN_POINT('Ctrl Pts',(-0.696424136585932,8.48905986788321E-18,
1.21449303594616));
#9677=CARTESIAN_POINT('Ctrl Pts',(-0.696424136585932,-0.142606679228666,
1.21449303594616));
#9678=CARTESIAN_POINT('Ctrl Pts',(-0.774445909307345,-0.321499389364123,
1.17530687304761));
#9679=CARTESIAN_POINT('Ctrl Pts',(-0.99210670943108,-0.441251415070309,
0.999127179001067));
#9680=CARTESIAN_POINT('Ctrl Pts',(-1.17511033008557,-0.357173978987889,
0.780218415164673));
#9681=CARTESIAN_POINT('Ctrl Pts',(-1.21449303594616,-0.114085343382933,
0.696424136585932));
#9682=CARTESIAN_POINT('Ctrl Pts',(-1.21449303594616,2.54671796036478E-16,
0.696424136585932));
#9683=CARTESIAN_POINT('',(-1.21449303594616,0.,0.696424136585932));
#9684=CARTESIAN_POINT('',(-1.22943368571953,0.,0.687495070199351));
#9685=CARTESIAN_POINT('Ctrl Pts',(-1.21449303594616,1.01868718414591E-16,
0.696424136585932));
#9686=CARTESIAN_POINT('Ctrl Pts',(-1.21698314424172,1.01868718414591E-16,
0.694935958854835));
#9687=CARTESIAN_POINT('Ctrl Pts',(-1.21947325253728,0.,0.693447781123738));
#9688=CARTESIAN_POINT('Ctrl Pts',(-1.2244534691284,0.,0.690471425661545));
#9689=CARTESIAN_POINT('Ctrl Pts',(-1.22694357742397,1.05216652826008E-16,
0.688983247930448));
#9690=CARTESIAN_POINT('Ctrl Pts',(-1.22943368571953,1.05216652826008E-16,
0.687495070199351));
#9691=CARTESIAN_POINT('',(-0.696424136585932,4.24452993394161E-18,1.21449303594616));
#9692=CARTESIAN_POINT('Ctrl Pts',(-0.696424136585932,8.48905986788321E-18,
1.21449303594616));
#9693=CARTESIAN_POINT('Ctrl Pts',(-0.696424136585932,-0.142606679228666,
1.21449303594616));
#9694=CARTESIAN_POINT('Ctrl Pts',(-0.774445909307345,-0.321499389364123,
1.17530687304761));
#9695=CARTESIAN_POINT('Ctrl Pts',(-0.99210670943108,-0.441251415070309,
0.999127179001067));
#9696=CARTESIAN_POINT('Ctrl Pts',(-1.17511033008557,-0.357173978987889,
0.780218415164673));
#9697=CARTESIAN_POINT('Ctrl Pts',(-1.21449303594616,-0.114085343382933,
0.696424136585932));
#9698=CARTESIAN_POINT('Ctrl Pts',(-1.21449303594616,2.54671796036478E-16,
0.696424136585932));
#9699=CARTESIAN_POINT('',(-0.687495070199351,4.384027201084E-18,1.22943368571953));
#9700=CARTESIAN_POINT('Ctrl Pts',(-0.687495070199351,8.768054402168E-18,
1.22943368571953));
#9701=CARTESIAN_POINT('Ctrl Pts',(-0.688983247930448,8.768054402168E-18,
1.22694357742397));
#9702=CARTESIAN_POINT('Ctrl Pts',(-0.690471425661545,8.6285571350256E-18,
1.2244534691284));
#9703=CARTESIAN_POINT('Ctrl Pts',(-0.693447781123738,8.6285571350256E-18,
1.21947325253728));
#9704=CARTESIAN_POINT('Ctrl Pts',(-0.694935958854835,8.48905986788321E-18,
1.21698314424172));
#9705=CARTESIAN_POINT('Ctrl Pts',(-0.696424136585932,8.48905986788321E-18,
1.21449303594616));
#9706=CARTESIAN_POINT('Ctrl Pts',(-1.22943368571953,2.63041632065021E-16,
0.687495070199351));
#9707=CARTESIAN_POINT('Ctrl Pts',(-1.22943368571953,-0.117834779450201,
0.687495070199351));
#9708=CARTESIAN_POINT('Ctrl Pts',(-1.19033642755783,-0.369674959927533,
0.773712392316422));
#9709=CARTESIAN_POINT('Ctrl Pts',(-0.997817348599537,-0.459262460336843,
1.00539219303483));
#9710=CARTESIAN_POINT('Ctrl Pts',(-0.768091903512829,-0.332773908726908,
1.19005998256424));
#9711=CARTESIAN_POINT('Ctrl Pts',(-0.687495070199351,-0.147293474312752,
1.22943368571953));
#9712=CARTESIAN_POINT('Ctrl Pts',(-0.687495070199351,8.768054402168E-18,
1.22943368571953));
#9713=CARTESIAN_POINT('Origin',(0.,0.,0.));
#9714=CARTESIAN_POINT('',(-1.2045598002178,0.,0.713467308347355));
#9715=CARTESIAN_POINT('Origin',(0.,0.,0.));
#9716=CARTESIAN_POINT('',(-0.713467308347355,0.,1.2045598002178));
#9717=CARTESIAN_POINT('Ctrl Pts',(-1.2045598002178,2.16840434497101E-17,
0.713467308347355));
#9718=CARTESIAN_POINT('Ctrl Pts',(-1.2045598002178,-0.0656595707575655,
0.713467308347355));
#9719=CARTESIAN_POINT('Ctrl Pts',(-1.19679358771292,-0.134710197353418,
0.727091629720382));
#9720=CARTESIAN_POINT('Ctrl Pts',(-1.17155735721935,-0.225316635316375,
0.766614397654272));
#9721=CARTESIAN_POINT('Ctrl Pts',(-1.16089135459554,-0.253448039751705,
0.782843315023452));
#9722=CARTESIAN_POINT('Ctrl Pts',(-1.13506814815973,-0.303113223225173,
0.819832459536843));
#9723=CARTESIAN_POINT('Ctrl Pts',(-1.1199083280829,-0.324651321592487,0.840585060077538));
#9724=CARTESIAN_POINT('Ctrl Pts',(-1.08786268871694,-0.356939113483868,
0.881553441062109));
#9725=CARTESIAN_POINT('Ctrl Pts',(-1.06998709603175,-0.369998740395575,
0.90333062630692));
#9726=CARTESIAN_POINT('Ctrl Pts',(-1.03107125389309,-0.387184877953085,
0.947494497253942));
#9727=CARTESIAN_POINT('Ctrl Pts',(-1.01002406341394,-0.391311868073653,
0.969874879654204));
#9728=CARTESIAN_POINT('Ctrl Pts',(-0.969874879654204,-0.391311868073653,
1.01002406341394));
#9729=CARTESIAN_POINT('Ctrl Pts',(-0.947494497253942,-0.387184877953085,
1.03107125389309));
#9730=CARTESIAN_POINT('Ctrl Pts',(-0.903330626306921,-0.369998740395576,
1.06998709603175));
#9731=CARTESIAN_POINT('Ctrl Pts',(-0.881553441062109,-0.356939113483869,
1.08786268871694));
#9732=CARTESIAN_POINT('Ctrl Pts',(-0.840585060077538,-0.324651321592487,
1.1199083280829));
#9733=CARTESIAN_POINT('Ctrl Pts',(-0.819832459536843,-0.303113223225174,
1.13506814815973));
#9734=CARTESIAN_POINT('Ctrl Pts',(-0.782843315023452,-0.253448039751706,
1.16089135459554));
#9735=CARTESIAN_POINT('Ctrl Pts',(-0.766614397654273,-0.225316635316376,
1.17155735721935));
#9736=CARTESIAN_POINT('Ctrl Pts',(-0.727091629720382,-0.134710197353418,
1.19679358771292));
#9737=CARTESIAN_POINT('Ctrl Pts',(-0.713467308347355,-0.0656595707575656,
1.2045598002178));
#9738=CARTESIAN_POINT('Ctrl Pts',(-0.713467308347355,0.,1.2045598002178));
#9739=CARTESIAN_POINT('Origin',(0.,0.,0.));
#9740=CARTESIAN_POINT('Origin',(0.,0.,0.));
#9741=CARTESIAN_POINT('',(-0.866205806953521,0.,1.6086679271994));
#9742=CARTESIAN_POINT('Origin',(-1.23743686707646,0.,1.23743686707646));
#9743=CARTESIAN_POINT('',(-1.15246218392968,0.,1.75551437404246));
#9744=CARTESIAN_POINT('Origin',(-1.23743686707646,0.,1.23743686707646));
#9745=CARTESIAN_POINT('',(-1.13038387919058,0.,1.76981131438459));
#9746=CARTESIAN_POINT('Origin',(0.,0.,0.));
#9747=CARTESIAN_POINT('',(-1.11218586812783,0.,1.77298533786658));
#9748=CARTESIAN_POINT('Ctrl Pts',(-1.13038387919058,-3.37931293141118E-17,
1.76981131438459));
#9749=CARTESIAN_POINT('Ctrl Pts',(-1.12735087734678,-3.37931293141118E-17,
1.77034031829825));
#9750=CARTESIAN_POINT('Ctrl Pts',(-1.12431787550299,0.,1.77086932221192));
#9751=CARTESIAN_POINT('Ctrl Pts',(-1.11825187181541,0.,1.77192733003925));
#9752=CARTESIAN_POINT('Ctrl Pts',(-1.11521886997162,-3.53325245401475E-17,
1.77245633395292));
#9753=CARTESIAN_POINT('Ctrl Pts',(-1.11218586812783,-3.53325245401475E-17,
1.77298533786658));
#9754=CARTESIAN_POINT('',(-0.998586127209087,0.,1.73286628674333));
#9755=CARTESIAN_POINT('Origin',(-1.23743683941759,0.,1.23743683941759));
#9756=CARTESIAN_POINT('',(-0.519214480097405,0.,1.93142852439412));
#9757=CARTESIAN_POINT('Origin',(0.,0.,0.));
#9758=CARTESIAN_POINT('',(-0.467255786056747,4.41656556751928E-18,2.04012412464282));
#9759=CARTESIAN_POINT('Origin',(-1.07156592530257E-16,0.,1.74999996088445));
#9760=CARTESIAN_POINT('',(-0.452143475502409,4.22414116426478E-18,2.05074768814163));
#9761=CARTESIAN_POINT('Ctrl Pts',(-0.467255786056747,-2.73827065186195E-16,
2.04012412464282));
#9762=CARTESIAN_POINT('Ctrl Pts',(-0.464737067631024,-2.73827065186195E-16,
2.04189471855929));
#9763=CARTESIAN_POINT('Ctrl Pts',(-0.462218349205301,-2.67861908685306E-16,
2.04366531247576));
#9764=CARTESIAN_POINT('Ctrl Pts',(-0.457180912353855,-2.67861908685306E-16,
2.04720650030869));
#9765=CARTESIAN_POINT('Ctrl Pts',(-0.454662193928132,-2.61896752184417E-16,
2.04897709422516));
#9766=CARTESIAN_POINT('Ctrl Pts',(-0.452143475502409,-2.61896752184417E-16,
2.05074768814163));
#9767=CARTESIAN_POINT('',(-0.426422293038146,0.,2.05624994367361));
#9768=CARTESIAN_POINT('Origin',(0.,0.,0.));
#9769=CARTESIAN_POINT('',(-0.347254831191394,0.,1.35624997496605));
#9770=CARTESIAN_POINT('Origin',(-1.07156594925393E-16,0.,1.75));
#9771=CARTESIAN_POINT('',(-0.366330031859466,0.,1.35122249098326));
#9772=CARTESIAN_POINT('Origin',(0.,0.,0.));
#9773=CARTESIAN_POINT('',(-0.383208470021166,0.,1.35547332236173));
#9774=CARTESIAN_POINT('Ctrl Pts',(-0.366330031859466,3.39562394715302E-17,
1.35122249098326));
#9775=CARTESIAN_POINT('Ctrl Pts',(-0.369143104886416,3.39562394715302E-17,
1.35193096287967));
#9776=CARTESIAN_POINT('Ctrl Pts',(-0.371956177913366,0.,1.35263943477609));
#9777=CARTESIAN_POINT('Ctrl Pts',(-0.377582323967266,0.,1.35405637856891));
#9778=CARTESIAN_POINT('Ctrl Pts',(-0.380395396994216,3.50722176086693E-17,
1.35476485046532));
#9779=CARTESIAN_POINT('Ctrl Pts',(-0.383208470021166,3.50722176086693E-17,
1.35547332236173));
#9780=CARTESIAN_POINT('',(-0.448343893649856,0.,1.43142853556999));
#9781=CARTESIAN_POINT('Origin',(-1.07156592530257E-16,0.,1.74999996088445));
#9782=CARTESIAN_POINT('',(-0.695145816782077,0.,1.32919983178886));
#9783=CARTESIAN_POINT('Origin',(0.,0.,0.));
#9784=CARTESIAN_POINT('Origin',(-1.23743683941759,0.,1.23743683941759));
#9785=CARTESIAN_POINT('Ctrl Pts',(0.383208470021166,8.76805440216732E-18,
1.35547332236173));
#9786=CARTESIAN_POINT('Ctrl Pts',(0.383208470021166,-0.147293474312752,
1.35547332236173));
#9787=CARTESIAN_POINT('Ctrl Pts',(0.298372939771575,-0.332795704081833,
1.38461408927261));
#9788=CARTESIAN_POINT('Ctrl Pts',(0.00535183192255073,-0.4592790766516,
1.41647730675074));
#9789=CARTESIAN_POINT('Ctrl Pts',(-0.29460760831385,-0.369692937418355,
1.3887835203807));
#9790=CARTESIAN_POINT('Ctrl Pts',(-0.383208470021166,-0.117834779450201,
1.35547332236173));
#9791=CARTESIAN_POINT('Ctrl Pts',(-0.383208470021166,5.26083264130039E-17,
1.35547332236173));
#9792=CARTESIAN_POINT('Ctrl Pts',(0.377582323967266,8.6750562240724E-18,
1.35405637856891));
#9793=CARTESIAN_POINT('Ctrl Pts',(0.377582323967266,-0.145731209284723,
1.35405637856891));
#9794=CARTESIAN_POINT('Ctrl Pts',(0.293397839842208,-0.32903769289814,1.38263460956785));
#9795=CARTESIAN_POINT('Ctrl Pts',(0.00522113136975067,-0.453275489491154,
1.41365475759272));
#9796=CARTESIAN_POINT('Ctrl Pts',(-0.289485375071083,-0.365526113279109,
1.38672838186312));
#9797=CARTESIAN_POINT('Ctrl Pts',(-0.377582323967266,-0.116584967427779,
1.35405637856891));
#9798=CARTESIAN_POINT('Ctrl Pts',(-0.377582323967266,5.20503373444344E-17,
1.35405637856891));
#9799=CARTESIAN_POINT('Ctrl Pts',(0.371956177913366,8.58205804597747E-18,
1.35263943477609));
#9800=CARTESIAN_POINT('Ctrl Pts',(0.371956177913366,-0.144168944256695,
1.35263943477609));
#9801=CARTESIAN_POINT('Ctrl Pts',(0.288422739912841,-0.325279681714447,
1.3806551298631));
#9802=CARTESIAN_POINT('Ctrl Pts',(0.00509043081695057,-0.447271902330709,
1.41083220843469));
#9803=CARTESIAN_POINT('Ctrl Pts',(-0.284363141828317,-0.361359289139864,
1.38467324334555));
#9804=CARTESIAN_POINT('Ctrl Pts',(-0.371956177913366,-0.115335155405356,
1.35263943477609));
#9805=CARTESIAN_POINT('Ctrl Pts',(-0.371956177913366,5.14923482758648E-17,
1.35263943477609));
#9806=CARTESIAN_POINT('Ctrl Pts',(0.366330031859466,8.48905986788255E-18,
1.35122249098326));
#9807=CARTESIAN_POINT('Ctrl Pts',(0.366330031859466,-0.142606679228666,
1.35122249098326));
#9808=CARTESIAN_POINT('Ctrl Pts',(0.283447639983473,-0.321521670530753,
1.37867565015834));
#9809=CARTESIAN_POINT('Ctrl Pts',(0.00495973026415055,-0.441268315170264,
1.40800965927667));
#9810=CARTESIAN_POINT('Ctrl Pts',(-0.27924090858555,-0.357192465000618,
1.38261810482797));
#9811=CARTESIAN_POINT('Ctrl Pts',(-0.366330031859466,-0.114085343382933,
1.35122249098326));
#9812=CARTESIAN_POINT('Ctrl Pts',(-0.366330031859466,5.09343592072953E-17,
1.35122249098326));
#9813=CARTESIAN_POINT('',(0.366330031859466,4.24452993394128E-18,1.35122249098326));
#9814=CARTESIAN_POINT('Ctrl Pts',(0.366330031859466,8.48905986788255E-18,
1.35122249098326));
#9815=CARTESIAN_POINT('Ctrl Pts',(0.366330031859466,-0.142606679228666,
1.35122249098326));
#9816=CARTESIAN_POINT('Ctrl Pts',(0.283447639983473,-0.321521670530753,
1.37867565015834));
#9817=CARTESIAN_POINT('Ctrl Pts',(0.00495973026415055,-0.441268315170264,
1.40800965927667));
#9818=CARTESIAN_POINT('Ctrl Pts',(-0.27924090858555,-0.357192465000618,
1.38261810482797));
#9819=CARTESIAN_POINT('Ctrl Pts',(-0.366330031859466,-0.114085343382933,
1.35122249098326));
#9820=CARTESIAN_POINT('Ctrl Pts',(-0.366330031859466,5.09343592072953E-17,
1.35122249098326));
#9821=CARTESIAN_POINT('',(0.383208470021166,4.38402720108366E-18,1.35547332236173));
#9822=CARTESIAN_POINT('Ctrl Pts',(0.383208470021166,8.76805440216732E-18,
1.35547332236173));
#9823=CARTESIAN_POINT('Ctrl Pts',(0.380395396994216,8.76805440216732E-18,
1.35476485046532));
#9824=CARTESIAN_POINT('Ctrl Pts',(0.377582323967266,8.62855713502494E-18,
1.35405637856891));
#9825=CARTESIAN_POINT('Ctrl Pts',(0.371956177913366,8.62855713502494E-18,
1.35263943477609));
#9826=CARTESIAN_POINT('Ctrl Pts',(0.369143104886416,8.48905986788255E-18,
1.35193096287967));
#9827=CARTESIAN_POINT('Ctrl Pts',(0.366330031859466,8.48905986788255E-18,
1.35122249098326));
#9828=CARTESIAN_POINT('Ctrl Pts',(-0.383208470021166,5.26083264130039E-17,
1.35547332236173));
#9829=CARTESIAN_POINT('Ctrl Pts',(-0.383208470021166,-0.117834779450201,
1.35547332236173));
#9830=CARTESIAN_POINT('Ctrl Pts',(-0.29460760831385,-0.369692937418355,
1.3887835203807));
#9831=CARTESIAN_POINT('Ctrl Pts',(0.00535183192255073,-0.4592790766516,
1.41647730675074));
#9832=CARTESIAN_POINT('Ctrl Pts',(0.298372939771575,-0.332795704081833,
1.38461408927261));
#9833=CARTESIAN_POINT('Ctrl Pts',(0.383208470021166,-0.147293474312752,
1.35547332236173));
#9834=CARTESIAN_POINT('Ctrl Pts',(0.383208470021166,8.76805440216732E-18,
1.35547332236173));
#9835=CARTESIAN_POINT('Origin',(-1.07156592530257E-16,0.,1.74999996088445));
#9836=CARTESIAN_POINT('',(0.448343893649856,0.,1.43142853556999));
#9837=CARTESIAN_POINT('Origin',(-1.07156592530257E-16,0.,1.74999996088445));
#9838=CARTESIAN_POINT('',(0.430056841609334,-0.139999999999975,1.43702853569516));
#9839=CARTESIAN_POINT('Ctrl Pts',(0.430056841609328,-0.139999999999974,
1.43702853569516));
#9840=CARTESIAN_POINT('Ctrl Pts',(0.442375246312191,-0.0939186768896576,
1.43334202976393));
#9841=CARTESIAN_POINT('Ctrl Pts',(0.448343893649856,-0.0463231272168407,
1.43142853556999));
#9842=CARTESIAN_POINT('Ctrl Pts',(0.448343893649856,0.,1.43142853556999));
#9843=CARTESIAN_POINT('',(0.433430197312589,-0.15,1.44645710714289));
#9844=CARTESIAN_POINT('Ctrl Pts',(0.433430197312589,-0.15,1.44645710714289));
#9845=CARTESIAN_POINT('Ctrl Pts',(0.432375647068408,-0.146686239171939,
1.4433137682935));
#9846=CARTESIAN_POINT('Ctrl Pts',(0.431251464372152,-0.143351332404179,
1.44016921292564));
#9847=CARTESIAN_POINT('Ctrl Pts',(0.430056841609316,-0.139999999999988,
1.43702853569515));
#9848=CARTESIAN_POINT('',(0.529150262212918,-0.15,1.74999996088445));
#9849=CARTESIAN_POINT('Origin',(-1.07156592530257E-16,-0.15,1.74999996088445));
#9850=CARTESIAN_POINT('',(-7.34788055537046E-17,-0.55,1.74999996088445));
#9851=CARTESIAN_POINT('Origin',(-1.07156592530257E-16,0.,1.74999996088445));
#9852=CARTESIAN_POINT('',(0.498861583486294,-0.15,1.92645709596702));
#9853=CARTESIAN_POINT('Origin',(-1.07156592530257E-16,-0.15,1.74999996088445));
#9854=CARTESIAN_POINT('',(0.497915973217246,-0.139999999999697,1.93702852451924));
#9855=CARTESIAN_POINT('Ctrl Pts',(0.497915973217059,-0.140000000000012,
1.93702852451928));
#9856=CARTESIAN_POINT('Ctrl Pts',(0.498308465452544,-0.143324476234634,
1.93349508121299));
#9857=CARTESIAN_POINT('Ctrl Pts',(0.498623720226881,-0.146660458231252,
1.92996838559134));
#9858=CARTESIAN_POINT('Ctrl Pts',(0.498861583486259,-0.149999999999519,
1.92645709596753));
#9859=CARTESIAN_POINT('',(0.519214480097404,0.,1.93142852439412));
#9860=CARTESIAN_POINT('Ctrl Pts',(0.519214480097405,0.,1.93142852439412));
#9861=CARTESIAN_POINT('Ctrl Pts',(0.519214480097405,-0.0456392014905951,
1.93142852439412));
#9862=CARTESIAN_POINT('Ctrl Pts',(0.512289570456953,-0.0938155775212488,
1.93333377063841));
#9863=CARTESIAN_POINT('Ctrl Pts',(0.49791597321716,-0.139999999999668,1.93702852451926));
#9864=CARTESIAN_POINT('',(0.467255786056747,0.,2.04012412464282));
#9865=CARTESIAN_POINT('Origin',(-1.07156592530257E-16,0.,1.74999996088445));
#9866=CARTESIAN_POINT('Ctrl Pts',(0.467255786056747,6.70633359315599E-19,
2.04012412464282));
#9867=CARTESIAN_POINT('Ctrl Pts',(0.467255786056747,-0.0644321422352577,
2.04012412464282));
#9868=CARTESIAN_POINT('Ctrl Pts',(0.431364045800496,-0.203299060656971,
2.048901940166));
#9869=CARTESIAN_POINT('Ctrl Pts',(0.293050655132801,-0.352867210854362,
2.07397376487046));
#9870=CARTESIAN_POINT('Ctrl Pts',(0.0405721067179098,-0.460898821987815,
2.10019870984272));
#9871=CARTESIAN_POINT('Ctrl Pts',(-0.246814317431699,-0.403780072398884,
2.0836998363271));
#9872=CARTESIAN_POINT('Ctrl Pts',(-0.431533604431643,-0.202492634023807,
2.04813598512339));
#9873=CARTESIAN_POINT('Ctrl Pts',(-0.467255786056747,-0.0644321422352575,
2.04012412464282));
#9874=CARTESIAN_POINT('Ctrl Pts',(-0.467255786056747,8.83313113503856E-18,
2.04012412464282));
#9875=CARTESIAN_POINT('',(-0.497915973217246,-0.139999999999697,1.93702852451924));
#9876=CARTESIAN_POINT('Ctrl Pts',(-0.497915973217161,-0.139999999999668,
1.93702852451926));
#9877=CARTESIAN_POINT('Ctrl Pts',(-0.512289570492903,-0.0938155774057351,
1.93333377062917));
#9878=CARTESIAN_POINT('Ctrl Pts',(-0.519214480097405,-0.0456392015252003,
1.93142852439412));
#9879=CARTESIAN_POINT('Ctrl Pts',(-0.519214480097405,0.,1.93142852439412));
#9880=CARTESIAN_POINT('',(-0.498861583486294,-0.15,1.92645709596702));
#9881=CARTESIAN_POINT('Ctrl Pts',(-0.498861583486333,-0.150000000000546,
1.92645709596645));
#9882=CARTESIAN_POINT('Ctrl Pts',(-0.498623716425151,-0.146660404855669,
1.92996844171195));
#9883=CARTESIAN_POINT('Ctrl Pts',(-0.498308489498463,-0.14332467990767,
1.93349486473766));
#9884=CARTESIAN_POINT('Ctrl Pts',(-0.497915973217059,-0.140000000000012,
1.93702852451928));
#9885=CARTESIAN_POINT('',(-0.433430197312589,-0.15,1.44645710714289));
#9886=CARTESIAN_POINT('Origin',(-1.07156592530257E-16,-0.15,1.74999996088445));
#9887=CARTESIAN_POINT('',(-0.430056841609334,-0.139999999999975,1.43702853569516));
#9888=CARTESIAN_POINT('Ctrl Pts',(-0.430056841609316,-0.139999999999988,
1.43702853569515));
#9889=CARTESIAN_POINT('Ctrl Pts',(-0.431251487013819,-0.143351395921931,
1.44016927245085));
#9890=CARTESIAN_POINT('Ctrl Pts',(-0.432375613047472,-0.14668613226641,
1.44331366688597));
#9891=CARTESIAN_POINT('Ctrl Pts',(-0.433430197312647,-0.150000000000183,
1.44645710714306));
#9892=CARTESIAN_POINT('Ctrl Pts',(-0.448343893649856,1.73472347597681E-17,
1.43142853556999));
#9893=CARTESIAN_POINT('Ctrl Pts',(-0.448343893649856,-0.0463231274222621,
1.43142853556999));
#9894=CARTESIAN_POINT('Ctrl Pts',(-0.442375246328119,-0.0939186768300719,
1.43334202975917));
#9895=CARTESIAN_POINT('Ctrl Pts',(-0.430056841609328,-0.139999999999974,
1.43702853569516));
#9896=CARTESIAN_POINT('Ctrl Pts',(-0.467255786056747,8.83313113503856E-18,
2.04012412464282));
#9897=CARTESIAN_POINT('Ctrl Pts',(-0.467255786056747,-0.0644321422352575,
2.04012412464282));
#9898=CARTESIAN_POINT('Ctrl Pts',(-0.431533604431643,-0.202492634023807,
2.04813598512339));
#9899=CARTESIAN_POINT('Ctrl Pts',(-0.246814317431699,-0.403780072398884,
2.0836998363271));
#9900=CARTESIAN_POINT('Ctrl Pts',(0.0405721067179098,-0.460898821987815,
2.10019870984272));
#9901=CARTESIAN_POINT('Ctrl Pts',(0.293050655132801,-0.352867210854362,
2.07397376487046));
#9902=CARTESIAN_POINT('Ctrl Pts',(0.431364045800496,-0.203299060656971,
2.048901940166));
#9903=CARTESIAN_POINT('Ctrl Pts',(0.467255786056747,-0.0644321422352577,
2.04012412464282));
#9904=CARTESIAN_POINT('Ctrl Pts',(0.467255786056747,6.70633359315599E-19,
2.04012412464282));
#9905=CARTESIAN_POINT('Ctrl Pts',(-0.462218349205301,8.70484819953556E-18,
2.04366531247576));
#9906=CARTESIAN_POINT('Ctrl Pts',(-0.462218349205301,-0.0634963988142299,
2.04366531247576));
#9907=CARTESIAN_POINT('Ctrl Pts',(-0.427021175486845,-0.199557440715615,
2.05149470456712));
#9908=CARTESIAN_POINT('Ctrl Pts',(-0.244561341654351,-0.398525430694057,
2.08640628726732));
#9909=CARTESIAN_POINT('Ctrl Pts',(0.0402368269372724,-0.455203669633153,
2.1026655910279));
#9910=CARTESIAN_POINT('Ctrl Pts',(0.290228200618524,-0.348174653330311,
2.07685162358505));
#9911=CARTESIAN_POINT('Ctrl Pts',(0.426856218407456,-0.200375681242005,
2.0522528845295));
#9912=CARTESIAN_POINT('Ctrl Pts',(0.462218349205301,-0.0634963988142302,
2.04366531247576));
#9913=CARTESIAN_POINT('Ctrl Pts',(0.462218349205301,6.60893798715396E-19,
2.04366531247576));
#9914=CARTESIAN_POINT('Ctrl Pts',(-0.457180912353855,8.57656526403257E-18,
2.04720650030869));
#9915=CARTESIAN_POINT('Ctrl Pts',(-0.457180912353855,-0.0625606553932026,
2.04720650030869));
#9916=CARTESIAN_POINT('Ctrl Pts',(-0.422508746542047,-0.196622247407422,
2.05485342401084));
#9917=CARTESIAN_POINT('Ctrl Pts',(-0.242308365877003,-0.393270788989231,
2.08911273820753));
#9918=CARTESIAN_POINT('Ctrl Pts',(0.0399015471566349,-0.449508517278491,
2.10513247221309));
#9919=CARTESIAN_POINT('Ctrl Pts',(0.287405746104247,-0.343482095806261,
2.07972948229964));
#9920=CARTESIAN_POINT('Ctrl Pts',(0.422348391014417,-0.197452301827038,
2.055603828893));
#9921=CARTESIAN_POINT('Ctrl Pts',(0.457180912353855,-0.0625606553932026,
2.04720650030869));
#9922=CARTESIAN_POINT('Ctrl Pts',(0.457180912353855,6.51154238115194E-19,
2.04720650030869));
#9923=CARTESIAN_POINT('Ctrl Pts',(-0.452143475502409,8.44828232852957E-18,
2.05074768814163));
#9924=CARTESIAN_POINT('Ctrl Pts',(-0.452143475502409,-0.0616249119721749,
2.05074768814163));
#9925=CARTESIAN_POINT('Ctrl Pts',(-0.417996317597249,-0.19368705409923,
2.05821214345457));
#9926=CARTESIAN_POINT('Ctrl Pts',(-0.240055390099654,-0.388016147284404,
2.09181918914775));
#9927=CARTESIAN_POINT('Ctrl Pts',(0.0395662673759976,-0.443813364923829,
2.10759935339827));
#9928=CARTESIAN_POINT('Ctrl Pts',(0.28458329158997,-0.33878953828221,2.08260734101423));
#9929=CARTESIAN_POINT('Ctrl Pts',(0.417840563621378,-0.194528922412072,
2.0589547732565));
#9930=CARTESIAN_POINT('Ctrl Pts',(0.452143475502408,-0.0616249119721751,
2.05074768814163));
#9931=CARTESIAN_POINT('Ctrl Pts',(0.452143475502408,6.41414677514991E-19,
2.05074768814163));
#9932=CARTESIAN_POINT('',(0.452143475502408,0.,2.05074768814163));
#9933=CARTESIAN_POINT('Ctrl Pts',(0.452143475502408,-8.44828232852958E-17,
2.05074768814163));
#9934=CARTESIAN_POINT('Ctrl Pts',(0.454662193928131,-8.44828232852958E-17,
2.04897709422516));
#9935=CARTESIAN_POINT('Ctrl Pts',(0.457180912353855,0.,2.04720650030869));
#9936=CARTESIAN_POINT('Ctrl Pts',(0.462218349205301,0.,2.04366531247576));
#9937=CARTESIAN_POINT('Ctrl Pts',(0.464737067631024,-8.83313113503857E-17,
2.04189471855929));
#9938=CARTESIAN_POINT('Ctrl Pts',(0.467255786056747,-8.83313113503857E-17,
2.04012412464282));
#9939=CARTESIAN_POINT('Ctrl Pts',(-0.452143475502409,8.44828232852957E-18,
2.05074768814163));
#9940=CARTESIAN_POINT('Ctrl Pts',(-0.452143475502409,-0.0616249119721749,
2.05074768814163));
#9941=CARTESIAN_POINT('Ctrl Pts',(-0.417996317597249,-0.19368705409923,
2.05821214345457));
#9942=CARTESIAN_POINT('Ctrl Pts',(-0.240055390099654,-0.388016147284404,
2.09181918914775));
#9943=CARTESIAN_POINT('Ctrl Pts',(0.0395662673759976,-0.443813364923829,
2.10759935339827));
#9944=CARTESIAN_POINT('Ctrl Pts',(0.28458329158997,-0.33878953828221,2.08260734101423));
#9945=CARTESIAN_POINT('Ctrl Pts',(0.417840563621378,-0.194528922412072,
2.0589547732565));
#9946=CARTESIAN_POINT('Ctrl Pts',(0.452143475502408,-0.0616249119721751,
2.05074768814163));
#9947=CARTESIAN_POINT('Ctrl Pts',(0.452143475502408,6.41414677514991E-19,
2.05074768814163));
#9948=CARTESIAN_POINT('Origin',(0.,0.,0.));
#9949=CARTESIAN_POINT('',(0.426422293038145,0.,2.05624994367361));
#9950=CARTESIAN_POINT('Origin',(0.,0.,0.));
#9951=CARTESIAN_POINT('Ctrl Pts',(0.426422293038146,-2.09289070136712E-31,
2.05624994367361));
#9952=CARTESIAN_POINT('Ctrl Pts',(0.426422293038146,-0.0448462140401569,
2.05624994367361));
#9953=CARTESIAN_POINT('Ctrl Pts',(0.417576155087841,-0.0926400319721468,
2.05814454178371));
#9954=CARTESIAN_POINT('Ctrl Pts',(0.381960560651497,-0.180981132984229,
2.06505085155158));
#9955=CARTESIAN_POINT('Ctrl Pts',(0.355211215862051,-0.221543895181683,
2.0699679320608));
#9956=CARTESIAN_POINT('Ctrl Pts',(0.296172457223492,-0.285180247340983,
2.0792128560597));
#9957=CARTESIAN_POINT('Ctrl Pts',(0.256012233668863,-0.316038915962018,
2.08467019929429));
#9958=CARTESIAN_POINT('Ctrl Pts',(0.155900594026135,-0.370642899791789,
2.09516290101742));
#9959=CARTESIAN_POINT('Ctrl Pts',(0.0720665152656127,-0.39131193804567,
2.09999995306134));
#9960=CARTESIAN_POINT('Ctrl Pts',(-0.0720665152656135,-0.39131193804567,
2.09999995306134));
#9961=CARTESIAN_POINT('Ctrl Pts',(-0.155900594026136,-0.370642899791788,
2.09516290101742));
#9962=CARTESIAN_POINT('Ctrl Pts',(-0.256012233668864,-0.316038915962017,
2.08467019929429));
#9963=CARTESIAN_POINT('Ctrl Pts',(-0.296172457223493,-0.285180247340983,
2.0792128560597));
#9964=CARTESIAN_POINT('Ctrl Pts',(-0.355211215862051,-0.221543895181682,
2.0699679320608));
#9965=CARTESIAN_POINT('Ctrl Pts',(-0.381960560651498,-0.180981132984228,
2.06505085155158));
#9966=CARTESIAN_POINT('Ctrl Pts',(-0.417576155087842,-0.0926400319721465,
2.05814454178371));
#9967=CARTESIAN_POINT('Ctrl Pts',(-0.426422293038146,-0.0448462140401568,
2.05624994367361));
#9968=CARTESIAN_POINT('Ctrl Pts',(-0.426422293038146,0.,2.05624994367361));
#9969=CARTESIAN_POINT('Ctrl Pts',(-1.77298533786658,8.83313113503856E-18,
1.11218586812783));
#9970=CARTESIAN_POINT('Ctrl Pts',(-1.77298533786658,-0.0644321422352575,
1.11218586812783));
#9971=CARTESIAN_POINT('Ctrl Pts',(-1.75338698791081,-0.202484232093551,
1.14311574606838));
#9972=CARTESIAN_POINT('Ctrl Pts',(-1.64791776222178,-0.403767047906263,
1.29887860219802));
#9973=CARTESIAN_POINT('Ctrl Pts',(-1.45637544629578,-0.460881452371995,
1.51375527574363));
#9974=CARTESIAN_POINT('Ctrl Pts',(-1.25930627293246,-0.352856539997531,
1.67373838901964));
#9975=CARTESIAN_POINT('Ctrl Pts',(-1.14377693183421,-0.203290995269521,
1.75381095787786));
#9976=CARTESIAN_POINT('Ctrl Pts',(-1.11218586812783,-0.0644321422352577,
1.77298533786658));
#9977=CARTESIAN_POINT('Ctrl Pts',(-1.11218586812783,2.68253343726191E-19,
1.77298533786658));
#9978=CARTESIAN_POINT('Ctrl Pts',(-1.77192733003925,8.70484819953556E-18,
1.11825187181541));
#9979=CARTESIAN_POINT('Ctrl Pts',(-1.77192733003925,-0.06349639881423,1.11825187181541));
#9980=CARTESIAN_POINT('Ctrl Pts',(-1.75257121088415,-0.19954914231401,1.14868139780286));
#9981=CARTESIAN_POINT('Ctrl Pts',(-1.64823841683264,-0.398512542046874,
1.30238537611355));
#9982=CARTESIAN_POINT('Ctrl Pts',(-1.45835679420481,-0.455186514152126,
1.5152625131057));
#9983=CARTESIAN_POINT('Ctrl Pts',(-1.26333690366904,-0.348164147498123,
1.67377756071321));
#9984=CARTESIAN_POINT('Ctrl Pts',(-1.14933380924023,-0.200367750283886,
1.75299293206957));
#9985=CARTESIAN_POINT('Ctrl Pts',(-1.11825187181541,-0.0634963988142301,
1.77192733003925));
#9986=CARTESIAN_POINT('Ctrl Pts',(-1.11825187181541,2.64357519486111E-19,
1.77192733003925));
#9987=CARTESIAN_POINT('Ctrl Pts',(-1.77086932221192,8.57656526403257E-18,
1.12431787550299));
#9988=CARTESIAN_POINT('Ctrl Pts',(-1.77086932221192,-0.0625606553932025,
1.12431787550299));
#9989=CARTESIAN_POINT('Ctrl Pts',(-1.75175543385748,-0.196614052534469,
1.15424704953735));
#9990=CARTESIAN_POINT('Ctrl Pts',(-1.64855907144351,-0.393258036187486,
1.30589215002908));
#9991=CARTESIAN_POINT('Ctrl Pts',(-1.46033814211385,-0.449491575932258,
1.51676975046776));
#9992=CARTESIAN_POINT('Ctrl Pts',(-1.26736753440563,-0.343471754998717,
1.67381673240677));
#9993=CARTESIAN_POINT('Ctrl Pts',(-1.15489068664625,-0.19744450529825,1.75217490626128));
#9994=CARTESIAN_POINT('Ctrl Pts',(-1.12431787550299,-0.0625606553932027,
1.77086932221192));
#9995=CARTESIAN_POINT('Ctrl Pts',(-1.12431787550299,2.60461695246031E-19,
1.77086932221192));
#9996=CARTESIAN_POINT('Ctrl Pts',(-1.76981131438459,8.44828232852957E-18,
1.13038387919058));
#9997=CARTESIAN_POINT('Ctrl Pts',(-1.76981131438459,-0.061624911972175,
1.13038387919058));
#9998=CARTESIAN_POINT('Ctrl Pts',(-1.75093965683082,-0.193678962754928,
1.15981270127184));
#9999=CARTESIAN_POINT('Ctrl Pts',(-1.64887972605437,-0.388003530328098,
1.30939892394462));
#10000=CARTESIAN_POINT('Ctrl Pts',(-1.46231949002288,-0.443796637712388,
1.51827698782983));
#10001=CARTESIAN_POINT('Ctrl Pts',(-1.27139816514221,-0.338779362499309,
1.67385590410034));
#10002=CARTESIAN_POINT('Ctrl Pts',(-1.16044756405227,-0.194521260312615,
1.75135688045299));
#10003=CARTESIAN_POINT('Ctrl Pts',(-1.13038387919058,-0.0616249119721751,
1.76981131438459));
#10004=CARTESIAN_POINT('Ctrl Pts',(-1.13038387919058,2.5656587100595E-19,
1.76981131438459));
#10005=CARTESIAN_POINT('',(-1.76981131438459,4.22414116426478E-18,1.13038387919058));
#10006=CARTESIAN_POINT('Ctrl Pts',(-1.76981131438459,8.44828232852957E-18,
1.13038387919058));
#10007=CARTESIAN_POINT('Ctrl Pts',(-1.76981131438459,-0.061624911972175,
1.13038387919058));
#10008=CARTESIAN_POINT('Ctrl Pts',(-1.75093965683082,-0.193678962754928,
1.15981270127184));
#10009=CARTESIAN_POINT('Ctrl Pts',(-1.64887972605437,-0.388003530328098,
1.30939892394462));
#10010=CARTESIAN_POINT('Ctrl Pts',(-1.46231949002288,-0.443796637712388,
1.51827698782983));
#10011=CARTESIAN_POINT('Ctrl Pts',(-1.27139816514221,-0.338779362499309,
1.67385590410034));
#10012=CARTESIAN_POINT('Ctrl Pts',(-1.16044756405227,-0.194521260312615,
1.75135688045299));
#10013=CARTESIAN_POINT('Ctrl Pts',(-1.13038387919058,-0.0616249119721751,
1.76981131438459));
#10014=CARTESIAN_POINT('Ctrl Pts',(-1.13038387919058,2.5656587100595E-19,
1.76981131438459));
#10015=CARTESIAN_POINT('',(-1.77298533786658,4.41656556751928E-18,1.11218586812783));
#10016=CARTESIAN_POINT('Ctrl Pts',(-1.77298533786658,8.83313113503856E-18,
1.11218586812783));
#10017=CARTESIAN_POINT('Ctrl Pts',(-1.77245633395292,8.83313113503856E-18,
1.11521886997162));
#10018=CARTESIAN_POINT('Ctrl Pts',(-1.77192733003925,8.64070673178406E-18,
1.11825187181541));
#10019=CARTESIAN_POINT('Ctrl Pts',(-1.77086932221192,8.64070673178406E-18,
1.12431787550299));
#10020=CARTESIAN_POINT('Ctrl Pts',(-1.77034031829825,8.44828232852957E-18,
1.12735087734678));
#10021=CARTESIAN_POINT('Ctrl Pts',(-1.76981131438459,8.44828232852957E-18,
1.13038387919058));
#10022=CARTESIAN_POINT('Ctrl Pts',(-1.11218586812783,2.68253343726191E-19,
1.77298533786658));
#10023=CARTESIAN_POINT('Ctrl Pts',(-1.11218586812783,-0.0644321422352577,
1.77298533786658));
#10024=CARTESIAN_POINT('Ctrl Pts',(-1.14377693183421,-0.203290995269521,
1.75381095787786));
#10025=CARTESIAN_POINT('Ctrl Pts',(-1.25930627293246,-0.352856539997531,
1.67373838901964));
#10026=CARTESIAN_POINT('Ctrl Pts',(-1.45637544629578,-0.460881452371995,
1.51375527574363));
#10027=CARTESIAN_POINT('Ctrl Pts',(-1.64791776222178,-0.403767047906263,
1.29887860219802));
#10028=CARTESIAN_POINT('Ctrl Pts',(-1.75338698791081,-0.202484232093551,
1.14311574606838));
#10029=CARTESIAN_POINT('Ctrl Pts',(-1.77298533786658,-0.0644321422352575,
1.11218586812783));
#10030=CARTESIAN_POINT('Ctrl Pts',(-1.77298533786658,8.83313113503856E-18,
1.11218586812783));
#10031=CARTESIAN_POINT('Origin',(-1.23743683941759,0.,1.23743683941759));
#10032=CARTESIAN_POINT('',(-0.712036513350991,-0.139999999999976,1.32022873134625));
#10033=CARTESIAN_POINT('Ctrl Pts',(-0.712036513350997,-0.139999999999974,
1.32022873134625));
#10034=CARTESIAN_POINT('Ctrl Pts',(-0.700719332509348,-0.0939186768896556,
1.32633240550219));
#10035=CARTESIAN_POINT('Ctrl Pts',(-0.695145816782077,-0.0463231272168439,
1.32919983178886));
#10036=CARTESIAN_POINT('Ctrl Pts',(-0.695145816782077,0.,1.32919983178886));
#10037=CARTESIAN_POINT('',(-0.71631819746546,-0.15,1.32928106084697));
#10038=CARTESIAN_POINT('Ctrl Pts',(-0.71631819746546,-0.15,1.32928106084697));
#10039=CARTESIAN_POINT('Ctrl Pts',(-0.714841200878252,-0.146686239171939,
1.32631270500224));
#10040=CARTESIAN_POINT('Ctrl Pts',(-0.713412581661636,-0.143351332404179,
1.32329425136999));
#10041=CARTESIAN_POINT('Ctrl Pts',(-0.712036513350999,-0.139999999999988,
1.32022873134623));
#10042=CARTESIAN_POINT('',(-0.863271100740195,-0.15,1.61160257809498));
#10043=CARTESIAN_POINT('Origin',(-1.23743683941759,-0.15,1.23743683941759));
#10044=CARTESIAN_POINT('',(-1.23743683941759,-0.55,1.23743683941759));
#10045=CARTESIAN_POINT('Origin',(-1.23743683941759,0.,1.23743683941759));
#10046=CARTESIAN_POINT('',(-1.00946246766661,-0.15,1.71495928477984));
#10047=CARTESIAN_POINT('Origin',(-1.23743683941759,-0.15,1.23743683941759));
#10048=CARTESIAN_POINT('',(-1.01760624391631,-0.139999999999697,1.72176576616234));
#10049=CARTESIAN_POINT('Ctrl Pts',(-1.01760624391647,-0.140000000000012,
1.72176576616224));
#10050=CARTESIAN_POINT('Ctrl Pts',(-1.01483018827239,-0.143324476234634,
1.7195447783607));
#10051=CARTESIAN_POINT('Ctrl Pts',(-1.0121135190944,-0.146660458231252,
1.71727394676018));
#10052=CARTESIAN_POINT('Ctrl Pts',(-1.00946246766699,-0.149999999999519,
1.71495928478017));
#10053=CARTESIAN_POINT('Ctrl Pts',(-0.998586127209087,0.,1.73286628674333));
#10054=CARTESIAN_POINT('Ctrl Pts',(-0.998586127209087,-0.045639201490595,
1.73286628674333));
#10055=CARTESIAN_POINT('Ctrl Pts',(-1.00482999031413,-0.0938155775212489,
1.72931684871664));
#10056=CARTESIAN_POINT('Ctrl Pts',(-1.01760624391639,-0.139999999999668,
1.7217657661623));
#10057=CARTESIAN_POINT('',(-1.73286628674333,0.,0.998586127209087));
#10058=CARTESIAN_POINT('Origin',(-1.23743683941759,0.,1.23743683941759));
#10059=CARTESIAN_POINT('',(-1.72176576616234,-0.139999999999697,1.01760624391631));
#10060=CARTESIAN_POINT('Ctrl Pts',(-1.7217657661623,-0.139999999999668,
1.01760624391639));
#10061=CARTESIAN_POINT('Ctrl Pts',(-1.72931684873552,-0.0938155774057351,
1.00482999028217));
#10062=CARTESIAN_POINT('Ctrl Pts',(-1.73286628674333,-0.0456392015252004,
0.998586127209087));
#10063=CARTESIAN_POINT('Ctrl Pts',(-1.73286628674333,0.,0.998586127209087));
#10064=CARTESIAN_POINT('',(-1.71495928477984,-0.15,1.00946246766661));
#10065=CARTESIAN_POINT('Ctrl Pts',(-1.71495928477946,-0.150000000000546,
1.00946246766617));
#10066=CARTESIAN_POINT('Ctrl Pts',(-1.71727398375521,-0.146660404855669,
1.01211356146589));
#10067=CARTESIAN_POINT('Ctrl Pts',(-1.71954464229255,-0.143324679907669,
1.01483001819817));
#10068=CARTESIAN_POINT('Ctrl Pts',(-1.72176576616224,-0.140000000000011,
1.01760624391647));
#10069=CARTESIAN_POINT('',(-1.32928106084697,-0.15,0.71631819746546));
#10070=CARTESIAN_POINT('Origin',(-1.23743683941759,-0.15,1.23743683941759));
#10071=CARTESIAN_POINT('',(-1.32022873134625,-0.139999999999975,0.712036513350991));
#10072=CARTESIAN_POINT('Ctrl Pts',(-1.32022873134623,-0.139999999999988,
0.712036513350999));
#10073=CARTESIAN_POINT('Ctrl Pts',(-1.32329430947075,-0.143351395921931,
0.713412607742238));
#10074=CARTESIAN_POINT('Ctrl Pts',(-1.32631260923985,-0.14668613226641,
0.714841153228733));
#10075=CARTESIAN_POINT('Ctrl Pts',(-1.32928106084713,-0.150000000000183,
0.716318197465541));
#10076=CARTESIAN_POINT('',(-1.32919983178886,0.,0.695145816782077));
#10077=CARTESIAN_POINT('Ctrl Pts',(-1.32919983178886,0.,0.695145816782077));
#10078=CARTESIAN_POINT('Ctrl Pts',(-1.32919983178886,-0.0463231274222622,
0.695145816782077));
#10079=CARTESIAN_POINT('Ctrl Pts',(-1.32633240551008,-0.093918676830072,
0.700719332494715));
#10080=CARTESIAN_POINT('Ctrl Pts',(-1.32022873134625,-0.139999999999974,
0.712036513350997));
#10081=CARTESIAN_POINT('Origin',(-1.23743683941759,0.,1.23743683941759));
#10082=CARTESIAN_POINT('Ctrl Pts',(-2.04012412464282,8.83313113503856E-18,
-0.467255786056747));
#10083=CARTESIAN_POINT('Ctrl Pts',(-2.04012412464282,-0.0644321422352575,
-0.467255786056747));
#10084=CARTESIAN_POINT('Ctrl Pts',(-2.04813598512339,-0.202492634023807,
-0.431533604431643));
#10085=CARTESIAN_POINT('Ctrl Pts',(-2.0836998363271,-0.403780072398884,
-0.246814317431699));
#10086=CARTESIAN_POINT('Ctrl Pts',(-2.10019870984272,-0.460898821987815,
0.0405721067179098));
#10087=CARTESIAN_POINT('Ctrl Pts',(-2.07397376487046,-0.352867210854362,
0.293050655132801));
#10088=CARTESIAN_POINT('Ctrl Pts',(-2.048901940166,-0.203299060656971,0.431364045800496));
#10089=CARTESIAN_POINT('Ctrl Pts',(-2.04012412464282,-0.0644321422352577,
0.467255786056747));
#10090=CARTESIAN_POINT('Ctrl Pts',(-2.04012412464282,-1.88289514860541E-31,
0.467255786056747));
#10091=CARTESIAN_POINT('Ctrl Pts',(-2.04366531247576,8.70484819953556E-18,
-0.462218349205301));
#10092=CARTESIAN_POINT('Ctrl Pts',(-2.04366531247576,-0.0634963988142299,
-0.462218349205301));
#10093=CARTESIAN_POINT('Ctrl Pts',(-2.05149470456712,-0.199557440715615,
-0.427021175486845));
#10094=CARTESIAN_POINT('Ctrl Pts',(-2.08640628726732,-0.398525430694057,
-0.244561341654351));
#10095=CARTESIAN_POINT('Ctrl Pts',(-2.1026655910279,-0.455203669633154,
0.0402368269372726));
#10096=CARTESIAN_POINT('Ctrl Pts',(-2.07685162358505,-0.348174653330311,
0.290228200618524));
#10097=CARTESIAN_POINT('Ctrl Pts',(-2.0522528845295,-0.200375681242005,
0.426856218407457));
#10098=CARTESIAN_POINT('Ctrl Pts',(-2.04366531247576,-0.0634963988142301,
0.462218349205301));
#10099=CARTESIAN_POINT('Ctrl Pts',(-2.04366531247576,-1.85554999622232E-31,
0.462218349205301));
#10100=CARTESIAN_POINT('Ctrl Pts',(-2.04720650030869,8.57656526403257E-18,
-0.457180912353855));
#10101=CARTESIAN_POINT('Ctrl Pts',(-2.04720650030869,-0.0625606553932026,
-0.457180912353855));
#10102=CARTESIAN_POINT('Ctrl Pts',(-2.05485342401084,-0.196622247407423,
-0.422508746542047));
#10103=CARTESIAN_POINT('Ctrl Pts',(-2.08911273820754,-0.393270788989231,
-0.242308365877003));
#10104=CARTESIAN_POINT('Ctrl Pts',(-2.10513247221309,-0.449508517278492,
0.039901547156635));
#10105=CARTESIAN_POINT('Ctrl Pts',(-2.07972948229964,-0.343482095806261,
0.287405746104247));
#10106=CARTESIAN_POINT('Ctrl Pts',(-2.055603828893,-0.197452301827038,0.422348391014418));
#10107=CARTESIAN_POINT('Ctrl Pts',(-2.04720650030869,-0.0625606553932027,
0.457180912353855));
#10108=CARTESIAN_POINT('Ctrl Pts',(-2.04720650030869,-1.82820484383923E-31,
0.457180912353855));
#10109=CARTESIAN_POINT('Ctrl Pts',(-2.05074768814163,8.44828232852957E-18,
-0.452143475502408));
#10110=CARTESIAN_POINT('Ctrl Pts',(-2.05074768814163,-0.0616249119721749,
-0.452143475502408));
#10111=CARTESIAN_POINT('Ctrl Pts',(-2.05821214345457,-0.19368705409923,
-0.417996317597248));
#10112=CARTESIAN_POINT('Ctrl Pts',(-2.09181918914775,-0.388016147284404,
-0.240055390099654));
#10113=CARTESIAN_POINT('Ctrl Pts',(-2.10759935339827,-0.44381336492383,
0.0395662673759977));
#10114=CARTESIAN_POINT('Ctrl Pts',(-2.08260734101423,-0.33878953828221,
0.28458329158997));
#10115=CARTESIAN_POINT('Ctrl Pts',(-2.0589547732565,-0.194528922412072,
0.417840563621378));
#10116=CARTESIAN_POINT('Ctrl Pts',(-2.05074768814163,-0.0616249119721751,
0.452143475502408));
#10117=CARTESIAN_POINT('Ctrl Pts',(-2.05074768814163,-1.80085969145613E-31,
0.452143475502408));
#10118=CARTESIAN_POINT('',(-2.05074768814163,0.,0.452143475502408));
#10119=CARTESIAN_POINT('Ctrl Pts',(-2.05074768814163,-1.52069081913532E-16,
0.452143475502408));
#10120=CARTESIAN_POINT('Ctrl Pts',(-2.04897709422516,-1.52069081913532E-16,
0.454662193928132));
#10121=CARTESIAN_POINT('Ctrl Pts',(-2.04720650030869,-2.76502615417091E-16,
0.457180912353855));
#10122=CARTESIAN_POINT('Ctrl Pts',(-2.04366531247576,-2.76502615417091E-16,
0.462218349205301));
#10123=CARTESIAN_POINT('Ctrl Pts',(-2.04189471855929,-1.58996360430694E-16,
0.464737067631024));
#10124=CARTESIAN_POINT('Ctrl Pts',(-2.04012412464282,-1.58996360430694E-16,
0.467255786056747));
#10125=CARTESIAN_POINT('Ctrl Pts',(-2.05074768814163,8.44828232852957E-18,
-0.452143475502408));
#10126=CARTESIAN_POINT('Ctrl Pts',(-2.05074768814163,-0.0616249119721749,
-0.452143475502408));
#10127=CARTESIAN_POINT('Ctrl Pts',(-2.05821214345457,-0.19368705409923,
-0.417996317597248));
#10128=CARTESIAN_POINT('Ctrl Pts',(-2.09181918914775,-0.388016147284404,
-0.240055390099654));
#10129=CARTESIAN_POINT('Ctrl Pts',(-2.10759935339827,-0.44381336492383,
0.0395662673759977));
#10130=CARTESIAN_POINT('Ctrl Pts',(-2.08260734101423,-0.33878953828221,
0.28458329158997));
#10131=CARTESIAN_POINT('Ctrl Pts',(-2.0589547732565,-0.194528922412072,
0.417840563621378));
#10132=CARTESIAN_POINT('Ctrl Pts',(-2.05074768814163,-0.0616249119721751,
0.452143475502408));
#10133=CARTESIAN_POINT('Ctrl Pts',(-2.05074768814163,-1.80085969145613E-31,
0.452143475502408));
#10134=CARTESIAN_POINT('Origin',(0.,0.,0.));
#10135=CARTESIAN_POINT('',(-2.05624994367361,0.,0.426422293038146));
#10136=CARTESIAN_POINT('Origin',(0.,0.,0.));
#10137=CARTESIAN_POINT('Ctrl Pts',(-2.05624994367361,-2.09289070136712E-31,
0.426422293038146));
#10138=CARTESIAN_POINT('Ctrl Pts',(-2.05624994367361,-0.0448462140401569,
0.426422293038146));
#10139=CARTESIAN_POINT('Ctrl Pts',(-2.05814454178371,-0.0926400319721468,
0.417576155087841));
#10140=CARTESIAN_POINT('Ctrl Pts',(-2.06505085155158,-0.180981132984229,
0.381960560651497));
#10141=CARTESIAN_POINT('Ctrl Pts',(-2.0699679320608,-0.221543895181683,
0.355211215862051));
#10142=CARTESIAN_POINT('Ctrl Pts',(-2.0792128560597,-0.285180247340983,
0.296172457223492));
#10143=CARTESIAN_POINT('Ctrl Pts',(-2.08467019929429,-0.316038915962018,
0.256012233668863));
#10144=CARTESIAN_POINT('Ctrl Pts',(-2.09516290101742,-0.370642899791789,
0.155900594026135));
#10145=CARTESIAN_POINT('Ctrl Pts',(-2.09999995306134,-0.39131193804567,
0.0720665152656128));
#10146=CARTESIAN_POINT('Ctrl Pts',(-2.09999995306134,-0.39131193804567,
-0.0720665152656133));
#10147=CARTESIAN_POINT('Ctrl Pts',(-2.09516290101742,-0.370642899791788,
-0.155900594026136));
#10148=CARTESIAN_POINT('Ctrl Pts',(-2.08467019929429,-0.316038915962017,
-0.256012233668864));
#10149=CARTESIAN_POINT('Ctrl Pts',(-2.0792128560597,-0.285180247340983,
-0.296172457223493));
#10150=CARTESIAN_POINT('Ctrl Pts',(-2.0699679320608,-0.221543895181682,
-0.355211215862051));
#10151=CARTESIAN_POINT('Ctrl Pts',(-2.06505085155158,-0.180981132984228,
-0.381960560651498));
#10152=CARTESIAN_POINT('Ctrl Pts',(-2.05814454178371,-0.0926400319721465,
-0.417576155087841));
#10153=CARTESIAN_POINT('Ctrl Pts',(-2.05624994367361,-0.0448462140401568,
-0.426422293038146));
#10154=CARTESIAN_POINT('Ctrl Pts',(-2.05624994367361,0.,-0.426422293038146));
#10155=CARTESIAN_POINT('Ctrl Pts',(-1.11218586812783,2.91493327456275E-16,
-1.77298533786658));
#10156=CARTESIAN_POINT('Ctrl Pts',(-1.11218586812783,-0.0644321422352573,
-1.77298533786658));
#10157=CARTESIAN_POINT('Ctrl Pts',(-1.14377693183421,-0.20329099526952,
-1.75381095787786));
#10158=CARTESIAN_POINT('Ctrl Pts',(-1.25930627293246,-0.352856539997531,
-1.67373838901964));
#10159=CARTESIAN_POINT('Ctrl Pts',(-1.45637544629578,-0.460881452371995,
-1.51375527574363));
#10160=CARTESIAN_POINT('Ctrl Pts',(-1.64791776222178,-0.403767047906264,
-1.29887860219802));
#10161=CARTESIAN_POINT('Ctrl Pts',(-1.75338698791081,-0.202484232093552,
-1.14311574606838));
#10162=CARTESIAN_POINT('Ctrl Pts',(-1.77298533786658,-0.0644321422352576,
-1.11218586812783));
#10163=CARTESIAN_POINT('Ctrl Pts',(-1.77298533786658,2.68253343726197E-19,
-1.11218586812783));
#10164=CARTESIAN_POINT('Ctrl Pts',(-1.11825187181541,2.87259990584676E-16,
-1.77192733003925));
#10165=CARTESIAN_POINT('Ctrl Pts',(-1.11825187181541,-0.0634963988142297,
-1.77192733003925));
#10166=CARTESIAN_POINT('Ctrl Pts',(-1.14933380924023,-0.200367750283885,
-1.75299293206957));
#10167=CARTESIAN_POINT('Ctrl Pts',(-1.26333690366904,-0.348164147498123,
-1.67377756071321));
#10168=CARTESIAN_POINT('Ctrl Pts',(-1.45835679420481,-0.455186514152126,
-1.5152625131057));
#10169=CARTESIAN_POINT('Ctrl Pts',(-1.64823841683264,-0.398512542046875,
-1.30238537611355));
#10170=CARTESIAN_POINT('Ctrl Pts',(-1.75257121088415,-0.19954914231401,
-1.14868139780286));
#10171=CARTESIAN_POINT('Ctrl Pts',(-1.77192733003925,-0.0634963988142301,
-1.11825187181541));
#10172=CARTESIAN_POINT('Ctrl Pts',(-1.77192733003925,2.64357519486117E-19,
-1.11825187181541));
#10173=CARTESIAN_POINT('Ctrl Pts',(-1.12431787550299,2.83026653713077E-16,
-1.77086932221192));
#10174=CARTESIAN_POINT('Ctrl Pts',(-1.12431787550299,-0.0625606553932023,
-1.77086932221192));
#10175=CARTESIAN_POINT('Ctrl Pts',(-1.15489068664625,-0.19744450529825,
-1.75217490626128));
#10176=CARTESIAN_POINT('Ctrl Pts',(-1.26736753440562,-0.343471754998717,
-1.67381673240677));
#10177=CARTESIAN_POINT('Ctrl Pts',(-1.46033814211385,-0.449491575932258,
-1.51676975046776));
#10178=CARTESIAN_POINT('Ctrl Pts',(-1.64855907144351,-0.393258036187487,
-1.30589215002908));
#10179=CARTESIAN_POINT('Ctrl Pts',(-1.75175543385748,-0.196614052534469,
-1.15424704953735));
#10180=CARTESIAN_POINT('Ctrl Pts',(-1.77086932221192,-0.0625606553932026,
-1.12431787550299));
#10181=CARTESIAN_POINT('Ctrl Pts',(-1.77086932221192,2.60461695246036E-19,
-1.12431787550299));
#10182=CARTESIAN_POINT('Ctrl Pts',(-1.13038387919058,2.78793316841478E-16,
-1.76981131438459));
#10183=CARTESIAN_POINT('Ctrl Pts',(-1.13038387919058,-0.0616249119721747,
-1.76981131438459));
#10184=CARTESIAN_POINT('Ctrl Pts',(-1.16044756405227,-0.194521260312615,
-1.75135688045299));
#10185=CARTESIAN_POINT('Ctrl Pts',(-1.27139816514221,-0.33877936249931,
-1.67385590410034));
#10186=CARTESIAN_POINT('Ctrl Pts',(-1.46231949002288,-0.443796637712389,
-1.51827698782983));
#10187=CARTESIAN_POINT('Ctrl Pts',(-1.64887972605437,-0.388003530328099,
-1.30939892394462));
#10188=CARTESIAN_POINT('Ctrl Pts',(-1.75093965683082,-0.193678962754928,
-1.15981270127184));
#10189=CARTESIAN_POINT('Ctrl Pts',(-1.76981131438459,-0.061624911972175,
-1.13038387919058));
#10190=CARTESIAN_POINT('Ctrl Pts',(-1.76981131438459,2.56565871005956E-19,
-1.13038387919058));
#10191=CARTESIAN_POINT('Ctrl Pts',(-1.13038387919058,2.78793316841478E-16,
-1.76981131438459));
#10192=CARTESIAN_POINT('Ctrl Pts',(-1.13038387919058,-0.0616249119721747,
-1.76981131438459));
#10193=CARTESIAN_POINT('Ctrl Pts',(-1.16044756405227,-0.194521260312615,
-1.75135688045299));
#10194=CARTESIAN_POINT('Ctrl Pts',(-1.27139816514221,-0.33877936249931,
-1.67385590410034));
#10195=CARTESIAN_POINT('Ctrl Pts',(-1.46231949002288,-0.443796637712389,
-1.51827698782983));
#10196=CARTESIAN_POINT('Ctrl Pts',(-1.64887972605437,-0.388003530328099,
-1.30939892394462));
#10197=CARTESIAN_POINT('Ctrl Pts',(-1.75093965683082,-0.193678962754928,
-1.15981270127184));
#10198=CARTESIAN_POINT('Ctrl Pts',(-1.76981131438459,-0.061624911972175,
-1.13038387919058));
#10199=CARTESIAN_POINT('Ctrl Pts',(-1.76981131438459,2.56565871005956E-19,
-1.13038387919058));
#10200=CARTESIAN_POINT('Origin',(0.,0.,0.));
#10201=CARTESIAN_POINT('Ctrl Pts',(-1.75551437404246,0.,-1.15246218392968));
#10202=CARTESIAN_POINT('Ctrl Pts',(-1.75551437404246,-0.0448462140401569,
-1.15246218392968));
#10203=CARTESIAN_POINT('Ctrl Pts',(-1.75059889308176,-0.0926400319721468,
-1.16005703123292));
#10204=CARTESIAN_POINT('Ctrl Pts',(-1.73029836320967,-0.180981132984229,
-1.19012455804469));
#10205=CARTESIAN_POINT('Ctrl Pts',(-1.71486062108846,-0.221543895181683,
-1.21251610210931));
#10206=CARTESIAN_POINT('Ctrl Pts',(-1.67965106295348,-0.285180247340983,
-1.26079995714665));
#10207=CARTESIAN_POINT('Ctrl Pts',(-1.65511242095248,-0.316038915962018,
-1.29305644796454));
#10208=CARTESIAN_POINT('Ctrl Pts',(-1.59174226222679,-0.370642899791789,
-1.37126552777301));
#10209=CARTESIAN_POINT('Ctrl Pts',(-1.5358829289419,-0.39131193804567,-1.43396548566031));
#10210=CARTESIAN_POINT('Ctrl Pts',(-1.43396548566031,-0.39131193804567,
-1.53588292894191));
#10211=CARTESIAN_POINT('Ctrl Pts',(-1.371265527773,-0.370642899791788,-1.59174226222679));
#10212=CARTESIAN_POINT('Ctrl Pts',(-1.29305644796454,-0.316038915962017,
-1.65511242095248));
#10213=CARTESIAN_POINT('Ctrl Pts',(-1.26079995714665,-0.285180247340983,
-1.67965106295348));
#10214=CARTESIAN_POINT('Ctrl Pts',(-1.21251610210931,-0.221543895181682,
-1.71486062108846));
#10215=CARTESIAN_POINT('Ctrl Pts',(-1.19012455804469,-0.180981132984228,
-1.73029836320967));
#10216=CARTESIAN_POINT('Ctrl Pts',(-1.16005703123292,-0.0926400319721465,
-1.75059889308176));
#10217=CARTESIAN_POINT('Ctrl Pts',(-1.15246218392968,-0.0448462140401568,
-1.75551437404246));
#10218=CARTESIAN_POINT('Ctrl Pts',(-1.15246218392968,0.,-1.75551437404246));
#10219=CARTESIAN_POINT('Ctrl Pts',(0.467255786056747,8.83313113503856E-18,
-2.04012412464282));
#10220=CARTESIAN_POINT('Ctrl Pts',(0.467255786056747,-0.0644321422352576,
-2.04012412464282));
#10221=CARTESIAN_POINT('Ctrl Pts',(0.431364045800496,-0.203299060656971,
-2.048901940166));
#10222=CARTESIAN_POINT('Ctrl Pts',(0.293050655132801,-0.352867210854361,
-2.07397376487046));
#10223=CARTESIAN_POINT('Ctrl Pts',(0.0405721067179102,-0.460898821987815,
-2.10019870984272));
#10224=CARTESIAN_POINT('Ctrl Pts',(-0.246814317431699,-0.403780072398884,
-2.0836998363271));
#10225=CARTESIAN_POINT('Ctrl Pts',(-0.431533604431643,-0.202492634023807,
-2.04813598512339));
#10226=CARTESIAN_POINT('Ctrl Pts',(-0.467255786056747,-0.0644321422352576,
-2.04012412464282));
#10227=CARTESIAN_POINT('Ctrl Pts',(-0.467255786056747,1.07301337490499E-18,
-2.04012412464282));
#10228=CARTESIAN_POINT('Ctrl Pts',(0.462218349205301,8.70484819953556E-18,
-2.04366531247576));
#10229=CARTESIAN_POINT('Ctrl Pts',(0.462218349205301,-0.0634963988142301,
-2.04366531247576));
#10230=CARTESIAN_POINT('Ctrl Pts',(0.426856218407457,-0.200375681242005,
-2.0522528845295));
#10231=CARTESIAN_POINT('Ctrl Pts',(0.290228200618524,-0.348174653330311,
-2.07685162358505));
#10232=CARTESIAN_POINT('Ctrl Pts',(0.0402368269372729,-0.455203669633153,
-2.1026655910279));
#10233=CARTESIAN_POINT('Ctrl Pts',(-0.24456134165435,-0.398525430694057,
-2.08640628726732));
#10234=CARTESIAN_POINT('Ctrl Pts',(-0.427021175486844,-0.199557440715615,
-2.05149470456712));
#10235=CARTESIAN_POINT('Ctrl Pts',(-0.462218349205301,-0.0634963988142301,
-2.04366531247576));
#10236=CARTESIAN_POINT('Ctrl Pts',(-0.462218349205301,1.05743007794467E-18,
-2.04366531247576));
#10237=CARTESIAN_POINT('Ctrl Pts',(0.457180912353855,8.57656526403257E-18,
-2.04720650030869));
#10238=CARTESIAN_POINT('Ctrl Pts',(0.457180912353855,-0.0625606553932026,
-2.04720650030869));
#10239=CARTESIAN_POINT('Ctrl Pts',(0.422348391014418,-0.197452301827039,
-2.055603828893));
#10240=CARTESIAN_POINT('Ctrl Pts',(0.287405746104248,-0.343482095806261,
-2.07972948229964));
#10241=CARTESIAN_POINT('Ctrl Pts',(0.0399015471566357,-0.449508517278492,
-2.10513247221309));
#10242=CARTESIAN_POINT('Ctrl Pts',(-0.242308365877002,-0.393270788989231,
-2.08911273820754));
#10243=CARTESIAN_POINT('Ctrl Pts',(-0.422508746542047,-0.196622247407423,
-2.05485342401084));
#10244=CARTESIAN_POINT('Ctrl Pts',(-0.457180912353854,-0.0625606553932026,
-2.04720650030869));
#10245=CARTESIAN_POINT('Ctrl Pts',(-0.457180912353854,1.04184678098434E-18,
-2.04720650030869));
#10246=CARTESIAN_POINT('Ctrl Pts',(0.452143475502409,8.44828232852957E-18,
-2.05074768814163));
#10247=CARTESIAN_POINT('Ctrl Pts',(0.452143475502409,-0.061624911972175,
-2.05074768814163));
#10248=CARTESIAN_POINT('Ctrl Pts',(0.417840563621378,-0.194528922412072,
-2.0589547732565));
#10249=CARTESIAN_POINT('Ctrl Pts',(0.284583291589971,-0.33878953828221,
-2.08260734101423));
#10250=CARTESIAN_POINT('Ctrl Pts',(0.0395662673759984,-0.44381336492383,
-2.10759935339827));
#10251=CARTESIAN_POINT('Ctrl Pts',(-0.240055390099654,-0.388016147284404,
-2.09181918914775));
#10252=CARTESIAN_POINT('Ctrl Pts',(-0.417996317597248,-0.193687054099231,
-2.05821214345457));
#10253=CARTESIAN_POINT('Ctrl Pts',(-0.452143475502408,-0.061624911972175,
-2.05074768814163));
#10254=CARTESIAN_POINT('Ctrl Pts',(-0.452143475502408,1.02626348402402E-18,
-2.05074768814163));
#10255=CARTESIAN_POINT('Ctrl Pts',(0.452143475502409,8.44828232852957E-18,
-2.05074768814163));
#10256=CARTESIAN_POINT('Ctrl Pts',(0.452143475502409,-0.061624911972175,
-2.05074768814163));
#10257=CARTESIAN_POINT('Ctrl Pts',(0.417840563621378,-0.194528922412072,
-2.0589547732565));
#10258=CARTESIAN_POINT('Ctrl Pts',(0.284583291589971,-0.33878953828221,
-2.08260734101423));
#10259=CARTESIAN_POINT('Ctrl Pts',(0.0395662673759984,-0.44381336492383,
-2.10759935339827));
#10260=CARTESIAN_POINT('Ctrl Pts',(-0.240055390099654,-0.388016147284404,
-2.09181918914775));
#10261=CARTESIAN_POINT('Ctrl Pts',(-0.417996317597248,-0.193687054099231,
-2.05821214345457));
#10262=CARTESIAN_POINT('Ctrl Pts',(-0.452143475502408,-0.061624911972175,
-2.05074768814163));
#10263=CARTESIAN_POINT('Ctrl Pts',(-0.452143475502408,1.02626348402402E-18,
-2.05074768814163));
#10264=CARTESIAN_POINT('Origin',(0.,0.,0.));
#10265=CARTESIAN_POINT('Ctrl Pts',(-0.426422293038145,-2.09289070136711E-31,
-2.05624994367361));
#10266=CARTESIAN_POINT('Ctrl Pts',(-0.426422293038145,-0.0448462140401569,
-2.05624994367361));
#10267=CARTESIAN_POINT('Ctrl Pts',(-0.417576155087841,-0.0926400319721468,
-2.05814454178371));
#10268=CARTESIAN_POINT('Ctrl Pts',(-0.381960560651497,-0.180981132984229,
-2.06505085155158));
#10269=CARTESIAN_POINT('Ctrl Pts',(-0.35521121586205,-0.221543895181683,
-2.0699679320608));
#10270=CARTESIAN_POINT('Ctrl Pts',(-0.296172457223492,-0.285180247340983,
-2.0792128560597));
#10271=CARTESIAN_POINT('Ctrl Pts',(-0.256012233668863,-0.316038915962018,
-2.08467019929429));
#10272=CARTESIAN_POINT('Ctrl Pts',(-0.155900594026135,-0.370642899791789,
-2.09516290101742));
#10273=CARTESIAN_POINT('Ctrl Pts',(-0.0720665152656124,-0.39131193804567,
-2.09999995306134));
#10274=CARTESIAN_POINT('Ctrl Pts',(0.0720665152656137,-0.39131193804567,
-2.09999995306134));
#10275=CARTESIAN_POINT('Ctrl Pts',(0.155900594026136,-0.370642899791788,
-2.09516290101742));
#10276=CARTESIAN_POINT('Ctrl Pts',(0.256012233668864,-0.316038915962017,
-2.08467019929429));
#10277=CARTESIAN_POINT('Ctrl Pts',(0.296172457223493,-0.285180247340983,
-2.0792128560597));
#10278=CARTESIAN_POINT('Ctrl Pts',(0.355211215862051,-0.221543895181682,
-2.0699679320608));
#10279=CARTESIAN_POINT('Ctrl Pts',(0.381960560651498,-0.180981132984228,
-2.06505085155158));
#10280=CARTESIAN_POINT('Ctrl Pts',(0.417576155087842,-0.0926400319721465,
-2.05814454178371));
#10281=CARTESIAN_POINT('Ctrl Pts',(0.426422293038146,-0.0448462140401568,
-2.05624994367361));
#10282=CARTESIAN_POINT('Ctrl Pts',(0.426422293038146,0.,-2.05624994367361));
#10283=CARTESIAN_POINT('Ctrl Pts',(1.77298533786658,8.83313113503802E-18,
-1.11218586812783));
#10284=CARTESIAN_POINT('Ctrl Pts',(1.77298533786658,-0.0644321422352576,
-1.11218586812783));
#10285=CARTESIAN_POINT('Ctrl Pts',(1.75381095787786,-0.203290995269521,
-1.14377693183421));
#10286=CARTESIAN_POINT('Ctrl Pts',(1.67373838901964,-0.352856539997531,
-1.25930627293246));
#10287=CARTESIAN_POINT('Ctrl Pts',(1.51375527574363,-0.460881452371995,
-1.45637544629578));
#10288=CARTESIAN_POINT('Ctrl Pts',(1.29887860219802,-0.403767047906263,
-1.64791776222178));
#10289=CARTESIAN_POINT('Ctrl Pts',(1.14311574606838,-0.202484232093552,
-1.75338698791081));
#10290=CARTESIAN_POINT('Ctrl Pts',(1.11218586812783,-0.0644321422352573,
-1.77298533786658));
#10291=CARTESIAN_POINT('Ctrl Pts',(1.11218586812783,2.84758432082481E-16,
-1.77298533786658));
#10292=CARTESIAN_POINT('Ctrl Pts',(1.77192733003925,8.70484819953503E-18,
-1.11825187181541));
#10293=CARTESIAN_POINT('Ctrl Pts',(1.77192733003925,-0.0634963988142301,
-1.11825187181541));
#10294=CARTESIAN_POINT('Ctrl Pts',(1.75299293206957,-0.200367750283885,
-1.14933380924023));
#10295=CARTESIAN_POINT('Ctrl Pts',(1.67377756071321,-0.348164147498124,
-1.26333690366904));
#10296=CARTESIAN_POINT('Ctrl Pts',(1.5152625131057,-0.455186514152126,-1.45835679420481));
#10297=CARTESIAN_POINT('Ctrl Pts',(1.30238537611355,-0.398512542046875,
-1.64823841683264));
#10298=CARTESIAN_POINT('Ctrl Pts',(1.14868139780286,-0.19954914231401,-1.75257121088415));
#10299=CARTESIAN_POINT('Ctrl Pts',(1.11825187181541,-0.0634963988142297,
-1.77192733003925));
#10300=CARTESIAN_POINT('Ctrl Pts',(1.11825187181541,2.80622905617594E-16,
-1.77192733003925));
#10301=CARTESIAN_POINT('Ctrl Pts',(1.77086932221192,8.57656526403204E-18,
-1.12431787550299));
#10302=CARTESIAN_POINT('Ctrl Pts',(1.77086932221192,-0.0625606553932027,
-1.12431787550299));
#10303=CARTESIAN_POINT('Ctrl Pts',(1.75217490626128,-0.197444505298251,
-1.15489068664625));
#10304=CARTESIAN_POINT('Ctrl Pts',(1.67381673240677,-0.343471754998717,
-1.26736753440562));
#10305=CARTESIAN_POINT('Ctrl Pts',(1.51676975046777,-0.449491575932258,
-1.46033814211385));
#10306=CARTESIAN_POINT('Ctrl Pts',(1.30589215002908,-0.393258036187487,
-1.64855907144351));
#10307=CARTESIAN_POINT('Ctrl Pts',(1.15424704953735,-0.196614052534469,
-1.75175543385748));
#10308=CARTESIAN_POINT('Ctrl Pts',(1.12431787550299,-0.0625606553932024,
-1.77086932221192));
#10309=CARTESIAN_POINT('Ctrl Pts',(1.12431787550299,2.76487379152707E-16,
-1.77086932221192));
#10310=CARTESIAN_POINT('Ctrl Pts',(1.76981131438459,8.44828232852905E-18,
-1.13038387919057));
#10311=CARTESIAN_POINT('Ctrl Pts',(1.76981131438459,-0.0616249119721751,
-1.13038387919057));
#10312=CARTESIAN_POINT('Ctrl Pts',(1.75135688045299,-0.194521260312615,
-1.16044756405227));
#10313=CARTESIAN_POINT('Ctrl Pts',(1.67385590410034,-0.33877936249931,-1.27139816514221));
#10314=CARTESIAN_POINT('Ctrl Pts',(1.51827698782983,-0.443796637712389,
-1.46231949002288));
#10315=CARTESIAN_POINT('Ctrl Pts',(1.30939892394462,-0.388003530328098,
-1.64887972605437));
#10316=CARTESIAN_POINT('Ctrl Pts',(1.15981270127184,-0.193678962754928,
-1.75093965683082));
#10317=CARTESIAN_POINT('Ctrl Pts',(1.13038387919058,-0.0616249119721747,
-1.76981131438459));
#10318=CARTESIAN_POINT('Ctrl Pts',(1.13038387919058,2.72351852687819E-16,
-1.76981131438459));
#10319=CARTESIAN_POINT('',(1.76981131438459,4.22414116426453E-18,-1.13038387919057));
#10320=CARTESIAN_POINT('Ctrl Pts',(1.76981131438459,8.44828232852905E-18,
-1.13038387919057));
#10321=CARTESIAN_POINT('Ctrl Pts',(1.76981131438459,-0.0616249119721751,
-1.13038387919057));
#10322=CARTESIAN_POINT('Ctrl Pts',(1.75135688045299,-0.194521260312615,
-1.16044756405227));
#10323=CARTESIAN_POINT('Ctrl Pts',(1.67385590410034,-0.33877936249931,-1.27139816514221));
#10324=CARTESIAN_POINT('Ctrl Pts',(1.51827698782983,-0.443796637712389,
-1.46231949002288));
#10325=CARTESIAN_POINT('Ctrl Pts',(1.30939892394462,-0.388003530328098,
-1.64887972605437));
#10326=CARTESIAN_POINT('Ctrl Pts',(1.15981270127184,-0.193678962754928,
-1.75093965683082));
#10327=CARTESIAN_POINT('Ctrl Pts',(1.13038387919058,-0.0616249119721747,
-1.76981131438459));
#10328=CARTESIAN_POINT('Ctrl Pts',(1.13038387919058,2.72351852687819E-16,
-1.76981131438459));
#10329=CARTESIAN_POINT('',(1.77298533786658,4.41656556751901E-18,-1.11218586812783));
#10330=CARTESIAN_POINT('Ctrl Pts',(1.77298533786658,-2.73827065186196E-16,
-1.11218586812783));
#10331=CARTESIAN_POINT('Ctrl Pts',(1.77245633395292,-2.73827065186196E-16,
-1.11521886997162));
#10332=CARTESIAN_POINT('Ctrl Pts',(1.77192733003925,-2.67861908685307E-16,
-1.11825187181541));
#10333=CARTESIAN_POINT('Ctrl Pts',(1.77086932221192,-2.67861908685307E-16,
-1.12431787550299));
#10334=CARTESIAN_POINT('Ctrl Pts',(1.77034031829825,8.44828232852905E-18,
-1.12735087734678));
#10335=CARTESIAN_POINT('Ctrl Pts',(1.76981131438459,8.44828232852905E-18,
-1.13038387919057));
#10336=CARTESIAN_POINT('Ctrl Pts',(1.11218586812783,2.84758432082481E-16,
-1.77298533786658));
#10337=CARTESIAN_POINT('Ctrl Pts',(1.11218586812783,-0.0644321422352573,
-1.77298533786658));
#10338=CARTESIAN_POINT('Ctrl Pts',(1.14311574606838,-0.202484232093552,
-1.75338698791081));
#10339=CARTESIAN_POINT('Ctrl Pts',(1.29887860219802,-0.403767047906263,
-1.64791776222178));
#10340=CARTESIAN_POINT('Ctrl Pts',(1.51375527574363,-0.460881452371995,
-1.45637544629578));
#10341=CARTESIAN_POINT('Ctrl Pts',(1.67373838901964,-0.352856539997531,
-1.25930627293246));
#10342=CARTESIAN_POINT('Ctrl Pts',(1.75381095787786,-0.203290995269521,
-1.14377693183421));
#10343=CARTESIAN_POINT('Ctrl Pts',(1.77298533786658,-0.0644321422352576,
-1.11218586812783));
#10344=CARTESIAN_POINT('Ctrl Pts',(1.77298533786658,8.83313113503802E-18,
-1.11218586812783));
#10345=CARTESIAN_POINT('Origin',(0.,0.,0.));
#10346=CARTESIAN_POINT('',(1.75551437404246,0.,-1.15246218392968));
#10347=CARTESIAN_POINT('Ctrl Pts',(1.15246218392968,-7.19194533868665E-31,
-1.75551437404246));
#10348=CARTESIAN_POINT('Ctrl Pts',(1.15246218392968,-0.0448462140401569,
-1.75551437404246));
#10349=CARTESIAN_POINT('Ctrl Pts',(1.16005703123292,-0.0926400319721468,
-1.75059889308176));
#10350=CARTESIAN_POINT('Ctrl Pts',(1.19012455804469,-0.180981132984229,
-1.73029836320967));
#10351=CARTESIAN_POINT('Ctrl Pts',(1.21251610210931,-0.221543895181683,
-1.71486062108846));
#10352=CARTESIAN_POINT('Ctrl Pts',(1.26079995714665,-0.285180247340983,
-1.67965106295348));
#10353=CARTESIAN_POINT('Ctrl Pts',(1.29305644796454,-0.316038915962018,
-1.65511242095248));
#10354=CARTESIAN_POINT('Ctrl Pts',(1.37126552777301,-0.370642899791789,
-1.59174226222679));
#10355=CARTESIAN_POINT('Ctrl Pts',(1.43396548566031,-0.39131193804567,-1.53588292894191));
#10356=CARTESIAN_POINT('Ctrl Pts',(1.53588292894191,-0.39131193804567,-1.43396548566031));
#10357=CARTESIAN_POINT('Ctrl Pts',(1.59174226222679,-0.370642899791788,
-1.37126552777301));
#10358=CARTESIAN_POINT('Ctrl Pts',(1.65511242095248,-0.316038915962017,
-1.29305644796454));
#10359=CARTESIAN_POINT('Ctrl Pts',(1.67965106295348,-0.285180247340983,
-1.26079995714665));
#10360=CARTESIAN_POINT('Ctrl Pts',(1.71486062108846,-0.221543895181682,
-1.21251610210931));
#10361=CARTESIAN_POINT('Ctrl Pts',(1.73029836320967,-0.180981132984228,
-1.19012455804469));
#10362=CARTESIAN_POINT('Ctrl Pts',(1.75059889308176,-0.0926400319721465,
-1.16005703123292));
#10363=CARTESIAN_POINT('Ctrl Pts',(1.75551437404246,-0.0448462140401568,
-1.15246218392968));
#10364=CARTESIAN_POINT('Ctrl Pts',(1.75551437404246,0.,-1.15246218392968));
#10365=CARTESIAN_POINT('Origin',(0.,0.,0.));
#10366=CARTESIAN_POINT('Ctrl Pts',(2.04012412464282,8.83313113503891E-18,
0.467255786056747));
#10367=CARTESIAN_POINT('Ctrl Pts',(2.04012412464282,-0.0644321422352574,
0.467255786056747));
#10368=CARTESIAN_POINT('Ctrl Pts',(2.048901940166,-0.203299060656971,0.431364045800496));
#10369=CARTESIAN_POINT('Ctrl Pts',(2.07397376487046,-0.352867210854361,
0.293050655132802));
#10370=CARTESIAN_POINT('Ctrl Pts',(2.10019870984272,-0.460898821987815,
0.0405721067179103));
#10371=CARTESIAN_POINT('Ctrl Pts',(2.08369983632711,-0.403780072398884,
-0.246814317431699));
#10372=CARTESIAN_POINT('Ctrl Pts',(2.04813598512339,-0.202492634023807,
-0.431533604431643));
#10373=CARTESIAN_POINT('Ctrl Pts',(2.04012412464282,-0.0644321422352576,
-0.467255786056747));
#10374=CARTESIAN_POINT('Ctrl Pts',(2.04012412464282,4.0238001558931E-19,
-0.467255786056747));
#10375=CARTESIAN_POINT('Ctrl Pts',(2.04366531247576,8.7048481995359E-18,
0.462218349205301));
#10376=CARTESIAN_POINT('Ctrl Pts',(2.04366531247576,-0.0634963988142299,
0.462218349205301));
#10377=CARTESIAN_POINT('Ctrl Pts',(2.0522528845295,-0.200375681242004,0.426856218407457));
#10378=CARTESIAN_POINT('Ctrl Pts',(2.07685162358505,-0.348174653330311,
0.290228200618524));
#10379=CARTESIAN_POINT('Ctrl Pts',(2.1026655910279,-0.455203669633153,0.040236826937273));
#10380=CARTESIAN_POINT('Ctrl Pts',(2.08640628726732,-0.398525430694057,
-0.24456134165435));
#10381=CARTESIAN_POINT('Ctrl Pts',(2.05149470456712,-0.199557440715615,
-0.427021175486845));
#10382=CARTESIAN_POINT('Ctrl Pts',(2.04366531247576,-0.0634963988142301,
-0.462218349205301));
#10383=CARTESIAN_POINT('Ctrl Pts',(2.04366531247576,3.96536279229189E-19,
-0.462218349205301));
#10384=CARTESIAN_POINT('Ctrl Pts',(2.04720650030869,8.5765652640329E-18,
0.457180912353855));
#10385=CARTESIAN_POINT('Ctrl Pts',(2.04720650030869,-0.0625606553932023,
0.457180912353855));
#10386=CARTESIAN_POINT('Ctrl Pts',(2.055603828893,-0.197452301827038,0.422348391014418));
#10387=CARTESIAN_POINT('Ctrl Pts',(2.07972948229964,-0.34348209580626,0.287405746104248));
#10388=CARTESIAN_POINT('Ctrl Pts',(2.10513247221309,-0.449508517278492,
0.0399015471566354));
#10389=CARTESIAN_POINT('Ctrl Pts',(2.08911273820754,-0.393270788989231,
-0.242308365877002));
#10390=CARTESIAN_POINT('Ctrl Pts',(2.05485342401084,-0.196622247407423,
-0.422508746542047));
#10391=CARTESIAN_POINT('Ctrl Pts',(2.04720650030869,-0.0625606553932027,
-0.457180912353855));
#10392=CARTESIAN_POINT('Ctrl Pts',(2.04720650030869,3.90692542869069E-19,
-0.457180912353855));
#10393=CARTESIAN_POINT('Ctrl Pts',(2.05074768814163,8.4482823285299E-18,
0.452143475502409));
#10394=CARTESIAN_POINT('Ctrl Pts',(2.05074768814163,-0.0616249119721748,
0.452143475502409));
#10395=CARTESIAN_POINT('Ctrl Pts',(2.0589547732565,-0.194528922412071,0.417840563621379));
#10396=CARTESIAN_POINT('Ctrl Pts',(2.08260734101423,-0.33878953828221,0.284583291589971));
#10397=CARTESIAN_POINT('Ctrl Pts',(2.10759935339827,-0.44381336492383,0.0395662673759982));
#10398=CARTESIAN_POINT('Ctrl Pts',(2.09181918914775,-0.388016147284404,
-0.240055390099654));
#10399=CARTESIAN_POINT('Ctrl Pts',(2.05821214345457,-0.19368705409923,-0.417996317597249));
#10400=CARTESIAN_POINT('Ctrl Pts',(2.05074768814163,-0.0616249119721752,
-0.452143475502409));
#10401=CARTESIAN_POINT('Ctrl Pts',(2.05074768814163,3.84848806508948E-19,
-0.452143475502409));
#10402=CARTESIAN_POINT('',(2.05074768814163,0.,-0.452143475502409));
#10403=CARTESIAN_POINT('Ctrl Pts',(2.05074768814163,-5.06896939711707E-17,
-0.452143475502409));
#10404=CARTESIAN_POINT('Ctrl Pts',(2.04897709422516,-5.06896939711707E-17,
-0.454662193928132));
#10405=CARTESIAN_POINT('Ctrl Pts',(2.04720650030869,0.,-0.457180912353855));
#10406=CARTESIAN_POINT('Ctrl Pts',(2.04366531247576,0.,-0.462218349205301));
#10407=CARTESIAN_POINT('Ctrl Pts',(2.04189471855929,-5.29987868102244E-17,
-0.464737067631024));
#10408=CARTESIAN_POINT('Ctrl Pts',(2.04012412464282,-5.29987868102244E-17,
-0.467255786056747));
#10409=CARTESIAN_POINT('Ctrl Pts',(2.05074768814163,8.4482823285299E-18,
0.452143475502409));
#10410=CARTESIAN_POINT('Ctrl Pts',(2.05074768814163,-0.0616249119721748,
0.452143475502409));
#10411=CARTESIAN_POINT('Ctrl Pts',(2.0589547732565,-0.194528922412071,0.417840563621379));
#10412=CARTESIAN_POINT('Ctrl Pts',(2.08260734101423,-0.33878953828221,0.284583291589971));
#10413=CARTESIAN_POINT('Ctrl Pts',(2.10759935339827,-0.44381336492383,0.0395662673759982));
#10414=CARTESIAN_POINT('Ctrl Pts',(2.09181918914775,-0.388016147284404,
-0.240055390099654));
#10415=CARTESIAN_POINT('Ctrl Pts',(2.05821214345457,-0.19368705409923,-0.417996317597249));
#10416=CARTESIAN_POINT('Ctrl Pts',(2.05074768814163,-0.0616249119721752,
-0.452143475502409));
#10417=CARTESIAN_POINT('Ctrl Pts',(2.05074768814163,3.84848806508948E-19,
-0.452143475502409));
#10418=CARTESIAN_POINT('Origin',(0.,0.,0.));
#10419=CARTESIAN_POINT('',(2.05624994367361,0.,-0.426422293038145));
#10420=CARTESIAN_POINT('Origin',(0.,0.,0.));
#10421=CARTESIAN_POINT('Ctrl Pts',(2.05624994367361,-3.13933605205067E-31,
-0.426422293038146));
#10422=CARTESIAN_POINT('Ctrl Pts',(2.05624994367361,-0.0448462140401569,
-0.426422293038146));
#10423=CARTESIAN_POINT('Ctrl Pts',(2.05814454178371,-0.0926400319721468,
-0.417576155087841));
#10424=CARTESIAN_POINT('Ctrl Pts',(2.06505085155158,-0.180981132984229,
-0.381960560651497));
#10425=CARTESIAN_POINT('Ctrl Pts',(2.0699679320608,-0.221543895181683,-0.35521121586205));
#10426=CARTESIAN_POINT('Ctrl Pts',(2.0792128560597,-0.285180247340983,-0.296172457223492));
#10427=CARTESIAN_POINT('Ctrl Pts',(2.08467019929429,-0.316038915962018,
-0.256012233668863));
#10428=CARTESIAN_POINT('Ctrl Pts',(2.09516290101742,-0.370642899791789,
-0.155900594026135));
#10429=CARTESIAN_POINT('Ctrl Pts',(2.09999995306134,-0.39131193804567,-0.0720665152656125));
#10430=CARTESIAN_POINT('Ctrl Pts',(2.09999995306134,-0.39131193804567,0.0720665152656136));
#10431=CARTESIAN_POINT('Ctrl Pts',(2.09516290101742,-0.370642899791788,
0.155900594026136));
#10432=CARTESIAN_POINT('Ctrl Pts',(2.08467019929429,-0.316038915962017,
0.256012233668864));
#10433=CARTESIAN_POINT('Ctrl Pts',(2.0792128560597,-0.285180247340983,0.296172457223493));
#10434=CARTESIAN_POINT('Ctrl Pts',(2.0699679320608,-0.221543895181682,0.355211215862051));
#10435=CARTESIAN_POINT('Ctrl Pts',(2.06505085155158,-0.180981132984228,
0.381960560651498));
#10436=CARTESIAN_POINT('Ctrl Pts',(2.05814454178371,-0.0926400319721465,
0.417576155087842));
#10437=CARTESIAN_POINT('Ctrl Pts',(2.05624994367361,-0.0448462140401568,
0.426422293038146));
#10438=CARTESIAN_POINT('Ctrl Pts',(2.05624994367361,0.,0.426422293038146));
#10439=CARTESIAN_POINT('Ctrl Pts',(1.11218586812783,2.91493327456281E-16,
1.77298533786658));
#10440=CARTESIAN_POINT('Ctrl Pts',(1.11218586812783,-0.0644321422352572,
1.77298533786658));
#10441=CARTESIAN_POINT('Ctrl Pts',(1.14377693183421,-0.20329099526952,1.75381095787786));
#10442=CARTESIAN_POINT('Ctrl Pts',(1.25930627293246,-0.35285653999753,1.67373838901964));
#10443=CARTESIAN_POINT('Ctrl Pts',(1.45637544629578,-0.460881452371995,
1.51375527574363));
#10444=CARTESIAN_POINT('Ctrl Pts',(1.64791776222178,-0.403767047906264,
1.29887860219802));
#10445=CARTESIAN_POINT('Ctrl Pts',(1.75338698791081,-0.202484232093552,
1.14311574606838));
#10446=CARTESIAN_POINT('Ctrl Pts',(1.77298533786658,-0.0644321422352576,
1.11218586812783));
#10447=CARTESIAN_POINT('Ctrl Pts',(1.77298533786658,5.36506687452474E-19,
1.11218586812783));
#10448=CARTESIAN_POINT('Ctrl Pts',(1.11825187181541,2.87259990584682E-16,
1.77192733003925));
#10449=CARTESIAN_POINT('Ctrl Pts',(1.11825187181541,-0.0634963988142298,
1.77192733003925));
#10450=CARTESIAN_POINT('Ctrl Pts',(1.14933380924023,-0.200367750283885,
1.75299293206957));
#10451=CARTESIAN_POINT('Ctrl Pts',(1.26333690366904,-0.348164147498123,
1.67377756071321));
#10452=CARTESIAN_POINT('Ctrl Pts',(1.45835679420481,-0.455186514152126,
1.5152625131057));
#10453=CARTESIAN_POINT('Ctrl Pts',(1.64823841683264,-0.398512542046875,
1.30238537611355));
#10454=CARTESIAN_POINT('Ctrl Pts',(1.75257121088415,-0.19954914231401,1.14868139780286));
#10455=CARTESIAN_POINT('Ctrl Pts',(1.77192733003925,-0.06349639881423,1.11825187181541));
#10456=CARTESIAN_POINT('Ctrl Pts',(1.77192733003925,5.28715038972312E-19,
1.11825187181541));
#10457=CARTESIAN_POINT('Ctrl Pts',(1.12431787550299,2.83026653713083E-16,
1.77086932221192));
#10458=CARTESIAN_POINT('Ctrl Pts',(1.12431787550299,-0.0625606553932021,
1.77086932221192));
#10459=CARTESIAN_POINT('Ctrl Pts',(1.15489068664625,-0.19744450529825,1.75217490626128));
#10460=CARTESIAN_POINT('Ctrl Pts',(1.26736753440562,-0.343471754998716,
1.67381673240677));
#10461=CARTESIAN_POINT('Ctrl Pts',(1.46033814211385,-0.449491575932258,
1.51676975046776));
#10462=CARTESIAN_POINT('Ctrl Pts',(1.64855907144351,-0.393258036187488,
1.30589215002908));
#10463=CARTESIAN_POINT('Ctrl Pts',(1.75175543385749,-0.196614052534469,
1.15424704953735));
#10464=CARTESIAN_POINT('Ctrl Pts',(1.77086932221192,-0.0625606553932027,
1.12431787550299));
#10465=CARTESIAN_POINT('Ctrl Pts',(1.77086932221192,5.20923390492151E-19,
1.12431787550299));
#10466=CARTESIAN_POINT('Ctrl Pts',(1.13038387919058,2.78793316841484E-16,
1.76981131438459));
#10467=CARTESIAN_POINT('Ctrl Pts',(1.13038387919058,-0.0616249119721747,
1.76981131438459));
#10468=CARTESIAN_POINT('Ctrl Pts',(1.16044756405227,-0.194521260312615,
1.75135688045299));
#10469=CARTESIAN_POINT('Ctrl Pts',(1.27139816514221,-0.338779362499309,
1.67385590410034));
#10470=CARTESIAN_POINT('Ctrl Pts',(1.46231949002288,-0.443796637712388,
1.51827698782983));
#10471=CARTESIAN_POINT('Ctrl Pts',(1.64887972605437,-0.388003530328099,
1.30939892394462));
#10472=CARTESIAN_POINT('Ctrl Pts',(1.75093965683082,-0.193678962754928,
1.15981270127184));
#10473=CARTESIAN_POINT('Ctrl Pts',(1.76981131438459,-0.0616249119721751,
1.13038387919058));
#10474=CARTESIAN_POINT('Ctrl Pts',(1.76981131438459,5.13131742011989E-19,
1.13038387919058));
#10475=CARTESIAN_POINT('',(1.13038387919058,4.22414116426478E-18,1.76981131438459));
#10476=CARTESIAN_POINT('Ctrl Pts',(1.13038387919058,2.78793316841484E-16,
1.76981131438459));
#10477=CARTESIAN_POINT('Ctrl Pts',(1.13038387919058,-0.0616249119721747,
1.76981131438459));
#10478=CARTESIAN_POINT('Ctrl Pts',(1.16044756405227,-0.194521260312615,
1.75135688045299));
#10479=CARTESIAN_POINT('Ctrl Pts',(1.27139816514221,-0.338779362499309,
1.67385590410034));
#10480=CARTESIAN_POINT('Ctrl Pts',(1.46231949002288,-0.443796637712388,
1.51827698782983));
#10481=CARTESIAN_POINT('Ctrl Pts',(1.64887972605437,-0.388003530328099,
1.30939892394462));
#10482=CARTESIAN_POINT('Ctrl Pts',(1.75093965683082,-0.193678962754928,
1.15981270127184));
#10483=CARTESIAN_POINT('Ctrl Pts',(1.76981131438459,-0.0616249119721751,
1.13038387919058));
#10484=CARTESIAN_POINT('Ctrl Pts',(1.76981131438459,5.13131742011989E-19,
1.13038387919058));
#10485=CARTESIAN_POINT('',(1.11218586812783,4.41656556751928E-18,1.77298533786658));
#10486=CARTESIAN_POINT('Ctrl Pts',(1.11218586812783,8.83313113503856E-18,
1.77298533786658));
#10487=CARTESIAN_POINT('Ctrl Pts',(1.11521886997162,8.83313113503856E-18,
1.77245633395292));
#10488=CARTESIAN_POINT('Ctrl Pts',(1.11825187181541,8.64070673178406E-18,
1.77192733003925));
#10489=CARTESIAN_POINT('Ctrl Pts',(1.12431787550299,8.64070673178406E-18,
1.77086932221192));
#10490=CARTESIAN_POINT('Ctrl Pts',(1.12735087734678,2.78793316841484E-16,
1.77034031829825));
#10491=CARTESIAN_POINT('Ctrl Pts',(1.13038387919058,2.78793316841484E-16,
1.76981131438459));
#10492=CARTESIAN_POINT('Ctrl Pts',(1.77298533786658,5.36506687452474E-19,
1.11218586812783));
#10493=CARTESIAN_POINT('Ctrl Pts',(1.77298533786658,-0.0644321422352576,
1.11218586812783));
#10494=CARTESIAN_POINT('Ctrl Pts',(1.75338698791081,-0.202484232093552,
1.14311574606838));
#10495=CARTESIAN_POINT('Ctrl Pts',(1.64791776222178,-0.403767047906264,
1.29887860219802));
#10496=CARTESIAN_POINT('Ctrl Pts',(1.45637544629578,-0.460881452371995,
1.51375527574363));
#10497=CARTESIAN_POINT('Ctrl Pts',(1.25930627293246,-0.35285653999753,1.67373838901964));
#10498=CARTESIAN_POINT('Ctrl Pts',(1.14377693183421,-0.20329099526952,1.75381095787786));
#10499=CARTESIAN_POINT('Ctrl Pts',(1.11218586812783,-0.0644321422352572,
1.77298533786658));
#10500=CARTESIAN_POINT('Ctrl Pts',(1.11218586812783,2.91493327456281E-16,
1.77298533786658));
#10501=CARTESIAN_POINT('Origin',(0.,0.,0.));
#10502=CARTESIAN_POINT('',(1.15246218392968,0.,1.75551437404246));
#10503=CARTESIAN_POINT('Ctrl Pts',(1.75551437404246,3.31765481201315E-30,
1.15246218392968));
#10504=CARTESIAN_POINT('Ctrl Pts',(1.75551437404246,-0.0448462140401569,
1.15246218392968));
#10505=CARTESIAN_POINT('Ctrl Pts',(1.75059889308176,-0.0926400319721468,
1.16005703123292));
#10506=CARTESIAN_POINT('Ctrl Pts',(1.73029836320967,-0.180981132984229,
1.19012455804469));
#10507=CARTESIAN_POINT('Ctrl Pts',(1.71486062108846,-0.221543895181683,
1.21251610210931));
#10508=CARTESIAN_POINT('Ctrl Pts',(1.67965106295348,-0.285180247340983,
1.26079995714665));
#10509=CARTESIAN_POINT('Ctrl Pts',(1.65511242095248,-0.316038915962018,
1.29305644796454));
#10510=CARTESIAN_POINT('Ctrl Pts',(1.59174226222679,-0.370642899791789,
1.37126552777301));
#10511=CARTESIAN_POINT('Ctrl Pts',(1.53588292894191,-0.39131193804567,1.43396548566031));
#10512=CARTESIAN_POINT('Ctrl Pts',(1.43396548566031,-0.39131193804567,1.53588292894191));
#10513=CARTESIAN_POINT('Ctrl Pts',(1.37126552777301,-0.370642899791788,
1.59174226222679));
#10514=CARTESIAN_POINT('Ctrl Pts',(1.29305644796454,-0.316038915962017,
1.65511242095248));
#10515=CARTESIAN_POINT('Ctrl Pts',(1.26079995714665,-0.285180247340983,
1.67965106295348));
#10516=CARTESIAN_POINT('Ctrl Pts',(1.21251610210931,-0.221543895181682,
1.71486062108846));
#10517=CARTESIAN_POINT('Ctrl Pts',(1.19012455804469,-0.180981132984228,
1.73029836320967));
#10518=CARTESIAN_POINT('Ctrl Pts',(1.16005703123292,-0.0926400319721465,
1.75059889308176));
#10519=CARTESIAN_POINT('Ctrl Pts',(1.15246218392968,-0.0448462140401568,
1.75551437404246));
#10520=CARTESIAN_POINT('Ctrl Pts',(1.15246218392968,0.,1.75551437404246));
#10521=CARTESIAN_POINT('Origin',(0.,0.,0.));
#10522=CARTESIAN_POINT('Origin',(0.,-0.145,0.));
#10523=CARTESIAN_POINT('',(1.32928106084697,-0.15,0.71631819746546));
#10524=CARTESIAN_POINT('Origin',(0.,-0.15,0.));
#10525=CARTESIAN_POINT('',(1.32022873134625,-0.139999999999975,0.712036513350991));
#10526=CARTESIAN_POINT('Ctrl Pts',(1.32928106084697,-0.15,0.71631819746546));
#10527=CARTESIAN_POINT('Ctrl Pts',(1.32631270500224,-0.146686239171939,
0.714841200878252));
#10528=CARTESIAN_POINT('Ctrl Pts',(1.32329425136999,-0.143351332404179,
0.713412581661636));
#10529=CARTESIAN_POINT('Ctrl Pts',(1.32022873134623,-0.139999999999988,
0.712036513350999));
#10530=CARTESIAN_POINT('Origin',(0.,-0.14,0.));
#10531=CARTESIAN_POINT('Origin',(0.,0.,0.));
#10532=CARTESIAN_POINT('Ctrl Pts',(1.32022873134625,-0.139999999999974,
0.712036513350997));
#10533=CARTESIAN_POINT('Ctrl Pts',(1.32633240550219,-0.0939186768896556,
0.700719332509348));
#10534=CARTESIAN_POINT('Ctrl Pts',(1.32919983178886,-0.0463231272168438,
0.695145816782077));
#10535=CARTESIAN_POINT('Ctrl Pts',(1.32919983178886,0.,0.695145816782077));
#10536=CARTESIAN_POINT('Origin',(0.,-0.145,0.));
#10537=CARTESIAN_POINT('',(1.32928106084697,-0.15,-0.71631819746546));
#10538=CARTESIAN_POINT('',(1.32022873134625,-0.139999999999976,-0.712036513350991));
#10539=CARTESIAN_POINT('Ctrl Pts',(1.32022873134623,-0.139999999999988,
-0.712036513350998));
#10540=CARTESIAN_POINT('Ctrl Pts',(1.32329430947075,-0.143351395921931,
-0.713412607742238));
#10541=CARTESIAN_POINT('Ctrl Pts',(1.32631260923985,-0.14668613226641,-0.714841153228733));
#10542=CARTESIAN_POINT('Ctrl Pts',(1.32928106084713,-0.150000000000183,
-0.716318197465541));
#10543=CARTESIAN_POINT('Origin',(0.,-0.15,0.));
#10544=CARTESIAN_POINT('Origin',(0.,-0.14,0.));
#10545=CARTESIAN_POINT('Origin',(0.,0.,0.));
#10546=CARTESIAN_POINT('',(1.32919983178886,0.,-0.695145816782077));
#10547=CARTESIAN_POINT('Origin',(0.,0.,0.));
#10548=CARTESIAN_POINT('Ctrl Pts',(1.32919983178886,-8.67361737988404E-18,
-0.695145816782077));
#10549=CARTESIAN_POINT('Ctrl Pts',(1.32919983178886,-0.0463231274222653,
-0.695145816782077));
#10550=CARTESIAN_POINT('Ctrl Pts',(1.32633240551008,-0.09391867683007,-0.700719332494715));
#10551=CARTESIAN_POINT('Ctrl Pts',(1.32022873134625,-0.139999999999974,
-0.712036513350997));
#10552=CARTESIAN_POINT('Origin',(0.,-0.145,0.));
#10553=CARTESIAN_POINT('',(0.71631819746546,-0.15,-1.32928106084697));
#10554=CARTESIAN_POINT('Origin',(0.,-0.15,0.));
#10555=CARTESIAN_POINT('',(0.712036513350992,-0.139999999999975,-1.32022873134625));
#10556=CARTESIAN_POINT('Ctrl Pts',(0.71631819746546,-0.15,-1.32928106084697));
#10557=CARTESIAN_POINT('Ctrl Pts',(0.714841200878252,-0.146686239171939,
-1.32631270500224));
#10558=CARTESIAN_POINT('Ctrl Pts',(0.713412581661637,-0.143351332404179,
-1.32329425136999));
#10559=CARTESIAN_POINT('Ctrl Pts',(0.712036513350999,-0.139999999999988,
-1.32022873134623));
#10560=CARTESIAN_POINT('Origin',(0.,-0.14,0.));
#10561=CARTESIAN_POINT('Origin',(0.,0.,0.));
#10562=CARTESIAN_POINT('Ctrl Pts',(0.712036513350997,-0.139999999999974,
-1.32022873134625));
#10563=CARTESIAN_POINT('Ctrl Pts',(0.700719332509349,-0.0939186768896576,
-1.32633240550219));
#10564=CARTESIAN_POINT('Ctrl Pts',(0.695145816782077,-0.0463231272168406,
-1.32919983178886));
#10565=CARTESIAN_POINT('Ctrl Pts',(0.695145816782077,0.,-1.32919983178886));
#10566=CARTESIAN_POINT('Origin',(0.,-0.145,0.));
#10567=CARTESIAN_POINT('Origin',(0.,-0.15,0.));
#10568=CARTESIAN_POINT('Origin',(0.,-0.14,0.));
#10569=CARTESIAN_POINT('Origin',(0.,0.,0.));
#10570=CARTESIAN_POINT('Origin',(0.,-0.145,0.));
#10571=CARTESIAN_POINT('Origin',(0.,-0.15,0.));
#10572=CARTESIAN_POINT('Origin',(0.,-0.14,0.));
#10573=CARTESIAN_POINT('Origin',(0.,0.,0.));
#10574=CARTESIAN_POINT('Origin',(0.,-0.145,0.));
#10575=CARTESIAN_POINT('Origin',(0.,-0.15,0.));
#10576=CARTESIAN_POINT('Origin',(0.,-0.14,0.));
#10577=CARTESIAN_POINT('Origin',(0.,0.,0.));
#10578=CARTESIAN_POINT('Origin',(0.,0.,0.));
#10579=CARTESIAN_POINT('Origin',(0.,-0.145,0.));
#10580=CARTESIAN_POINT('Origin',(0.,-0.15,0.));
#10581=CARTESIAN_POINT('Origin',(0.,-0.14,0.));
#10582=CARTESIAN_POINT('Origin',(0.,0.,0.));
#10583=CARTESIAN_POINT('Origin',(0.,-0.145,0.));
#10584=CARTESIAN_POINT('',(0.71631819746546,-0.15,1.32928106084697));
#10585=CARTESIAN_POINT('',(0.712036513350991,-0.139999999999975,1.32022873134625));
#10586=CARTESIAN_POINT('Ctrl Pts',(0.712036513350998,-0.139999999999988,
1.32022873134623));
#10587=CARTESIAN_POINT('Ctrl Pts',(0.713412607742238,-0.143351395921931,
1.32329430947075));
#10588=CARTESIAN_POINT('Ctrl Pts',(0.714841153228733,-0.14668613226641,
1.32631260923985));
#10589=CARTESIAN_POINT('Ctrl Pts',(0.716318197465541,-0.150000000000183,
1.32928106084713));
#10590=CARTESIAN_POINT('Origin',(0.,-0.15,0.));
#10591=CARTESIAN_POINT('Origin',(0.,-0.14,0.));
#10592=CARTESIAN_POINT('Origin',(0.,0.,0.));
#10593=CARTESIAN_POINT('',(0.695145816782077,0.,1.32919983178886));
#10594=CARTESIAN_POINT('Origin',(0.,0.,0.));
#10595=CARTESIAN_POINT('Ctrl Pts',(0.695145816782077,-3.46944695195361E-17,
1.32919983178886));
#10596=CARTESIAN_POINT('Ctrl Pts',(0.695145816782077,-0.0463231274222623,
1.32919983178886));
#10597=CARTESIAN_POINT('Ctrl Pts',(0.700719332494715,-0.0939186768300721,
1.32633240551008));
#10598=CARTESIAN_POINT('Ctrl Pts',(0.712036513350997,-0.139999999999974,
1.32022873134625));
#10599=CARTESIAN_POINT('Origin',(0.,-0.145,0.));
#10600=CARTESIAN_POINT('Origin',(0.,-0.15,0.));
#10601=CARTESIAN_POINT('Origin',(0.,-0.14,0.));
#10602=CARTESIAN_POINT('Origin',(0.,0.,0.));
#10603=CARTESIAN_POINT('Origin',(0.,-0.145,0.));
#10604=CARTESIAN_POINT('Origin',(0.,-0.15,0.));
#10605=CARTESIAN_POINT('Origin',(0.,-0.14,0.));
#10606=CARTESIAN_POINT('Origin',(0.,0.,0.));
#10607=CARTESIAN_POINT('Origin',(0.,0.,0.));
#10608=CARTESIAN_POINT('Origin',(0.,-0.145,0.));
#10609=CARTESIAN_POINT('Origin',(0.,-0.15,0.));
#10610=CARTESIAN_POINT('Origin',(0.,-0.14,0.));
#10611=CARTESIAN_POINT('Origin',(0.,0.,0.));
#10612=CARTESIAN_POINT('Origin',(0.,-0.145,0.));
#10613=CARTESIAN_POINT('Origin',(0.,-0.15,0.));
#10614=CARTESIAN_POINT('Origin',(0.,-0.14,0.));
#10615=CARTESIAN_POINT('Origin',(0.,0.,0.));
#10616=CARTESIAN_POINT('Origin',(0.,-0.145,0.));
#10617=CARTESIAN_POINT('',(1.00946246766661,-0.15,-1.71495928477984));
#10618=CARTESIAN_POINT('',(1.01760624391631,-0.139999999999697,-1.72176576616234));
#10619=CARTESIAN_POINT('Ctrl Pts',(1.01760624391647,-0.140000000000012,
-1.72176576616224));
#10620=CARTESIAN_POINT('Ctrl Pts',(1.01483018827239,-0.143324476234634,
-1.7195447783607));
#10621=CARTESIAN_POINT('Ctrl Pts',(1.0121135190944,-0.146660458231252,-1.71727394676018));
#10622=CARTESIAN_POINT('Ctrl Pts',(1.00946246766699,-0.149999999999519,
-1.71495928478017));
#10623=CARTESIAN_POINT('Origin',(0.,-0.15,0.));
#10624=CARTESIAN_POINT('Origin',(0.,-0.14,0.));
#10625=CARTESIAN_POINT('Origin',(0.,0.,0.));
#10626=CARTESIAN_POINT('Ctrl Pts',(0.998586127209087,8.67361737988404E-18,
-1.73286628674333));
#10627=CARTESIAN_POINT('Ctrl Pts',(0.998586127209087,-0.045639201490595,
-1.73286628674333));
#10628=CARTESIAN_POINT('Ctrl Pts',(1.00482999031413,-0.0938155775212489,
-1.72931684871664));
#10629=CARTESIAN_POINT('Ctrl Pts',(1.01760624391639,-0.139999999999668,
-1.7217657661623));
#10630=CARTESIAN_POINT('Origin',(0.,-0.145,0.));
#10631=CARTESIAN_POINT('',(1.71495928477984,-0.15,-1.00946246766661));
#10632=CARTESIAN_POINT('Origin',(0.,-0.15,0.));
#10633=CARTESIAN_POINT('',(1.72176576616234,-0.139999999999697,-1.01760624391631));
#10634=CARTESIAN_POINT('Ctrl Pts',(1.71495928477946,-0.150000000000546,
-1.00946246766617));
#10635=CARTESIAN_POINT('Ctrl Pts',(1.71727398375521,-0.14666040485567,-1.01211356146589));
#10636=CARTESIAN_POINT('Ctrl Pts',(1.71954464229255,-0.14332467990767,-1.01483001819817));
#10637=CARTESIAN_POINT('Ctrl Pts',(1.72176576616224,-0.140000000000012,
-1.01760624391647));
#10638=CARTESIAN_POINT('Origin',(0.,-0.14,0.));
#10639=CARTESIAN_POINT('Origin',(0.,0.,0.));
#10640=CARTESIAN_POINT('',(1.73286628674333,0.,-0.998586127209087));
#10641=CARTESIAN_POINT('Ctrl Pts',(1.7217657661623,-0.139999999999668,-1.01760624391639));
#10642=CARTESIAN_POINT('Ctrl Pts',(1.72931684873552,-0.0938155774057352,
-1.00482999028217));
#10643=CARTESIAN_POINT('Ctrl Pts',(1.73286628674333,-0.0456392015252004,
-0.998586127209087));
#10644=CARTESIAN_POINT('Ctrl Pts',(1.73286628674333,0.,-0.998586127209087));
#10645=CARTESIAN_POINT('Origin',(0.,0.,0.));
#10646=CARTESIAN_POINT('Origin',(0.,-0.145,0.));
#10647=CARTESIAN_POINT('',(1.71495928477984,-0.15,1.00946246766661));
#10648=CARTESIAN_POINT('',(1.72176576616234,-0.139999999999697,1.01760624391631));
#10649=CARTESIAN_POINT('Ctrl Pts',(1.72176576616224,-0.140000000000012,
1.01760624391647));
#10650=CARTESIAN_POINT('Ctrl Pts',(1.7195447783607,-0.143324476234634,1.01483018827239));
#10651=CARTESIAN_POINT('Ctrl Pts',(1.71727394676018,-0.146660458231252,
1.0121135190944));
#10652=CARTESIAN_POINT('Ctrl Pts',(1.71495928478017,-0.149999999999519,
1.00946246766699));
#10653=CARTESIAN_POINT('Origin',(0.,-0.15,0.));
#10654=CARTESIAN_POINT('Origin',(0.,-0.14,0.));
#10655=CARTESIAN_POINT('Origin',(0.,0.,0.));
#10656=CARTESIAN_POINT('Ctrl Pts',(1.73286628674333,0.,0.998586127209087));
#10657=CARTESIAN_POINT('Ctrl Pts',(1.73286628674333,-0.045639201490595,
0.998586127209087));
#10658=CARTESIAN_POINT('Ctrl Pts',(1.72931684871664,-0.0938155775212489,
1.00482999031413));
#10659=CARTESIAN_POINT('Ctrl Pts',(1.7217657661623,-0.139999999999668,1.01760624391639));
#10660=CARTESIAN_POINT('Origin',(0.,-0.145,0.));
#10661=CARTESIAN_POINT('',(1.00946246766661,-0.15,1.71495928477984));
#10662=CARTESIAN_POINT('Origin',(0.,-0.15,0.));
#10663=CARTESIAN_POINT('',(1.01760624391631,-0.139999999999697,1.72176576616234));
#10664=CARTESIAN_POINT('Ctrl Pts',(1.00946246766617,-0.150000000000546,
1.71495928477946));
#10665=CARTESIAN_POINT('Ctrl Pts',(1.01211356146589,-0.146660404855669,
1.71727398375521));
#10666=CARTESIAN_POINT('Ctrl Pts',(1.01483001819817,-0.14332467990767,1.71954464229255));
#10667=CARTESIAN_POINT('Ctrl Pts',(1.01760624391647,-0.140000000000012,
1.72176576616224));
#10668=CARTESIAN_POINT('Origin',(0.,-0.14,0.));
#10669=CARTESIAN_POINT('Origin',(0.,0.,0.));
#10670=CARTESIAN_POINT('',(0.998586127209087,0.,1.73286628674333));
#10671=CARTESIAN_POINT('Ctrl Pts',(1.01760624391639,-0.139999999999668,
1.7217657661623));
#10672=CARTESIAN_POINT('Ctrl Pts',(1.00482999028217,-0.0938155774057352,
1.72931684873552));
#10673=CARTESIAN_POINT('Ctrl Pts',(0.998586127209087,-0.0456392015252004,
1.73286628674333));
#10674=CARTESIAN_POINT('Ctrl Pts',(0.998586127209087,0.,1.73286628674333));
#10675=CARTESIAN_POINT('Origin',(0.,0.,0.));
#10676=CARTESIAN_POINT('Origin',(-0.72394665847274,-0.15,1.6279252194941));
#10677=CARTESIAN_POINT('Origin',(0.723946658472741,-0.15,-1.6279252194941));
#10678=CARTESIAN_POINT('',(0.863271100740195,-0.15,-1.61160257809498));
#10679=CARTESIAN_POINT('Origin',(1.23743683941759,-0.15,-1.23743683941759));
#10680=CARTESIAN_POINT('Origin',(1.23743683941759,-0.15,-1.23743683941759));
#10681=CARTESIAN_POINT('Origin',(1.6279252194941,-0.15,-0.72394665847274));
#10682=CARTESIAN_POINT('Origin',(1.23743683941759,-0.15,-1.23743683941759));
#10683=CARTESIAN_POINT('Origin',(1.23743683941759,0.,-1.23743683941759));
#10684=CARTESIAN_POINT('',(1.23743683941759,-0.55,-1.23743683941759));
#10685=CARTESIAN_POINT('Origin',(1.23743683941759,0.,-1.23743683941759));
#10686=CARTESIAN_POINT('Origin',(1.23743683941759,0.,-1.23743683941759));
#10687=CARTESIAN_POINT('Origin',(1.23743683941759,0.,-1.23743683941759));
#10688=CARTESIAN_POINT('Origin',(1.23743686707646,0.,-1.23743686707646));
#10689=CARTESIAN_POINT('Origin',(1.23743686707646,0.,-1.23743686707646));
#10690=CARTESIAN_POINT('',(1.23743686707646,-0.525,-1.23743686707646));
#10691=CARTESIAN_POINT('Origin',(1.23743686707646,0.,-1.23743686707646));
#10692=CARTESIAN_POINT('Origin',(0.723946658472741,-0.15,1.6279252194941));
#10693=CARTESIAN_POINT('Origin',(1.23743683941759,-0.15,1.23743683941759));
#10694=CARTESIAN_POINT('Origin',(1.23743683941759,0.,1.23743683941759));
#10695=CARTESIAN_POINT('',(1.61160257809498,-0.15,0.863271100740195));
#10696=CARTESIAN_POINT('Origin',(1.23743683941759,-0.15,1.23743683941759));
#10697=CARTESIAN_POINT('',(1.23743683941759,-0.55,1.23743683941759));
#10698=CARTESIAN_POINT('Origin',(1.23743683941759,0.,1.23743683941759));
#10699=CARTESIAN_POINT('Origin',(1.23743683941759,-0.15,1.23743683941759));
#10700=CARTESIAN_POINT('Origin',(1.23743683941759,0.,1.23743683941759));
#10701=CARTESIAN_POINT('Origin',(1.23743683941759,0.,1.23743683941759));
#10702=CARTESIAN_POINT('Origin',(1.6279252194941,-0.15,0.723946658472741));
#10703=CARTESIAN_POINT('Origin',(0.,0.,0.));
#10704=CARTESIAN_POINT('',(1.35624997496605,0.,-0.347254831191393));
#10705=CARTESIAN_POINT('Ctrl Pts',(1.35624997496605,2.16840434497101E-17,
0.347254831191394));
#10706=CARTESIAN_POINT('Ctrl Pts',(1.35624997496605,-0.0656595707575655,
0.347254831191394));
#10707=CARTESIAN_POINT('Ctrl Pts',(1.36039228347165,-0.134710197353418,
0.332129439633125));
#10708=CARTESIAN_POINT('Ctrl Pts',(1.37049439097537,-0.225316635316375,
0.286337912702216));
#10709=CARTESIAN_POINT('Ctrl Pts',(1.37442796571498,-0.253448039751705,
0.267320332395702));
#10710=CARTESIAN_POINT('Ctrl Pts',(1.38232347624795,-0.303113223225173,
0.222905293097257));
#10711=CARTESIAN_POINT('Ctrl Pts',(1.38627816923964,-0.324651321592487,
0.197511376949781));
#10712=CARTESIAN_POINT('Ctrl Pts',(1.39258750034493,-0.356939113483868,
0.145882668038225));
#10713=CARTESIAN_POINT('Ctrl Pts',(1.39534634290126,-0.369998740395575,
0.117843919871035));
#10714=CARTESIAN_POINT('Ctrl Pts',(1.39905725965952,-0.387184877953085,
0.0590976913691165));
#10715=CARTESIAN_POINT('Ctrl Pts',(1.39999996870756,-0.391311868073653,
0.0283897600956124));
#10716=CARTESIAN_POINT('Ctrl Pts',(1.39999996870756,-0.391311868073653,
-0.0283897600956123));
#10717=CARTESIAN_POINT('Ctrl Pts',(1.39905725965952,-0.387184877953085,
-0.0590976913691164));
#10718=CARTESIAN_POINT('Ctrl Pts',(1.39534634290126,-0.369998740395576,
-0.117843919871035));
#10719=CARTESIAN_POINT('Ctrl Pts',(1.39258750034493,-0.356939113483869,
-0.145882668038225));
#10720=CARTESIAN_POINT('Ctrl Pts',(1.38627816923964,-0.324651321592487,
-0.197511376949781));
#10721=CARTESIAN_POINT('Ctrl Pts',(1.38232347624795,-0.303113223225174,
-0.222905293097256));
#10722=CARTESIAN_POINT('Ctrl Pts',(1.37442796571498,-0.253448039751706,
-0.267320332395702));
#10723=CARTESIAN_POINT('Ctrl Pts',(1.37049439097537,-0.225316635316376,
-0.286337912702216));
#10724=CARTESIAN_POINT('Ctrl Pts',(1.36039228347165,-0.134710197353418,
-0.332129439633125));
#10725=CARTESIAN_POINT('Ctrl Pts',(1.35624997496605,-0.0656595707575656,
-0.347254831191393));
#10726=CARTESIAN_POINT('Ctrl Pts',(1.35624997496605,0.,-0.347254831191393));
#10727=CARTESIAN_POINT('Origin',(0.,0.,0.));
#10728=CARTESIAN_POINT('Origin',(1.75,0.,2.14313189850787E-16));
#10729=CARTESIAN_POINT('',(1.75,0.,-0.525));
#10730=CARTESIAN_POINT('Origin',(1.75,0.,2.14313189850787E-16));
#10731=CARTESIAN_POINT('',(1.75,-0.525,1.82166211373169E-16));
#10732=CARTESIAN_POINT('Origin',(1.75,0.,2.14313189850787E-16));
#10733=CARTESIAN_POINT('Origin',(1.75,0.,2.14313189850787E-16));
#10734=CARTESIAN_POINT('Origin',(0.,0.,0.));
#10735=CARTESIAN_POINT('Origin',(1.23743686707646,0.,1.23743686707646));
#10736=CARTESIAN_POINT('Origin',(1.23743686707646,0.,1.23743686707646));
#10737=CARTESIAN_POINT('',(1.23743686707646,-0.525,1.23743686707646));
#10738=CARTESIAN_POINT('Origin',(1.23743686707646,0.,1.23743686707646));
#10739=CARTESIAN_POINT('Origin',(0.,0.,0.));
#10740=CARTESIAN_POINT('',(0.347254831191393,0.,1.35624997496605));
#10741=CARTESIAN_POINT('Ctrl Pts',(-0.347254831191394,2.16840434497101E-17,
1.35624997496605));
#10742=CARTESIAN_POINT('Ctrl Pts',(-0.347254831191394,-0.0656595707575655,
1.35624997496605));
#10743=CARTESIAN_POINT('Ctrl Pts',(-0.332129439633125,-0.134710197353418,
1.36039228347165));
#10744=CARTESIAN_POINT('Ctrl Pts',(-0.286337912702216,-0.225316635316375,
1.37049439097537));
#10745=CARTESIAN_POINT('Ctrl Pts',(-0.267320332395702,-0.253448039751705,
1.37442796571498));
#10746=CARTESIAN_POINT('Ctrl Pts',(-0.222905293097257,-0.303113223225173,
1.38232347624795));
#10747=CARTESIAN_POINT('Ctrl Pts',(-0.197511376949781,-0.324651321592487,
1.38627816923964));
#10748=CARTESIAN_POINT('Ctrl Pts',(-0.145882668038225,-0.356939113483868,
1.39258750034493));
#10749=CARTESIAN_POINT('Ctrl Pts',(-0.117843919871035,-0.369998740395575,
1.39534634290126));
#10750=CARTESIAN_POINT('Ctrl Pts',(-0.0590976913691165,-0.387184877953085,
1.39905725965952));
#10751=CARTESIAN_POINT('Ctrl Pts',(-0.0283897600956124,-0.391311868073653,
1.39999996870756));
#10752=CARTESIAN_POINT('Ctrl Pts',(0.0283897600956124,-0.391311868073653,
1.39999996870756));
#10753=CARTESIAN_POINT('Ctrl Pts',(0.0590976913691165,-0.387184877953085,
1.39905725965952));
#10754=CARTESIAN_POINT('Ctrl Pts',(0.117843919871035,-0.369998740395576,
1.39534634290126));
#10755=CARTESIAN_POINT('Ctrl Pts',(0.145882668038225,-0.356939113483869,
1.39258750034493));
#10756=CARTESIAN_POINT('Ctrl Pts',(0.197511376949781,-0.324651321592487,
1.38627816923964));
#10757=CARTESIAN_POINT('Ctrl Pts',(0.222905293097256,-0.303113223225174,
1.38232347624795));
#10758=CARTESIAN_POINT('Ctrl Pts',(0.267320332395702,-0.253448039751706,
1.37442796571498));
#10759=CARTESIAN_POINT('Ctrl Pts',(0.286337912702216,-0.225316635316376,
1.37049439097537));
#10760=CARTESIAN_POINT('Ctrl Pts',(0.332129439633125,-0.134710197353418,
1.36039228347165));
#10761=CARTESIAN_POINT('Ctrl Pts',(0.347254831191394,-0.0656595707575656,
1.35624997496605));
#10762=CARTESIAN_POINT('Ctrl Pts',(0.347254831191394,0.,1.35624997496605));
#10763=CARTESIAN_POINT('Origin',(0.,0.,0.));
#10764=CARTESIAN_POINT('Origin',(-1.07156594925393E-16,0.,1.75));
#10765=CARTESIAN_POINT('',(0.525,0.,1.75));
#10766=CARTESIAN_POINT('Origin',(-1.07156594925393E-16,0.,1.75));
#10767=CARTESIAN_POINT('',(-7.50096164477754E-17,-0.525,1.75));
#10768=CARTESIAN_POINT('Origin',(-1.07156594925393E-16,0.,1.75));
#10769=CARTESIAN_POINT('Origin',(-1.07156594925393E-16,0.,1.75));
#10770=CARTESIAN_POINT('Origin',(0.,0.,0.));
#10771=CARTESIAN_POINT('Origin',(-1.6279252194941,-0.15,0.723946658472741));
#10772=CARTESIAN_POINT('Origin',(0.,0.,0.));
#10773=CARTESIAN_POINT('',(-1.75551437404246,0.,1.15246218392968));
#10774=CARTESIAN_POINT('Ctrl Pts',(-1.15246218392968,4.03684934588182E-30,
1.75551437404246));
#10775=CARTESIAN_POINT('Ctrl Pts',(-1.15246218392968,-0.0448462140401569,
1.75551437404246));
#10776=CARTESIAN_POINT('Ctrl Pts',(-1.16005703123292,-0.0926400319721468,
1.75059889308176));
#10777=CARTESIAN_POINT('Ctrl Pts',(-1.19012455804469,-0.180981132984229,
1.73029836320967));
#10778=CARTESIAN_POINT('Ctrl Pts',(-1.21251610210931,-0.221543895181683,
1.71486062108846));
#10779=CARTESIAN_POINT('Ctrl Pts',(-1.26079995714665,-0.285180247340983,
1.67965106295348));
#10780=CARTESIAN_POINT('Ctrl Pts',(-1.29305644796454,-0.316038915962018,
1.65511242095248));
#10781=CARTESIAN_POINT('Ctrl Pts',(-1.37126552777301,-0.370642899791789,
1.59174226222679));
#10782=CARTESIAN_POINT('Ctrl Pts',(-1.43396548566031,-0.39131193804567,
1.53588292894191));
#10783=CARTESIAN_POINT('Ctrl Pts',(-1.53588292894191,-0.39131193804567,
1.43396548566031));
#10784=CARTESIAN_POINT('Ctrl Pts',(-1.59174226222679,-0.370642899791788,
1.37126552777301));
#10785=CARTESIAN_POINT('Ctrl Pts',(-1.65511242095248,-0.316038915962017,
1.29305644796454));
#10786=CARTESIAN_POINT('Ctrl Pts',(-1.67965106295348,-0.285180247340983,
1.26079995714665));
#10787=CARTESIAN_POINT('Ctrl Pts',(-1.71486062108846,-0.221543895181682,
1.21251610210931));
#10788=CARTESIAN_POINT('Ctrl Pts',(-1.73029836320967,-0.180981132984228,
1.19012455804469));
#10789=CARTESIAN_POINT('Ctrl Pts',(-1.75059889308176,-0.0926400319721465,
1.16005703123292));
#10790=CARTESIAN_POINT('Ctrl Pts',(-1.75551437404246,-0.0448462140401568,
1.15246218392968));
#10791=CARTESIAN_POINT('Ctrl Pts',(-1.75551437404246,0.,1.15246218392968));
#10792=CARTESIAN_POINT('Origin',(0.,0.,0.));
#10793=CARTESIAN_POINT('Origin',(-1.23743686707646,0.,1.23743686707646));
#10794=CARTESIAN_POINT('Origin',(-1.23743686707646,0.,1.23743686707646));
#10795=CARTESIAN_POINT('',(-1.23743686707646,-0.525,1.23743686707646));
#10796=CARTESIAN_POINT('Origin',(-1.23743686707646,0.,1.23743686707646));
#10797=CARTESIAN_POINT('Origin',(-0.72394665847274,-0.15,-1.6279252194941));
#10798=CARTESIAN_POINT('Origin',(0.,0.,0.));
#10799=CARTESIAN_POINT('Ctrl Pts',(0.347254831191394,2.16840434497101E-17,
-1.35624997496605));
#10800=CARTESIAN_POINT('Ctrl Pts',(0.347254831191394,-0.0656595707575655,
-1.35624997496605));
#10801=CARTESIAN_POINT('Ctrl Pts',(0.332129439633125,-0.134710197353418,
-1.36039228347165));
#10802=CARTESIAN_POINT('Ctrl Pts',(0.286337912702216,-0.225316635316375,
-1.37049439097537));
#10803=CARTESIAN_POINT('Ctrl Pts',(0.267320332395702,-0.253448039751705,
-1.37442796571498));
#10804=CARTESIAN_POINT('Ctrl Pts',(0.222905293097257,-0.303113223225173,
-1.38232347624795));
#10805=CARTESIAN_POINT('Ctrl Pts',(0.197511376949781,-0.324651321592487,
-1.38627816923964));
#10806=CARTESIAN_POINT('Ctrl Pts',(0.145882668038225,-0.356939113483868,
-1.39258750034493));
#10807=CARTESIAN_POINT('Ctrl Pts',(0.117843919871035,-0.369998740395575,
-1.39534634290126));
#10808=CARTESIAN_POINT('Ctrl Pts',(0.0590976913691166,-0.387184877953085,
-1.39905725965952));
#10809=CARTESIAN_POINT('Ctrl Pts',(0.0283897600956125,-0.391311868073653,
-1.39999996870756));
#10810=CARTESIAN_POINT('Ctrl Pts',(-0.0283897600956122,-0.391311868073653,
-1.39999996870756));
#10811=CARTESIAN_POINT('Ctrl Pts',(-0.0590976913691163,-0.387184877953085,
-1.39905725965952));
#10812=CARTESIAN_POINT('Ctrl Pts',(-0.117843919871035,-0.369998740395576,
-1.39534634290126));
#10813=CARTESIAN_POINT('Ctrl Pts',(-0.145882668038225,-0.356939113483869,
-1.39258750034493));
#10814=CARTESIAN_POINT('Ctrl Pts',(-0.197511376949781,-0.324651321592487,
-1.38627816923964));
#10815=CARTESIAN_POINT('Ctrl Pts',(-0.222905293097256,-0.303113223225174,
-1.38232347624795));
#10816=CARTESIAN_POINT('Ctrl Pts',(-0.267320332395702,-0.253448039751706,
-1.37442796571498));
#10817=CARTESIAN_POINT('Ctrl Pts',(-0.286337912702215,-0.225316635316376,
-1.37049439097537));
#10818=CARTESIAN_POINT('Ctrl Pts',(-0.332129439633125,-0.134710197353418,
-1.36039228347165));
#10819=CARTESIAN_POINT('Ctrl Pts',(-0.347254831191393,-0.0656595707575656,
-1.35624997496605));
#10820=CARTESIAN_POINT('Ctrl Pts',(-0.347254831191393,0.,-1.35624997496605));
#10821=CARTESIAN_POINT('Origin',(3.2146978477618E-16,0.,-1.75));
#10822=CARTESIAN_POINT('',(2.89322806298562E-16,-0.525,-1.75));
#10823=CARTESIAN_POINT('Origin',(3.2146978477618E-16,0.,-1.75));
#10824=CARTESIAN_POINT('Origin',(-1.6279252194941,-0.15,-0.723946658472741));
#10825=CARTESIAN_POINT('Origin',(0.,0.,0.));
#10826=CARTESIAN_POINT('Ctrl Pts',(-0.713467308347354,2.16840434497101E-17,
-1.2045598002178));
#10827=CARTESIAN_POINT('Ctrl Pts',(-0.713467308347354,-0.0656595707575655,
-1.2045598002178));
#10828=CARTESIAN_POINT('Ctrl Pts',(-0.727091629720381,-0.134710197353418,
-1.19679358771292));
#10829=CARTESIAN_POINT('Ctrl Pts',(-0.766614397654272,-0.225316635316375,
-1.17155735721935));
#10830=CARTESIAN_POINT('Ctrl Pts',(-0.782843315023452,-0.253448039751705,
-1.16089135459554));
#10831=CARTESIAN_POINT('Ctrl Pts',(-0.819832459536843,-0.303113223225173,
-1.13506814815973));
#10832=CARTESIAN_POINT('Ctrl Pts',(-0.840585060077537,-0.324651321592487,
-1.1199083280829));
#10833=CARTESIAN_POINT('Ctrl Pts',(-0.881553441062108,-0.356939113483868,
-1.08786268871694));
#10834=CARTESIAN_POINT('Ctrl Pts',(-0.90333062630692,-0.369998740395575,
-1.06998709603175));
#10835=CARTESIAN_POINT('Ctrl Pts',(-0.947494497253942,-0.387184877953085,
-1.03107125389309));
#10836=CARTESIAN_POINT('Ctrl Pts',(-0.969874879654204,-0.391311868073653,
-1.01002406341394));
#10837=CARTESIAN_POINT('Ctrl Pts',(-1.01002406341394,-0.391311868073653,
-0.969874879654204));
#10838=CARTESIAN_POINT('Ctrl Pts',(-1.03107125389309,-0.387184877953085,
-0.947494497253943));
#10839=CARTESIAN_POINT('Ctrl Pts',(-1.06998709603175,-0.369998740395576,
-0.903330626306921));
#10840=CARTESIAN_POINT('Ctrl Pts',(-1.08786268871694,-0.356939113483869,
-0.881553441062109));
#10841=CARTESIAN_POINT('Ctrl Pts',(-1.1199083280829,-0.324651321592487,
-0.840585060077538));
#10842=CARTESIAN_POINT('Ctrl Pts',(-1.13506814815973,-0.303113223225174,
-0.819832459536843));
#10843=CARTESIAN_POINT('Ctrl Pts',(-1.16089135459554,-0.253448039751706,
-0.782843315023453));
#10844=CARTESIAN_POINT('Ctrl Pts',(-1.17155735721935,-0.225316635316376,
-0.766614397654273));
#10845=CARTESIAN_POINT('Ctrl Pts',(-1.19679358771292,-0.134710197353418,
-0.727091629720382));
#10846=CARTESIAN_POINT('Ctrl Pts',(-1.2045598002178,-0.0656595707575656,
-0.713467308347355));
#10847=CARTESIAN_POINT('Ctrl Pts',(-1.2045598002178,0.,-0.713467308347355));
#10848=CARTESIAN_POINT('Origin',(-1.23743686707646,0.,-1.23743686707646));
#10849=CARTESIAN_POINT('',(-1.23743686707646,-0.525,-1.23743686707646));
#10850=CARTESIAN_POINT('Origin',(-1.23743686707646,0.,-1.23743686707646));
#10851=CARTESIAN_POINT('Origin',(0.,0.,0.));
#10852=CARTESIAN_POINT('',(-1.35624997496605,0.,0.347254831191393));
#10853=CARTESIAN_POINT('Ctrl Pts',(-1.35624997496605,2.16840434497101E-17,
-0.347254831191394));
#10854=CARTESIAN_POINT('Ctrl Pts',(-1.35624997496605,-0.0656595707575655,
-0.347254831191394));
#10855=CARTESIAN_POINT('Ctrl Pts',(-1.36039228347165,-0.134710197353418,
-0.332129439633125));
#10856=CARTESIAN_POINT('Ctrl Pts',(-1.37049439097537,-0.225316635316375,
-0.286337912702216));
#10857=CARTESIAN_POINT('Ctrl Pts',(-1.37442796571498,-0.253448039751705,
-0.267320332395702));
#10858=CARTESIAN_POINT('Ctrl Pts',(-1.38232347624795,-0.303113223225173,
-0.222905293097257));
#10859=CARTESIAN_POINT('Ctrl Pts',(-1.38627816923964,-0.324651321592487,
-0.197511376949781));
#10860=CARTESIAN_POINT('Ctrl Pts',(-1.39258750034493,-0.356939113483868,
-0.145882668038225));
#10861=CARTESIAN_POINT('Ctrl Pts',(-1.39534634290126,-0.369998740395575,
-0.117843919871035));
#10862=CARTESIAN_POINT('Ctrl Pts',(-1.39905725965952,-0.387184877953085,
-0.0590976913691164));
#10863=CARTESIAN_POINT('Ctrl Pts',(-1.39999996870756,-0.391311868073653,
-0.0283897600956123));
#10864=CARTESIAN_POINT('Ctrl Pts',(-1.39999996870756,-0.391311868073653,
0.0283897600956124));
#10865=CARTESIAN_POINT('Ctrl Pts',(-1.39905725965952,-0.387184877953085,
0.0590976913691165));
#10866=CARTESIAN_POINT('Ctrl Pts',(-1.39534634290126,-0.369998740395576,
0.117843919871035));
#10867=CARTESIAN_POINT('Ctrl Pts',(-1.39258750034493,-0.356939113483869,
0.145882668038225));
#10868=CARTESIAN_POINT('Ctrl Pts',(-1.38627816923964,-0.324651321592487,
0.197511376949781));
#10869=CARTESIAN_POINT('Ctrl Pts',(-1.38232347624795,-0.303113223225174,
0.222905293097256));
#10870=CARTESIAN_POINT('Ctrl Pts',(-1.37442796571498,-0.253448039751706,
0.267320332395702));
#10871=CARTESIAN_POINT('Ctrl Pts',(-1.37049439097537,-0.225316635316376,
0.286337912702216));
#10872=CARTESIAN_POINT('Ctrl Pts',(-1.36039228347165,-0.134710197353418,
0.332129439633125));
#10873=CARTESIAN_POINT('Ctrl Pts',(-1.35624997496605,-0.0656595707575656,
0.347254831191394));
#10874=CARTESIAN_POINT('Ctrl Pts',(-1.35624997496605,0.,0.347254831191394));
#10875=CARTESIAN_POINT('Origin',(0.,0.,0.));
#10876=CARTESIAN_POINT('Origin',(-1.75,0.,0.));
#10877=CARTESIAN_POINT('',(-1.75,0.,0.525));
#10878=CARTESIAN_POINT('Origin',(-1.75,0.,0.));
#10879=CARTESIAN_POINT('',(-1.75,-0.525,3.2146978477618E-17));
#10880=CARTESIAN_POINT('Origin',(-1.75,0.,0.));
#10881=CARTESIAN_POINT('Origin',(-1.75,0.,0.));
#10882=CARTESIAN_POINT('Origin',(0.,0.,0.));
#10883=UNCERTAINTY_MEASURE_WITH_UNIT(LENGTH_MEASURE(0.01),#10887,
'DISTANCE_ACCURACY_VALUE',
'Maximum model space distance between geometric entities at asserted c
onnectivities');
#10884=UNCERTAINTY_MEASURE_WITH_UNIT(LENGTH_MEASURE(0.01),#10887,
'DISTANCE_ACCURACY_VALUE',
'Maximum model space distance between geometric entities at asserted c
onnectivities');
#10885=(
GEOMETRIC_REPRESENTATION_CONTEXT(3)
GLOBAL_UNCERTAINTY_ASSIGNED_CONTEXT((#10883))
GLOBAL_UNIT_ASSIGNED_CONTEXT((#10887,#10889,#10890))
REPRESENTATION_CONTEXT('','3D')
);
#10886=(
GEOMETRIC_REPRESENTATION_CONTEXT(3)
GLOBAL_UNCERTAINTY_ASSIGNED_CONTEXT((#10884))
GLOBAL_UNIT_ASSIGNED_CONTEXT((#10887,#10889,#10890))
REPRESENTATION_CONTEXT('','3D')
);
#10887=(
LENGTH_UNIT()
NAMED_UNIT(*)
SI_UNIT(.MILLI.,.METRE.)
);
#10888=(
LENGTH_UNIT()
NAMED_UNIT(*)
SI_UNIT($,.METRE.)
);
#10889=(
NAMED_UNIT(*)
PLANE_ANGLE_UNIT()
SI_UNIT($,.RADIAN.)
);
#10890=(
NAMED_UNIT(*)
SI_UNIT($,.STERADIAN.)
SOLID_ANGLE_UNIT()
);
#10891=SHAPE_DEFINITION_REPRESENTATION(#10892,#10893);
#10892=PRODUCT_DEFINITION_SHAPE('',$,#10895);
#10893=SHAPE_REPRESENTATION('',(#4649),#10885);
#10894=PRODUCT_DEFINITION_CONTEXT('part definition',#10899,'design');
#10895=PRODUCT_DEFINITION('MR52ZZ 2x5x2.5mm Bearing',
'MR52ZZ 2x5x2.5mm Bearing',#10896,#10894);
#10896=PRODUCT_DEFINITION_FORMATION('',$,#10901);
#10897=PRODUCT_RELATED_PRODUCT_CATEGORY('MR52ZZ 2x5x2.5mm Bearing',
'MR52ZZ 2x5x2.5mm Bearing',(#10901));
#10898=APPLICATION_PROTOCOL_DEFINITION('international standard',
'automotive_design',2009,#10899);
#10899=APPLICATION_CONTEXT(
'Core Data for Automotive Mechanical Design Process');
#10900=PRODUCT_CONTEXT('part definition',#10899,'mechanical');
#10901=PRODUCT('MR52ZZ 2x5x2.5mm Bearing','MR52ZZ 2x5x2.5mm Bearing',$,
(#10900));
#10902=PRESENTATION_STYLE_ASSIGNMENT((#10905));
#10903=PRESENTATION_STYLE_ASSIGNMENT((#10906));
#10904=PRESENTATION_STYLE_ASSIGNMENT((#10907));
#10905=SURFACE_STYLE_USAGE(.BOTH.,#10908);
#10906=SURFACE_STYLE_USAGE(.BOTH.,#10909);
#10907=SURFACE_STYLE_USAGE(.BOTH.,#10910);
#10908=SURFACE_SIDE_STYLE('',(#10911));
#10909=SURFACE_SIDE_STYLE('',(#10912));
#10910=SURFACE_SIDE_STYLE('',(#10913));
#10911=SURFACE_STYLE_FILL_AREA(#10914);
#10912=SURFACE_STYLE_FILL_AREA(#10915);
#10913=SURFACE_STYLE_FILL_AREA(#10916);
#10914=FILL_AREA_STYLE('Steel - Satin',(#10917));
#10915=FILL_AREA_STYLE('Stainless Steel - Satin',(#10918));
#10916=FILL_AREA_STYLE('Stainless Steel - Polished',(#10919));
#10917=FILL_AREA_STYLE_COLOUR('Steel - Satin',#10920);
#10918=FILL_AREA_STYLE_COLOUR('Stainless Steel - Satin',#10921);
#10919=FILL_AREA_STYLE_COLOUR('Stainless Steel - Polished',#10922);
#10920=COLOUR_RGB('Steel - Satin',0.627450980392157,0.627450980392157,0.627450980392157);
#10921=COLOUR_RGB('Stainless Steel - Satin',0.796078431372549,0.796078431372549,
0.796078431372549);
#10922=COLOUR_RGB('Stainless Steel - Polished',0.796078431372549,0.796078431372549,
0.796078431372549);
ENDSEC;
END-ISO-10303-21;
