ISO-10303-21;
HEADER;
FILE_DESCRIPTION(('KiCad electronic assembly'),'2;1');
FILE_NAME('carte essaie 1.step','2026-07-23T05:08:29',('Pcbnew'),(
    'Kicad'),'Open CASCADE STEP processor 7.9','KiCad to STEP converter'
  ,'Unknown');
FILE_SCHEMA(('AUTOMOTIVE_DESIGN { 1 0 10303 214 1 1 1 1 }'));
ENDSEC;
DATA;
#1 = APPLICATION_PROTOCOL_DEFINITION('international standard',
  'automotive_design',2000,#2);
#2 = APPLICATION_CONTEXT(
  'core data for automotive mechanical design processes');
#3 = SHAPE_DEFINITION_REPRESENTATION(#4,#10);
#4 = PRODUCT_DEFINITION_SHAPE('','',#5);
#5 = PRODUCT_DEFINITION('design','',#6,#9);
#6 = PRODUCT_DEFINITION_FORMATION('','',#7);
#7 = PRODUCT('carte essaie 1 1','carte essaie 1 1','',(#8));
#8 = PRODUCT_CONTEXT('',#2,'mechanical');
#9 = PRODUCT_DEFINITION_CONTEXT('part definition',#2,'design');
#10 = SHAPE_REPRESENTATION('',(#11,#15,#19,#23,#27,#31,#35,#39,#43,#47,
    #51,#55),#59);
#11 = AXIS2_PLACEMENT_3D('',#12,#13,#14);
#12 = CARTESIAN_POINT('',(0.,0.,0.));
#13 = DIRECTION('',(0.,0.,1.));
#14 = DIRECTION('',(1.,0.,-0.));
#15 = AXIS2_PLACEMENT_3D('',#16,#17,#18);
#16 = CARTESIAN_POINT('',(132.8,-93.095,1.595));
#17 = DIRECTION('',(-0.,0.,1.));
#18 = DIRECTION('',(1.110223024625E-16,-1.,0.));
#19 = AXIS2_PLACEMENT_3D('',#20,#21,#22);
#20 = CARTESIAN_POINT('',(127.5,-103.5,1.595));
#21 = DIRECTION('',(0.,-0.,1.));
#22 = DIRECTION('',(1.110223024625E-16,1.,0.));
#23 = AXIS2_PLACEMENT_3D('',#24,#25,#26);
#24 = CARTESIAN_POINT('',(118.8275,-100.5,1.595));
#25 = DIRECTION('',(-0.,0.,1.));
#26 = DIRECTION('',(1.110223024625E-16,-1.,0.));
#27 = AXIS2_PLACEMENT_3D('',#28,#29,#30);
#28 = CARTESIAN_POINT('',(132.5,-106.095,1.595));
#29 = DIRECTION('',(-0.,0.,1.));
#30 = DIRECTION('',(1.110223024625E-16,-1.,0.));
#31 = AXIS2_PLACEMENT_3D('',#32,#33,#34);
#32 = CARTESIAN_POINT('',(185.4,-87.4,1.595));
#33 = DIRECTION('',(0.,0.,1.));
#34 = DIRECTION('',(-1.,1.224646799147E-16,0.));
#35 = AXIS2_PLACEMENT_3D('',#36,#37,#38);
#36 = CARTESIAN_POINT('',(132.6,-100.36,1.595));
#37 = DIRECTION('',(-0.,0.,1.));
#38 = DIRECTION('',(1.110223024625E-16,-1.,0.));
#39 = AXIS2_PLACEMENT_3D('',#40,#41,#42);
#40 = CARTESIAN_POINT('',(127.5,-90.5,1.595));
#41 = DIRECTION('',(0.,-0.,1.));
#42 = DIRECTION('',(1.110223024625E-16,1.,0.));
#43 = AXIS2_PLACEMENT_3D('',#44,#45,#46);
#44 = CARTESIAN_POINT('',(185.3,-64.5,1.595));
#45 = DIRECTION('',(0.,0.,1.));
#46 = DIRECTION('',(-1.,1.224646799147E-16,0.));
#47 = AXIS2_PLACEMENT_3D('',#48,#49,#50);
#48 = CARTESIAN_POINT('',(132.8,-87.96,1.595));
#49 = DIRECTION('',(-0.,0.,1.));
#50 = DIRECTION('',(1.110223024625E-16,-1.,0.));
#51 = AXIS2_PLACEMENT_3D('',#52,#53,#54);
#52 = CARTESIAN_POINT('',(118.8275,-87.,1.595));
#53 = DIRECTION('',(-0.,0.,1.));
#54 = DIRECTION('',(1.110223024625E-16,-1.,0.));
#55 = AXIS2_PLACEMENT_3D('',#56,#57,#58);
#56 = CARTESIAN_POINT('',(0.,0.,0.));
#57 = DIRECTION('',(0.,0.,1.));
#58 = DIRECTION('',(1.,0.,-0.));
#59 = ( GEOMETRIC_REPRESENTATION_CONTEXT(3) 
GLOBAL_UNCERTAINTY_ASSIGNED_CONTEXT((#63)) GLOBAL_UNIT_ASSIGNED_CONTEXT(
(#60,#61,#62)) REPRESENTATION_CONTEXT('Context #1',
  '3D Context with UNIT and UNCERTAINTY') );
#60 = ( LENGTH_UNIT() NAMED_UNIT(*) SI_UNIT(.MILLI.,.METRE.) );
#61 = ( NAMED_UNIT(*) PLANE_ANGLE_UNIT() SI_UNIT($,.RADIAN.) );
#62 = ( NAMED_UNIT(*) SI_UNIT($,.STERADIAN.) SOLID_ANGLE_UNIT() );
#63 = UNCERTAINTY_MEASURE_WITH_UNIT(LENGTH_MEASURE(5.E-07),#60,
  'distance_accuracy_value','confusion accuracy');
#64 = PRODUCT_RELATED_PRODUCT_CATEGORY('part',$,(#7));
#65 = SHAPE_DEFINITION_REPRESENTATION(#66,#72);
#66 = PRODUCT_DEFINITION_SHAPE('','',#67);
#67 = PRODUCT_DEFINITION('design','',#68,#71);
#68 = PRODUCT_DEFINITION_FORMATION('','',#69);
#69 = PRODUCT('R_Axial_DIN0204_L3.6mm_D1.6mm_P1.90mm_Vertical',
  'R_Axial_DIN0204_L3.6mm_D1.6mm_P1.90mm_Vertical','',(#70));
#70 = PRODUCT_CONTEXT('',#2,'mechanical');
#71 = PRODUCT_DEFINITION_CONTEXT('part definition',#2,'design');
#72 = SHAPE_REPRESENTATION('',(#11,#73),#77);
#73 = AXIS2_PLACEMENT_3D('',#74,#75,#76);
#74 = CARTESIAN_POINT('',(0.,0.,0.));
#75 = DIRECTION('',(0.,0.,1.));
#76 = DIRECTION('',(1.,0.,-0.));
#77 = ( GEOMETRIC_REPRESENTATION_CONTEXT(3) 
GLOBAL_UNCERTAINTY_ASSIGNED_CONTEXT((#81)) GLOBAL_UNIT_ASSIGNED_CONTEXT(
(#78,#79,#80)) REPRESENTATION_CONTEXT('Context #1',
  '3D Context with UNIT and UNCERTAINTY') );
#78 = ( LENGTH_UNIT() NAMED_UNIT(*) SI_UNIT(.MILLI.,.METRE.) );
#79 = ( NAMED_UNIT(*) PLANE_ANGLE_UNIT() SI_UNIT($,.RADIAN.) );
#80 = ( NAMED_UNIT(*) SI_UNIT($,.STERADIAN.) SOLID_ANGLE_UNIT() );
#81 = UNCERTAINTY_MEASURE_WITH_UNIT(LENGTH_MEASURE(1.E-07),#78,
  'distance_accuracy_value','confusion accuracy');
#82 = CONTEXT_DEPENDENT_SHAPE_REPRESENTATION(#83,#85);
#83 = ( REPRESENTATION_RELATIONSHIP('','',#72,#10) 
REPRESENTATION_RELATIONSHIP_WITH_TRANSFORMATION(#84) 
SHAPE_REPRESENTATION_RELATIONSHIP() );
#84 = ITEM_DEFINED_TRANSFORMATION('','',#11,#15);
#85 = PRODUCT_DEFINITION_SHAPE('Placement','Placement of an item',#86);
#86 = NEXT_ASSEMBLY_USAGE_OCCURRENCE('2','R2','',#5,#67,$);
#87 = PRODUCT_RELATED_PRODUCT_CATEGORY('part',$,(#69));
#88 = SHAPE_DEFINITION_REPRESENTATION(#89,#95);
#89 = PRODUCT_DEFINITION_SHAPE('','',#90);
#90 = PRODUCT_DEFINITION('design','',#91,#94);
#91 = PRODUCT_DEFINITION_FORMATION('','',#92);
#92 = PRODUCT('R_Axial_DIN0204_L36mm_D16mm_P190mm_Vertical',
  'R_Axial_DIN0204_L36mm_D16mm_P190mm_Vertical','',(#93));
#93 = PRODUCT_CONTEXT('',#2,'mechanical');
#94 = PRODUCT_DEFINITION_CONTEXT('part definition',#2,'design');
#95 = ADVANCED_BREP_SHAPE_REPRESENTATION('',(#11,#96),#483);
#96 = MANIFOLD_SOLID_BREP('',#97);
#97 = CLOSED_SHELL('',(#98,#131,#157,#177,#197,#222,#247,#267,#276,#301,
    #327,#347,#372,#398,#423,#449,#474));
#98 = ADVANCED_FACE('',(#99),#126,.T.);
#99 = FACE_BOUND('',#100,.T.);
#100 = EDGE_LOOP('',(#101,#110,#118,#125));
#101 = ORIENTED_EDGE('',*,*,#102,.T.);
#102 = EDGE_CURVE('',#103,#103,#105,.T.);
#103 = VERTEX_POINT('',#104);
#104 = CARTESIAN_POINT('',(0.8,0.,1.4));
#105 = CIRCLE('',#106,0.8);
#106 = AXIS2_PLACEMENT_3D('',#107,#108,#109);
#107 = CARTESIAN_POINT('',(0.,0.,1.4));
#108 = DIRECTION('',(0.,0.,1.));
#109 = DIRECTION('',(1.,0.,-0.));
#110 = ORIENTED_EDGE('',*,*,#111,.T.);
#111 = EDGE_CURVE('',#103,#112,#114,.T.);
#112 = VERTEX_POINT('',#113);
#113 = CARTESIAN_POINT('',(0.8,0.,1.9));
#114 = LINE('',#115,#116);
#115 = CARTESIAN_POINT('',(0.8,0.,1.));
#116 = VECTOR('',#117,1.);
#117 = DIRECTION('',(0.,0.,1.));
#118 = ORIENTED_EDGE('',*,*,#119,.F.);
#119 = EDGE_CURVE('',#112,#112,#120,.T.);
#120 = CIRCLE('',#121,0.8);
#121 = AXIS2_PLACEMENT_3D('',#122,#123,#124);
#122 = CARTESIAN_POINT('',(0.,0.,1.9));
#123 = DIRECTION('',(0.,0.,1.));
#124 = DIRECTION('',(1.,0.,-0.));
#125 = ORIENTED_EDGE('',*,*,#111,.F.);
#126 = CYLINDRICAL_SURFACE('',#127,0.8);
#127 = AXIS2_PLACEMENT_3D('',#128,#129,#130);
#128 = CARTESIAN_POINT('',(0.,0.,1.));
#129 = DIRECTION('',(-0.,-0.,-1.));
#130 = DIRECTION('',(1.,0.,0.));
#131 = ADVANCED_FACE('',(#132),#152,.T.);
#132 = FACE_BOUND('',#133,.T.);
#133 = EDGE_LOOP('',(#134,#143,#150,#151));
#134 = ORIENTED_EDGE('',*,*,#135,.T.);
#135 = EDGE_CURVE('',#136,#136,#138,.T.);
#136 = VERTEX_POINT('',#137);
#137 = CARTESIAN_POINT('',(0.4,0.,1.));
#138 = CIRCLE('',#139,0.4);
#139 = AXIS2_PLACEMENT_3D('',#140,#141,#142);
#140 = CARTESIAN_POINT('',(0.,0.,1.));
#141 = DIRECTION('',(0.,0.,1.));
#142 = DIRECTION('',(1.,0.,-0.));
#143 = ORIENTED_EDGE('',*,*,#144,.F.);
#144 = EDGE_CURVE('',#103,#136,#145,.T.);
#145 = CIRCLE('',#146,0.4);
#146 = AXIS2_PLACEMENT_3D('',#147,#148,#149);
#147 = CARTESIAN_POINT('',(0.4,0.,1.4));
#148 = DIRECTION('',(-0.,1.,0.));
#149 = DIRECTION('',(1.,0.,0.));
#150 = ORIENTED_EDGE('',*,*,#102,.F.);
#151 = ORIENTED_EDGE('',*,*,#144,.T.);
#152 = TOROIDAL_SURFACE('',#153,0.4,0.4);
#153 = AXIS2_PLACEMENT_3D('',#154,#155,#156);
#154 = CARTESIAN_POINT('',(0.,0.,1.4));
#155 = DIRECTION('',(0.,0.,-1.));
#156 = DIRECTION('',(1.,0.,0.));
#157 = ADVANCED_FACE('',(#158,#161),#172,.F.);
#158 = FACE_BOUND('',#159,.F.);
#159 = EDGE_LOOP('',(#160));
#160 = ORIENTED_EDGE('',*,*,#119,.F.);
#161 = FACE_BOUND('',#162,.F.);
#162 = EDGE_LOOP('',(#163));
#163 = ORIENTED_EDGE('',*,*,#164,.F.);
#164 = EDGE_CURVE('',#165,#165,#167,.T.);
#165 = VERTEX_POINT('',#166);
#166 = CARTESIAN_POINT('',(0.72,0.,1.9));
#167 = CIRCLE('',#168,0.72);
#168 = AXIS2_PLACEMENT_3D('',#169,#170,#171);
#169 = CARTESIAN_POINT('',(0.,0.,1.9));
#170 = DIRECTION('',(0.,0.,-1.));
#171 = DIRECTION('',(1.,0.,0.));
#172 = PLANE('',#173);
#173 = AXIS2_PLACEMENT_3D('',#174,#175,#176);
#174 = CARTESIAN_POINT('',(0.8,0.,1.9));
#175 = DIRECTION('',(0.,0.,-1.));
#176 = DIRECTION('',(-1.,0.,0.));
#177 = ADVANCED_FACE('',(#178,#181),#192,.T.);
#178 = FACE_BOUND('',#179,.T.);
#179 = EDGE_LOOP('',(#180));
#180 = ORIENTED_EDGE('',*,*,#135,.F.);
#181 = FACE_BOUND('',#182,.T.);
#182 = EDGE_LOOP('',(#183));
#183 = ORIENTED_EDGE('',*,*,#184,.T.);
#184 = EDGE_CURVE('',#185,#185,#187,.T.);
#185 = VERTEX_POINT('',#186);
#186 = CARTESIAN_POINT('',(0.25,0.,1.));
#187 = CIRCLE('',#188,0.25);
#188 = AXIS2_PLACEMENT_3D('',#189,#190,#191);
#189 = CARTESIAN_POINT('',(0.,0.,1.));
#190 = DIRECTION('',(0.,0.,1.));
#191 = DIRECTION('',(1.,0.,-0.));
#192 = PLANE('',#193);
#193 = AXIS2_PLACEMENT_3D('',#194,#195,#196);
#194 = CARTESIAN_POINT('',(0.8,0.,1.));
#195 = DIRECTION('',(0.,0.,-1.));
#196 = DIRECTION('',(-1.,0.,0.));
#197 = ADVANCED_FACE('',(#198),#217,.T.);
#198 = FACE_BOUND('',#199,.T.);
#199 = EDGE_LOOP('',(#200,#209,#215,#216));
#200 = ORIENTED_EDGE('',*,*,#201,.T.);
#201 = EDGE_CURVE('',#202,#202,#204,.T.);
#202 = VERTEX_POINT('',#203);
#203 = CARTESIAN_POINT('',(0.72,0.,3.7));
#204 = CIRCLE('',#205,0.72);
#205 = AXIS2_PLACEMENT_3D('',#206,#207,#208);
#206 = CARTESIAN_POINT('',(0.,0.,3.7));
#207 = DIRECTION('',(0.,0.,-1.));
#208 = DIRECTION('',(1.,0.,0.));
#209 = ORIENTED_EDGE('',*,*,#210,.F.);
#210 = EDGE_CURVE('',#165,#202,#211,.T.);
#211 = LINE('',#212,#213);
#212 = CARTESIAN_POINT('',(0.72,0.,1.));
#213 = VECTOR('',#214,1.);
#214 = DIRECTION('',(0.,0.,1.));
#215 = ORIENTED_EDGE('',*,*,#164,.F.);
#216 = ORIENTED_EDGE('',*,*,#210,.T.);
#217 = CYLINDRICAL_SURFACE('',#218,0.72);
#218 = AXIS2_PLACEMENT_3D('',#219,#220,#221);
#219 = CARTESIAN_POINT('',(0.,0.,1.));
#220 = DIRECTION('',(-0.,-0.,-1.));
#221 = DIRECTION('',(1.,0.,0.));
#222 = ADVANCED_FACE('',(#223),#242,.T.);
#223 = FACE_BOUND('',#224,.T.);
#224 = EDGE_LOOP('',(#225,#234,#240,#241));
#225 = ORIENTED_EDGE('',*,*,#226,.T.);
#226 = EDGE_CURVE('',#227,#227,#229,.T.);
#227 = VERTEX_POINT('',#228);
#228 = CARTESIAN_POINT('',(0.25,-6.123233995737E-17,-3.));
#229 = CIRCLE('',#230,0.25);
#230 = AXIS2_PLACEMENT_3D('',#231,#232,#233);
#231 = CARTESIAN_POINT('',(0.,0.,-3.));
#232 = DIRECTION('',(0.,0.,1.));
#233 = DIRECTION('',(1.,0.,-0.));
#234 = ORIENTED_EDGE('',*,*,#235,.T.);
#235 = EDGE_CURVE('',#227,#185,#236,.T.);
#236 = LINE('',#237,#238);
#237 = CARTESIAN_POINT('',(0.25,0.,-3.));
#238 = VECTOR('',#239,1.);
#239 = DIRECTION('',(0.,0.,1.));
#240 = ORIENTED_EDGE('',*,*,#184,.F.);
#241 = ORIENTED_EDGE('',*,*,#235,.F.);
#242 = CYLINDRICAL_SURFACE('',#243,0.25);
#243 = AXIS2_PLACEMENT_3D('',#244,#245,#246);
#244 = CARTESIAN_POINT('',(0.,0.,-3.));
#245 = DIRECTION('',(0.,0.,1.));
#246 = DIRECTION('',(1.,0.,-0.));
#247 = ADVANCED_FACE('',(#248,#259),#262,.T.);
#248 = FACE_BOUND('',#249,.T.);
#249 = EDGE_LOOP('',(#250));
#250 = ORIENTED_EDGE('',*,*,#251,.F.);
#251 = EDGE_CURVE('',#252,#252,#254,.T.);
#252 = VERTEX_POINT('',#253);
#253 = CARTESIAN_POINT('',(0.8,0.,3.7));
#254 = CIRCLE('',#255,0.8);
#255 = AXIS2_PLACEMENT_3D('',#256,#257,#258);
#256 = CARTESIAN_POINT('',(0.,0.,3.7));
#257 = DIRECTION('',(0.,0.,1.));
#258 = DIRECTION('',(1.,0.,-0.));
#259 = FACE_BOUND('',#260,.T.);
#260 = EDGE_LOOP('',(#261));
#261 = ORIENTED_EDGE('',*,*,#201,.F.);
#262 = PLANE('',#263);
#263 = AXIS2_PLACEMENT_3D('',#264,#265,#266);
#264 = CARTESIAN_POINT('',(0.8,0.,3.7));
#265 = DIRECTION('',(0.,0.,-1.));
#266 = DIRECTION('',(-1.,0.,0.));
#267 = ADVANCED_FACE('',(#268),#271,.T.);
#268 = FACE_BOUND('',#269,.F.);
#269 = EDGE_LOOP('',(#270));
#270 = ORIENTED_EDGE('',*,*,#226,.T.);
#271 = PLANE('',#272);
#272 = AXIS2_PLACEMENT_3D('',#273,#274,#275);
#273 = CARTESIAN_POINT('',(0.25,0.,-3.));
#274 = DIRECTION('',(0.,0.,-1.));
#275 = DIRECTION('',(-1.,0.,0.));
#276 = ADVANCED_FACE('',(#277),#296,.T.);
#277 = FACE_BOUND('',#278,.T.);
#278 = EDGE_LOOP('',(#279,#280,#288,#295));
#279 = ORIENTED_EDGE('',*,*,#251,.T.);
#280 = ORIENTED_EDGE('',*,*,#281,.T.);
#281 = EDGE_CURVE('',#252,#282,#284,.T.);
#282 = VERTEX_POINT('',#283);
#283 = CARTESIAN_POINT('',(0.8,0.,4.2));
#284 = LINE('',#285,#286);
#285 = CARTESIAN_POINT('',(0.8,0.,3.7));
#286 = VECTOR('',#287,1.);
#287 = DIRECTION('',(0.,0.,1.));
#288 = ORIENTED_EDGE('',*,*,#289,.F.);
#289 = EDGE_CURVE('',#282,#282,#290,.T.);
#290 = CIRCLE('',#291,0.8);
#291 = AXIS2_PLACEMENT_3D('',#292,#293,#294);
#292 = CARTESIAN_POINT('',(0.,0.,4.2));
#293 = DIRECTION('',(0.,0.,1.));
#294 = DIRECTION('',(1.,0.,-0.));
#295 = ORIENTED_EDGE('',*,*,#281,.F.);
#296 = CYLINDRICAL_SURFACE('',#297,0.8);
#297 = AXIS2_PLACEMENT_3D('',#298,#299,#300);
#298 = CARTESIAN_POINT('',(0.,0.,3.7));
#299 = DIRECTION('',(-0.,-0.,-1.));
#300 = DIRECTION('',(1.,0.,0.));
#301 = ADVANCED_FACE('',(#302),#322,.T.);
#302 = FACE_BOUND('',#303,.T.);
#303 = EDGE_LOOP('',(#304,#313,#314,#315));
#304 = ORIENTED_EDGE('',*,*,#305,.F.);
#305 = EDGE_CURVE('',#282,#306,#308,.T.);
#306 = VERTEX_POINT('',#307);
#307 = CARTESIAN_POINT('',(0.4,0.,4.6));
#308 = CIRCLE('',#309,0.4);
#309 = AXIS2_PLACEMENT_3D('',#310,#311,#312);
#310 = CARTESIAN_POINT('',(0.4,0.,4.2));
#311 = DIRECTION('',(0.,-1.,0.));
#312 = DIRECTION('',(1.,0.,0.));
#313 = ORIENTED_EDGE('',*,*,#289,.T.);
#314 = ORIENTED_EDGE('',*,*,#305,.T.);
#315 = ORIENTED_EDGE('',*,*,#316,.F.);
#316 = EDGE_CURVE('',#306,#306,#317,.T.);
#317 = CIRCLE('',#318,0.4);
#318 = AXIS2_PLACEMENT_3D('',#319,#320,#321);
#319 = CARTESIAN_POINT('',(0.,0.,4.6));
#320 = DIRECTION('',(0.,0.,1.));
#321 = DIRECTION('',(1.,0.,-0.));
#322 = TOROIDAL_SURFACE('',#323,0.4,0.4);
#323 = AXIS2_PLACEMENT_3D('',#324,#325,#326);
#324 = CARTESIAN_POINT('',(0.,0.,4.2));
#325 = DIRECTION('',(0.,0.,1.));
#326 = DIRECTION('',(1.,0.,-0.));
#327 = ADVANCED_FACE('',(#328,#331),#342,.F.);
#328 = FACE_BOUND('',#329,.F.);
#329 = EDGE_LOOP('',(#330));
#330 = ORIENTED_EDGE('',*,*,#316,.F.);
#331 = FACE_BOUND('',#332,.F.);
#332 = EDGE_LOOP('',(#333));
#333 = ORIENTED_EDGE('',*,*,#334,.T.);
#334 = EDGE_CURVE('',#335,#335,#337,.T.);
#335 = VERTEX_POINT('',#336);
#336 = CARTESIAN_POINT('',(0.25,0.,4.6));
#337 = CIRCLE('',#338,0.25);
#338 = AXIS2_PLACEMENT_3D('',#339,#340,#341);
#339 = CARTESIAN_POINT('',(0.,0.,4.6));
#340 = DIRECTION('',(0.,0.,1.));
#341 = DIRECTION('',(1.,0.,-0.));
#342 = PLANE('',#343);
#343 = AXIS2_PLACEMENT_3D('',#344,#345,#346);
#344 = CARTESIAN_POINT('',(0.8,0.,4.6));
#345 = DIRECTION('',(0.,0.,-1.));
#346 = DIRECTION('',(-1.,0.,0.));
#347 = ADVANCED_FACE('',(#348),#367,.T.);
#348 = FACE_BOUND('',#349,.T.);
#349 = EDGE_LOOP('',(#350,#351,#359,#366));
#350 = ORIENTED_EDGE('',*,*,#334,.T.);
#351 = ORIENTED_EDGE('',*,*,#352,.T.);
#352 = EDGE_CURVE('',#335,#353,#355,.T.);
#353 = VERTEX_POINT('',#354);
#354 = CARTESIAN_POINT('',(0.25,0.,5.6));
#355 = LINE('',#356,#357);
#356 = CARTESIAN_POINT('',(0.25,0.,-3.));
#357 = VECTOR('',#358,1.);
#358 = DIRECTION('',(0.,0.,1.));
#359 = ORIENTED_EDGE('',*,*,#360,.F.);
#360 = EDGE_CURVE('',#353,#353,#361,.T.);
#361 = CIRCLE('',#362,0.25);
#362 = AXIS2_PLACEMENT_3D('',#363,#364,#365);
#363 = CARTESIAN_POINT('',(0.,0.,5.6));
#364 = DIRECTION('',(0.,0.,1.));
#365 = DIRECTION('',(1.,0.,-0.));
#366 = ORIENTED_EDGE('',*,*,#352,.F.);
#367 = CYLINDRICAL_SURFACE('',#368,0.25);
#368 = AXIS2_PLACEMENT_3D('',#369,#370,#371);
#369 = CARTESIAN_POINT('',(0.,0.,-3.));
#370 = DIRECTION('',(0.,0.,1.));
#371 = DIRECTION('',(1.,0.,-0.));
#372 = ADVANCED_FACE('',(#373),#393,.T.);
#373 = FACE_BOUND('',#374,.T.);
#374 = EDGE_LOOP('',(#375,#384,#391,#392));
#375 = ORIENTED_EDGE('',*,*,#376,.T.);
#376 = EDGE_CURVE('',#353,#377,#379,.T.);
#377 = VERTEX_POINT('',#378);
#378 = CARTESIAN_POINT('',(0.75,0.,6.1));
#379 = CIRCLE('',#380,0.5);
#380 = AXIS2_PLACEMENT_3D('',#381,#382,#383);
#381 = CARTESIAN_POINT('',(0.75,9.184850993605E-17,5.6));
#382 = DIRECTION('',(0.,1.,-0.));
#383 = DIRECTION('',(-1.,0.,2.368475785867E-15));
#384 = ORIENTED_EDGE('',*,*,#385,.T.);
#385 = EDGE_CURVE('',#377,#377,#386,.T.);
#386 = CIRCLE('',#387,0.25);
#387 = AXIS2_PLACEMENT_3D('',#388,#389,#390);
#388 = CARTESIAN_POINT('',(0.75,0.,6.35));
#389 = DIRECTION('',(-1.,0.,-2.577737862441E-15));
#390 = DIRECTION('',(-2.577737862441E-15,0.,1.));
#391 = ORIENTED_EDGE('',*,*,#376,.F.);
#392 = ORIENTED_EDGE('',*,*,#360,.T.);
#393 = TOROIDAL_SURFACE('',#394,0.75,0.25);
#394 = AXIS2_PLACEMENT_3D('',#395,#396,#397);
#395 = CARTESIAN_POINT('',(0.75,0.,5.6));
#396 = DIRECTION('',(0.,1.,0.));
#397 = DIRECTION('',(-1.,0.,2.368475785867E-15));
#398 = ADVANCED_FACE('',(#399),#418,.T.);
#399 = FACE_BOUND('',#400,.T.);
#400 = EDGE_LOOP('',(#401,#409,#416,#417));
#401 = ORIENTED_EDGE('',*,*,#402,.T.);
#402 = EDGE_CURVE('',#377,#403,#405,.T.);
#403 = VERTEX_POINT('',#404);
#404 = CARTESIAN_POINT('',(1.15,0.,6.1));
#405 = LINE('',#406,#407);
#406 = CARTESIAN_POINT('',(0.75,0.,6.1));
#407 = VECTOR('',#408,1.);
#408 = DIRECTION('',(1.,0.,0.));
#409 = ORIENTED_EDGE('',*,*,#410,.F.);
#410 = EDGE_CURVE('',#403,#403,#411,.T.);
#411 = CIRCLE('',#412,0.25);
#412 = AXIS2_PLACEMENT_3D('',#413,#414,#415);
#413 = CARTESIAN_POINT('',(1.15,0.,6.35));
#414 = DIRECTION('',(1.,-0.,0.));
#415 = DIRECTION('',(0.,0.,-1.));
#416 = ORIENTED_EDGE('',*,*,#402,.F.);
#417 = ORIENTED_EDGE('',*,*,#385,.F.);
#418 = CYLINDRICAL_SURFACE('',#419,0.25);
#419 = AXIS2_PLACEMENT_3D('',#420,#421,#422);
#420 = CARTESIAN_POINT('',(0.75,0.,6.35));
#421 = DIRECTION('',(1.,0.,0.));
#422 = DIRECTION('',(0.,0.,-1.));
#423 = ADVANCED_FACE('',(#424),#444,.T.);
#424 = FACE_BOUND('',#425,.T.);
#425 = EDGE_LOOP('',(#426,#435,#442,#443));
#426 = ORIENTED_EDGE('',*,*,#427,.T.);
#427 = EDGE_CURVE('',#403,#428,#430,.T.);
#428 = VERTEX_POINT('',#429);
#429 = CARTESIAN_POINT('',(1.65,0.,5.6));
#430 = CIRCLE('',#431,0.5);
#431 = AXIS2_PLACEMENT_3D('',#432,#433,#434);
#432 = CARTESIAN_POINT('',(1.15,9.184850993605E-17,5.6));
#433 = DIRECTION('',(-0.,1.,0.));
#434 = DIRECTION('',(2.368475785867E-15,0.,1.));
#435 = ORIENTED_EDGE('',*,*,#436,.T.);
#436 = EDGE_CURVE('',#428,#428,#437,.T.);
#437 = CIRCLE('',#438,0.25);
#438 = AXIS2_PLACEMENT_3D('',#439,#440,#441);
#439 = CARTESIAN_POINT('',(1.9,0.,5.6));
#440 = DIRECTION('',(8.679739665932E-17,-0.,1.));
#441 = DIRECTION('',(1.,0.,-8.679739665932E-17));
#442 = ORIENTED_EDGE('',*,*,#427,.F.);
#443 = ORIENTED_EDGE('',*,*,#410,.T.);
#444 = TOROIDAL_SURFACE('',#445,0.75,0.25);
#445 = AXIS2_PLACEMENT_3D('',#446,#447,#448);
#446 = CARTESIAN_POINT('',(1.15,0.,5.6));
#447 = DIRECTION('',(0.,1.,0.));
#448 = DIRECTION('',(2.368475785867E-15,-0.,1.));
#449 = ADVANCED_FACE('',(#450),#469,.T.);
#450 = FACE_BOUND('',#451,.T.);
#451 = EDGE_LOOP('',(#452,#460,#467,#468));
#452 = ORIENTED_EDGE('',*,*,#453,.T.);
#453 = EDGE_CURVE('',#428,#454,#456,.T.);
#454 = VERTEX_POINT('',#455);
#455 = CARTESIAN_POINT('',(1.65,-6.123233995737E-17,-3.));
#456 = LINE('',#457,#458);
#457 = CARTESIAN_POINT('',(1.65,0.,5.6));
#458 = VECTOR('',#459,1.);
#459 = DIRECTION('',(0.,0.,-1.));
#460 = ORIENTED_EDGE('',*,*,#461,.F.);
#461 = EDGE_CURVE('',#454,#454,#462,.T.);
#462 = CIRCLE('',#463,0.25);
#463 = AXIS2_PLACEMENT_3D('',#464,#465,#466);
#464 = CARTESIAN_POINT('',(1.9,0.,-3.));
#465 = DIRECTION('',(0.,0.,-1.));
#466 = DIRECTION('',(-1.,0.,0.));
#467 = ORIENTED_EDGE('',*,*,#453,.F.);
#468 = ORIENTED_EDGE('',*,*,#436,.F.);
#469 = CYLINDRICAL_SURFACE('',#470,0.25);
#470 = AXIS2_PLACEMENT_3D('',#471,#472,#473);
#471 = CARTESIAN_POINT('',(1.9,0.,5.6));
#472 = DIRECTION('',(0.,0.,-1.));
#473 = DIRECTION('',(-1.,0.,0.));
#474 = ADVANCED_FACE('',(#475),#478,.F.);
#475 = FACE_BOUND('',#476,.T.);
#476 = EDGE_LOOP('',(#477));
#477 = ORIENTED_EDGE('',*,*,#461,.T.);
#478 = PLANE('',#479);
#479 = AXIS2_PLACEMENT_3D('',#480,#481,#482);
#480 = CARTESIAN_POINT('',(1.65,0.,-3.));
#481 = DIRECTION('',(0.,0.,1.));
#482 = DIRECTION('',(1.,0.,-0.));
#483 = ( GEOMETRIC_REPRESENTATION_CONTEXT(3) 
GLOBAL_UNCERTAINTY_ASSIGNED_CONTEXT((#487)) GLOBAL_UNIT_ASSIGNED_CONTEXT
((#484,#485,#486)) REPRESENTATION_CONTEXT('Context #1',
  '3D Context with UNIT and UNCERTAINTY') );
#484 = ( LENGTH_UNIT() NAMED_UNIT(*) SI_UNIT(.MILLI.,.METRE.) );
#485 = ( NAMED_UNIT(*) PLANE_ANGLE_UNIT() SI_UNIT($,.RADIAN.) );
#486 = ( NAMED_UNIT(*) SI_UNIT($,.STERADIAN.) SOLID_ANGLE_UNIT() );
#487 = UNCERTAINTY_MEASURE_WITH_UNIT(LENGTH_MEASURE(1.E-07),#484,
  'distance_accuracy_value','confusion accuracy');
#488 = CONTEXT_DEPENDENT_SHAPE_REPRESENTATION(#489,#491);
#489 = ( REPRESENTATION_RELATIONSHIP('','',#95,#72) 
REPRESENTATION_RELATIONSHIP_WITH_TRANSFORMATION(#490) 
SHAPE_REPRESENTATION_RELATIONSHIP() );
#490 = ITEM_DEFINED_TRANSFORMATION('','',#11,#73);
#491 = PRODUCT_DEFINITION_SHAPE('Placement','Placement of an item',#492
  );
#492 = NEXT_ASSEMBLY_USAGE_OCCURRENCE('1','=>[0:1:1:3]','',#67,#90,$);
#493 = PRODUCT_RELATED_PRODUCT_CATEGORY('part',$,(#92));
#494 = SHAPE_DEFINITION_REPRESENTATION(#495,#501);
#495 = PRODUCT_DEFINITION_SHAPE('','',#496);
#496 = PRODUCT_DEFINITION('design','',#497,#500);
#497 = PRODUCT_DEFINITION_FORMATION('','',#498);
#498 = PRODUCT('CP_Radial_D5.0mm_P2.00mm','CP_Radial_D5.0mm_P2.00mm','',
  (#499));
#499 = PRODUCT_CONTEXT('',#2,'mechanical');
#500 = PRODUCT_DEFINITION_CONTEXT('part definition',#2,'design');
#501 = SHAPE_REPRESENTATION('',(#11,#502),#506);
#502 = AXIS2_PLACEMENT_3D('',#503,#504,#505);
#503 = CARTESIAN_POINT('',(0.,0.,0.));
#504 = DIRECTION('',(0.,0.,1.));
#505 = DIRECTION('',(1.,0.,-0.));
#506 = ( GEOMETRIC_REPRESENTATION_CONTEXT(3) 
GLOBAL_UNCERTAINTY_ASSIGNED_CONTEXT((#510)) GLOBAL_UNIT_ASSIGNED_CONTEXT
((#507,#508,#509)) REPRESENTATION_CONTEXT('Context #1',
  '3D Context with UNIT and UNCERTAINTY') );
#507 = ( LENGTH_UNIT() NAMED_UNIT(*) SI_UNIT(.MILLI.,.METRE.) );
#508 = ( NAMED_UNIT(*) PLANE_ANGLE_UNIT() SI_UNIT($,.RADIAN.) );
#509 = ( NAMED_UNIT(*) SI_UNIT($,.STERADIAN.) SOLID_ANGLE_UNIT() );
#510 = UNCERTAINTY_MEASURE_WITH_UNIT(LENGTH_MEASURE(2.E-06),#507,
  'distance_accuracy_value','confusion accuracy');
#511 = CONTEXT_DEPENDENT_SHAPE_REPRESENTATION(#512,#514);
#512 = ( REPRESENTATION_RELATIONSHIP('','',#501,#10) 
REPRESENTATION_RELATIONSHIP_WITH_TRANSFORMATION(#513) 
SHAPE_REPRESENTATION_RELATIONSHIP() );
#513 = ITEM_DEFINED_TRANSFORMATION('','',#11,#19);
#514 = PRODUCT_DEFINITION_SHAPE('Placement','Placement of an item',#515
  );
#515 = NEXT_ASSEMBLY_USAGE_OCCURRENCE('4','C2','',#5,#496,$);
#516 = PRODUCT_RELATED_PRODUCT_CATEGORY('part',$,(#498));
#517 = SHAPE_DEFINITION_REPRESENTATION(#518,#524);
#518 = PRODUCT_DEFINITION_SHAPE('','',#519);
#519 = PRODUCT_DEFINITION('design','',#520,#523);
#520 = PRODUCT_DEFINITION_FORMATION('','',#521);
#521 = PRODUCT('CP_Radial_D50mm_P200mm','CP_Radial_D50mm_P200mm','',(
    #522));
#522 = PRODUCT_CONTEXT('',#2,'mechanical');
#523 = PRODUCT_DEFINITION_CONTEXT('part definition',#2,'design');
#524 = ADVANCED_BREP_SHAPE_REPRESENTATION('',(#11,#525),#2565);
#525 = BREP_WITH_VOIDS('',#526,(#2443));
#526 = CLOSED_SHELL('',(#527,#544,#569,#618,#651,#669,#694,#726,#744,
    #753,#791,#813,#873,#901,#1067,#1133,#1199,#1317,#1483,#1563,#1597,
    #1677,#1709,#1775,#1852,#1886,#1901,#1919,#1951,#1969,#2112,#2164,
    #2188,#2212,#2236,#2298,#2315,#2339,#2355,#2379,#2391,#2407,#2419,
    #2431));
#527 = ADVANCED_FACE('',(#528),#539,.F.);
#528 = FACE_BOUND('',#529,.F.);
#529 = EDGE_LOOP('',(#530));
#530 = ORIENTED_EDGE('',*,*,#531,.T.);
#531 = EDGE_CURVE('',#532,#532,#534,.T.);
#532 = VERTEX_POINT('',#533);
#533 = CARTESIAN_POINT('',(1.75,-9.184850993605E-17,-1.9));
#534 = CIRCLE('',#535,0.25);
#535 = AXIS2_PLACEMENT_3D('',#536,#537,#538);
#536 = CARTESIAN_POINT('',(2.,-1.224646799147E-16,-1.9));
#537 = DIRECTION('',(0.,0.,1.));
#538 = DIRECTION('',(-1.,1.224646799147E-16,0.));
#539 = PLANE('',#540);
#540 = AXIS2_PLACEMENT_3D('',#541,#542,#543);
#541 = CARTESIAN_POINT('',(2.,-1.443086680282E-16,-1.9));
#542 = DIRECTION('',(-1.889979252092E-31,4.08046586736E-33,1.));
#543 = DIRECTION('',(-1.,1.224646799147E-16,-1.889979252092E-31));
#544 = ADVANCED_FACE('',(#545),#564,.T.);
#545 = FACE_BOUND('',#546,.T.);
#546 = EDGE_LOOP('',(#547,#556,#562,#563));
#547 = ORIENTED_EDGE('',*,*,#548,.F.);
#548 = EDGE_CURVE('',#549,#549,#551,.T.);
#549 = VERTEX_POINT('',#550);
#550 = CARTESIAN_POINT('',(1.75,-9.184850993605E-17,0.2));
#551 = CIRCLE('',#552,0.25);
#552 = AXIS2_PLACEMENT_3D('',#553,#554,#555);
#553 = CARTESIAN_POINT('',(2.,-1.224646799147E-16,0.2));
#554 = DIRECTION('',(0.,0.,1.));
#555 = DIRECTION('',(-1.,1.224646799147E-16,0.));
#556 = ORIENTED_EDGE('',*,*,#557,.T.);
#557 = EDGE_CURVE('',#549,#532,#558,.T.);
#558 = LINE('',#559,#560);
#559 = CARTESIAN_POINT('',(1.75,-9.184850993605E-17,0.3));
#560 = VECTOR('',#561,1.);
#561 = DIRECTION('',(0.,0.,-1.));
#562 = ORIENTED_EDGE('',*,*,#531,.T.);
#563 = ORIENTED_EDGE('',*,*,#557,.F.);
#564 = CYLINDRICAL_SURFACE('',#565,0.25);
#565 = AXIS2_PLACEMENT_3D('',#566,#567,#568);
#566 = CARTESIAN_POINT('',(2.,-1.224646799147E-16,0.3));
#567 = DIRECTION('',(0.,0.,1.));
#568 = DIRECTION('',(-1.,1.224646799147E-16,0.));
#569 = ADVANCED_FACE('',(#570,#599,#602),#613,.F.);
#570 = FACE_BOUND('',#571,.F.);
#571 = EDGE_LOOP('',(#572,#583,#592));
#572 = ORIENTED_EDGE('',*,*,#573,.T.);
#573 = EDGE_CURVE('',#574,#576,#578,.T.);
#574 = VERTEX_POINT('',#575);
#575 = CARTESIAN_POINT('',(-0.75,2.143131898508E-16,0.2));
#576 = VERTEX_POINT('',#577);
#577 = CARTESIAN_POINT('',(2.616789181895,-0.669696006639,0.2));
#578 = CIRCLE('',#579,1.75);
#579 = AXIS2_PLACEMENT_3D('',#580,#581,#582);
#580 = CARTESIAN_POINT('',(1.,0.,0.2));
#581 = DIRECTION('',(0.,0.,1.));
#582 = DIRECTION('',(-1.,1.224646799147E-16,0.));
#583 = ORIENTED_EDGE('',*,*,#584,.T.);
#584 = EDGE_CURVE('',#576,#585,#587,.T.);
#585 = VERTEX_POINT('',#586);
#586 = CARTESIAN_POINT('',(2.616789181895,0.669696006639,0.2));
#587 = CIRCLE('',#588,1.75);
#588 = AXIS2_PLACEMENT_3D('',#589,#590,#591);
#589 = CARTESIAN_POINT('',(1.,0.,0.2));
#590 = DIRECTION('',(0.,0.,1.));
#591 = DIRECTION('',(-1.,1.224646799147E-16,0.));
#592 = ORIENTED_EDGE('',*,*,#593,.T.);
#593 = EDGE_CURVE('',#585,#574,#594,.T.);
#594 = CIRCLE('',#595,1.75);
#595 = AXIS2_PLACEMENT_3D('',#596,#597,#598);
#596 = CARTESIAN_POINT('',(1.,0.,0.2));
#597 = DIRECTION('',(0.,0.,1.));
#598 = DIRECTION('',(-1.,1.224646799147E-16,0.));
#599 = FACE_BOUND('',#600,.F.);
#600 = EDGE_LOOP('',(#601));
#601 = ORIENTED_EDGE('',*,*,#548,.F.);
#602 = FACE_BOUND('',#603,.F.);
#603 = EDGE_LOOP('',(#604));
#604 = ORIENTED_EDGE('',*,*,#605,.F.);
#605 = EDGE_CURVE('',#606,#606,#608,.T.);
#606 = VERTEX_POINT('',#607);
#607 = CARTESIAN_POINT('',(-0.25,1.530808498934E-16,0.2));
#608 = CIRCLE('',#609,0.25);
#609 = AXIS2_PLACEMENT_3D('',#610,#611,#612);
#610 = CARTESIAN_POINT('',(0.,1.224646799147E-16,0.2));
#611 = DIRECTION('',(0.,0.,1.));
#612 = DIRECTION('',(-1.,1.224646799147E-16,0.));
#613 = PLANE('',#614);
#614 = AXIS2_PLACEMENT_3D('',#615,#616,#617);
#615 = CARTESIAN_POINT('',(1.,-1.239108604125E-16,0.2));
#616 = DIRECTION('',(0.,0.,1.));
#617 = DIRECTION('',(-1.,1.224646799147E-16,0.));
#618 = ADVANCED_FACE('',(#619),#646,.F.);
#619 = FACE_BOUND('',#620,.F.);
#620 = EDGE_LOOP('',(#621,#629,#630,#631,#639));
#621 = ORIENTED_EDGE('',*,*,#622,.F.);
#622 = EDGE_CURVE('',#576,#623,#625,.T.);
#623 = VERTEX_POINT('',#624);
#624 = CARTESIAN_POINT('',(2.616789181895,-0.669696006639,0.));
#625 = LINE('',#626,#627);
#626 = CARTESIAN_POINT('',(2.616789181895,-0.669696006639,0.3));
#627 = VECTOR('',#628,1.);
#628 = DIRECTION('',(0.,0.,-1.));
#629 = ORIENTED_EDGE('',*,*,#573,.F.);
#630 = ORIENTED_EDGE('',*,*,#593,.F.);
#631 = ORIENTED_EDGE('',*,*,#632,.T.);
#632 = EDGE_CURVE('',#585,#633,#635,.T.);
#633 = VERTEX_POINT('',#634);
#634 = CARTESIAN_POINT('',(2.616789181895,0.669696006639,0.));
#635 = LINE('',#636,#637);
#636 = CARTESIAN_POINT('',(2.616789181895,0.669696006639,0.3));
#637 = VECTOR('',#638,1.);
#638 = DIRECTION('',(0.,0.,-1.));
#639 = ORIENTED_EDGE('',*,*,#640,.F.);
#640 = EDGE_CURVE('',#623,#633,#641,.T.);
#641 = CIRCLE('',#642,1.75);
#642 = AXIS2_PLACEMENT_3D('',#643,#644,#645);
#643 = CARTESIAN_POINT('',(1.,0.,0.));
#644 = DIRECTION('',(0.,-0.,-1.));
#645 = DIRECTION('',(0.923879532511,-0.382683432365,0.));
#646 = CYLINDRICAL_SURFACE('',#647,1.75);
#647 = AXIS2_PLACEMENT_3D('',#648,#649,#650);
#648 = CARTESIAN_POINT('',(1.,0.,0.3));
#649 = DIRECTION('',(0.,0.,-1.));
#650 = DIRECTION('',(0.923879532511,-0.382683432365,0.));
#651 = ADVANCED_FACE('',(#652),#664,.F.);
#652 = FACE_BOUND('',#653,.F.);
#653 = EDGE_LOOP('',(#654,#655,#656,#657));
#654 = ORIENTED_EDGE('',*,*,#632,.F.);
#655 = ORIENTED_EDGE('',*,*,#584,.F.);
#656 = ORIENTED_EDGE('',*,*,#622,.T.);
#657 = ORIENTED_EDGE('',*,*,#658,.F.);
#658 = EDGE_CURVE('',#633,#623,#659,.T.);
#659 = CIRCLE('',#660,1.75);
#660 = AXIS2_PLACEMENT_3D('',#661,#662,#663);
#661 = CARTESIAN_POINT('',(1.,0.,0.));
#662 = DIRECTION('',(0.,0.,-1.));
#663 = DIRECTION('',(0.923879532511,0.382683432365,0.));
#664 = CYLINDRICAL_SURFACE('',#665,1.75);
#665 = AXIS2_PLACEMENT_3D('',#666,#667,#668);
#666 = CARTESIAN_POINT('',(1.,0.,0.3));
#667 = DIRECTION('',(0.,0.,-1.));
#668 = DIRECTION('',(0.923879532511,0.382683432365,0.));
#669 = ADVANCED_FACE('',(#670),#689,.T.);
#670 = FACE_BOUND('',#671,.T.);
#671 = EDGE_LOOP('',(#672,#673,#681,#688));
#672 = ORIENTED_EDGE('',*,*,#605,.F.);
#673 = ORIENTED_EDGE('',*,*,#674,.T.);
#674 = EDGE_CURVE('',#606,#675,#677,.T.);
#675 = VERTEX_POINT('',#676);
#676 = CARTESIAN_POINT('',(-0.25,1.530808498934E-16,-2.));
#677 = LINE('',#678,#679);
#678 = CARTESIAN_POINT('',(-0.25,1.530808498934E-16,0.3));
#679 = VECTOR('',#680,1.);
#680 = DIRECTION('',(0.,0.,-1.));
#681 = ORIENTED_EDGE('',*,*,#682,.T.);
#682 = EDGE_CURVE('',#675,#675,#683,.T.);
#683 = CIRCLE('',#684,0.25);
#684 = AXIS2_PLACEMENT_3D('',#685,#686,#687);
#685 = CARTESIAN_POINT('',(0.,1.224646799147E-16,-2.));
#686 = DIRECTION('',(0.,0.,1.));
#687 = DIRECTION('',(-1.,1.224646799147E-16,0.));
#688 = ORIENTED_EDGE('',*,*,#674,.F.);
#689 = CYLINDRICAL_SURFACE('',#690,0.25);
#690 = AXIS2_PLACEMENT_3D('',#691,#692,#693);
#691 = CARTESIAN_POINT('',(0.,1.224646799147E-16,0.3));
#692 = DIRECTION('',(0.,0.,1.));
#693 = DIRECTION('',(-1.,1.224646799147E-16,0.));
#694 = ADVANCED_FACE('',(#695),#721,.T.);
#695 = FACE_BOUND('',#696,.F.);
#696 = EDGE_LOOP('',(#697,#698,#706,#715));
#697 = ORIENTED_EDGE('',*,*,#640,.T.);
#698 = ORIENTED_EDGE('',*,*,#699,.T.);
#699 = EDGE_CURVE('',#633,#700,#702,.T.);
#700 = VERTEX_POINT('',#701);
#701 = CARTESIAN_POINT('',(3.124922924776,0.88017189444,
    1.387778780781E-17));
#702 = LINE('',#703,#704);
#703 = CARTESIAN_POINT('',(2.616789181895,0.669696006639,0.));
#704 = VECTOR('',#705,1.);
#705 = DIRECTION('',(0.923879532511,0.382683432365,0.));
#706 = ORIENTED_EDGE('',*,*,#707,.F.);
#707 = EDGE_CURVE('',#708,#700,#710,.T.);
#708 = VERTEX_POINT('',#709);
#709 = CARTESIAN_POINT('',(3.124922924776,-0.88017189444,
    1.387778780781E-17));
#710 = CIRCLE('',#711,2.3);
#711 = AXIS2_PLACEMENT_3D('',#712,#713,#714);
#712 = CARTESIAN_POINT('',(1.,0.,1.387778780781E-17));
#713 = DIRECTION('',(0.,-0.,-1.));
#714 = DIRECTION('',(0.923879532511,-0.382683432365,0.));
#715 = ORIENTED_EDGE('',*,*,#716,.F.);
#716 = EDGE_CURVE('',#623,#708,#717,.T.);
#717 = LINE('',#718,#719);
#718 = CARTESIAN_POINT('',(2.616789181895,-0.669696006639,0.));
#719 = VECTOR('',#720,1.);
#720 = DIRECTION('',(0.923879532511,-0.382683432365,0.));
#721 = PLANE('',#722);
#722 = AXIS2_PLACEMENT_3D('',#723,#724,#725);
#723 = CARTESIAN_POINT('',(1.,0.,0.));
#724 = DIRECTION('',(0.,0.,-1.));
#725 = DIRECTION('',(0.923879532511,-0.382683432365,0.));
#726 = ADVANCED_FACE('',(#727),#739,.T.);
#727 = FACE_BOUND('',#728,.F.);
#728 = EDGE_LOOP('',(#729,#730,#731,#738));
#729 = ORIENTED_EDGE('',*,*,#658,.T.);
#730 = ORIENTED_EDGE('',*,*,#716,.T.);
#731 = ORIENTED_EDGE('',*,*,#732,.F.);
#732 = EDGE_CURVE('',#700,#708,#733,.T.);
#733 = CIRCLE('',#734,2.3);
#734 = AXIS2_PLACEMENT_3D('',#735,#736,#737);
#735 = CARTESIAN_POINT('',(1.,0.,1.387778780781E-17));
#736 = DIRECTION('',(0.,0.,-1.));
#737 = DIRECTION('',(0.923879532511,0.382683432365,0.));
#738 = ORIENTED_EDGE('',*,*,#699,.F.);
#739 = PLANE('',#740);
#740 = AXIS2_PLACEMENT_3D('',#741,#742,#743);
#741 = CARTESIAN_POINT('',(1.,0.,0.));
#742 = DIRECTION('',(0.,0.,-1.));
#743 = DIRECTION('',(0.923879532511,0.382683432365,0.));
#744 = ADVANCED_FACE('',(#745),#748,.F.);
#745 = FACE_BOUND('',#746,.F.);
#746 = EDGE_LOOP('',(#747));
#747 = ORIENTED_EDGE('',*,*,#682,.T.);
#748 = PLANE('',#749);
#749 = AXIS2_PLACEMENT_3D('',#750,#751,#752);
#750 = CARTESIAN_POINT('',(-2.22044604925E-16,1.006206918012E-16,-2.));
#751 = DIRECTION('',(2.218671295934E-31,4.08046586736E-33,1.));
#752 = DIRECTION('',(-1.,1.224646799147E-16,2.218671295934E-31));
#753 = ADVANCED_FACE('',(#754),#782,.F.);
#754 = FACE_BOUND('',#755,.F.);
#755 = EDGE_LOOP('',(#756,#757,#766,#775));
#756 = ORIENTED_EDGE('',*,*,#707,.T.);
#757 = ORIENTED_EDGE('',*,*,#758,.T.);
#758 = EDGE_CURVE('',#700,#759,#761,.T.);
#759 = VERTEX_POINT('',#760);
#760 = CARTESIAN_POINT('',(3.309698831278,0.956708580913,0.2));
#761 = CIRCLE('',#762,0.2);
#762 = AXIS2_PLACEMENT_3D('',#763,#764,#765);
#763 = CARTESIAN_POINT('',(3.124922924776,0.88017189444,0.2));
#764 = DIRECTION('',(0.382683432365,-0.923879532511,0.));
#765 = DIRECTION('',(0.,0.,-1.));
#766 = ORIENTED_EDGE('',*,*,#767,.F.);
#767 = EDGE_CURVE('',#768,#759,#770,.T.);
#768 = VERTEX_POINT('',#769);
#769 = CARTESIAN_POINT('',(3.309698831278,-0.956708580913,0.2));
#770 = CIRCLE('',#771,2.5);
#771 = AXIS2_PLACEMENT_3D('',#772,#773,#774);
#772 = CARTESIAN_POINT('',(1.,0.,0.2));
#773 = DIRECTION('',(0.,-0.,-1.));
#774 = DIRECTION('',(0.923879532511,-0.382683432365,0.));
#775 = ORIENTED_EDGE('',*,*,#776,.F.);
#776 = EDGE_CURVE('',#708,#768,#777,.T.);
#777 = CIRCLE('',#778,0.2);
#778 = AXIS2_PLACEMENT_3D('',#779,#780,#781);
#779 = CARTESIAN_POINT('',(3.124922924776,-0.88017189444,0.2));
#780 = DIRECTION('',(-0.382683432365,-0.923879532511,-0.));
#781 = DIRECTION('',(0.,0.,-1.));
#782 = SURFACE_OF_REVOLUTION('',#783,#788);
#783 = CIRCLE('',#784,0.2);
#784 = AXIS2_PLACEMENT_3D('',#785,#786,#787);
#785 = CARTESIAN_POINT('',(3.124922924776,-0.88017189444,0.2));
#786 = DIRECTION('',(-0.382683432365,-0.923879532511,-0.));
#787 = DIRECTION('',(0.,0.,-1.));
#788 = AXIS1_PLACEMENT('',#789,#790);
#789 = CARTESIAN_POINT('',(1.,0.,0.));
#790 = DIRECTION('',(0.,0.,-1.));
#791 = ADVANCED_FACE('',(#792),#804,.F.);
#792 = FACE_BOUND('',#793,.F.);
#793 = EDGE_LOOP('',(#794,#795,#796,#803));
#794 = ORIENTED_EDGE('',*,*,#732,.T.);
#795 = ORIENTED_EDGE('',*,*,#776,.T.);
#796 = ORIENTED_EDGE('',*,*,#797,.F.);
#797 = EDGE_CURVE('',#759,#768,#798,.T.);
#798 = CIRCLE('',#799,2.5);
#799 = AXIS2_PLACEMENT_3D('',#800,#801,#802);
#800 = CARTESIAN_POINT('',(1.,0.,0.2));
#801 = DIRECTION('',(0.,0.,-1.));
#802 = DIRECTION('',(0.923879532511,0.382683432365,0.));
#803 = ORIENTED_EDGE('',*,*,#758,.F.);
#804 = SURFACE_OF_REVOLUTION('',#805,#810);
#805 = CIRCLE('',#806,0.2);
#806 = AXIS2_PLACEMENT_3D('',#807,#808,#809);
#807 = CARTESIAN_POINT('',(3.124922924776,0.88017189444,0.2));
#808 = DIRECTION('',(0.382683432365,-0.923879532511,0.));
#809 = DIRECTION('',(0.,0.,-1.));
#810 = AXIS1_PLACEMENT('',#811,#812);
#811 = CARTESIAN_POINT('',(1.,0.,0.));
#812 = DIRECTION('',(0.,0.,-1.));
#813 = ADVANCED_FACE('',(#814),#868,.T.);
#814 = FACE_BOUND('',#815,.T.);
#815 = EDGE_LOOP('',(#816,#855,#861,#862));
#816 = ORIENTED_EDGE('',*,*,#817,.T.);
#817 = EDGE_CURVE('',#818,#820,#822,.T.);
#818 = VERTEX_POINT('',#819);
#819 = CARTESIAN_POINT('',(3.309698831278,-0.956708580913,1.064979142851
    ));
#820 = VERTEX_POINT('',#821);
#821 = CARTESIAN_POINT('',(3.309698831278,0.956708580913,1.064979142851)
  );
#822 = B_SPLINE_CURVE_WITH_KNOTS('',11,(#823,#824,#825,#826,#827,#828,
    #829,#830,#831,#832,#833,#834,#835,#836,#837,#838,#839,#840,#841,
    #842,#843,#844,#845,#846,#847,#848,#849,#850,#851,#852,#853,#854),
  .UNSPECIFIED.,.F.,.F.,(12,10,10,12),(-0.585615641583,
    2.874910026413E-15,13.744467859455,14.330083501039),.UNSPECIFIED.);
#823 = CARTESIAN_POINT('',(3.533804235046,-0.415670275735,1.064979142851
    ));
#824 = CARTESIAN_POINT('',(3.513289829604,-0.465196431576,1.064979142851
    ));
#825 = CARTESIAN_POINT('',(3.492803661547,-0.514654416342,1.064979142851
    ));
#826 = CARTESIAN_POINT('',(3.472345730872,-0.564044230035,1.064979142851
    ));
#827 = CARTESIAN_POINT('',(3.451916037581,-0.613365872653,1.064979142851
    ));
#828 = CARTESIAN_POINT('',(3.431514581673,-0.662619344198,1.064979142851
    ));
#829 = CARTESIAN_POINT('',(3.411141363149,-0.711804644669,1.064979142851
    ));
#830 = CARTESIAN_POINT('',(3.390796382008,-0.760921774065,1.064979142851
    ));
#831 = CARTESIAN_POINT('',(3.370479638251,-0.809970732388,1.064979142851
    ));
#832 = CARTESIAN_POINT('',(3.350191131876,-0.858951519637,1.064979142851
    ));
#833 = CARTESIAN_POINT('',(3.329930862886,-0.907864135812,1.064979142851
    ));
#834 = CARTESIAN_POINT('',(2.834850674205,-2.103093441787,1.064979142851
    ));
#835 = CARTESIAN_POINT('',(1.727586252494,-3.009448724487,1.064979062911
    ));
#836 = CARTESIAN_POINT('',(0.105855011951,-3.257464103804,1.064979307428
    ));
#837 = CARTESIAN_POINT('',(-1.475741298782,-2.506760000403,
    1.064978963603));
#838 = CARTESIAN_POINT('',(-2.588653308495,-1.059860959896,
    1.064979218435));
#839 = CARTESIAN_POINT('',(-2.588653308509,1.059860959896,1.064979218442
    ));
#840 = CARTESIAN_POINT('',(-1.475741298772,2.506760000402,1.064978963597
    ));
#841 = CARTESIAN_POINT('',(0.105855011945,3.257464103804,1.064979307432)
  );
#842 = CARTESIAN_POINT('',(1.727586252497,3.009448724487,1.064979062909)
  );
#843 = CARTESIAN_POINT('',(2.834850674204,2.103093441788,1.064979142851)
  );
#844 = CARTESIAN_POINT('',(3.329930862886,0.907864135812,1.064979142851)
  );
#845 = CARTESIAN_POINT('',(3.350191131876,0.858951519637,1.064979142851)
  );
#846 = CARTESIAN_POINT('',(3.370479638251,0.809970732388,1.064979142851)
  );
#847 = CARTESIAN_POINT('',(3.390796382008,0.760921774065,1.064979142851)
  );
#848 = CARTESIAN_POINT('',(3.411141363149,0.711804644669,1.064979142851)
  );
#849 = CARTESIAN_POINT('',(3.431514581673,0.662619344198,1.064979142851)
  );
#850 = CARTESIAN_POINT('',(3.451916037581,0.613365872653,1.064979142851)
  );
#851 = CARTESIAN_POINT('',(3.472345730872,0.564044230035,1.064979142851)
  );
#852 = CARTESIAN_POINT('',(3.492803661547,0.514654416342,1.064979142851)
  );
#853 = CARTESIAN_POINT('',(3.513289829605,0.465196431576,1.064979142851)
  );
#854 = CARTESIAN_POINT('',(3.533804235046,0.415670275736,1.064979142851)
  );
#855 = ORIENTED_EDGE('',*,*,#856,.F.);
#856 = EDGE_CURVE('',#759,#820,#857,.T.);
#857 = LINE('',#858,#859);
#858 = CARTESIAN_POINT('',(3.309698831278,0.956708580913,0.2));
#859 = VECTOR('',#860,1.);
#860 = DIRECTION('',(0.,0.,1.));
#861 = ORIENTED_EDGE('',*,*,#767,.F.);
#862 = ORIENTED_EDGE('',*,*,#863,.T.);
#863 = EDGE_CURVE('',#768,#818,#864,.T.);
#864 = LINE('',#865,#866);
#865 = CARTESIAN_POINT('',(3.309698831278,-0.956708580913,0.2));
#866 = VECTOR('',#867,1.);
#867 = DIRECTION('',(0.,0.,1.));
#868 = CYLINDRICAL_SURFACE('',#869,2.5);
#869 = AXIS2_PLACEMENT_3D('',#870,#871,#872);
#870 = CARTESIAN_POINT('',(1.,0.,0.2));
#871 = DIRECTION('',(0.,0.,1.));
#872 = DIRECTION('',(0.923879532511,-0.382683432365,0.));
#873 = ADVANCED_FACE('',(#874),#896,.T.);
#874 = FACE_BOUND('',#875,.T.);
#875 = EDGE_LOOP('',(#876,#893,#894,#895));
#876 = ORIENTED_EDGE('',*,*,#877,.T.);
#877 = EDGE_CURVE('',#820,#818,#878,.T.);
#878 = B_SPLINE_CURVE_WITH_KNOTS('',5,(#879,#880,#881,#882,#883,#884,
    #885,#886,#887,#888,#889,#890,#891,#892),.UNSPECIFIED.,.F.,.F.,(6,4,
    4,6),(-0.119413470026,-1.353371911114E-07,1.96349554383,
    2.08290869425),.UNSPECIFIED.);
#879 = CARTESIAN_POINT('',(3.264001325546,1.067032118743,1.064979142851)
  );
#880 = CARTESIAN_POINT('',(3.273140829292,1.0449674049,1.064979142851));
#881 = CARTESIAN_POINT('',(3.282280331654,1.0229026944,1.064979142851));
#882 = CARTESIAN_POINT('',(3.291419832631,1.000837987243,1.064979142851)
  );
#883 = CARTESIAN_POINT('',(3.300559332224,0.978773283428,1.064979142851)
  );
#884 = CARTESIAN_POINT('',(3.45997823841,0.593901998977,1.064979142851)
  );
#885 = CARTESIAN_POINT('',(3.539038746156,0.201591257513,1.064979142851)
  );
#886 = CARTESIAN_POINT('',(3.539039291386,-0.201589955698,1.064979142851
    ));
#887 = CARTESIAN_POINT('',(3.45997851584,-0.593901329202,1.064979142851)
  );
#888 = CARTESIAN_POINT('',(3.300559329455,-0.978773290113,1.064979142851
    ));
#889 = CARTESIAN_POINT('',(3.291419828478,-1.00083799727,1.064979142851)
  );
#890 = CARTESIAN_POINT('',(3.2822803275,-1.022902704428,1.064979142851)
  );
#891 = CARTESIAN_POINT('',(3.273140826523,-1.044967411585,1.064979142851
    ));
#892 = CARTESIAN_POINT('',(3.264001325546,-1.067032118743,1.064979142851
    ));
#893 = ORIENTED_EDGE('',*,*,#863,.F.);
#894 = ORIENTED_EDGE('',*,*,#797,.F.);
#895 = ORIENTED_EDGE('',*,*,#856,.T.);
#896 = CYLINDRICAL_SURFACE('',#897,2.5);
#897 = AXIS2_PLACEMENT_3D('',#898,#899,#900);
#898 = CARTESIAN_POINT('',(1.,0.,0.2));
#899 = DIRECTION('',(0.,0.,1.));
#900 = DIRECTION('',(0.923879532511,0.382683432365,-0.));
#901 = ADVANCED_FACE('',(#902),#970,.T.);
#902 = FACE_BOUND('',#903,.T.);
#903 = EDGE_LOOP('',(#904,#919,#956,#969));
#904 = ORIENTED_EDGE('',*,*,#905,.T.);
#905 = EDGE_CURVE('',#818,#906,#908,.T.);
#906 = VERTEX_POINT('',#907);
#907 = CARTESIAN_POINT('',(3.235446538439,-0.925952274181,1.269338405373
    ));
#908 = B_SPLINE_CURVE_WITH_KNOTS('',5,(#909,#910,#911,#912,#913,#914,
    #915,#916,#917,#918),.UNSPECIFIED.,.F.,.F.,(6,4,6),(0.,0.5,1.),
  .UNSPECIFIED.);
#909 = CARTESIAN_POINT('',(3.309698831278,-0.956708580913,1.064979142851
    ));
#910 = CARTESIAN_POINT('',(3.30969883117,-0.956708580868,1.086946886076)
  );
#911 = CARTESIAN_POINT('',(3.307841659805,-0.955939315301,1.109289585017
    ));
#912 = CARTESIAN_POINT('',(3.303997166347,-0.95434687397,1.131655175667)
  );
#913 = CARTESIAN_POINT('',(3.298159251937,-0.951928730645,1.153610443506
    ));
#914 = CARTESIAN_POINT('',(3.282778034968,-0.945557621971,1.195943064308
    ));
#915 = CARTESIAN_POINT('',(3.273234543788,-0.941604578492,1.2163209364)
  );
#916 = CARTESIAN_POINT('',(3.261973435419,-0.936940074678,1.235529410754
    ));
#917 = CARTESIAN_POINT('',(3.249271815997,-0.93167889165,1.253255827993)
  );
#918 = CARTESIAN_POINT('',(3.235446538439,-0.925952274181,1.269338405373
    ));
#919 = ORIENTED_EDGE('',*,*,#920,.T.);
#920 = EDGE_CURVE('',#906,#921,#923,.T.);
#921 = VERTEX_POINT('',#922);
#922 = CARTESIAN_POINT('',(3.235446538439,0.925952274181,1.269338405373)
  );
#923 = B_SPLINE_CURVE_WITH_KNOTS('',11,(#924,#925,#926,#927,#928,#929,
    #930,#931,#932,#933,#934,#935,#936,#937,#938,#939,#940,#941,#942,
    #943,#944,#945,#946,#947,#948,#949,#950,#951,#952,#953,#954,#955),
  .UNSPECIFIED.,.F.,.F.,(12,10,10,12),(-0.585615641583,
    2.874910026413E-15,13.744467859455,14.330083501039),.UNSPECIFIED.);
#924 = CARTESIAN_POINT('',(3.459551942206,-0.384913969004,1.269338405373
    ));
#925 = CARTESIAN_POINT('',(3.438387116582,-0.43601037807,1.269338405373)
  );
#926 = CARTESIAN_POINT('',(3.417380612378,-0.486724565418,1.269338405373
    ));
#927 = CARTESIAN_POINT('',(3.396532429594,-0.537056531046,1.269338405373
    ));
#928 = CARTESIAN_POINT('',(3.37584256823,-0.587006274955,1.269338405373)
  );
#929 = CARTESIAN_POINT('',(3.355311028286,-0.636573797145,1.269338405373
    ));
#930 = CARTESIAN_POINT('',(3.334937809761,-0.685759097616,1.269338405373
    ));
#931 = CARTESIAN_POINT('',(3.314722912657,-0.734562176367,1.269338405373
    ));
#932 = CARTESIAN_POINT('',(3.294666336973,-0.782983033399,1.269338405373
    ));
#933 = CARTESIAN_POINT('',(3.274768082708,-0.831021668713,1.269338405373
    ));
#934 = CARTESIAN_POINT('',(3.255028149863,-0.878678082306,1.269338405373
    ));
#935 = CARTESIAN_POINT('',(2.775863819411,-2.03548310749,1.269338405373)
  );
#936 = CARTESIAN_POINT('',(1.704091980563,-2.912929929979,1.269338420699
    ));
#937 = CARTESIAN_POINT('',(0.134360577618,-3.152280979089,1.26933837382)
  );
#938 = CARTESIAN_POINT('',(-1.395396108631,-2.426388868524,1.26933843974
    ));
#939 = CARTESIAN_POINT('',(-2.473728053044,-1.02623416819,1.269338390878
    ));
#940 = CARTESIAN_POINT('',(-2.473728053057,1.026234168191,1.269338390886
    ));
#941 = CARTESIAN_POINT('',(-1.395396108622,2.426388868523,1.269338439734
    ));
#942 = CARTESIAN_POINT('',(0.134360577613,3.152280979089,1.269338373823)
  );
#943 = CARTESIAN_POINT('',(1.704091980565,2.912929929979,1.269338420697)
  );
#944 = CARTESIAN_POINT('',(2.775863819411,2.03548310749,1.269338405373)
  );
#945 = CARTESIAN_POINT('',(3.255028149863,0.878678082306,1.269338405373)
  );
#946 = CARTESIAN_POINT('',(3.274768082708,0.831021668713,1.269338405373)
  );
#947 = CARTESIAN_POINT('',(3.294666336973,0.782983033399,1.269338405373)
  );
#948 = CARTESIAN_POINT('',(3.314722912657,0.734562176367,1.269338405373)
  );
#949 = CARTESIAN_POINT('',(3.334937809762,0.685759097616,1.269338405373)
  );
#950 = CARTESIAN_POINT('',(3.355311028286,0.636573797145,1.269338405373)
  );
#951 = CARTESIAN_POINT('',(3.37584256823,0.587006274955,1.269338405373)
  );
#952 = CARTESIAN_POINT('',(3.396532429594,0.537056531046,1.269338405373)
  );
#953 = CARTESIAN_POINT('',(3.417380612378,0.486724565418,1.269338405373)
  );
#954 = CARTESIAN_POINT('',(3.438387116583,0.436010378071,1.269338405373)
  );
#955 = CARTESIAN_POINT('',(3.459551942206,0.384913969004,1.269338405373)
  );
#956 = ORIENTED_EDGE('',*,*,#957,.F.);
#957 = EDGE_CURVE('',#820,#921,#958,.T.);
#958 = B_SPLINE_CURVE_WITH_KNOTS('',5,(#959,#960,#961,#962,#963,#964,
    #965,#966,#967,#968),.UNSPECIFIED.,.F.,.F.,(6,4,6),(0.,0.5,1.),
  .UNSPECIFIED.);
#959 = CARTESIAN_POINT('',(3.309698831278,0.956708580913,1.064979142851)
  );
#960 = CARTESIAN_POINT('',(3.30969883117,0.956708580868,1.086946886076)
  );
#961 = CARTESIAN_POINT('',(3.307841659805,0.955939315301,1.109289585017)
  );
#962 = CARTESIAN_POINT('',(3.303997166347,0.95434687397,1.131655175667)
  );
#963 = CARTESIAN_POINT('',(3.298159251937,0.951928730645,1.153610443506)
  );
#964 = CARTESIAN_POINT('',(3.282778034968,0.945557621971,1.195943064308)
  );
#965 = CARTESIAN_POINT('',(3.273234543788,0.941604578492,1.2163209364));
#966 = CARTESIAN_POINT('',(3.261973435419,0.936940074678,1.235529410754)
  );
#967 = CARTESIAN_POINT('',(3.249271815997,0.93167889165,1.253255827993)
  );
#968 = CARTESIAN_POINT('',(3.235446538439,0.925952274181,1.269338405373)
  );
#969 = ORIENTED_EDGE('',*,*,#817,.F.);
#970 = ( BOUNDED_SURFACE() B_SPLINE_SURFACE(2,11,(
    (#971,#972,#973,#974,#975,#976,#977,#978,#979,#980,#981,#982,#983
      ,#984,#985,#986,#987,#988,#989,#990,#991,#992,#993,#994,#995,#996
      ,#997,#998,#999,#1000,#1001,#1002)
    ,(#1003,#1004,#1005,#1006,#1007,#1008,#1009,#1010,#1011,#1012,#1013
      ,#1014,#1015,#1016,#1017,#1018,#1019,#1020,#1021,#1022,#1023,#1024
      ,#1025,#1026,#1027,#1028,#1029,#1030,#1031,#1032,#1033,#1034)
    ,(#1035,#1036,#1037,#1038,#1039,#1040,#1041,#1042,#1043,#1044,#1045
      ,#1046,#1047,#1048,#1049,#1050,#1051,#1052,#1053,#1054,#1055,#1056
      ,#1057,#1058,#1059,#1060,#1061,#1062,#1063,#1064,#1065,#1066
)),.UNSPECIFIED.,.F.,.F.,.F.) B_SPLINE_SURFACE_WITH_KNOTS((3,3),(12,10,
    10,12),(0.,13.744467859455),(-0.585615641583,2.874910026413E-15,
    13.744467859455,14.330083501039),.UNSPECIFIED.) 
GEOMETRIC_REPRESENTATION_ITEM() RATIONAL_B_SPLINE_SURFACE((
    (1.,1.,1.,1.,1.,1.,1.,1.,1.,1.,1.,1.,1.,1.,1.,1.,1.,1.,1.,1.,1.,1.
      ,1.,1.,1.,1.,1.,1.,1.,1.,1.,1.)
    ,(0.93061798229,0.93061798229,0.93061798229,0.93061798229
      ,0.93061798229,0.93061798229,0.93061798229,0.93061798229
      ,0.93061798229,0.93061798229,0.93061798229,0.93061798229
      ,0.930617902914,0.930618145704,0.930617804307,0.93061805734
      ,0.930618057346,0.930617804303,0.930618145707,0.930617902913
      ,0.93061798229,0.93061798229,0.93061798229,0.93061798229
      ,0.93061798229,0.93061798229,0.93061798229,0.93061798229
      ,0.93061798229,0.93061798229,0.93061798229,0.93061798229)
    ,(1.,1.,1.,1.,1.,1.,1.,1.,1.,1.,1.,1.,1.,1.,1.,1.,1.,1.,1.,1.,1.,1.
,1.,1.,1.,1.,1.,1.,1.,1.,1.,1.))) REPRESENTATION_ITEM('') SURFACE() );
#971 = CARTESIAN_POINT('',(3.533804235046,-0.415670275735,1.064979142851
    ));
#972 = CARTESIAN_POINT('',(3.513289829604,-0.465196431576,1.064979142851
    ));
#973 = CARTESIAN_POINT('',(3.492803661547,-0.514654416342,1.064979142851
    ));
#974 = CARTESIAN_POINT('',(3.472345730872,-0.564044230035,1.064979142851
    ));
#975 = CARTESIAN_POINT('',(3.451916037581,-0.613365872653,1.064979142851
    ));
#976 = CARTESIAN_POINT('',(3.431514581673,-0.662619344198,1.064979142851
    ));
#977 = CARTESIAN_POINT('',(3.411141363149,-0.711804644669,1.064979142851
    ));
#978 = CARTESIAN_POINT('',(3.390796382008,-0.760921774065,1.064979142851
    ));
#979 = CARTESIAN_POINT('',(3.370479638251,-0.809970732388,1.064979142851
    ));
#980 = CARTESIAN_POINT('',(3.350191131876,-0.858951519637,1.064979142851
    ));
#981 = CARTESIAN_POINT('',(3.329930862886,-0.907864135812,1.064979142851
    ));
#982 = CARTESIAN_POINT('',(2.834850674205,-2.103093441787,1.064979142851
    ));
#983 = CARTESIAN_POINT('',(1.727586252494,-3.009448724487,1.064979062911
    ));
#984 = CARTESIAN_POINT('',(0.105855011951,-3.257464103804,1.064979307428
    ));
#985 = CARTESIAN_POINT('',(-1.475741298782,-2.506760000403,
    1.064978963603));
#986 = CARTESIAN_POINT('',(-2.588653308495,-1.059860959896,
    1.064979218435));
#987 = CARTESIAN_POINT('',(-2.588653308509,1.059860959896,1.064979218442
    ));
#988 = CARTESIAN_POINT('',(-1.475741298772,2.506760000402,1.064978963597
    ));
#989 = CARTESIAN_POINT('',(0.105855011945,3.257464103804,1.064979307432)
  );
#990 = CARTESIAN_POINT('',(1.727586252497,3.009448724487,1.064979062909)
  );
#991 = CARTESIAN_POINT('',(2.834850674204,2.103093441788,1.064979142851)
  );
#992 = CARTESIAN_POINT('',(3.329930862886,0.907864135812,1.064979142851)
  );
#993 = CARTESIAN_POINT('',(3.350191131876,0.858951519637,1.064979142851)
  );
#994 = CARTESIAN_POINT('',(3.370479638251,0.809970732388,1.064979142851)
  );
#995 = CARTESIAN_POINT('',(3.390796382008,0.760921774065,1.064979142851)
  );
#996 = CARTESIAN_POINT('',(3.411141363149,0.711804644669,1.064979142851)
  );
#997 = CARTESIAN_POINT('',(3.431514581673,0.662619344198,1.064979142851)
  );
#998 = CARTESIAN_POINT('',(3.451916037581,0.613365872653,1.064979142851)
  );
#999 = CARTESIAN_POINT('',(3.472345730872,0.564044230035,1.064979142851)
  );
#1000 = CARTESIAN_POINT('',(3.492803661547,0.514654416342,1.064979142851
    ));
#1001 = CARTESIAN_POINT('',(3.513289829605,0.465196431576,1.064979142851
    ));
#1002 = CARTESIAN_POINT('',(3.533804235046,0.415670275736,1.064979142851
    ));
#1003 = CARTESIAN_POINT('',(3.533804235046,-0.415670275735,
    1.182962690499));
#1004 = CARTESIAN_POINT('',(3.513289829604,-0.465196431576,
    1.182962690499));
#1005 = CARTESIAN_POINT('',(3.492803661547,-0.514654416342,
    1.182962690499));
#1006 = CARTESIAN_POINT('',(3.472345730872,-0.564044230035,
    1.182962690499));
#1007 = CARTESIAN_POINT('',(3.451916037581,-0.613365872653,
    1.182962690499));
#1008 = CARTESIAN_POINT('',(3.431514581673,-0.662619344198,
    1.182962690499));
#1009 = CARTESIAN_POINT('',(3.411141363149,-0.711804644669,
    1.182962690499));
#1010 = CARTESIAN_POINT('',(3.390796382008,-0.760921774065,
    1.182962690499));
#1011 = CARTESIAN_POINT('',(3.37047963825,-0.809970732388,1.182962690499
    ));
#1012 = CARTESIAN_POINT('',(3.350191131876,-0.858951519637,
    1.182962690499));
#1013 = CARTESIAN_POINT('',(3.329930862886,-0.907864135812,
    1.182962690499));
#1014 = CARTESIAN_POINT('',(2.834850674205,-2.103093441788,
    1.182962690499));
#1015 = CARTESIAN_POINT('',(1.727586214542,-3.009448936943,
    1.182962685685));
#1016 = CARTESIAN_POINT('',(0.105855341319,-3.257463206685,1.18296270041
    ));
#1017 = CARTESIAN_POINT('',(-1.475741895234,-2.506761759151,
    1.182962679705));
#1018 = CARTESIAN_POINT('',(-2.588652975416,-1.059858637809,
    1.182962695051));
#1019 = CARTESIAN_POINT('',(-2.588652975407,1.059858637802,
    1.182962695051));
#1020 = CARTESIAN_POINT('',(-1.475741895235,2.506761759163,
    1.182962679705));
#1021 = CARTESIAN_POINT('',(0.105855341315,3.257463206676,1.18296270041)
  );
#1022 = CARTESIAN_POINT('',(1.727586214545,3.009448936947,1.182962685685
    ));
#1023 = CARTESIAN_POINT('',(2.834850674204,2.103093441787,1.182962690499
    ));
#1024 = CARTESIAN_POINT('',(3.329930862886,0.907864135812,1.182962690499
    ));
#1025 = CARTESIAN_POINT('',(3.350191131876,0.858951519637,1.182962690499
    ));
#1026 = CARTESIAN_POINT('',(3.370479638251,0.809970732388,1.182962690499
    ));
#1027 = CARTESIAN_POINT('',(3.390796382008,0.760921774065,1.182962690499
    ));
#1028 = CARTESIAN_POINT('',(3.411141363149,0.711804644669,1.182962690499
    ));
#1029 = CARTESIAN_POINT('',(3.431514581674,0.662619344198,1.182962690499
    ));
#1030 = CARTESIAN_POINT('',(3.451916037581,0.613365872653,1.182962690499
    ));
#1031 = CARTESIAN_POINT('',(3.472345730872,0.564044230035,1.182962690499
    ));
#1032 = CARTESIAN_POINT('',(3.492803661547,0.514654416342,1.182962690499
    ));
#1033 = CARTESIAN_POINT('',(3.513289829605,0.465196431576,1.182962690499
    ));
#1034 = CARTESIAN_POINT('',(3.533804235046,0.415670275736,1.182962690499
    ));
#1035 = CARTESIAN_POINT('',(3.459551942206,-0.384913969004,
    1.269338405373));
#1036 = CARTESIAN_POINT('',(3.438387116582,-0.43601037807,1.269338405373
    ));
#1037 = CARTESIAN_POINT('',(3.417380612378,-0.486724565418,
    1.269338405373));
#1038 = CARTESIAN_POINT('',(3.396532429594,-0.537056531046,
    1.269338405373));
#1039 = CARTESIAN_POINT('',(3.37584256823,-0.587006274955,1.269338405373
    ));
#1040 = CARTESIAN_POINT('',(3.355311028286,-0.636573797145,
    1.269338405373));
#1041 = CARTESIAN_POINT('',(3.334937809761,-0.685759097616,
    1.269338405373));
#1042 = CARTESIAN_POINT('',(3.314722912657,-0.734562176367,
    1.269338405373));
#1043 = CARTESIAN_POINT('',(3.294666336973,-0.782983033399,
    1.269338405373));
#1044 = CARTESIAN_POINT('',(3.274768082708,-0.831021668713,
    1.269338405373));
#1045 = CARTESIAN_POINT('',(3.255028149863,-0.878678082306,
    1.269338405373));
#1046 = CARTESIAN_POINT('',(2.775863819411,-2.03548310749,1.269338405373
    ));
#1047 = CARTESIAN_POINT('',(1.704091980563,-2.912929929979,
    1.269338420699));
#1048 = CARTESIAN_POINT('',(0.134360577618,-3.152280979089,1.26933837382
    ));
#1049 = CARTESIAN_POINT('',(-1.395396108631,-2.426388868524,
    1.26933843974));
#1050 = CARTESIAN_POINT('',(-2.473728053044,-1.02623416819,
    1.269338390878));
#1051 = CARTESIAN_POINT('',(-2.473728053057,1.026234168191,
    1.269338390886));
#1052 = CARTESIAN_POINT('',(-1.395396108622,2.426388868523,
    1.269338439734));
#1053 = CARTESIAN_POINT('',(0.134360577613,3.152280979089,1.269338373823
    ));
#1054 = CARTESIAN_POINT('',(1.704091980565,2.912929929979,1.269338420697
    ));
#1055 = CARTESIAN_POINT('',(2.775863819411,2.03548310749,1.269338405373)
  );
#1056 = CARTESIAN_POINT('',(3.255028149863,0.878678082306,1.269338405373
    ));
#1057 = CARTESIAN_POINT('',(3.274768082708,0.831021668713,1.269338405373
    ));
#1058 = CARTESIAN_POINT('',(3.294666336973,0.782983033399,1.269338405373
    ));
#1059 = CARTESIAN_POINT('',(3.314722912657,0.734562176367,1.269338405373
    ));
#1060 = CARTESIAN_POINT('',(3.334937809762,0.685759097616,1.269338405373
    ));
#1061 = CARTESIAN_POINT('',(3.355311028286,0.636573797145,1.269338405373
    ));
#1062 = CARTESIAN_POINT('',(3.37584256823,0.587006274955,1.269338405373)
  );
#1063 = CARTESIAN_POINT('',(3.396532429594,0.537056531046,1.269338405373
    ));
#1064 = CARTESIAN_POINT('',(3.417380612378,0.486724565418,1.269338405373
    ));
#1065 = CARTESIAN_POINT('',(3.438387116583,0.436010378071,1.269338405373
    ));
#1066 = CARTESIAN_POINT('',(3.459551942206,0.384913969004,1.269338405373
    ));
#1067 = ADVANCED_FACE('',(#1068),#1090,.T.);
#1068 = FACE_BOUND('',#1069,.T.);
#1069 = EDGE_LOOP('',(#1070,#1071,#1088,#1089));
#1070 = ORIENTED_EDGE('',*,*,#957,.T.);
#1071 = ORIENTED_EDGE('',*,*,#1072,.T.);
#1072 = EDGE_CURVE('',#921,#906,#1073,.T.);
#1073 = B_SPLINE_CURVE_WITH_KNOTS('',5,(#1074,#1075,#1076,#1077,#1078,
    #1079,#1080,#1081,#1082,#1083,#1084,#1085,#1086,#1087),
  .UNSPECIFIED.,.F.,.F.,(6,4,4,6),(-0.119413470026,-1.353371911114E-07,
    1.96349554383,2.08290869425),.UNSPECIFIED.);
#1074 = CARTESIAN_POINT('',(3.189749034566,1.036275808073,1.269338405373
    ));
#1075 = CARTESIAN_POINT('',(3.199182355483,1.013501756721,1.269338405373
    ));
#1076 = CARTESIAN_POINT('',(3.20846876641,0.991082377458,1.269338405373)
  );
#1077 = CARTESIAN_POINT('',(3.217608267348,0.969017670284,1.269338405373
    ));
#1078 = CARTESIAN_POINT('',(3.226600858298,0.9473076352,1.269338405373)
  );
#1079 = CARTESIAN_POINT('',(3.380894753976,0.574809218729,1.269338405373
    ));
#1080 = CARTESIAN_POINT('',(3.457413628123,0.195110560338,1.269338405373
    ));
#1081 = CARTESIAN_POINT('',(3.457414134116,-0.1951093668,1.269338405373)
  );
#1082 = CARTESIAN_POINT('',(3.380895040325,-0.574808527422,
    1.269338405373));
#1083 = CARTESIAN_POINT('',(3.226600854533,-0.947307644289,
    1.269338405373));
#1084 = CARTESIAN_POINT('',(3.217608261701,-0.969017683918,
    1.269338405373));
#1085 = CARTESIAN_POINT('',(3.208468760763,-0.991082391091,
    1.269338405373));
#1086 = CARTESIAN_POINT('',(3.199182351718,-1.01350176581,1.269338405373
    ));
#1087 = CARTESIAN_POINT('',(3.189749034566,-1.036275808073,
    1.269338405373));
#1088 = ORIENTED_EDGE('',*,*,#905,.F.);
#1089 = ORIENTED_EDGE('',*,*,#877,.F.);
#1090 = ( BOUNDED_SURFACE() B_SPLINE_SURFACE(2,5,(
    (#1091,#1092,#1093,#1094,#1095,#1096,#1097,#1098,#1099,#1100,#1101
      ,#1102,#1103,#1104)
    ,(#1105,#1106,#1107,#1108,#1109,#1110,#1111,#1112,#1113,#1114,#1115
      ,#1116,#1117,#1118)
    ,(#1119,#1120,#1121,#1122,#1123,#1124,#1125,#1126,#1127,#1128,#1129
      ,#1130,#1131,#1132
)),.UNSPECIFIED.,.F.,.F.,.F.) B_SPLINE_SURFACE_WITH_KNOTS((3,3),(6,4,4,6
    ),(0.,1.963495679168),(-0.119413470026,-1.353371911114E-07,
    1.96349554383,2.08290869425),.UNSPECIFIED.) 
GEOMETRIC_REPRESENTATION_ITEM() RATIONAL_B_SPLINE_SURFACE((
    (1.,1.,1.,1.,1.,1.,1.,1.,1.,1.,1.,1.,1.,1.)
    ,(0.93061798229,0.93061798229,0.93061798229,0.93061798229
      ,0.93061798229,0.93061798229,0.93061798229,0.93061798229
      ,0.93061798229,0.93061798229,0.93061798229,0.93061798229
      ,0.93061798229,0.93061798229)
,(1.,1.,1.,1.,1.,1.,1.,1.,1.,1.,1.,1.,1.,1.
))) REPRESENTATION_ITEM('') SURFACE() );
#1091 = CARTESIAN_POINT('',(3.264001325546,1.067032118743,1.064979142851
    ));
#1092 = CARTESIAN_POINT('',(3.273140829292,1.0449674049,1.064979142851)
  );
#1093 = CARTESIAN_POINT('',(3.282280331654,1.0229026944,1.064979142851)
  );
#1094 = CARTESIAN_POINT('',(3.291419832631,1.000837987243,1.064979142851
    ));
#1095 = CARTESIAN_POINT('',(3.300559332224,0.978773283428,1.064979142851
    ));
#1096 = CARTESIAN_POINT('',(3.45997823841,0.593901998977,1.064979142851)
  );
#1097 = CARTESIAN_POINT('',(3.539038746156,0.201591257513,1.064979142851
    ));
#1098 = CARTESIAN_POINT('',(3.539039291386,-0.201589955698,
    1.064979142851));
#1099 = CARTESIAN_POINT('',(3.45997851584,-0.593901329202,1.064979142851
    ));
#1100 = CARTESIAN_POINT('',(3.300559329455,-0.978773290113,
    1.064979142851));
#1101 = CARTESIAN_POINT('',(3.291419828478,-1.00083799727,1.064979142851
    ));
#1102 = CARTESIAN_POINT('',(3.2822803275,-1.022902704428,1.064979142851)
  );
#1103 = CARTESIAN_POINT('',(3.273140826523,-1.044967411585,
    1.064979142851));
#1104 = CARTESIAN_POINT('',(3.264001325546,-1.067032118743,
    1.064979142851));
#1105 = CARTESIAN_POINT('',(3.264001325546,1.067032118743,1.182962690499
    ));
#1106 = CARTESIAN_POINT('',(3.273140829292,1.0449674049,1.182962690499)
  );
#1107 = CARTESIAN_POINT('',(3.282280331654,1.0229026944,1.182962690499)
  );
#1108 = CARTESIAN_POINT('',(3.291419832631,1.000837987243,1.182962690499
    ));
#1109 = CARTESIAN_POINT('',(3.300559332224,0.978773283428,1.182962690499
    ));
#1110 = CARTESIAN_POINT('',(3.45997823841,0.593901998977,1.182962690499)
  );
#1111 = CARTESIAN_POINT('',(3.539038746156,0.201591257513,1.182962690499
    ));
#1112 = CARTESIAN_POINT('',(3.539039291386,-0.201589955698,
    1.182962690499));
#1113 = CARTESIAN_POINT('',(3.45997851584,-0.593901329202,1.182962690499
    ));
#1114 = CARTESIAN_POINT('',(3.300559329455,-0.978773290113,
    1.182962690499));
#1115 = CARTESIAN_POINT('',(3.291419828478,-1.00083799727,1.182962690499
    ));
#1116 = CARTESIAN_POINT('',(3.2822803275,-1.022902704428,1.182962690499)
  );
#1117 = CARTESIAN_POINT('',(3.273140826523,-1.044967411585,
    1.182962690499));
#1118 = CARTESIAN_POINT('',(3.264001325546,-1.067032118743,
    1.182962690499));
#1119 = CARTESIAN_POINT('',(3.189749034566,1.036275808073,1.269338405373
    ));
#1120 = CARTESIAN_POINT('',(3.199182355483,1.013501756721,1.269338405373
    ));
#1121 = CARTESIAN_POINT('',(3.20846876641,0.991082377458,1.269338405373)
  );
#1122 = CARTESIAN_POINT('',(3.217608267348,0.969017670284,1.269338405373
    ));
#1123 = CARTESIAN_POINT('',(3.226600858298,0.9473076352,1.269338405373)
  );
#1124 = CARTESIAN_POINT('',(3.380894753976,0.574809218729,1.269338405373
    ));
#1125 = CARTESIAN_POINT('',(3.457413628123,0.195110560338,1.269338405373
    ));
#1126 = CARTESIAN_POINT('',(3.457414134116,-0.1951093668,1.269338405373)
  );
#1127 = CARTESIAN_POINT('',(3.380895040325,-0.574808527422,
    1.269338405373));
#1128 = CARTESIAN_POINT('',(3.226600854533,-0.947307644289,
    1.269338405373));
#1129 = CARTESIAN_POINT('',(3.217608261701,-0.969017683918,
    1.269338405373));
#1130 = CARTESIAN_POINT('',(3.208468760763,-0.991082391091,
    1.269338405373));
#1131 = CARTESIAN_POINT('',(3.199182351718,-1.01350176581,1.269338405373
    ));
#1132 = CARTESIAN_POINT('',(3.189749034566,-1.036275808073,
    1.269338405373));
#1133 = ADVANCED_FACE('',(#1134),#1190,.F.);
#1134 = FACE_BOUND('',#1135,.F.);
#1135 = EDGE_LOOP('',(#1136,#1145,#1146,#1155));
#1136 = ORIENTED_EDGE('',*,*,#1137,.F.);
#1137 = EDGE_CURVE('',#906,#1138,#1140,.T.);
#1138 = VERTEX_POINT('',#1139);
#1139 = CARTESIAN_POINT('',(3.235446538439,-0.925952274181,
    1.930661594627));
#1140 = CIRCLE('',#1141,0.485412195974);
#1141 = AXIS2_PLACEMENT_3D('',#1142,#1143,#1144);
#1142 = CARTESIAN_POINT('',(3.563765702719,-1.061946524813,1.6));
#1143 = DIRECTION('',(0.382683432365,0.923879532511,2.775557561563E-17)
  );
#1144 = DIRECTION('',(-0.523404384043,0.216801194476,-0.824041924199));
#1145 = ORIENTED_EDGE('',*,*,#920,.T.);
#1146 = ORIENTED_EDGE('',*,*,#1147,.T.);
#1147 = EDGE_CURVE('',#921,#1148,#1150,.T.);
#1148 = VERTEX_POINT('',#1149);
#1149 = CARTESIAN_POINT('',(3.235446538439,0.925952274181,1.930661594627
    ));
#1150 = CIRCLE('',#1151,0.485412195974);
#1151 = AXIS2_PLACEMENT_3D('',#1152,#1153,#1154);
#1152 = CARTESIAN_POINT('',(3.563765702719,1.061946524813,1.6));
#1153 = DIRECTION('',(-0.382683432365,0.923879532511,-2.775557561563E-17
    ));
#1154 = DIRECTION('',(-0.523404384043,-0.216801194476,-0.824041924199));
#1155 = ORIENTED_EDGE('',*,*,#1156,.F.);
#1156 = EDGE_CURVE('',#1138,#1148,#1157,.T.);
#1157 = B_SPLINE_CURVE_WITH_KNOTS('',11,(#1158,#1159,#1160,#1161,#1162,
    #1163,#1164,#1165,#1166,#1167,#1168,#1169,#1170,#1171,#1172,#1173,
    #1174,#1175,#1176,#1177,#1178,#1179,#1180,#1181,#1182,#1183,#1184,
    #1185,#1186,#1187,#1188,#1189),.UNSPECIFIED.,.F.,.F.,(12,10,10,12),(
    -0.585615641583,2.901255980386E-15,13.744467859455,14.330083501039),
  .UNSPECIFIED.);
#1158 = CARTESIAN_POINT('',(3.459551942206,-0.384913969004,
    1.930661594627));
#1159 = CARTESIAN_POINT('',(3.438387116582,-0.43601037807,1.930661594627
    ));
#1160 = CARTESIAN_POINT('',(3.417380612378,-0.486724565418,
    1.930661594627));
#1161 = CARTESIAN_POINT('',(3.396532429594,-0.537056531046,
    1.930661594627));
#1162 = CARTESIAN_POINT('',(3.37584256823,-0.587006274955,1.930661594627
    ));
#1163 = CARTESIAN_POINT('',(3.355311028286,-0.636573797145,
    1.930661594627));
#1164 = CARTESIAN_POINT('',(3.334937809762,-0.685759097616,
    1.930661594627));
#1165 = CARTESIAN_POINT('',(3.314722912657,-0.734562176367,
    1.930661594627));
#1166 = CARTESIAN_POINT('',(3.294666336973,-0.782983033399,
    1.930661594627));
#1167 = CARTESIAN_POINT('',(3.274768082708,-0.831021668713,
    1.930661594627));
#1168 = CARTESIAN_POINT('',(3.255028149863,-0.878678082306,
    1.930661594627));
#1169 = CARTESIAN_POINT('',(2.775863819411,-2.03548310749,1.930661594627
    ));
#1170 = CARTESIAN_POINT('',(1.704091980563,-2.912929929979,
    1.930661579303));
#1171 = CARTESIAN_POINT('',(0.134360577617,-3.15228097909,1.930661626176
    ));
#1172 = CARTESIAN_POINT('',(-1.395396108631,-2.426388868523,
    1.930661560267));
#1173 = CARTESIAN_POINT('',(-2.473728053045,-1.026234168191,
    1.930661609113));
#1174 = CARTESIAN_POINT('',(-2.473728053056,1.026234168191,
    1.930661609123));
#1175 = CARTESIAN_POINT('',(-1.395396108622,2.426388868523,1.93066156026
    ));
#1176 = CARTESIAN_POINT('',(0.134360577613,3.15228097909,1.93066162618)
  );
#1177 = CARTESIAN_POINT('',(1.704091980565,2.912929929979,1.930661579301
    ));
#1178 = CARTESIAN_POINT('',(2.775863819411,2.03548310749,1.930661594627)
  );
#1179 = CARTESIAN_POINT('',(3.255028149863,0.878678082306,1.930661594627
    ));
#1180 = CARTESIAN_POINT('',(3.274768082708,0.831021668713,1.930661594627
    ));
#1181 = CARTESIAN_POINT('',(3.294666336973,0.782983033399,1.930661594627
    ));
#1182 = CARTESIAN_POINT('',(3.314722912657,0.734562176367,1.930661594627
    ));
#1183 = CARTESIAN_POINT('',(3.334937809762,0.685759097616,1.930661594627
    ));
#1184 = CARTESIAN_POINT('',(3.355311028286,0.636573797145,1.930661594627
    ));
#1185 = CARTESIAN_POINT('',(3.37584256823,0.587006274955,1.930661594627)
  );
#1186 = CARTESIAN_POINT('',(3.396532429594,0.537056531046,1.930661594627
    ));
#1187 = CARTESIAN_POINT('',(3.417380612378,0.486724565418,1.930661594627
    ));
#1188 = CARTESIAN_POINT('',(3.438387116582,0.436010378071,1.930661594627
    ));
#1189 = CARTESIAN_POINT('',(3.459551942206,0.384913969004,1.930661594627
    ));
#1190 = SURFACE_OF_REVOLUTION('',#1191,#1196);
#1191 = CIRCLE('',#1192,0.485412195974);
#1192 = AXIS2_PLACEMENT_3D('',#1193,#1194,#1195);
#1193 = CARTESIAN_POINT('',(3.563765702719,-1.061946524813,1.6));
#1194 = DIRECTION('',(0.382683432365,0.923879532511,0.));
#1195 = DIRECTION('',(-0.523404384043,0.216801194476,-0.824041924199));
#1196 = AXIS1_PLACEMENT('',#1197,#1198);
#1197 = CARTESIAN_POINT('',(1.,0.,0.));
#1198 = DIRECTION('',(0.,0.,-1.));
#1199 = ADVANCED_FACE('',(#1200),#1308,.F.);
#1200 = FACE_BOUND('',#1201,.F.);
#1201 = EDGE_LOOP('',(#1202,#1221,#1222,#1223,#1224,#1243,#1254,#1273,
    #1280,#1299));
#1202 = ORIENTED_EDGE('',*,*,#1203,.F.);
#1203 = EDGE_CURVE('',#1148,#1204,#1206,.T.);
#1204 = VERTEX_POINT('',#1205);
#1205 = CARTESIAN_POINT('',(3.40667978278,0.25,1.930661594627));
#1206 = B_SPLINE_CURVE_WITH_KNOTS('',5,(#1207,#1208,#1209,#1210,#1211,
    #1212,#1213,#1214,#1215,#1216,#1217,#1218,#1219,#1220),
  .UNSPECIFIED.,.F.,.F.,(6,4,4,6),(-0.119413470026,-1.353371911203E-07,
    1.96349554383,2.08290869425),.UNSPECIFIED.);
#1207 = CARTESIAN_POINT('',(3.189749034566,1.036275808073,1.930661594627
    ));
#1208 = CARTESIAN_POINT('',(3.199182355483,1.013501756721,1.930661594627
    ));
#1209 = CARTESIAN_POINT('',(3.20846876641,0.991082377458,1.930661594627)
  );
#1210 = CARTESIAN_POINT('',(3.217608267348,0.969017670284,1.930661594627
    ));
#1211 = CARTESIAN_POINT('',(3.226600858298,0.9473076352,1.930661594627)
  );
#1212 = CARTESIAN_POINT('',(3.380894753976,0.574809218729,1.930661594627
    ));
#1213 = CARTESIAN_POINT('',(3.457413628123,0.195110560338,1.930661594627
    ));
#1214 = CARTESIAN_POINT('',(3.457414134116,-0.1951093668,1.930661594627)
  );
#1215 = CARTESIAN_POINT('',(3.380895040325,-0.574808527422,
    1.930661594627));
#1216 = CARTESIAN_POINT('',(3.226600854533,-0.947307644289,
    1.930661594627));
#1217 = CARTESIAN_POINT('',(3.217608261701,-0.969017683918,
    1.930661594627));
#1218 = CARTESIAN_POINT('',(3.208468760763,-0.991082391091,
    1.930661594627));
#1219 = CARTESIAN_POINT('',(3.199182351718,-1.01350176581,1.930661594627
    ));
#1220 = CARTESIAN_POINT('',(3.189749034566,-1.036275808073,
    1.930661594627));
#1221 = ORIENTED_EDGE('',*,*,#1147,.F.);
#1222 = ORIENTED_EDGE('',*,*,#1072,.T.);
#1223 = ORIENTED_EDGE('',*,*,#1137,.T.);
#1224 = ORIENTED_EDGE('',*,*,#1225,.F.);
#1225 = EDGE_CURVE('',#1226,#1138,#1228,.T.);
#1226 = VERTEX_POINT('',#1227);
#1227 = CARTESIAN_POINT('',(3.406679829997,-0.25,1.930661594627));
#1228 = B_SPLINE_CURVE_WITH_KNOTS('',5,(#1229,#1230,#1231,#1232,#1233,
    #1234,#1235,#1236,#1237,#1238,#1239,#1240,#1241,#1242),
  .UNSPECIFIED.,.F.,.F.,(6,4,4,6),(-0.119413470026,-1.353371911203E-07,
    1.96349554383,2.08290869425),.UNSPECIFIED.);
#1229 = CARTESIAN_POINT('',(3.189749034566,1.036275808073,1.930661594627
    ));
#1230 = CARTESIAN_POINT('',(3.199182355483,1.013501756721,1.930661594627
    ));
#1231 = CARTESIAN_POINT('',(3.20846876641,0.991082377458,1.930661594627)
  );
#1232 = CARTESIAN_POINT('',(3.217608267348,0.969017670284,1.930661594627
    ));
#1233 = CARTESIAN_POINT('',(3.226600858298,0.9473076352,1.930661594627)
  );
#1234 = CARTESIAN_POINT('',(3.380894753976,0.574809218729,1.930661594627
    ));
#1235 = CARTESIAN_POINT('',(3.457413628123,0.195110560338,1.930661594627
    ));
#1236 = CARTESIAN_POINT('',(3.457414134116,-0.1951093668,1.930661594627)
  );
#1237 = CARTESIAN_POINT('',(3.380895040325,-0.574808527422,
    1.930661594627));
#1238 = CARTESIAN_POINT('',(3.226600854533,-0.947307644289,
    1.930661594627));
#1239 = CARTESIAN_POINT('',(3.217608261701,-0.969017683918,
    1.930661594627));
#1240 = CARTESIAN_POINT('',(3.208468760763,-0.991082391091,
    1.930661594627));
#1241 = CARTESIAN_POINT('',(3.199182351718,-1.01350176581,1.930661594627
    ));
#1242 = CARTESIAN_POINT('',(3.189749034566,-1.036275808073,
    1.930661594627));
#1243 = ORIENTED_EDGE('',*,*,#1244,.F.);
#1244 = EDGE_CURVE('',#1245,#1226,#1247,.T.);
#1245 = VERTEX_POINT('',#1246);
#1246 = CARTESIAN_POINT('',(3.299471489861,-0.25,1.749));
#1247 = B_SPLINE_CURVE_WITH_KNOTS('',5,(#1248,#1249,#1250,#1251,#1252,
    #1253),.UNSPECIFIED.,.F.,.F.,(6,6),(0.,1.),
  .PIECEWISE_BEZIER_KNOTS.);
#1248 = CARTESIAN_POINT('',(3.299471489861,-0.25,1.749));
#1249 = CARTESIAN_POINT('',(3.312587202196,-0.25,1.789427365424));
#1250 = CARTESIAN_POINT('',(3.33014872115,-0.25,1.828424172249));
#1251 = CARTESIAN_POINT('',(3.351941636815,-0.25,1.865341021624));
#1252 = CARTESIAN_POINT('',(3.377608548406,-0.25,1.899584994083));
#1253 = CARTESIAN_POINT('',(3.40668024473,-0.25,1.930661807849));
#1254 = ORIENTED_EDGE('',*,*,#1255,.T.);
#1255 = EDGE_CURVE('',#1245,#1256,#1258,.T.);
#1256 = VERTEX_POINT('',#1257);
#1257 = CARTESIAN_POINT('',(3.299999782609,-1.E-03,1.5));
#1258 = B_SPLINE_CURVE_WITH_KNOTS('',7,(#1259,#1260,#1261,#1262,#1263,
    #1264,#1265,#1266,#1267,#1268,#1269,#1270,#1271,#1272),
  .UNSPECIFIED.,.F.,.F.,(8,6,8),(0.,0.656899903514,1.),.UNSPECIFIED.);
#1259 = CARTESIAN_POINT('',(3.299471489861,-0.25,1.749));
#1260 = CARTESIAN_POINT('',(3.288903887063,-0.25,1.716426818984));
#1261 = CARTESIAN_POINT('',(3.281699509879,-0.245028477564,
    1.683385522006));
#1262 = CARTESIAN_POINT('',(3.278045828963,-0.234830048078,
    1.650728113424));
#1263 = CARTESIAN_POINT('',(3.277713110475,-0.219290375561,
    1.619367410059));
#1264 = CARTESIAN_POINT('',(3.280087341319,-0.198436579318,
    1.590251266333));
#1265 = CARTESIAN_POINT('',(3.284149886785,-0.172302430004,
    1.564384728938));
#1266 = CARTESIAN_POINT('',(3.29090216963,-0.124770531607,1.532041582647
    ));
#1267 = CARTESIAN_POINT('',(3.293310489781,-0.107148532185,
    1.522255641965));
#1268 = CARTESIAN_POINT('',(3.295638205192,-8.813505246606E-02,
    1.513869244735));
#1269 = CARTESIAN_POINT('',(3.297696231285,-6.772624403228E-02,
    1.507131244826));
#1270 = CARTESIAN_POINT('',(3.2992147289,-4.608658790058E-02,
    1.502401965702));
#1271 = CARTESIAN_POINT('',(3.299989938095,-2.364237892977E-02,1.5));
#1272 = CARTESIAN_POINT('',(3.299999782609,-1.E-03,1.5));
#1273 = ORIENTED_EDGE('',*,*,#1274,.T.);
#1274 = EDGE_CURVE('',#1256,#1275,#1277,.T.);
#1275 = VERTEX_POINT('',#1276);
#1276 = CARTESIAN_POINT('',(3.299999782609,9.999999999998E-04,1.5));
#1277 = B_SPLINE_CURVE_WITH_KNOTS('',1,(#1278,#1279),.UNSPECIFIED.,.F.,
  .F.,(2,2),(0.,1.),.PIECEWISE_BEZIER_KNOTS.);
#1278 = CARTESIAN_POINT('',(3.299999782609,-1.E-03,1.5));
#1279 = CARTESIAN_POINT('',(3.299999782609,9.999999999998E-04,1.5));
#1280 = ORIENTED_EDGE('',*,*,#1281,.T.);
#1281 = EDGE_CURVE('',#1275,#1282,#1284,.T.);
#1282 = VERTEX_POINT('',#1283);
#1283 = CARTESIAN_POINT('',(3.299471489861,0.25,1.749));
#1284 = B_SPLINE_CURVE_WITH_KNOTS('',7,(#1285,#1286,#1287,#1288,#1289,
    #1290,#1291,#1292,#1293,#1294,#1295,#1296,#1297,#1298),
  .UNSPECIFIED.,.F.,.F.,(8,6,8),(0.,0.343710672019,1.),.UNSPECIFIED.);
#1285 = CARTESIAN_POINT('',(3.299999782609,9.999999999997E-04,1.5));
#1286 = CARTESIAN_POINT('',(3.299989920585,2.368265119001E-02,1.5));
#1287 = CARTESIAN_POINT('',(3.299211971008,4.616604948054E-02,
    1.502410516981));
#1288 = CARTESIAN_POINT('',(3.297688162784,6.784108201107E-02,
    1.507156358887));
#1289 = CARTESIAN_POINT('',(3.295623636424,8.827968087268E-02,
    1.513916973069));
#1290 = CARTESIAN_POINT('',(3.293289812594,0.10731720987,1.522330091337)
  );
#1291 = CARTESIAN_POINT('',(3.290876523628,0.124958092937,1.532145912779
    ));
#1292 = CARTESIAN_POINT('',(3.284127396232,0.172447200062,1.564528141918
    ));
#1293 = CARTESIAN_POINT('',(3.280076399241,0.198532790636,1.590385718193
    ));
#1294 = CARTESIAN_POINT('',(3.277714368661,0.21934776166,1.619483238628)
  );
#1295 = CARTESIAN_POINT('',(3.278055943653,0.234858301632,1.650818612401
    ));
#1296 = CARTESIAN_POINT('',(3.281712830825,0.245037663177,1.683446586849
    ));
#1297 = CARTESIAN_POINT('',(3.288913652378,0.25,1.716456919224));
#1298 = CARTESIAN_POINT('',(3.299471489861,0.25,1.749));
#1299 = ORIENTED_EDGE('',*,*,#1300,.T.);
#1300 = EDGE_CURVE('',#1282,#1204,#1301,.T.);
#1301 = B_SPLINE_CURVE_WITH_KNOTS('',5,(#1302,#1303,#1304,#1305,#1306,
    #1307),.UNSPECIFIED.,.F.,.F.,(6,6),(0.,1.),
  .PIECEWISE_BEZIER_KNOTS.);
#1302 = CARTESIAN_POINT('',(3.299471489861,0.25,1.749));
#1303 = CARTESIAN_POINT('',(3.312587202196,0.25,1.789427365424));
#1304 = CARTESIAN_POINT('',(3.33014872115,0.25,1.828424172249));
#1305 = CARTESIAN_POINT('',(3.351941636815,0.25,1.865341021624));
#1306 = CARTESIAN_POINT('',(3.377608548406,0.25,1.899584994083));
#1307 = CARTESIAN_POINT('',(3.40668024473,0.25,1.930661807849));
#1308 = SURFACE_OF_REVOLUTION('',#1309,#1314);
#1309 = CIRCLE('',#1310,0.485412195974);
#1310 = AXIS2_PLACEMENT_3D('',#1311,#1312,#1313);
#1311 = CARTESIAN_POINT('',(3.563765702719,1.061946524813,1.6));
#1312 = DIRECTION('',(-0.382683432365,0.923879532511,0.));
#1313 = DIRECTION('',(-0.523404384043,-0.216801194476,-0.824041924199));
#1314 = AXIS1_PLACEMENT('',#1315,#1316);
#1315 = CARTESIAN_POINT('',(1.,0.,0.));
#1316 = DIRECTION('',(0.,0.,-1.));
#1317 = ADVANCED_FACE('',(#1318),#1386,.T.);
#1318 = FACE_BOUND('',#1319,.T.);
#1319 = EDGE_LOOP('',(#1320,#1335,#1372,#1385));
#1320 = ORIENTED_EDGE('',*,*,#1321,.T.);
#1321 = EDGE_CURVE('',#1138,#1322,#1324,.T.);
#1322 = VERTEX_POINT('',#1323);
#1323 = CARTESIAN_POINT('',(3.309698831278,-0.956708580913,
    2.135020857149));
#1324 = B_SPLINE_CURVE_WITH_KNOTS('',5,(#1325,#1326,#1327,#1328,#1329,
    #1330,#1331,#1332,#1333,#1334),.UNSPECIFIED.,.F.,.F.,(6,4,6),(0.,0.5
    ,1.),.UNSPECIFIED.);
#1325 = CARTESIAN_POINT('',(3.235446538439,-0.925952274181,
    1.930661594627));
#1326 = CARTESIAN_POINT('',(3.249271815997,-0.93167889165,1.946744172007
    ));
#1327 = CARTESIAN_POINT('',(3.261973435419,-0.936940074678,
    1.964470589246));
#1328 = CARTESIAN_POINT('',(3.273234543788,-0.941604578492,1.9836790636)
  );
#1329 = CARTESIAN_POINT('',(3.282778034968,-0.945557621971,
    2.004056935692));
#1330 = CARTESIAN_POINT('',(3.298159251937,-0.951928730645,
    2.046389556494));
#1331 = CARTESIAN_POINT('',(3.303997166347,-0.95434687397,2.068344824333
    ));
#1332 = CARTESIAN_POINT('',(3.307841659805,-0.955939315301,
    2.090710414983));
#1333 = CARTESIAN_POINT('',(3.30969883117,-0.956708580868,2.113053113924
    ));
#1334 = CARTESIAN_POINT('',(3.309698831278,-0.956708580913,
    2.135020857149));
#1335 = ORIENTED_EDGE('',*,*,#1336,.T.);
#1336 = EDGE_CURVE('',#1322,#1337,#1339,.T.);
#1337 = VERTEX_POINT('',#1338);
#1338 = CARTESIAN_POINT('',(3.309698831278,0.956708580913,2.135020857149
    ));
#1339 = B_SPLINE_CURVE_WITH_KNOTS('',11,(#1340,#1341,#1342,#1343,#1344,
    #1345,#1346,#1347,#1348,#1349,#1350,#1351,#1352,#1353,#1354,#1355,
    #1356,#1357,#1358,#1359,#1360,#1361,#1362,#1363,#1364,#1365,#1366,
    #1367,#1368,#1369,#1370,#1371),.UNSPECIFIED.,.F.,.F.,(12,10,10,12),(
    -0.585615641583,2.901255980386E-15,13.744467859455,14.330083501039),
  .UNSPECIFIED.);
#1340 = CARTESIAN_POINT('',(3.533804235046,-0.415670275735,
    2.135020857149));
#1341 = CARTESIAN_POINT('',(3.513289829604,-0.465196431576,
    2.135020857149));
#1342 = CARTESIAN_POINT('',(3.492803661547,-0.514654416342,
    2.135020857149));
#1343 = CARTESIAN_POINT('',(3.472345730872,-0.564044230035,
    2.135020857149));
#1344 = CARTESIAN_POINT('',(3.451916037581,-0.613365872653,
    2.135020857149));
#1345 = CARTESIAN_POINT('',(3.431514581673,-0.662619344198,
    2.135020857149));
#1346 = CARTESIAN_POINT('',(3.411141363149,-0.711804644669,
    2.135020857149));
#1347 = CARTESIAN_POINT('',(3.390796382008,-0.760921774065,
    2.135020857149));
#1348 = CARTESIAN_POINT('',(3.370479638251,-0.809970732388,
    2.135020857149));
#1349 = CARTESIAN_POINT('',(3.350191131876,-0.858951519637,
    2.135020857149));
#1350 = CARTESIAN_POINT('',(3.329930862886,-0.907864135812,
    2.135020857149));
#1351 = CARTESIAN_POINT('',(2.834850674205,-2.103093441788,
    2.135020857149));
#1352 = CARTESIAN_POINT('',(1.727586252495,-3.009448724487,
    2.135020937091));
#1353 = CARTESIAN_POINT('',(0.10585501195,-3.257464103805,2.135020692567
    ));
#1354 = CARTESIAN_POINT('',(-1.475741298782,-2.5067600004,2.135021036405
    ));
#1355 = CARTESIAN_POINT('',(-2.588653308495,-1.059860959899,
    2.135020781556));
#1356 = CARTESIAN_POINT('',(-2.588653308509,1.059860959899,
    2.135020781567));
#1357 = CARTESIAN_POINT('',(-1.475741298771,2.5067600004,2.135021036396)
  );
#1358 = CARTESIAN_POINT('',(0.105855011945,3.257464103806,2.135020692572
    ));
#1359 = CARTESIAN_POINT('',(1.727586252497,3.009448724487,2.135020937089
    ));
#1360 = CARTESIAN_POINT('',(2.834850674204,2.103093441788,2.135020857149
    ));
#1361 = CARTESIAN_POINT('',(3.329930862886,0.907864135812,2.135020857149
    ));
#1362 = CARTESIAN_POINT('',(3.350191131876,0.858951519637,2.135020857149
    ));
#1363 = CARTESIAN_POINT('',(3.370479638251,0.809970732388,2.135020857149
    ));
#1364 = CARTESIAN_POINT('',(3.390796382008,0.760921774065,2.135020857149
    ));
#1365 = CARTESIAN_POINT('',(3.411141363149,0.711804644669,2.135020857149
    ));
#1366 = CARTESIAN_POINT('',(3.431514581673,0.662619344198,2.135020857149
    ));
#1367 = CARTESIAN_POINT('',(3.451916037581,0.613365872653,2.135020857149
    ));
#1368 = CARTESIAN_POINT('',(3.472345730872,0.564044230035,2.135020857149
    ));
#1369 = CARTESIAN_POINT('',(3.492803661547,0.514654416342,2.135020857149
    ));
#1370 = CARTESIAN_POINT('',(3.513289829605,0.465196431576,2.135020857149
    ));
#1371 = CARTESIAN_POINT('',(3.533804235046,0.415670275736,2.135020857149
    ));
#1372 = ORIENTED_EDGE('',*,*,#1373,.F.);
#1373 = EDGE_CURVE('',#1148,#1337,#1374,.T.);
#1374 = B_SPLINE_CURVE_WITH_KNOTS('',5,(#1375,#1376,#1377,#1378,#1379,
    #1380,#1381,#1382,#1383,#1384),.UNSPECIFIED.,.F.,.F.,(6,4,6),(0.,0.5
    ,1.),.UNSPECIFIED.);
#1375 = CARTESIAN_POINT('',(3.235446538439,0.925952274181,1.930661594627
    ));
#1376 = CARTESIAN_POINT('',(3.249271815997,0.93167889165,1.946744172007)
  );
#1377 = CARTESIAN_POINT('',(3.261973435419,0.936940074678,1.964470589246
    ));
#1378 = CARTESIAN_POINT('',(3.273234543788,0.941604578492,1.9836790636)
  );
#1379 = CARTESIAN_POINT('',(3.282778034968,0.945557621971,2.004056935692
    ));
#1380 = CARTESIAN_POINT('',(3.298159251937,0.951928730645,2.046389556494
    ));
#1381 = CARTESIAN_POINT('',(3.303997166347,0.95434687397,2.068344824333)
  );
#1382 = CARTESIAN_POINT('',(3.307841659805,0.955939315301,2.090710414983
    ));
#1383 = CARTESIAN_POINT('',(3.30969883117,0.956708580868,2.113053113924)
  );
#1384 = CARTESIAN_POINT('',(3.309698831278,0.956708580913,2.135020857149
    ));
#1385 = ORIENTED_EDGE('',*,*,#1156,.F.);
#1386 = ( BOUNDED_SURFACE() B_SPLINE_SURFACE(2,11,(
    (#1387,#1388,#1389,#1390,#1391,#1392,#1393,#1394,#1395,#1396,#1397
      ,#1398,#1399,#1400,#1401,#1402,#1403,#1404,#1405,#1406,#1407,#1408
      ,#1409,#1410,#1411,#1412,#1413,#1414,#1415,#1416,#1417,#1418)
    ,(#1419,#1420,#1421,#1422,#1423,#1424,#1425,#1426,#1427,#1428,#1429
      ,#1430,#1431,#1432,#1433,#1434,#1435,#1436,#1437,#1438,#1439,#1440
      ,#1441,#1442,#1443,#1444,#1445,#1446,#1447,#1448,#1449,#1450)
    ,(#1451,#1452,#1453,#1454,#1455,#1456,#1457,#1458,#1459,#1460,#1461
      ,#1462,#1463,#1464,#1465,#1466,#1467,#1468,#1469,#1470,#1471,#1472
      ,#1473,#1474,#1475,#1476,#1477,#1478,#1479,#1480,#1481,#1482
)),.UNSPECIFIED.,.F.,.F.,.F.) B_SPLINE_SURFACE_WITH_KNOTS((3,3),(12,10,
    10,12),(0.,13.744467859455),(-0.585615641583,2.901255980386E-15,
    13.744467859455,14.330083501039),.UNSPECIFIED.) 
GEOMETRIC_REPRESENTATION_ITEM() RATIONAL_B_SPLINE_SURFACE((
    (1.,1.,1.,1.,1.,1.,1.,1.,1.,1.,1.,1.,1.,1.,1.,1.,1.,1.,1.,1.,1.,1.
      ,1.,1.,1.,1.,1.,1.,1.,1.,1.,1.)
    ,(0.93061798229,0.93061798229,0.93061798229,0.93061798229
      ,0.93061798229,0.93061798229,0.93061798229,0.93061798229
      ,0.93061798229,0.93061798229,0.93061798229,0.93061798229
      ,0.930617902914,0.930618145705,0.930617804307,0.93061805734
      ,0.930618057345,0.930617804303,0.930618145707,0.930617902913
      ,0.93061798229,0.93061798229,0.93061798229,0.93061798229
      ,0.93061798229,0.93061798229,0.93061798229,0.93061798229
      ,0.93061798229,0.93061798229,0.93061798229,0.93061798229)
    ,(1.,1.,1.,1.,1.,1.,1.,1.,1.,1.,1.,1.,1.,1.,1.,1.,1.,1.,1.,1.,1.,1.
,1.,1.,1.,1.,1.,1.,1.,1.,1.,1.))) REPRESENTATION_ITEM('') SURFACE() );
#1387 = CARTESIAN_POINT('',(3.459551942206,-0.384913969004,
    1.930661594627));
#1388 = CARTESIAN_POINT('',(3.438387116582,-0.43601037807,1.930661594627
    ));
#1389 = CARTESIAN_POINT('',(3.417380612378,-0.486724565418,
    1.930661594627));
#1390 = CARTESIAN_POINT('',(3.396532429594,-0.537056531046,
    1.930661594627));
#1391 = CARTESIAN_POINT('',(3.37584256823,-0.587006274955,1.930661594627
    ));
#1392 = CARTESIAN_POINT('',(3.355311028286,-0.636573797145,
    1.930661594627));
#1393 = CARTESIAN_POINT('',(3.334937809762,-0.685759097616,
    1.930661594627));
#1394 = CARTESIAN_POINT('',(3.314722912657,-0.734562176367,
    1.930661594627));
#1395 = CARTESIAN_POINT('',(3.294666336973,-0.782983033399,
    1.930661594627));
#1396 = CARTESIAN_POINT('',(3.274768082708,-0.831021668713,
    1.930661594627));
#1397 = CARTESIAN_POINT('',(3.255028149863,-0.878678082306,
    1.930661594627));
#1398 = CARTESIAN_POINT('',(2.775863819411,-2.03548310749,1.930661594627
    ));
#1399 = CARTESIAN_POINT('',(1.704091980563,-2.912929929979,
    1.930661579303));
#1400 = CARTESIAN_POINT('',(0.134360577617,-3.15228097909,1.930661626176
    ));
#1401 = CARTESIAN_POINT('',(-1.395396108631,-2.426388868523,
    1.930661560267));
#1402 = CARTESIAN_POINT('',(-2.473728053045,-1.026234168191,
    1.930661609113));
#1403 = CARTESIAN_POINT('',(-2.473728053056,1.026234168191,
    1.930661609123));
#1404 = CARTESIAN_POINT('',(-1.395396108622,2.426388868523,1.93066156026
    ));
#1405 = CARTESIAN_POINT('',(0.134360577613,3.15228097909,1.93066162618)
  );
#1406 = CARTESIAN_POINT('',(1.704091980565,2.912929929979,1.930661579301
    ));
#1407 = CARTESIAN_POINT('',(2.775863819411,2.03548310749,1.930661594627)
  );
#1408 = CARTESIAN_POINT('',(3.255028149863,0.878678082306,1.930661594627
    ));
#1409 = CARTESIAN_POINT('',(3.274768082708,0.831021668713,1.930661594627
    ));
#1410 = CARTESIAN_POINT('',(3.294666336973,0.782983033399,1.930661594627
    ));
#1411 = CARTESIAN_POINT('',(3.314722912657,0.734562176367,1.930661594627
    ));
#1412 = CARTESIAN_POINT('',(3.334937809762,0.685759097616,1.930661594627
    ));
#1413 = CARTESIAN_POINT('',(3.355311028286,0.636573797145,1.930661594627
    ));
#1414 = CARTESIAN_POINT('',(3.37584256823,0.587006274955,1.930661594627)
  );
#1415 = CARTESIAN_POINT('',(3.396532429594,0.537056531046,1.930661594627
    ));
#1416 = CARTESIAN_POINT('',(3.417380612378,0.486724565418,1.930661594627
    ));
#1417 = CARTESIAN_POINT('',(3.438387116582,0.436010378071,1.930661594627
    ));
#1418 = CARTESIAN_POINT('',(3.459551942206,0.384913969004,1.930661594627
    ));
#1419 = CARTESIAN_POINT('',(3.533804235046,-0.415670275735,
    2.017037309501));
#1420 = CARTESIAN_POINT('',(3.513289829604,-0.465196431576,
    2.017037309501));
#1421 = CARTESIAN_POINT('',(3.492803661547,-0.514654416342,
    2.017037309501));
#1422 = CARTESIAN_POINT('',(3.472345730872,-0.564044230035,
    2.017037309501));
#1423 = CARTESIAN_POINT('',(3.451916037581,-0.613365872653,
    2.017037309501));
#1424 = CARTESIAN_POINT('',(3.431514581673,-0.662619344198,
    2.017037309501));
#1425 = CARTESIAN_POINT('',(3.411141363149,-0.711804644669,
    2.017037309501));
#1426 = CARTESIAN_POINT('',(3.390796382008,-0.760921774065,
    2.017037309501));
#1427 = CARTESIAN_POINT('',(3.37047963825,-0.809970732388,2.017037309501
    ));
#1428 = CARTESIAN_POINT('',(3.350191131876,-0.858951519637,
    2.017037309501));
#1429 = CARTESIAN_POINT('',(3.329930862886,-0.907864135812,
    2.017037309501));
#1430 = CARTESIAN_POINT('',(2.834850674205,-2.103093441788,
    2.017037309501));
#1431 = CARTESIAN_POINT('',(1.727586214542,-3.009448936944,
    2.017037314315));
#1432 = CARTESIAN_POINT('',(0.105855341319,-3.257463206685,2.01703729959
    ));
#1433 = CARTESIAN_POINT('',(-1.475741895236,-2.506761759151,
    2.017037320295));
#1434 = CARTESIAN_POINT('',(-2.588652975413,-1.05985863781,
    2.017037304949));
#1435 = CARTESIAN_POINT('',(-2.58865297541,1.059858637805,2.017037304949
    ));
#1436 = CARTESIAN_POINT('',(-1.475741895234,2.506761759161,
    2.017037320295));
#1437 = CARTESIAN_POINT('',(0.105855341315,3.257463206678,2.01703729959)
  );
#1438 = CARTESIAN_POINT('',(1.727586214545,3.009448936946,2.017037314315
    ));
#1439 = CARTESIAN_POINT('',(2.834850674204,2.103093441787,2.017037309501
    ));
#1440 = CARTESIAN_POINT('',(3.329930862886,0.907864135812,2.017037309501
    ));
#1441 = CARTESIAN_POINT('',(3.350191131876,0.858951519637,2.017037309501
    ));
#1442 = CARTESIAN_POINT('',(3.370479638251,0.809970732388,2.017037309501
    ));
#1443 = CARTESIAN_POINT('',(3.390796382008,0.760921774065,2.017037309501
    ));
#1444 = CARTESIAN_POINT('',(3.411141363149,0.711804644669,2.017037309501
    ));
#1445 = CARTESIAN_POINT('',(3.431514581674,0.662619344198,2.017037309501
    ));
#1446 = CARTESIAN_POINT('',(3.451916037581,0.613365872653,2.017037309501
    ));
#1447 = CARTESIAN_POINT('',(3.472345730872,0.564044230035,2.017037309501
    ));
#1448 = CARTESIAN_POINT('',(3.492803661547,0.514654416342,2.017037309501
    ));
#1449 = CARTESIAN_POINT('',(3.513289829605,0.465196431576,2.017037309501
    ));
#1450 = CARTESIAN_POINT('',(3.533804235046,0.415670275736,2.017037309501
    ));
#1451 = CARTESIAN_POINT('',(3.533804235046,-0.415670275735,
    2.135020857149));
#1452 = CARTESIAN_POINT('',(3.513289829604,-0.465196431576,
    2.135020857149));
#1453 = CARTESIAN_POINT('',(3.492803661547,-0.514654416342,
    2.135020857149));
#1454 = CARTESIAN_POINT('',(3.472345730872,-0.564044230035,
    2.135020857149));
#1455 = CARTESIAN_POINT('',(3.451916037581,-0.613365872653,
    2.135020857149));
#1456 = CARTESIAN_POINT('',(3.431514581673,-0.662619344198,
    2.135020857149));
#1457 = CARTESIAN_POINT('',(3.411141363149,-0.711804644669,
    2.135020857149));
#1458 = CARTESIAN_POINT('',(3.390796382008,-0.760921774065,
    2.135020857149));
#1459 = CARTESIAN_POINT('',(3.370479638251,-0.809970732388,
    2.135020857149));
#1460 = CARTESIAN_POINT('',(3.350191131876,-0.858951519637,
    2.135020857149));
#1461 = CARTESIAN_POINT('',(3.329930862886,-0.907864135812,
    2.135020857149));
#1462 = CARTESIAN_POINT('',(2.834850674205,-2.103093441788,
    2.135020857149));
#1463 = CARTESIAN_POINT('',(1.727586252495,-3.009448724487,
    2.135020937091));
#1464 = CARTESIAN_POINT('',(0.10585501195,-3.257464103805,2.135020692567
    ));
#1465 = CARTESIAN_POINT('',(-1.475741298782,-2.5067600004,2.135021036405
    ));
#1466 = CARTESIAN_POINT('',(-2.588653308495,-1.059860959899,
    2.135020781556));
#1467 = CARTESIAN_POINT('',(-2.588653308509,1.059860959899,
    2.135020781567));
#1468 = CARTESIAN_POINT('',(-1.475741298771,2.5067600004,2.135021036396)
  );
#1469 = CARTESIAN_POINT('',(0.105855011945,3.257464103806,2.135020692572
    ));
#1470 = CARTESIAN_POINT('',(1.727586252497,3.009448724487,2.135020937089
    ));
#1471 = CARTESIAN_POINT('',(2.834850674204,2.103093441788,2.135020857149
    ));
#1472 = CARTESIAN_POINT('',(3.329930862886,0.907864135812,2.135020857149
    ));
#1473 = CARTESIAN_POINT('',(3.350191131876,0.858951519637,2.135020857149
    ));
#1474 = CARTESIAN_POINT('',(3.370479638251,0.809970732388,2.135020857149
    ));
#1475 = CARTESIAN_POINT('',(3.390796382008,0.760921774065,2.135020857149
    ));
#1476 = CARTESIAN_POINT('',(3.411141363149,0.711804644669,2.135020857149
    ));
#1477 = CARTESIAN_POINT('',(3.431514581673,0.662619344198,2.135020857149
    ));
#1478 = CARTESIAN_POINT('',(3.451916037581,0.613365872653,2.135020857149
    ));
#1479 = CARTESIAN_POINT('',(3.472345730872,0.564044230035,2.135020857149
    ));
#1480 = CARTESIAN_POINT('',(3.492803661547,0.514654416342,2.135020857149
    ));
#1481 = CARTESIAN_POINT('',(3.513289829605,0.465196431576,2.135020857149
    ));
#1482 = CARTESIAN_POINT('',(3.533804235046,0.415670275736,2.135020857149
    ));
#1483 = ADVANCED_FACE('',(#1484),#1520,.T.);
#1484 = FACE_BOUND('',#1485,.T.);
#1485 = EDGE_LOOP('',(#1486,#1487,#1488,#1507));
#1486 = ORIENTED_EDGE('',*,*,#1203,.F.);
#1487 = ORIENTED_EDGE('',*,*,#1373,.T.);
#1488 = ORIENTED_EDGE('',*,*,#1489,.T.);
#1489 = EDGE_CURVE('',#1337,#1490,#1492,.T.);
#1490 = VERTEX_POINT('',#1491);
#1491 = CARTESIAN_POINT('',(3.487468271461,0.25,2.135020857149));
#1492 = B_SPLINE_CURVE_WITH_KNOTS('',5,(#1493,#1494,#1495,#1496,#1497,
    #1498,#1499,#1500,#1501,#1502,#1503,#1504,#1505,#1506),
  .UNSPECIFIED.,.F.,.F.,(6,4,4,6),(-0.119413470026,-1.353371911203E-07,
    1.96349554383,2.08290869425),.UNSPECIFIED.);
#1493 = CARTESIAN_POINT('',(3.264001325546,1.067032118743,2.135020857149
    ));
#1494 = CARTESIAN_POINT('',(3.273140829292,1.0449674049,2.135020857149)
  );
#1495 = CARTESIAN_POINT('',(3.282280331654,1.0229026944,2.135020857149)
  );
#1496 = CARTESIAN_POINT('',(3.291419832631,1.000837987243,2.135020857149
    ));
#1497 = CARTESIAN_POINT('',(3.300559332224,0.978773283428,2.135020857149
    ));
#1498 = CARTESIAN_POINT('',(3.45997823841,0.593901998977,2.135020857149)
  );
#1499 = CARTESIAN_POINT('',(3.539038746156,0.201591257513,2.135020857149
    ));
#1500 = CARTESIAN_POINT('',(3.539039291386,-0.201589955698,
    2.135020857149));
#1501 = CARTESIAN_POINT('',(3.45997851584,-0.593901329202,2.135020857149
    ));
#1502 = CARTESIAN_POINT('',(3.300559329455,-0.978773290113,
    2.135020857149));
#1503 = CARTESIAN_POINT('',(3.291419828478,-1.00083799727,2.135020857149
    ));
#1504 = CARTESIAN_POINT('',(3.2822803275,-1.022902704428,2.135020857149)
  );
#1505 = CARTESIAN_POINT('',(3.273140826523,-1.044967411585,
    2.135020857149));
#1506 = CARTESIAN_POINT('',(3.264001325546,-1.067032118743,
    2.135020857149));
#1507 = ORIENTED_EDGE('',*,*,#1508,.T.);
#1508 = EDGE_CURVE('',#1490,#1204,#1509,.T.);
#1509 = B_SPLINE_CURVE_WITH_KNOTS('',5,(#1510,#1511,#1512,#1513,#1514,
    #1515,#1516,#1517,#1518,#1519),.UNSPECIFIED.,.F.,.F.,(6,4,6),(0.,
    0.48758179705,1.),.UNSPECIFIED.);
#1510 = CARTESIAN_POINT('',(3.487468271461,0.25,2.135020857149));
#1511 = CARTESIAN_POINT('',(3.487468270657,0.25,2.113553317448));
#1512 = CARTESIAN_POINT('',(3.485538793119,0.25,2.091758528998));
#1513 = CARTESIAN_POINT('',(3.481559474663,0.25,2.069958867169));
#1514 = CARTESIAN_POINT('',(3.475526468276,0.25,2.048540658581));
#1515 = CARTESIAN_POINT('',(3.459209148069,0.25,2.006097182303));
#1516 = CARTESIAN_POINT('',(3.448723867052,0.25,1.985147071589));
#1517 = CARTESIAN_POINT('',(3.436260723432,0.25,1.965395047985));
#1518 = CARTESIAN_POINT('',(3.422126648559,0.25,1.947173883242));
#1519 = CARTESIAN_POINT('',(3.40667978278,0.25,1.930661594627));
#1520 = ( BOUNDED_SURFACE() B_SPLINE_SURFACE(2,5,(
    (#1521,#1522,#1523,#1524,#1525,#1526,#1527,#1528,#1529,#1530,#1531
      ,#1532,#1533,#1534)
    ,(#1535,#1536,#1537,#1538,#1539,#1540,#1541,#1542,#1543,#1544,#1545
      ,#1546,#1547,#1548)
    ,(#1549,#1550,#1551,#1552,#1553,#1554,#1555,#1556,#1557,#1558,#1559
      ,#1560,#1561,#1562
)),.UNSPECIFIED.,.F.,.F.,.F.) B_SPLINE_SURFACE_WITH_KNOTS((3,3),(6,4,4,6
    ),(0.,1.963495679168),(-0.119413470026,-1.353371911203E-07,
    1.96349554383,2.08290869425),.UNSPECIFIED.) 
GEOMETRIC_REPRESENTATION_ITEM() RATIONAL_B_SPLINE_SURFACE((
    (1.,1.,1.,1.,1.,1.,1.,1.,1.,1.,1.,1.,1.,1.)
    ,(0.93061798229,0.93061798229,0.93061798229,0.93061798229
      ,0.93061798229,0.93061798229,0.93061798229,0.93061798229
      ,0.93061798229,0.93061798229,0.93061798229,0.93061798229
      ,0.93061798229,0.93061798229)
,(1.,1.,1.,1.,1.,1.,1.,1.,1.,1.,1.,1.,1.,1.
))) REPRESENTATION_ITEM('') SURFACE() );
#1521 = CARTESIAN_POINT('',(3.189749034566,1.036275808073,1.930661594627
    ));
#1522 = CARTESIAN_POINT('',(3.199182355483,1.013501756721,1.930661594627
    ));
#1523 = CARTESIAN_POINT('',(3.20846876641,0.991082377458,1.930661594627)
  );
#1524 = CARTESIAN_POINT('',(3.217608267348,0.969017670284,1.930661594627
    ));
#1525 = CARTESIAN_POINT('',(3.226600858298,0.9473076352,1.930661594627)
  );
#1526 = CARTESIAN_POINT('',(3.380894753976,0.574809218729,1.930661594627
    ));
#1527 = CARTESIAN_POINT('',(3.457413628123,0.195110560338,1.930661594627
    ));
#1528 = CARTESIAN_POINT('',(3.457414134116,-0.1951093668,1.930661594627)
  );
#1529 = CARTESIAN_POINT('',(3.380895040325,-0.574808527422,
    1.930661594627));
#1530 = CARTESIAN_POINT('',(3.226600854533,-0.947307644289,
    1.930661594627));
#1531 = CARTESIAN_POINT('',(3.217608261701,-0.969017683918,
    1.930661594627));
#1532 = CARTESIAN_POINT('',(3.208468760763,-0.991082391091,
    1.930661594627));
#1533 = CARTESIAN_POINT('',(3.199182351718,-1.01350176581,1.930661594627
    ));
#1534 = CARTESIAN_POINT('',(3.189749034566,-1.036275808073,
    1.930661594627));
#1535 = CARTESIAN_POINT('',(3.264001325546,1.067032118743,2.017037309501
    ));
#1536 = CARTESIAN_POINT('',(3.273140829292,1.0449674049,2.017037309501)
  );
#1537 = CARTESIAN_POINT('',(3.282280331654,1.0229026944,2.017037309501)
  );
#1538 = CARTESIAN_POINT('',(3.291419832631,1.000837987243,2.017037309501
    ));
#1539 = CARTESIAN_POINT('',(3.300559332224,0.978773283428,2.017037309501
    ));
#1540 = CARTESIAN_POINT('',(3.45997823841,0.593901998977,2.017037309501)
  );
#1541 = CARTESIAN_POINT('',(3.539038746156,0.201591257513,2.017037309501
    ));
#1542 = CARTESIAN_POINT('',(3.539039291386,-0.201589955698,
    2.017037309501));
#1543 = CARTESIAN_POINT('',(3.45997851584,-0.593901329202,2.017037309501
    ));
#1544 = CARTESIAN_POINT('',(3.300559329455,-0.978773290113,
    2.017037309501));
#1545 = CARTESIAN_POINT('',(3.291419828478,-1.00083799727,2.017037309501
    ));
#1546 = CARTESIAN_POINT('',(3.2822803275,-1.022902704428,2.017037309501)
  );
#1547 = CARTESIAN_POINT('',(3.273140826523,-1.044967411585,
    2.017037309501));
#1548 = CARTESIAN_POINT('',(3.264001325546,-1.067032118743,
    2.017037309501));
#1549 = CARTESIAN_POINT('',(3.264001325546,1.067032118743,2.135020857149
    ));
#1550 = CARTESIAN_POINT('',(3.273140829292,1.0449674049,2.135020857149)
  );
#1551 = CARTESIAN_POINT('',(3.282280331654,1.0229026944,2.135020857149)
  );
#1552 = CARTESIAN_POINT('',(3.291419832631,1.000837987243,2.135020857149
    ));
#1553 = CARTESIAN_POINT('',(3.300559332224,0.978773283428,2.135020857149
    ));
#1554 = CARTESIAN_POINT('',(3.45997823841,0.593901998977,2.135020857149)
  );
#1555 = CARTESIAN_POINT('',(3.539038746156,0.201591257513,2.135020857149
    ));
#1556 = CARTESIAN_POINT('',(3.539039291386,-0.201589955698,
    2.135020857149));
#1557 = CARTESIAN_POINT('',(3.45997851584,-0.593901329202,2.135020857149
    ));
#1558 = CARTESIAN_POINT('',(3.300559329455,-0.978773290113,
    2.135020857149));
#1559 = CARTESIAN_POINT('',(3.291419828478,-1.00083799727,2.135020857149
    ));
#1560 = CARTESIAN_POINT('',(3.2822803275,-1.022902704428,2.135020857149)
  );
#1561 = CARTESIAN_POINT('',(3.273140826523,-1.044967411585,
    2.135020857149));
#1562 = CARTESIAN_POINT('',(3.264001325546,-1.067032118743,
    2.135020857149));
#1563 = ADVANCED_FACE('',(#1564),#1588,.F.);
#1564 = FACE_BOUND('',#1565,.F.);
#1565 = EDGE_LOOP('',(#1566,#1583,#1584,#1585,#1586,#1587));
#1566 = ORIENTED_EDGE('',*,*,#1567,.F.);
#1567 = EDGE_CURVE('',#1204,#1226,#1568,.T.);
#1568 = B_SPLINE_CURVE_WITH_KNOTS('',5,(#1569,#1570,#1571,#1572,#1573,
    #1574,#1575,#1576,#1577,#1578,#1579,#1580,#1581,#1582),
  .UNSPECIFIED.,.F.,.F.,(6,4,4,6),(-0.119413470026,-1.353371911203E-07,
    1.96349554383,2.08290869425),.UNSPECIFIED.);
#1569 = CARTESIAN_POINT('',(3.189749034566,1.036275808073,1.930661594627
    ));
#1570 = CARTESIAN_POINT('',(3.199182355483,1.013501756721,1.930661594627
    ));
#1571 = CARTESIAN_POINT('',(3.20846876641,0.991082377458,1.930661594627)
  );
#1572 = CARTESIAN_POINT('',(3.217608267348,0.969017670284,1.930661594627
    ));
#1573 = CARTESIAN_POINT('',(3.226600858298,0.9473076352,1.930661594627)
  );
#1574 = CARTESIAN_POINT('',(3.380894753976,0.574809218729,1.930661594627
    ));
#1575 = CARTESIAN_POINT('',(3.457413628123,0.195110560338,1.930661594627
    ));
#1576 = CARTESIAN_POINT('',(3.457414134116,-0.1951093668,1.930661594627)
  );
#1577 = CARTESIAN_POINT('',(3.380895040325,-0.574808527422,
    1.930661594627));
#1578 = CARTESIAN_POINT('',(3.226600854533,-0.947307644289,
    1.930661594627));
#1579 = CARTESIAN_POINT('',(3.217608261701,-0.969017683918,
    1.930661594627));
#1580 = CARTESIAN_POINT('',(3.208468760763,-0.991082391091,
    1.930661594627));
#1581 = CARTESIAN_POINT('',(3.199182351718,-1.01350176581,1.930661594627
    ));
#1582 = CARTESIAN_POINT('',(3.189749034566,-1.036275808073,
    1.930661594627));
#1583 = ORIENTED_EDGE('',*,*,#1300,.F.);
#1584 = ORIENTED_EDGE('',*,*,#1281,.F.);
#1585 = ORIENTED_EDGE('',*,*,#1274,.F.);
#1586 = ORIENTED_EDGE('',*,*,#1255,.F.);
#1587 = ORIENTED_EDGE('',*,*,#1244,.T.);
#1588 = SURFACE_OF_REVOLUTION('',#1589,#1594);
#1589 = CIRCLE('',#1590,0.485412195974);
#1590 = AXIS2_PLACEMENT_3D('',#1591,#1592,#1593);
#1591 = CARTESIAN_POINT('',(3.563765702719,1.061946524813,1.6));
#1592 = DIRECTION('',(-0.382683432365,0.923879532511,0.));
#1593 = DIRECTION('',(-0.523404384043,-0.216801194476,-0.824041924199));
#1594 = AXIS1_PLACEMENT('',#1595,#1596);
#1595 = CARTESIAN_POINT('',(1.,0.,0.));
#1596 = DIRECTION('',(0.,0.,-1.));
#1597 = ADVANCED_FACE('',(#1598),#1634,.T.);
#1598 = FACE_BOUND('',#1599,.T.);
#1599 = EDGE_LOOP('',(#1600,#1601,#1616,#1633));
#1600 = ORIENTED_EDGE('',*,*,#1225,.F.);
#1601 = ORIENTED_EDGE('',*,*,#1602,.F.);
#1602 = EDGE_CURVE('',#1603,#1226,#1605,.T.);
#1603 = VERTEX_POINT('',#1604);
#1604 = CARTESIAN_POINT('',(3.487468315832,-0.25,2.135020857149));
#1605 = B_SPLINE_CURVE_WITH_KNOTS('',5,(#1606,#1607,#1608,#1609,#1610,
    #1611,#1612,#1613,#1614,#1615),.UNSPECIFIED.,.F.,.F.,(6,4,6),(0.,
    0.487581797268,1.),.UNSPECIFIED.);
#1606 = CARTESIAN_POINT('',(3.487468315832,-0.25,2.135020857149));
#1607 = CARTESIAN_POINT('',(3.487468315028,-0.25,2.113553317453));
#1608 = CARTESIAN_POINT('',(3.485538837558,-0.25,2.091758529008));
#1609 = CARTESIAN_POINT('',(3.48155951924,-0.25,2.069958867183));
#1610 = CARTESIAN_POINT('',(3.475526513064,-0.25,2.048540658594));
#1611 = CARTESIAN_POINT('',(3.45920919343,-0.25,2.006097182322));
#1612 = CARTESIAN_POINT('',(3.448723912786,-0.25,1.985147071614));
#1613 = CARTESIAN_POINT('',(3.436260769607,-0.25,1.965395048007));
#1614 = CARTESIAN_POINT('',(3.422126695234,-0.25,1.947173883255));
#1615 = CARTESIAN_POINT('',(3.406679829997,-0.25,1.930661594627));
#1616 = ORIENTED_EDGE('',*,*,#1617,.T.);
#1617 = EDGE_CURVE('',#1603,#1322,#1618,.T.);
#1618 = B_SPLINE_CURVE_WITH_KNOTS('',5,(#1619,#1620,#1621,#1622,#1623,
    #1624,#1625,#1626,#1627,#1628,#1629,#1630,#1631,#1632),
  .UNSPECIFIED.,.F.,.F.,(6,4,4,6),(-0.119413470026,-1.353371911203E-07,
    1.96349554383,2.08290869425),.UNSPECIFIED.);
#1619 = CARTESIAN_POINT('',(3.264001325546,1.067032118743,2.135020857149
    ));
#1620 = CARTESIAN_POINT('',(3.273140829292,1.0449674049,2.135020857149)
  );
#1621 = CARTESIAN_POINT('',(3.282280331654,1.0229026944,2.135020857149)
  );
#1622 = CARTESIAN_POINT('',(3.291419832631,1.000837987243,2.135020857149
    ));
#1623 = CARTESIAN_POINT('',(3.300559332224,0.978773283428,2.135020857149
    ));
#1624 = CARTESIAN_POINT('',(3.45997823841,0.593901998977,2.135020857149)
  );
#1625 = CARTESIAN_POINT('',(3.539038746156,0.201591257513,2.135020857149
    ));
#1626 = CARTESIAN_POINT('',(3.539039291386,-0.201589955698,
    2.135020857149));
#1627 = CARTESIAN_POINT('',(3.45997851584,-0.593901329202,2.135020857149
    ));
#1628 = CARTESIAN_POINT('',(3.300559329455,-0.978773290113,
    2.135020857149));
#1629 = CARTESIAN_POINT('',(3.291419828478,-1.00083799727,2.135020857149
    ));
#1630 = CARTESIAN_POINT('',(3.2822803275,-1.022902704428,2.135020857149)
  );
#1631 = CARTESIAN_POINT('',(3.273140826523,-1.044967411585,
    2.135020857149));
#1632 = CARTESIAN_POINT('',(3.264001325546,-1.067032118743,
    2.135020857149));
#1633 = ORIENTED_EDGE('',*,*,#1321,.F.);
#1634 = ( BOUNDED_SURFACE() B_SPLINE_SURFACE(2,5,(
    (#1635,#1636,#1637,#1638,#1639,#1640,#1641,#1642,#1643,#1644,#1645
      ,#1646,#1647,#1648)
    ,(#1649,#1650,#1651,#1652,#1653,#1654,#1655,#1656,#1657,#1658,#1659
      ,#1660,#1661,#1662)
    ,(#1663,#1664,#1665,#1666,#1667,#1668,#1669,#1670,#1671,#1672,#1673
      ,#1674,#1675,#1676
)),.UNSPECIFIED.,.F.,.F.,.F.) B_SPLINE_SURFACE_WITH_KNOTS((3,3),(6,4,4,6
    ),(0.,1.963495679168),(-0.119413470026,-1.353371911203E-07,
    1.96349554383,2.08290869425),.UNSPECIFIED.) 
GEOMETRIC_REPRESENTATION_ITEM() RATIONAL_B_SPLINE_SURFACE((
    (1.,1.,1.,1.,1.,1.,1.,1.,1.,1.,1.,1.,1.,1.)
    ,(0.93061798229,0.93061798229,0.93061798229,0.93061798229
      ,0.93061798229,0.93061798229,0.93061798229,0.93061798229
      ,0.93061798229,0.93061798229,0.93061798229,0.93061798229
      ,0.93061798229,0.93061798229)
,(1.,1.,1.,1.,1.,1.,1.,1.,1.,1.,1.,1.,1.,1.
))) REPRESENTATION_ITEM('') SURFACE() );
#1635 = CARTESIAN_POINT('',(3.189749034566,1.036275808073,1.930661594627
    ));
#1636 = CARTESIAN_POINT('',(3.199182355483,1.013501756721,1.930661594627
    ));
#1637 = CARTESIAN_POINT('',(3.20846876641,0.991082377458,1.930661594627)
  );
#1638 = CARTESIAN_POINT('',(3.217608267348,0.969017670284,1.930661594627
    ));
#1639 = CARTESIAN_POINT('',(3.226600858298,0.9473076352,1.930661594627)
  );
#1640 = CARTESIAN_POINT('',(3.380894753976,0.574809218729,1.930661594627
    ));
#1641 = CARTESIAN_POINT('',(3.457413628123,0.195110560338,1.930661594627
    ));
#1642 = CARTESIAN_POINT('',(3.457414134116,-0.1951093668,1.930661594627)
  );
#1643 = CARTESIAN_POINT('',(3.380895040325,-0.574808527422,
    1.930661594627));
#1644 = CARTESIAN_POINT('',(3.226600854533,-0.947307644289,
    1.930661594627));
#1645 = CARTESIAN_POINT('',(3.217608261701,-0.969017683918,
    1.930661594627));
#1646 = CARTESIAN_POINT('',(3.208468760763,-0.991082391091,
    1.930661594627));
#1647 = CARTESIAN_POINT('',(3.199182351718,-1.01350176581,1.930661594627
    ));
#1648 = CARTESIAN_POINT('',(3.189749034566,-1.036275808073,
    1.930661594627));
#1649 = CARTESIAN_POINT('',(3.264001325546,1.067032118743,2.017037309501
    ));
#1650 = CARTESIAN_POINT('',(3.273140829292,1.0449674049,2.017037309501)
  );
#1651 = CARTESIAN_POINT('',(3.282280331654,1.0229026944,2.017037309501)
  );
#1652 = CARTESIAN_POINT('',(3.291419832631,1.000837987243,2.017037309501
    ));
#1653 = CARTESIAN_POINT('',(3.300559332224,0.978773283428,2.017037309501
    ));
#1654 = CARTESIAN_POINT('',(3.45997823841,0.593901998977,2.017037309501)
  );
#1655 = CARTESIAN_POINT('',(3.539038746156,0.201591257513,2.017037309501
    ));
#1656 = CARTESIAN_POINT('',(3.539039291386,-0.201589955698,
    2.017037309501));
#1657 = CARTESIAN_POINT('',(3.45997851584,-0.593901329202,2.017037309501
    ));
#1658 = CARTESIAN_POINT('',(3.300559329455,-0.978773290113,
    2.017037309501));
#1659 = CARTESIAN_POINT('',(3.291419828478,-1.00083799727,2.017037309501
    ));
#1660 = CARTESIAN_POINT('',(3.2822803275,-1.022902704428,2.017037309501)
  );
#1661 = CARTESIAN_POINT('',(3.273140826523,-1.044967411585,
    2.017037309501));
#1662 = CARTESIAN_POINT('',(3.264001325546,-1.067032118743,
    2.017037309501));
#1663 = CARTESIAN_POINT('',(3.264001325546,1.067032118743,2.135020857149
    ));
#1664 = CARTESIAN_POINT('',(3.273140829292,1.0449674049,2.135020857149)
  );
#1665 = CARTESIAN_POINT('',(3.282280331654,1.0229026944,2.135020857149)
  );
#1666 = CARTESIAN_POINT('',(3.291419832631,1.000837987243,2.135020857149
    ));
#1667 = CARTESIAN_POINT('',(3.300559332224,0.978773283428,2.135020857149
    ));
#1668 = CARTESIAN_POINT('',(3.45997823841,0.593901998977,2.135020857149)
  );
#1669 = CARTESIAN_POINT('',(3.539038746156,0.201591257513,2.135020857149
    ));
#1670 = CARTESIAN_POINT('',(3.539039291386,-0.201589955698,
    2.135020857149));
#1671 = CARTESIAN_POINT('',(3.45997851584,-0.593901329202,2.135020857149
    ));
#1672 = CARTESIAN_POINT('',(3.300559329455,-0.978773290113,
    2.135020857149));
#1673 = CARTESIAN_POINT('',(3.291419828478,-1.00083799727,2.135020857149
    ));
#1674 = CARTESIAN_POINT('',(3.2822803275,-1.022902704428,2.135020857149)
  );
#1675 = CARTESIAN_POINT('',(3.273140826523,-1.044967411585,
    2.135020857149));
#1676 = CARTESIAN_POINT('',(3.264001325546,-1.067032118743,
    2.135020857149));
#1677 = ADVANCED_FACE('',(#1678),#1704,.T.);
#1678 = FACE_BOUND('',#1679,.T.);
#1679 = EDGE_LOOP('',(#1680,#1691,#1697,#1698));
#1680 = ORIENTED_EDGE('',*,*,#1681,.T.);
#1681 = EDGE_CURVE('',#1682,#1684,#1686,.T.);
#1682 = VERTEX_POINT('',#1683);
#1683 = CARTESIAN_POINT('',(3.309698831278,-0.956708580913,4.8));
#1684 = VERTEX_POINT('',#1685);
#1685 = CARTESIAN_POINT('',(3.309698831278,0.956708580913,4.8));
#1686 = CIRCLE('',#1687,2.5);
#1687 = AXIS2_PLACEMENT_3D('',#1688,#1689,#1690);
#1688 = CARTESIAN_POINT('',(1.,0.,4.8));
#1689 = DIRECTION('',(0.,-0.,-1.));
#1690 = DIRECTION('',(0.923879532511,-0.382683432365,0.));
#1691 = ORIENTED_EDGE('',*,*,#1692,.F.);
#1692 = EDGE_CURVE('',#1337,#1684,#1693,.T.);
#1693 = LINE('',#1694,#1695);
#1694 = CARTESIAN_POINT('',(3.309698831278,0.956708580913,2.));
#1695 = VECTOR('',#1696,1.);
#1696 = DIRECTION('',(0.,0.,1.));
#1697 = ORIENTED_EDGE('',*,*,#1336,.F.);
#1698 = ORIENTED_EDGE('',*,*,#1699,.T.);
#1699 = EDGE_CURVE('',#1322,#1682,#1700,.T.);
#1700 = LINE('',#1701,#1702);
#1701 = CARTESIAN_POINT('',(3.309698831278,-0.956708580913,2.));
#1702 = VECTOR('',#1703,1.);
#1703 = DIRECTION('',(0.,0.,1.));
#1704 = CYLINDRICAL_SURFACE('',#1705,2.5);
#1705 = AXIS2_PLACEMENT_3D('',#1706,#1707,#1708);
#1706 = CARTESIAN_POINT('',(1.,0.,2.));
#1707 = DIRECTION('',(0.,0.,1.));
#1708 = DIRECTION('',(0.923879532511,-0.382683432365,0.));
#1709 = ADVANCED_FACE('',(#1710),#1732,.T.);
#1710 = FACE_BOUND('',#1711,.T.);
#1711 = EDGE_LOOP('',(#1712,#1713,#1714,#1731));
#1712 = ORIENTED_EDGE('',*,*,#1567,.F.);
#1713 = ORIENTED_EDGE('',*,*,#1508,.F.);
#1714 = ORIENTED_EDGE('',*,*,#1715,.T.);
#1715 = EDGE_CURVE('',#1490,#1603,#1716,.T.);
#1716 = B_SPLINE_CURVE_WITH_KNOTS('',5,(#1717,#1718,#1719,#1720,#1721,
    #1722,#1723,#1724,#1725,#1726,#1727,#1728,#1729,#1730),
  .UNSPECIFIED.,.F.,.F.,(6,4,4,6),(-0.119413470026,-1.353371911203E-07,
    1.96349554383,2.08290869425),.UNSPECIFIED.);
#1717 = CARTESIAN_POINT('',(3.264001325546,1.067032118743,2.135020857149
    ));
#1718 = CARTESIAN_POINT('',(3.273140829292,1.0449674049,2.135020857149)
  );
#1719 = CARTESIAN_POINT('',(3.282280331654,1.0229026944,2.135020857149)
  );
#1720 = CARTESIAN_POINT('',(3.291419832631,1.000837987243,2.135020857149
    ));
#1721 = CARTESIAN_POINT('',(3.300559332224,0.978773283428,2.135020857149
    ));
#1722 = CARTESIAN_POINT('',(3.45997823841,0.593901998977,2.135020857149)
  );
#1723 = CARTESIAN_POINT('',(3.539038746156,0.201591257513,2.135020857149
    ));
#1724 = CARTESIAN_POINT('',(3.539039291386,-0.201589955698,
    2.135020857149));
#1725 = CARTESIAN_POINT('',(3.45997851584,-0.593901329202,2.135020857149
    ));
#1726 = CARTESIAN_POINT('',(3.300559329455,-0.978773290113,
    2.135020857149));
#1727 = CARTESIAN_POINT('',(3.291419828478,-1.00083799727,2.135020857149
    ));
#1728 = CARTESIAN_POINT('',(3.2822803275,-1.022902704428,2.135020857149)
  );
#1729 = CARTESIAN_POINT('',(3.273140826523,-1.044967411585,
    2.135020857149));
#1730 = CARTESIAN_POINT('',(3.264001325546,-1.067032118743,
    2.135020857149));
#1731 = ORIENTED_EDGE('',*,*,#1602,.T.);
#1732 = ( BOUNDED_SURFACE() B_SPLINE_SURFACE(2,5,(
    (#1733,#1734,#1735,#1736,#1737,#1738,#1739,#1740,#1741,#1742,#1743
      ,#1744,#1745,#1746)
    ,(#1747,#1748,#1749,#1750,#1751,#1752,#1753,#1754,#1755,#1756,#1757
      ,#1758,#1759,#1760)
    ,(#1761,#1762,#1763,#1764,#1765,#1766,#1767,#1768,#1769,#1770,#1771
      ,#1772,#1773,#1774
)),.UNSPECIFIED.,.F.,.F.,.F.) B_SPLINE_SURFACE_WITH_KNOTS((3,3),(6,4,4,6
    ),(0.,1.963495679168),(-0.119413470026,-1.353371911203E-07,
    1.96349554383,2.08290869425),.UNSPECIFIED.) 
GEOMETRIC_REPRESENTATION_ITEM() RATIONAL_B_SPLINE_SURFACE((
    (1.,1.,1.,1.,1.,1.,1.,1.,1.,1.,1.,1.,1.,1.)
    ,(0.93061798229,0.93061798229,0.93061798229,0.93061798229
      ,0.93061798229,0.93061798229,0.93061798229,0.93061798229
      ,0.93061798229,0.93061798229,0.93061798229,0.93061798229
      ,0.93061798229,0.93061798229)
,(1.,1.,1.,1.,1.,1.,1.,1.,1.,1.,1.,1.,1.,1.
))) REPRESENTATION_ITEM('') SURFACE() );
#1733 = CARTESIAN_POINT('',(3.189749034566,1.036275808073,1.930661594627
    ));
#1734 = CARTESIAN_POINT('',(3.199182355483,1.013501756721,1.930661594627
    ));
#1735 = CARTESIAN_POINT('',(3.20846876641,0.991082377458,1.930661594627)
  );
#1736 = CARTESIAN_POINT('',(3.217608267348,0.969017670284,1.930661594627
    ));
#1737 = CARTESIAN_POINT('',(3.226600858298,0.9473076352,1.930661594627)
  );
#1738 = CARTESIAN_POINT('',(3.380894753976,0.574809218729,1.930661594627
    ));
#1739 = CARTESIAN_POINT('',(3.457413628123,0.195110560338,1.930661594627
    ));
#1740 = CARTESIAN_POINT('',(3.457414134116,-0.1951093668,1.930661594627)
  );
#1741 = CARTESIAN_POINT('',(3.380895040325,-0.574808527422,
    1.930661594627));
#1742 = CARTESIAN_POINT('',(3.226600854533,-0.947307644289,
    1.930661594627));
#1743 = CARTESIAN_POINT('',(3.217608261701,-0.969017683918,
    1.930661594627));
#1744 = CARTESIAN_POINT('',(3.208468760763,-0.991082391091,
    1.930661594627));
#1745 = CARTESIAN_POINT('',(3.199182351718,-1.01350176581,1.930661594627
    ));
#1746 = CARTESIAN_POINT('',(3.189749034566,-1.036275808073,
    1.930661594627));
#1747 = CARTESIAN_POINT('',(3.264001325546,1.067032118743,2.017037309501
    ));
#1748 = CARTESIAN_POINT('',(3.273140829292,1.0449674049,2.017037309501)
  );
#1749 = CARTESIAN_POINT('',(3.282280331654,1.0229026944,2.017037309501)
  );
#1750 = CARTESIAN_POINT('',(3.291419832631,1.000837987243,2.017037309501
    ));
#1751 = CARTESIAN_POINT('',(3.300559332224,0.978773283428,2.017037309501
    ));
#1752 = CARTESIAN_POINT('',(3.45997823841,0.593901998977,2.017037309501)
  );
#1753 = CARTESIAN_POINT('',(3.539038746156,0.201591257513,2.017037309501
    ));
#1754 = CARTESIAN_POINT('',(3.539039291386,-0.201589955698,
    2.017037309501));
#1755 = CARTESIAN_POINT('',(3.45997851584,-0.593901329202,2.017037309501
    ));
#1756 = CARTESIAN_POINT('',(3.300559329455,-0.978773290113,
    2.017037309501));
#1757 = CARTESIAN_POINT('',(3.291419828478,-1.00083799727,2.017037309501
    ));
#1758 = CARTESIAN_POINT('',(3.2822803275,-1.022902704428,2.017037309501)
  );
#1759 = CARTESIAN_POINT('',(3.273140826523,-1.044967411585,
    2.017037309501));
#1760 = CARTESIAN_POINT('',(3.264001325546,-1.067032118743,
    2.017037309501));
#1761 = CARTESIAN_POINT('',(3.264001325546,1.067032118743,2.135020857149
    ));
#1762 = CARTESIAN_POINT('',(3.273140829292,1.0449674049,2.135020857149)
  );
#1763 = CARTESIAN_POINT('',(3.282280331654,1.0229026944,2.135020857149)
  );
#1764 = CARTESIAN_POINT('',(3.291419832631,1.000837987243,2.135020857149
    ));
#1765 = CARTESIAN_POINT('',(3.300559332224,0.978773283428,2.135020857149
    ));
#1766 = CARTESIAN_POINT('',(3.45997823841,0.593901998977,2.135020857149)
  );
#1767 = CARTESIAN_POINT('',(3.539038746156,0.201591257513,2.135020857149
    ));
#1768 = CARTESIAN_POINT('',(3.539039291386,-0.201589955698,
    2.135020857149));
#1769 = CARTESIAN_POINT('',(3.45997851584,-0.593901329202,2.135020857149
    ));
#1770 = CARTESIAN_POINT('',(3.300559329455,-0.978773290113,
    2.135020857149));
#1771 = CARTESIAN_POINT('',(3.291419828478,-1.00083799727,2.135020857149
    ));
#1772 = CARTESIAN_POINT('',(3.2822803275,-1.022902704428,2.135020857149)
  );
#1773 = CARTESIAN_POINT('',(3.273140826523,-1.044967411585,
    2.135020857149));
#1774 = CARTESIAN_POINT('',(3.264001325546,-1.067032118743,
    2.135020857149));
#1775 = ADVANCED_FACE('',(#1776),#1847,.T.);
#1776 = FACE_BOUND('',#1777,.T.);
#1777 = EDGE_LOOP('',(#1778,#1785,#1786,#1787,#1795,#1809,#1818,#1832,
    #1839,#1845,#1846));
#1778 = ORIENTED_EDGE('',*,*,#1779,.T.);
#1779 = EDGE_CURVE('',#1684,#1682,#1780,.T.);
#1780 = CIRCLE('',#1781,2.5);
#1781 = AXIS2_PLACEMENT_3D('',#1782,#1783,#1784);
#1782 = CARTESIAN_POINT('',(1.,0.,4.8));
#1783 = DIRECTION('',(0.,0.,-1.));
#1784 = DIRECTION('',(0.923879532511,0.382683432365,0.));
#1785 = ORIENTED_EDGE('',*,*,#1699,.F.);
#1786 = ORIENTED_EDGE('',*,*,#1617,.F.);
#1787 = ORIENTED_EDGE('',*,*,#1788,.T.);
#1788 = EDGE_CURVE('',#1603,#1789,#1791,.T.);
#1789 = VERTEX_POINT('',#1790);
#1790 = CARTESIAN_POINT('',(3.487468592767,-0.25,3.251));
#1791 = LINE('',#1792,#1793);
#1792 = CARTESIAN_POINT('',(3.487468592767,-0.25,2.));
#1793 = VECTOR('',#1794,1.);
#1794 = DIRECTION('',(0.,0.,1.));
#1795 = ORIENTED_EDGE('',*,*,#1796,.F.);
#1796 = EDGE_CURVE('',#1797,#1789,#1799,.T.);
#1797 = VERTEX_POINT('',#1798);
#1798 = CARTESIAN_POINT('',(3.4999998,-1.E-03,3.5));
#1799 = B_SPLINE_CURVE_WITH_KNOTS('',8,(#1800,#1801,#1802,#1803,#1804,
    #1805,#1806,#1807,#1808),.UNSPECIFIED.,.F.,.F.,(9,9),(0.,1.),
  .PIECEWISE_BEZIER_KNOTS.);
#1800 = CARTESIAN_POINT('',(3.4999998,-1.E-03,3.5));
#1801 = CARTESIAN_POINT('',(3.499978617055,-5.395735907235E-02,3.5));
#1802 = CARTESIAN_POINT('',(3.498676082177,-0.104950526163,
    3.487127296357));
#1803 = CARTESIAN_POINT('',(3.496260480392,-0.151000424553,3.46305838894
    ));
#1804 = CARTESIAN_POINT('',(3.493287896111,-0.189937008149,
    3.429686411631));
#1805 = CARTESIAN_POINT('',(3.49048081622,-0.220024282271,3.389249497325
    ));
#1806 = CARTESIAN_POINT('',(3.488453332589,-0.240202972637,
    3.344185621158));
#1807 = CARTESIAN_POINT('',(3.487468592767,-0.25,3.297202715395));
#1808 = CARTESIAN_POINT('',(3.487468592767,-0.25,3.251));
#1809 = ORIENTED_EDGE('',*,*,#1810,.T.);
#1810 = EDGE_CURVE('',#1797,#1811,#1813,.T.);
#1811 = VERTEX_POINT('',#1812);
#1812 = CARTESIAN_POINT('',(3.4999998,9.999999999997E-04,3.5));
#1813 = CIRCLE('',#1814,2.5);
#1814 = AXIS2_PLACEMENT_3D('',#1815,#1816,#1817);
#1815 = CARTESIAN_POINT('',(1.,0.,3.5));
#1816 = DIRECTION('',(0.,-0.,1.));
#1817 = DIRECTION('',(0.923879532511,0.382683432365,0.));
#1818 = ORIENTED_EDGE('',*,*,#1819,.F.);
#1819 = EDGE_CURVE('',#1820,#1811,#1822,.T.);
#1820 = VERTEX_POINT('',#1821);
#1821 = CARTESIAN_POINT('',(3.487468622767,0.249999701504,3.251385552896
    ));
#1822 = B_SPLINE_CURVE_WITH_KNOTS('',8,(#1823,#1824,#1825,#1826,#1827,
    #1828,#1829,#1830,#1831),.UNSPECIFIED.,.F.,.F.,(9,9),(0.,1.),
  .PIECEWISE_BEZIER_KNOTS.);
#1823 = CARTESIAN_POINT('',(3.487468622767,0.249999701504,3.251385552896
    ));
#1824 = CARTESIAN_POINT('',(3.487475806375,0.249928225413,3.297546599758
    ));
#1825 = CARTESIAN_POINT('',(3.488466071569,0.240076163387,3.344468713965
    ));
#1826 = CARTESIAN_POINT('',(3.490495528585,0.21986657353,3.389460295011)
  );
#1827 = CARTESIAN_POINT('',(3.493300225575,0.189774954381,3.429823601109
    ));
#1828 = CARTESIAN_POINT('',(3.496267732898,0.150859143254,3.463130702916
    ));
#1829 = CARTESIAN_POINT('',(3.49867859983,0.104848949188,3.487152152151)
  );
#1830 = CARTESIAN_POINT('',(3.499978637521,5.390619388061E-02,3.5));
#1831 = CARTESIAN_POINT('',(3.4999998,1.E-03,3.5));
#1832 = ORIENTED_EDGE('',*,*,#1833,.F.);
#1833 = EDGE_CURVE('',#1834,#1820,#1836,.T.);
#1834 = VERTEX_POINT('',#1835);
#1835 = CARTESIAN_POINT('',(3.487468592767,0.25,3.251));
#1836 = B_SPLINE_CURVE_WITH_KNOTS('',1,(#1837,#1838),.UNSPECIFIED.,.F.,
  .F.,(2,2),(0.,1.),.PIECEWISE_BEZIER_KNOTS.);
#1837 = CARTESIAN_POINT('',(3.487468592767,0.25,3.251));
#1838 = CARTESIAN_POINT('',(3.487468622767,0.249999701504,3.251385552896
    ));
#1839 = ORIENTED_EDGE('',*,*,#1840,.F.);
#1840 = EDGE_CURVE('',#1490,#1834,#1841,.T.);
#1841 = LINE('',#1842,#1843);
#1842 = CARTESIAN_POINT('',(3.487468592767,0.25,2.));
#1843 = VECTOR('',#1844,1.);
#1844 = DIRECTION('',(0.,0.,1.));
#1845 = ORIENTED_EDGE('',*,*,#1489,.F.);
#1846 = ORIENTED_EDGE('',*,*,#1692,.T.);
#1847 = CYLINDRICAL_SURFACE('',#1848,2.5);
#1848 = AXIS2_PLACEMENT_3D('',#1849,#1850,#1851);
#1849 = CARTESIAN_POINT('',(1.,0.,2.));
#1850 = DIRECTION('',(0.,0.,1.));
#1851 = DIRECTION('',(0.923879532511,0.382683432365,-0.));
#1852 = ADVANCED_FACE('',(#1853),#1881,.T.);
#1853 = FACE_BOUND('',#1854,.T.);
#1854 = EDGE_LOOP('',(#1855,#1864,#1873,#1880));
#1855 = ORIENTED_EDGE('',*,*,#1856,.T.);
#1856 = EDGE_CURVE('',#1682,#1857,#1859,.T.);
#1857 = VERTEX_POINT('',#1858);
#1858 = CARTESIAN_POINT('',(3.124922924776,-0.88017189444,5.));
#1859 = CIRCLE('',#1860,0.2);
#1860 = AXIS2_PLACEMENT_3D('',#1861,#1862,#1863);
#1861 = CARTESIAN_POINT('',(3.124922924776,-0.88017189444,4.8));
#1862 = DIRECTION('',(-0.382683432365,-0.923879532511,0.));
#1863 = DIRECTION('',(0.923879532511,-0.382683432365,-4.440892098502E-15
    ));
#1864 = ORIENTED_EDGE('',*,*,#1865,.T.);
#1865 = EDGE_CURVE('',#1857,#1866,#1868,.T.);
#1866 = VERTEX_POINT('',#1867);
#1867 = CARTESIAN_POINT('',(3.124922924776,0.88017189444,5.));
#1868 = CIRCLE('',#1869,2.3);
#1869 = AXIS2_PLACEMENT_3D('',#1870,#1871,#1872);
#1870 = CARTESIAN_POINT('',(1.,0.,5.));
#1871 = DIRECTION('',(0.,-0.,-1.));
#1872 = DIRECTION('',(0.923879532511,-0.382683432365,0.));
#1873 = ORIENTED_EDGE('',*,*,#1874,.F.);
#1874 = EDGE_CURVE('',#1684,#1866,#1875,.T.);
#1875 = CIRCLE('',#1876,0.2);
#1876 = AXIS2_PLACEMENT_3D('',#1877,#1878,#1879);
#1877 = CARTESIAN_POINT('',(3.124922924776,0.88017189444,4.8));
#1878 = DIRECTION('',(0.382683432365,-0.923879532511,0.));
#1879 = DIRECTION('',(0.923879532511,0.382683432365,-4.440892098502E-15)
  );
#1880 = ORIENTED_EDGE('',*,*,#1681,.F.);
#1881 = TOROIDAL_SURFACE('',#1882,2.3,0.2);
#1882 = AXIS2_PLACEMENT_3D('',#1883,#1884,#1885);
#1883 = CARTESIAN_POINT('',(1.,0.,4.8));
#1884 = DIRECTION('',(0.,0.,1.));
#1885 = DIRECTION('',(0.923879532511,-0.382683432365,0.));
#1886 = ADVANCED_FACE('',(#1887),#1896,.T.);
#1887 = FACE_BOUND('',#1888,.T.);
#1888 = EDGE_LOOP('',(#1889,#1890,#1891,#1892,#1893,#1894,#1895));
#1889 = ORIENTED_EDGE('',*,*,#1833,.T.);
#1890 = ORIENTED_EDGE('',*,*,#1819,.T.);
#1891 = ORIENTED_EDGE('',*,*,#1810,.F.);
#1892 = ORIENTED_EDGE('',*,*,#1796,.T.);
#1893 = ORIENTED_EDGE('',*,*,#1788,.F.);
#1894 = ORIENTED_EDGE('',*,*,#1715,.F.);
#1895 = ORIENTED_EDGE('',*,*,#1840,.T.);
#1896 = CYLINDRICAL_SURFACE('',#1897,2.5);
#1897 = AXIS2_PLACEMENT_3D('',#1898,#1899,#1900);
#1898 = CARTESIAN_POINT('',(1.,0.,2.));
#1899 = DIRECTION('',(0.,0.,1.));
#1900 = DIRECTION('',(0.923879532511,0.382683432365,-0.));
#1901 = ADVANCED_FACE('',(#1902),#1914,.T.);
#1902 = FACE_BOUND('',#1903,.T.);
#1903 = EDGE_LOOP('',(#1904,#1905,#1912,#1913));
#1904 = ORIENTED_EDGE('',*,*,#1874,.T.);
#1905 = ORIENTED_EDGE('',*,*,#1906,.T.);
#1906 = EDGE_CURVE('',#1866,#1857,#1907,.T.);
#1907 = CIRCLE('',#1908,2.3);
#1908 = AXIS2_PLACEMENT_3D('',#1909,#1910,#1911);
#1909 = CARTESIAN_POINT('',(1.,0.,5.));
#1910 = DIRECTION('',(0.,0.,-1.));
#1911 = DIRECTION('',(0.923879532511,0.382683432365,0.));
#1912 = ORIENTED_EDGE('',*,*,#1856,.F.);
#1913 = ORIENTED_EDGE('',*,*,#1779,.F.);
#1914 = TOROIDAL_SURFACE('',#1915,2.3,0.2);
#1915 = AXIS2_PLACEMENT_3D('',#1916,#1917,#1918);
#1916 = CARTESIAN_POINT('',(1.,0.,4.8));
#1917 = DIRECTION('',(0.,0.,1.));
#1918 = DIRECTION('',(0.923879532511,0.382683432365,-0.));
#1919 = ADVANCED_FACE('',(#1920),#1946,.F.);
#1920 = FACE_BOUND('',#1921,.F.);
#1921 = EDGE_LOOP('',(#1922,#1923,#1931,#1940));
#1922 = ORIENTED_EDGE('',*,*,#1865,.T.);
#1923 = ORIENTED_EDGE('',*,*,#1924,.T.);
#1924 = EDGE_CURVE('',#1866,#1925,#1927,.T.);
#1925 = VERTEX_POINT('',#1926);
#1926 = CARTESIAN_POINT('',(2.616789181895,0.669696006639,5.));
#1927 = LINE('',#1928,#1929);
#1928 = CARTESIAN_POINT('',(3.124922924776,0.88017189444,5.));
#1929 = VECTOR('',#1930,1.);
#1930 = DIRECTION('',(-0.923879532511,-0.382683432365,0.));
#1931 = ORIENTED_EDGE('',*,*,#1932,.F.);
#1932 = EDGE_CURVE('',#1933,#1925,#1935,.T.);
#1933 = VERTEX_POINT('',#1934);
#1934 = CARTESIAN_POINT('',(2.616789181895,-0.669696006639,5.));
#1935 = CIRCLE('',#1936,1.75);
#1936 = AXIS2_PLACEMENT_3D('',#1937,#1938,#1939);
#1937 = CARTESIAN_POINT('',(1.,0.,5.));
#1938 = DIRECTION('',(0.,-0.,-1.));
#1939 = DIRECTION('',(0.923879532511,-0.382683432365,0.));
#1940 = ORIENTED_EDGE('',*,*,#1941,.F.);
#1941 = EDGE_CURVE('',#1857,#1933,#1942,.T.);
#1942 = LINE('',#1943,#1944);
#1943 = CARTESIAN_POINT('',(3.124922924776,-0.88017189444,5.));
#1944 = VECTOR('',#1945,1.);
#1945 = DIRECTION('',(-0.923879532511,0.382683432365,0.));
#1946 = PLANE('',#1947);
#1947 = AXIS2_PLACEMENT_3D('',#1948,#1949,#1950);
#1948 = CARTESIAN_POINT('',(1.,0.,5.));
#1949 = DIRECTION('',(0.,0.,-1.));
#1950 = DIRECTION('',(0.923879532511,-0.382683432365,0.));
#1951 = ADVANCED_FACE('',(#1952),#1964,.F.);
#1952 = FACE_BOUND('',#1953,.F.);
#1953 = EDGE_LOOP('',(#1954,#1955,#1956,#1963));
#1954 = ORIENTED_EDGE('',*,*,#1906,.T.);
#1955 = ORIENTED_EDGE('',*,*,#1941,.T.);
#1956 = ORIENTED_EDGE('',*,*,#1957,.F.);
#1957 = EDGE_CURVE('',#1925,#1933,#1958,.T.);
#1958 = CIRCLE('',#1959,1.75);
#1959 = AXIS2_PLACEMENT_3D('',#1960,#1961,#1962);
#1960 = CARTESIAN_POINT('',(1.,0.,5.));
#1961 = DIRECTION('',(0.,0.,-1.));
#1962 = DIRECTION('',(0.923879532511,0.382683432365,0.));
#1963 = ORIENTED_EDGE('',*,*,#1924,.F.);
#1964 = PLANE('',#1965);
#1965 = AXIS2_PLACEMENT_3D('',#1966,#1967,#1968);
#1966 = CARTESIAN_POINT('',(1.,0.,5.));
#1967 = DIRECTION('',(0.,0.,-1.));
#1968 = DIRECTION('',(0.923879532511,0.382683432365,0.));
#1969 = ADVANCED_FACE('',(#1970),#2107,.F.);
#1970 = FACE_BOUND('',#1971,.F.);
#1971 = EDGE_LOOP('',(#1972,#1980,#1981,#1989,#1998,#2006,#2015,#2023,
    #2032,#2040,#2049,#2058,#2066,#2075,#2083,#2092,#2100));
#1972 = ORIENTED_EDGE('',*,*,#1973,.F.);
#1973 = EDGE_CURVE('',#1933,#1974,#1976,.T.);
#1974 = VERTEX_POINT('',#1975);
#1975 = CARTESIAN_POINT('',(2.616789181895,-0.669696006639,4.9));
#1976 = LINE('',#1977,#1978);
#1977 = CARTESIAN_POINT('',(2.616789181895,-0.669696006639,5.));
#1978 = VECTOR('',#1979,1.);
#1979 = DIRECTION('',(0.,0.,-1.));
#1980 = ORIENTED_EDGE('',*,*,#1932,.T.);
#1981 = ORIENTED_EDGE('',*,*,#1982,.T.);
#1982 = EDGE_CURVE('',#1925,#1983,#1985,.T.);
#1983 = VERTEX_POINT('',#1984);
#1984 = CARTESIAN_POINT('',(2.616789181895,0.669696006639,4.9));
#1985 = LINE('',#1986,#1987);
#1986 = CARTESIAN_POINT('',(2.616789181895,0.669696006639,5.));
#1987 = VECTOR('',#1988,1.);
#1988 = DIRECTION('',(0.,0.,-1.));
#1989 = ORIENTED_EDGE('',*,*,#1990,.T.);
#1990 = EDGE_CURVE('',#1983,#1991,#1993,.T.);
#1991 = VERTEX_POINT('',#1992);
#1992 = CARTESIAN_POINT('',(1.05,1.749285568454,4.9));
#1993 = CIRCLE('',#1994,1.75);
#1994 = AXIS2_PLACEMENT_3D('',#1995,#1996,#1997);
#1995 = CARTESIAN_POINT('',(1.,0.,4.9));
#1996 = DIRECTION('',(0.,0.,1.));
#1997 = DIRECTION('',(-1.,1.224646799147E-16,0.));
#1998 = ORIENTED_EDGE('',*,*,#1999,.T.);
#1999 = EDGE_CURVE('',#1991,#2000,#2002,.T.);
#2000 = VERTEX_POINT('',#2001);
#2001 = CARTESIAN_POINT('',(1.05,1.749285568454,4.8));
#2002 = LINE('',#2003,#2004);
#2003 = CARTESIAN_POINT('',(1.05,1.749285568454,4.7));
#2004 = VECTOR('',#2005,1.);
#2005 = DIRECTION('',(0.,0.,-1.));
#2006 = ORIENTED_EDGE('',*,*,#2007,.F.);
#2007 = EDGE_CURVE('',#2008,#2000,#2010,.T.);
#2008 = VERTEX_POINT('',#2009);
#2009 = CARTESIAN_POINT('',(0.95,1.749285568454,4.8));
#2010 = CIRCLE('',#2011,1.75);
#2011 = AXIS2_PLACEMENT_3D('',#2012,#2013,#2014);
#2012 = CARTESIAN_POINT('',(1.,0.,4.8));
#2013 = DIRECTION('',(0.,0.,-1.));
#2014 = DIRECTION('',(-1.,1.224646799147E-16,0.));
#2015 = ORIENTED_EDGE('',*,*,#2016,.F.);
#2016 = EDGE_CURVE('',#2017,#2008,#2019,.T.);
#2017 = VERTEX_POINT('',#2018);
#2018 = CARTESIAN_POINT('',(0.95,1.749285568454,4.9));
#2019 = LINE('',#2020,#2021);
#2020 = CARTESIAN_POINT('',(0.95,1.749285568454,4.7));
#2021 = VECTOR('',#2022,1.);
#2022 = DIRECTION('',(0.,0.,-1.));
#2023 = ORIENTED_EDGE('',*,*,#2024,.T.);
#2024 = EDGE_CURVE('',#2017,#2025,#2027,.T.);
#2025 = VERTEX_POINT('',#2026);
#2026 = CARTESIAN_POINT('',(-0.749285568454,5.000000000002E-02,4.9));
#2027 = CIRCLE('',#2028,1.75);
#2028 = AXIS2_PLACEMENT_3D('',#2029,#2030,#2031);
#2029 = CARTESIAN_POINT('',(1.,0.,4.9));
#2030 = DIRECTION('',(0.,0.,1.));
#2031 = DIRECTION('',(-1.,1.224646799147E-16,0.));
#2032 = ORIENTED_EDGE('',*,*,#2033,.T.);
#2033 = EDGE_CURVE('',#2025,#2034,#2036,.T.);
#2034 = VERTEX_POINT('',#2035);
#2035 = CARTESIAN_POINT('',(-0.749285568454,5.E-02,4.8));
#2036 = LINE('',#2037,#2038);
#2037 = CARTESIAN_POINT('',(-0.749285568454,5.E-02,4.7));
#2038 = VECTOR('',#2039,1.);
#2039 = DIRECTION('',(0.,0.,-1.));
#2040 = ORIENTED_EDGE('',*,*,#2041,.F.);
#2041 = EDGE_CURVE('',#2042,#2034,#2044,.T.);
#2042 = VERTEX_POINT('',#2043);
#2043 = CARTESIAN_POINT('',(-0.75,2.143131898508E-16,4.8));
#2044 = CIRCLE('',#2045,1.75);
#2045 = AXIS2_PLACEMENT_3D('',#2046,#2047,#2048);
#2046 = CARTESIAN_POINT('',(1.,0.,4.8));
#2047 = DIRECTION('',(0.,0.,-1.));
#2048 = DIRECTION('',(-1.,1.224646799147E-16,0.));
#2049 = ORIENTED_EDGE('',*,*,#2050,.F.);
#2050 = EDGE_CURVE('',#2051,#2042,#2053,.T.);
#2051 = VERTEX_POINT('',#2052);
#2052 = CARTESIAN_POINT('',(-0.749285568454,-5.E-02,4.8));
#2053 = CIRCLE('',#2054,1.75);
#2054 = AXIS2_PLACEMENT_3D('',#2055,#2056,#2057);
#2055 = CARTESIAN_POINT('',(1.,0.,4.8));
#2056 = DIRECTION('',(0.,0.,-1.));
#2057 = DIRECTION('',(-1.,1.224646799147E-16,0.));
#2058 = ORIENTED_EDGE('',*,*,#2059,.F.);
#2059 = EDGE_CURVE('',#2060,#2051,#2062,.T.);
#2060 = VERTEX_POINT('',#2061);
#2061 = CARTESIAN_POINT('',(-0.749285568454,-5.000000000002E-02,4.9));
#2062 = LINE('',#2063,#2064);
#2063 = CARTESIAN_POINT('',(-0.749285568454,-5.E-02,4.7));
#2064 = VECTOR('',#2065,1.);
#2065 = DIRECTION('',(0.,0.,-1.));
#2066 = ORIENTED_EDGE('',*,*,#2067,.T.);
#2067 = EDGE_CURVE('',#2060,#2068,#2070,.T.);
#2068 = VERTEX_POINT('',#2069);
#2069 = CARTESIAN_POINT('',(0.95,-1.749285568454,4.9));
#2070 = CIRCLE('',#2071,1.75);
#2071 = AXIS2_PLACEMENT_3D('',#2072,#2073,#2074);
#2072 = CARTESIAN_POINT('',(1.,0.,4.9));
#2073 = DIRECTION('',(0.,0.,1.));
#2074 = DIRECTION('',(-1.,1.224646799147E-16,0.));
#2075 = ORIENTED_EDGE('',*,*,#2076,.T.);
#2076 = EDGE_CURVE('',#2068,#2077,#2079,.T.);
#2077 = VERTEX_POINT('',#2078);
#2078 = CARTESIAN_POINT('',(0.95,-1.749285568454,4.8));
#2079 = LINE('',#2080,#2081);
#2080 = CARTESIAN_POINT('',(0.95,-1.749285568454,4.7));
#2081 = VECTOR('',#2082,1.);
#2082 = DIRECTION('',(0.,0.,-1.));
#2083 = ORIENTED_EDGE('',*,*,#2084,.F.);
#2084 = EDGE_CURVE('',#2085,#2077,#2087,.T.);
#2085 = VERTEX_POINT('',#2086);
#2086 = CARTESIAN_POINT('',(1.05,-1.749285568454,4.8));
#2087 = CIRCLE('',#2088,1.75);
#2088 = AXIS2_PLACEMENT_3D('',#2089,#2090,#2091);
#2089 = CARTESIAN_POINT('',(1.,0.,4.8));
#2090 = DIRECTION('',(0.,0.,-1.));
#2091 = DIRECTION('',(-1.,1.224646799147E-16,0.));
#2092 = ORIENTED_EDGE('',*,*,#2093,.F.);
#2093 = EDGE_CURVE('',#2094,#2085,#2096,.T.);
#2094 = VERTEX_POINT('',#2095);
#2095 = CARTESIAN_POINT('',(1.05,-1.749285568454,4.9));
#2096 = LINE('',#2097,#2098);
#2097 = CARTESIAN_POINT('',(1.05,-1.749285568454,4.7));
#2098 = VECTOR('',#2099,1.);
#2099 = DIRECTION('',(0.,0.,-1.));
#2100 = ORIENTED_EDGE('',*,*,#2101,.T.);
#2101 = EDGE_CURVE('',#2094,#1974,#2102,.T.);
#2102 = CIRCLE('',#2103,1.75);
#2103 = AXIS2_PLACEMENT_3D('',#2104,#2105,#2106);
#2104 = CARTESIAN_POINT('',(1.,0.,4.9));
#2105 = DIRECTION('',(0.,0.,1.));
#2106 = DIRECTION('',(-1.,1.224646799147E-16,0.));
#2107 = CYLINDRICAL_SURFACE('',#2108,1.75);
#2108 = AXIS2_PLACEMENT_3D('',#2109,#2110,#2111);
#2109 = CARTESIAN_POINT('',(1.,0.,5.));
#2110 = DIRECTION('',(0.,0.,-1.));
#2111 = DIRECTION('',(0.923879532511,-0.382683432365,0.));
#2112 = ADVANCED_FACE('',(#2113),#2159,.F.);
#2113 = FACE_BOUND('',#2114,.F.);
#2114 = EDGE_LOOP('',(#2115,#2116,#2117,#2118,#2127,#2135,#2144,#2152));
#2115 = ORIENTED_EDGE('',*,*,#1982,.F.);
#2116 = ORIENTED_EDGE('',*,*,#1957,.T.);
#2117 = ORIENTED_EDGE('',*,*,#1973,.T.);
#2118 = ORIENTED_EDGE('',*,*,#2119,.T.);
#2119 = EDGE_CURVE('',#1974,#2120,#2122,.T.);
#2120 = VERTEX_POINT('',#2121);
#2121 = CARTESIAN_POINT('',(2.749285568454,-4.999999999996E-02,4.9));
#2122 = CIRCLE('',#2123,1.75);
#2123 = AXIS2_PLACEMENT_3D('',#2124,#2125,#2126);
#2124 = CARTESIAN_POINT('',(1.,0.,4.9));
#2125 = DIRECTION('',(0.,0.,1.));
#2126 = DIRECTION('',(-1.,1.224646799147E-16,0.));
#2127 = ORIENTED_EDGE('',*,*,#2128,.T.);
#2128 = EDGE_CURVE('',#2120,#2129,#2131,.T.);
#2129 = VERTEX_POINT('',#2130);
#2130 = CARTESIAN_POINT('',(2.749285568454,-5.E-02,4.8));
#2131 = LINE('',#2132,#2133);
#2132 = CARTESIAN_POINT('',(2.749285568454,-5.E-02,4.7));
#2133 = VECTOR('',#2134,1.);
#2134 = DIRECTION('',(0.,0.,-1.));
#2135 = ORIENTED_EDGE('',*,*,#2136,.F.);
#2136 = EDGE_CURVE('',#2137,#2129,#2139,.T.);
#2137 = VERTEX_POINT('',#2138);
#2138 = CARTESIAN_POINT('',(2.749285568454,5.E-02,4.8));
#2139 = CIRCLE('',#2140,1.75);
#2140 = AXIS2_PLACEMENT_3D('',#2141,#2142,#2143);
#2141 = CARTESIAN_POINT('',(1.,0.,4.8));
#2142 = DIRECTION('',(0.,0.,-1.));
#2143 = DIRECTION('',(-1.,1.224646799147E-16,0.));
#2144 = ORIENTED_EDGE('',*,*,#2145,.F.);
#2145 = EDGE_CURVE('',#2146,#2137,#2148,.T.);
#2146 = VERTEX_POINT('',#2147);
#2147 = CARTESIAN_POINT('',(2.749285568454,4.999999999996E-02,4.9));
#2148 = LINE('',#2149,#2150);
#2149 = CARTESIAN_POINT('',(2.749285568454,5.E-02,4.7));
#2150 = VECTOR('',#2151,1.);
#2151 = DIRECTION('',(0.,0.,-1.));
#2152 = ORIENTED_EDGE('',*,*,#2153,.T.);
#2153 = EDGE_CURVE('',#2146,#1983,#2154,.T.);
#2154 = CIRCLE('',#2155,1.75);
#2155 = AXIS2_PLACEMENT_3D('',#2156,#2157,#2158);
#2156 = CARTESIAN_POINT('',(1.,0.,4.9));
#2157 = DIRECTION('',(0.,0.,1.));
#2158 = DIRECTION('',(-1.,1.224646799147E-16,0.));
#2159 = CYLINDRICAL_SURFACE('',#2160,1.75);
#2160 = AXIS2_PLACEMENT_3D('',#2161,#2162,#2163);
#2161 = CARTESIAN_POINT('',(1.,0.,5.));
#2162 = DIRECTION('',(0.,0.,-1.));
#2163 = DIRECTION('',(0.923879532511,0.382683432365,0.));
#2164 = ADVANCED_FACE('',(#2165),#2183,.T.);
#2165 = FACE_BOUND('',#2166,.T.);
#2166 = EDGE_LOOP('',(#2167,#2175,#2176,#2177));
#2167 = ORIENTED_EDGE('',*,*,#2168,.F.);
#2168 = EDGE_CURVE('',#2094,#2169,#2171,.T.);
#2169 = VERTEX_POINT('',#2170);
#2170 = CARTESIAN_POINT('',(1.05,-5.E-02,4.9));
#2171 = LINE('',#2172,#2173);
#2172 = CARTESIAN_POINT('',(1.05,-5.05,4.9));
#2173 = VECTOR('',#2174,1.);
#2174 = DIRECTION('',(1.224646799147E-16,1.,0.));
#2175 = ORIENTED_EDGE('',*,*,#2101,.T.);
#2176 = ORIENTED_EDGE('',*,*,#2119,.T.);
#2177 = ORIENTED_EDGE('',*,*,#2178,.F.);
#2178 = EDGE_CURVE('',#2169,#2120,#2179,.T.);
#2179 = LINE('',#2180,#2181);
#2180 = CARTESIAN_POINT('',(1.05,-5.E-02,4.9));
#2181 = VECTOR('',#2182,1.);
#2182 = DIRECTION('',(1.,-1.224646799147E-16,0.));
#2183 = PLANE('',#2184);
#2184 = AXIS2_PLACEMENT_3D('',#2185,#2186,#2187);
#2185 = CARTESIAN_POINT('',(1.,-1.239108604125E-16,4.9));
#2186 = DIRECTION('',(0.,0.,1.));
#2187 = DIRECTION('',(-1.,1.224646799147E-16,0.));
#2188 = ADVANCED_FACE('',(#2189),#2207,.F.);
#2189 = FACE_BOUND('',#2190,.F.);
#2190 = EDGE_LOOP('',(#2191,#2192,#2193,#2201));
#2191 = ORIENTED_EDGE('',*,*,#2168,.F.);
#2192 = ORIENTED_EDGE('',*,*,#2093,.T.);
#2193 = ORIENTED_EDGE('',*,*,#2194,.T.);
#2194 = EDGE_CURVE('',#2085,#2195,#2197,.T.);
#2195 = VERTEX_POINT('',#2196);
#2196 = CARTESIAN_POINT('',(1.05,-5.E-02,4.8));
#2197 = LINE('',#2198,#2199);
#2198 = CARTESIAN_POINT('',(1.05,-5.05,4.8));
#2199 = VECTOR('',#2200,1.);
#2200 = DIRECTION('',(1.224646799147E-16,1.,0.));
#2201 = ORIENTED_EDGE('',*,*,#2202,.F.);
#2202 = EDGE_CURVE('',#2169,#2195,#2203,.T.);
#2203 = LINE('',#2204,#2205);
#2204 = CARTESIAN_POINT('',(1.05,-5.E-02,4.9));
#2205 = VECTOR('',#2206,1.);
#2206 = DIRECTION('',(0.,0.,-1.));
#2207 = PLANE('',#2208);
#2208 = AXIS2_PLACEMENT_3D('',#2209,#2210,#2211);
#2209 = CARTESIAN_POINT('',(1.05,-5.05,4.9));
#2210 = DIRECTION('',(1.,-1.224646799147E-16,0.));
#2211 = DIRECTION('',(1.224646799147E-16,1.,0.));
#2212 = ADVANCED_FACE('',(#2213),#2231,.T.);
#2213 = FACE_BOUND('',#2214,.T.);
#2214 = EDGE_LOOP('',(#2215,#2216,#2217,#2225));
#2215 = ORIENTED_EDGE('',*,*,#2153,.T.);
#2216 = ORIENTED_EDGE('',*,*,#1990,.T.);
#2217 = ORIENTED_EDGE('',*,*,#2218,.F.);
#2218 = EDGE_CURVE('',#2219,#1991,#2221,.T.);
#2219 = VERTEX_POINT('',#2220);
#2220 = CARTESIAN_POINT('',(1.05,5.E-02,4.9));
#2221 = LINE('',#2222,#2223);
#2222 = CARTESIAN_POINT('',(1.05,5.E-02,4.9));
#2223 = VECTOR('',#2224,1.);
#2224 = DIRECTION('',(1.224646799147E-16,1.,0.));
#2225 = ORIENTED_EDGE('',*,*,#2226,.F.);
#2226 = EDGE_CURVE('',#2146,#2219,#2227,.T.);
#2227 = LINE('',#2228,#2229);
#2228 = CARTESIAN_POINT('',(6.05,5.E-02,4.9));
#2229 = VECTOR('',#2230,1.);
#2230 = DIRECTION('',(-1.,1.224646799147E-16,0.));
#2231 = PLANE('',#2232);
#2232 = AXIS2_PLACEMENT_3D('',#2233,#2234,#2235);
#2233 = CARTESIAN_POINT('',(1.,-1.239108604125E-16,4.9));
#2234 = DIRECTION('',(0.,0.,1.));
#2235 = DIRECTION('',(-1.,1.224646799147E-16,0.));
#2236 = ADVANCED_FACE('',(#2237),#2293,.T.);
#2237 = FACE_BOUND('',#2238,.T.);
#2238 = EDGE_LOOP('',(#2239,#2247,#2253,#2254,#2255,#2261,#2262,#2270,
    #2276,#2277,#2285,#2291,#2292));
#2239 = ORIENTED_EDGE('',*,*,#2240,.T.);
#2240 = EDGE_CURVE('',#2051,#2241,#2243,.T.);
#2241 = VERTEX_POINT('',#2242);
#2242 = CARTESIAN_POINT('',(0.95,-5.E-02,4.8));
#2243 = LINE('',#2244,#2245);
#2244 = CARTESIAN_POINT('',(-4.05,-5.E-02,4.8));
#2245 = VECTOR('',#2246,1.);
#2246 = DIRECTION('',(1.,-5.723907721801E-17,0.));
#2247 = ORIENTED_EDGE('',*,*,#2248,.T.);
#2248 = EDGE_CURVE('',#2241,#2077,#2249,.T.);
#2249 = LINE('',#2250,#2251);
#2250 = CARTESIAN_POINT('',(0.95,-5.E-02,4.8));
#2251 = VECTOR('',#2252,1.);
#2252 = DIRECTION('',(-1.224646799147E-16,-1.,0.));
#2253 = ORIENTED_EDGE('',*,*,#2084,.F.);
#2254 = ORIENTED_EDGE('',*,*,#2194,.T.);
#2255 = ORIENTED_EDGE('',*,*,#2256,.T.);
#2256 = EDGE_CURVE('',#2195,#2129,#2257,.T.);
#2257 = LINE('',#2258,#2259);
#2258 = CARTESIAN_POINT('',(1.05,-5.E-02,4.8));
#2259 = VECTOR('',#2260,1.);
#2260 = DIRECTION('',(1.,-1.224646799147E-16,0.));
#2261 = ORIENTED_EDGE('',*,*,#2136,.F.);
#2262 = ORIENTED_EDGE('',*,*,#2263,.T.);
#2263 = EDGE_CURVE('',#2137,#2264,#2266,.T.);
#2264 = VERTEX_POINT('',#2265);
#2265 = CARTESIAN_POINT('',(1.05,5.E-02,4.8));
#2266 = LINE('',#2267,#2268);
#2267 = CARTESIAN_POINT('',(6.05,5.E-02,4.8));
#2268 = VECTOR('',#2269,1.);
#2269 = DIRECTION('',(-1.,1.224646799147E-16,0.));
#2270 = ORIENTED_EDGE('',*,*,#2271,.T.);
#2271 = EDGE_CURVE('',#2264,#2000,#2272,.T.);
#2272 = LINE('',#2273,#2274);
#2273 = CARTESIAN_POINT('',(1.05,5.E-02,4.8));
#2274 = VECTOR('',#2275,1.);
#2275 = DIRECTION('',(1.224646799147E-16,1.,0.));
#2276 = ORIENTED_EDGE('',*,*,#2007,.F.);
#2277 = ORIENTED_EDGE('',*,*,#2278,.T.);
#2278 = EDGE_CURVE('',#2008,#2279,#2281,.T.);
#2279 = VERTEX_POINT('',#2280);
#2280 = CARTESIAN_POINT('',(0.95,5.E-02,4.8));
#2281 = LINE('',#2282,#2283);
#2282 = CARTESIAN_POINT('',(0.95,5.05,4.8));
#2283 = VECTOR('',#2284,1.);
#2284 = DIRECTION('',(-1.224646799147E-16,-1.,0.));
#2285 = ORIENTED_EDGE('',*,*,#2286,.T.);
#2286 = EDGE_CURVE('',#2279,#2034,#2287,.T.);
#2287 = LINE('',#2288,#2289);
#2288 = CARTESIAN_POINT('',(0.95,5.E-02,4.8));
#2289 = VECTOR('',#2290,1.);
#2290 = DIRECTION('',(-1.,1.224646799147E-16,0.));
#2291 = ORIENTED_EDGE('',*,*,#2041,.F.);
#2292 = ORIENTED_EDGE('',*,*,#2050,.F.);
#2293 = PLANE('',#2294);
#2294 = AXIS2_PLACEMENT_3D('',#2295,#2296,#2297);
#2295 = CARTESIAN_POINT('',(1.,-3.503797911874E-17,4.8));
#2296 = DIRECTION('',(-6.92799192911E-33,5.09829149655E-32,1.));
#2297 = DIRECTION('',(-1.224646799147E-16,-1.,5.09829149655E-32));
#2298 = ADVANCED_FACE('',(#2299),#2310,.F.);
#2299 = FACE_BOUND('',#2300,.F.);
#2300 = EDGE_LOOP('',(#2301,#2302,#2308,#2309));
#2301 = ORIENTED_EDGE('',*,*,#2218,.F.);
#2302 = ORIENTED_EDGE('',*,*,#2303,.T.);
#2303 = EDGE_CURVE('',#2219,#2264,#2304,.T.);
#2304 = LINE('',#2305,#2306);
#2305 = CARTESIAN_POINT('',(1.05,5.E-02,4.9));
#2306 = VECTOR('',#2307,1.);
#2307 = DIRECTION('',(0.,0.,-1.));
#2308 = ORIENTED_EDGE('',*,*,#2271,.T.);
#2309 = ORIENTED_EDGE('',*,*,#1999,.F.);
#2310 = PLANE('',#2311);
#2311 = AXIS2_PLACEMENT_3D('',#2312,#2313,#2314);
#2312 = CARTESIAN_POINT('',(1.05,5.E-02,4.9));
#2313 = DIRECTION('',(1.,-1.224646799147E-16,0.));
#2314 = DIRECTION('',(1.224646799147E-16,1.,0.));
#2315 = ADVANCED_FACE('',(#2316),#2334,.F.);
#2316 = FACE_BOUND('',#2317,.F.);
#2317 = EDGE_LOOP('',(#2318,#2326,#2332,#2333));
#2318 = ORIENTED_EDGE('',*,*,#2319,.F.);
#2319 = EDGE_CURVE('',#2320,#2068,#2322,.T.);
#2320 = VERTEX_POINT('',#2321);
#2321 = CARTESIAN_POINT('',(0.95,-5.E-02,4.9));
#2322 = LINE('',#2323,#2324);
#2323 = CARTESIAN_POINT('',(0.95,-5.E-02,4.9));
#2324 = VECTOR('',#2325,1.);
#2325 = DIRECTION('',(-1.224646799147E-16,-1.,0.));
#2326 = ORIENTED_EDGE('',*,*,#2327,.T.);
#2327 = EDGE_CURVE('',#2320,#2241,#2328,.T.);
#2328 = LINE('',#2329,#2330);
#2329 = CARTESIAN_POINT('',(0.95,-5.E-02,4.9));
#2330 = VECTOR('',#2331,1.);
#2331 = DIRECTION('',(0.,0.,-1.));
#2332 = ORIENTED_EDGE('',*,*,#2248,.T.);
#2333 = ORIENTED_EDGE('',*,*,#2076,.F.);
#2334 = PLANE('',#2335);
#2335 = AXIS2_PLACEMENT_3D('',#2336,#2337,#2338);
#2336 = CARTESIAN_POINT('',(0.95,-5.E-02,4.9));
#2337 = DIRECTION('',(-1.,1.224646799147E-16,0.));
#2338 = DIRECTION('',(-1.224646799147E-16,-1.,0.));
#2339 = ADVANCED_FACE('',(#2340),#2350,.T.);
#2340 = FACE_BOUND('',#2341,.T.);
#2341 = EDGE_LOOP('',(#2342,#2348,#2349));
#2342 = ORIENTED_EDGE('',*,*,#2343,.F.);
#2343 = EDGE_CURVE('',#2060,#2320,#2344,.T.);
#2344 = LINE('',#2345,#2346);
#2345 = CARTESIAN_POINT('',(-4.05,-5.E-02,4.9));
#2346 = VECTOR('',#2347,1.);
#2347 = DIRECTION('',(1.,-5.723907721801E-17,0.));
#2348 = ORIENTED_EDGE('',*,*,#2067,.T.);
#2349 = ORIENTED_EDGE('',*,*,#2319,.F.);
#2350 = PLANE('',#2351);
#2351 = AXIS2_PLACEMENT_3D('',#2352,#2353,#2354);
#2352 = CARTESIAN_POINT('',(1.,-1.239108604125E-16,4.9));
#2353 = DIRECTION('',(0.,0.,1.));
#2354 = DIRECTION('',(-1.,1.224646799147E-16,0.));
#2355 = ADVANCED_FACE('',(#2356),#2374,.F.);
#2356 = FACE_BOUND('',#2357,.F.);
#2357 = EDGE_LOOP('',(#2358,#2366,#2367,#2368));
#2358 = ORIENTED_EDGE('',*,*,#2359,.F.);
#2359 = EDGE_CURVE('',#2017,#2360,#2362,.T.);
#2360 = VERTEX_POINT('',#2361);
#2361 = CARTESIAN_POINT('',(0.95,5.E-02,4.9));
#2362 = LINE('',#2363,#2364);
#2363 = CARTESIAN_POINT('',(0.95,5.05,4.9));
#2364 = VECTOR('',#2365,1.);
#2365 = DIRECTION('',(-1.224646799147E-16,-1.,0.));
#2366 = ORIENTED_EDGE('',*,*,#2016,.T.);
#2367 = ORIENTED_EDGE('',*,*,#2278,.T.);
#2368 = ORIENTED_EDGE('',*,*,#2369,.F.);
#2369 = EDGE_CURVE('',#2360,#2279,#2370,.T.);
#2370 = LINE('',#2371,#2372);
#2371 = CARTESIAN_POINT('',(0.95,5.E-02,4.9));
#2372 = VECTOR('',#2373,1.);
#2373 = DIRECTION('',(0.,0.,-1.));
#2374 = PLANE('',#2375);
#2375 = AXIS2_PLACEMENT_3D('',#2376,#2377,#2378);
#2376 = CARTESIAN_POINT('',(0.95,5.05,4.9));
#2377 = DIRECTION('',(-1.,1.224646799147E-16,0.));
#2378 = DIRECTION('',(-1.224646799147E-16,-1.,0.));
#2379 = ADVANCED_FACE('',(#2380),#2386,.F.);
#2380 = FACE_BOUND('',#2381,.F.);
#2381 = EDGE_LOOP('',(#2382,#2383,#2384,#2385));
#2382 = ORIENTED_EDGE('',*,*,#2343,.F.);
#2383 = ORIENTED_EDGE('',*,*,#2059,.T.);
#2384 = ORIENTED_EDGE('',*,*,#2240,.T.);
#2385 = ORIENTED_EDGE('',*,*,#2327,.F.);
#2386 = PLANE('',#2387);
#2387 = AXIS2_PLACEMENT_3D('',#2388,#2389,#2390);
#2388 = CARTESIAN_POINT('',(-4.05,-5.E-02,4.9));
#2389 = DIRECTION('',(-5.723907721801E-17,-1.,0.));
#2390 = DIRECTION('',(1.,-5.723907721801E-17,0.));
#2391 = ADVANCED_FACE('',(#2392),#2402,.T.);
#2392 = FACE_BOUND('',#2393,.T.);
#2393 = EDGE_LOOP('',(#2394,#2395,#2401));
#2394 = ORIENTED_EDGE('',*,*,#2024,.T.);
#2395 = ORIENTED_EDGE('',*,*,#2396,.F.);
#2396 = EDGE_CURVE('',#2360,#2025,#2397,.T.);
#2397 = LINE('',#2398,#2399);
#2398 = CARTESIAN_POINT('',(0.95,5.E-02,4.9));
#2399 = VECTOR('',#2400,1.);
#2400 = DIRECTION('',(-1.,1.224646799147E-16,0.));
#2401 = ORIENTED_EDGE('',*,*,#2359,.F.);
#2402 = PLANE('',#2403);
#2403 = AXIS2_PLACEMENT_3D('',#2404,#2405,#2406);
#2404 = CARTESIAN_POINT('',(1.,-1.239108604125E-16,4.9));
#2405 = DIRECTION('',(0.,0.,1.));
#2406 = DIRECTION('',(-1.,1.224646799147E-16,0.));
#2407 = ADVANCED_FACE('',(#2408),#2414,.F.);
#2408 = FACE_BOUND('',#2409,.F.);
#2409 = EDGE_LOOP('',(#2410,#2411,#2412,#2413));
#2410 = ORIENTED_EDGE('',*,*,#2396,.F.);
#2411 = ORIENTED_EDGE('',*,*,#2369,.T.);
#2412 = ORIENTED_EDGE('',*,*,#2286,.T.);
#2413 = ORIENTED_EDGE('',*,*,#2033,.F.);
#2414 = PLANE('',#2415);
#2415 = AXIS2_PLACEMENT_3D('',#2416,#2417,#2418);
#2416 = CARTESIAN_POINT('',(0.95,5.E-02,4.9));
#2417 = DIRECTION('',(1.224646799147E-16,1.,0.));
#2418 = DIRECTION('',(-1.,1.224646799147E-16,0.));
#2419 = ADVANCED_FACE('',(#2420),#2426,.F.);
#2420 = FACE_BOUND('',#2421,.F.);
#2421 = EDGE_LOOP('',(#2422,#2423,#2424,#2425));
#2422 = ORIENTED_EDGE('',*,*,#2226,.F.);
#2423 = ORIENTED_EDGE('',*,*,#2145,.T.);
#2424 = ORIENTED_EDGE('',*,*,#2263,.T.);
#2425 = ORIENTED_EDGE('',*,*,#2303,.F.);
#2426 = PLANE('',#2427);
#2427 = AXIS2_PLACEMENT_3D('',#2428,#2429,#2430);
#2428 = CARTESIAN_POINT('',(6.05,5.E-02,4.9));
#2429 = DIRECTION('',(1.224646799147E-16,1.,0.));
#2430 = DIRECTION('',(-1.,1.224646799147E-16,0.));
#2431 = ADVANCED_FACE('',(#2432),#2438,.F.);
#2432 = FACE_BOUND('',#2433,.F.);
#2433 = EDGE_LOOP('',(#2434,#2435,#2436,#2437));
#2434 = ORIENTED_EDGE('',*,*,#2178,.F.);
#2435 = ORIENTED_EDGE('',*,*,#2202,.T.);
#2436 = ORIENTED_EDGE('',*,*,#2256,.T.);
#2437 = ORIENTED_EDGE('',*,*,#2128,.F.);
#2438 = PLANE('',#2439);
#2439 = AXIS2_PLACEMENT_3D('',#2440,#2441,#2442);
#2440 = CARTESIAN_POINT('',(1.05,-5.E-02,4.9));
#2441 = DIRECTION('',(-1.224646799147E-16,-1.,0.));
#2442 = DIRECTION('',(1.,-1.224646799147E-16,0.));
#2443 = ORIENTED_CLOSED_SHELL('',*,#2444,.F.);
#2444 = CLOSED_SHELL('',(#2445,#2478,#2510,#2527,#2554));
#2445 = ADVANCED_FACE('',(#2446),#2473,.T.);
#2446 = FACE_BOUND('',#2447,.T.);
#2447 = EDGE_LOOP('',(#2448,#2459,#2467));
#2448 = ORIENTED_EDGE('',*,*,#2449,.T.);
#2449 = EDGE_CURVE('',#2450,#2452,#2454,.T.);
#2450 = VERTEX_POINT('',#2451);
#2451 = CARTESIAN_POINT('',(2.616789181895,0.669696006639,4.6));
#2452 = VERTEX_POINT('',#2453);
#2453 = CARTESIAN_POINT('',(2.616789181895,-0.669696006639,4.6));
#2454 = CIRCLE('',#2455,1.75);
#2455 = AXIS2_PLACEMENT_3D('',#2456,#2457,#2458);
#2456 = CARTESIAN_POINT('',(1.,0.,4.6));
#2457 = DIRECTION('',(0.,0.,-1.));
#2458 = DIRECTION('',(0.923879532511,0.382683432365,0.));
#2459 = ORIENTED_EDGE('',*,*,#2460,.T.);
#2460 = EDGE_CURVE('',#2452,#2461,#2463,.T.);
#2461 = VERTEX_POINT('',#2462);
#2462 = CARTESIAN_POINT('',(1.,0.,4.6));
#2463 = LINE('',#2464,#2465);
#2464 = CARTESIAN_POINT('',(2.616789181895,-0.669696006639,4.6));
#2465 = VECTOR('',#2466,1.);
#2466 = DIRECTION('',(-0.923879532511,0.382683432365,0.));
#2467 = ORIENTED_EDGE('',*,*,#2468,.F.);
#2468 = EDGE_CURVE('',#2450,#2461,#2469,.T.);
#2469 = LINE('',#2470,#2471);
#2470 = CARTESIAN_POINT('',(2.616789181895,0.669696006639,4.6));
#2471 = VECTOR('',#2472,1.);
#2472 = DIRECTION('',(-0.923879532511,-0.382683432365,0.));
#2473 = PLANE('',#2474);
#2474 = AXIS2_PLACEMENT_3D('',#2475,#2476,#2477);
#2475 = CARTESIAN_POINT('',(1.,0.,4.6));
#2476 = DIRECTION('',(0.,0.,-1.));
#2477 = DIRECTION('',(0.923879532511,0.382683432365,0.));
#2478 = ADVANCED_FACE('',(#2479),#2505,.T.);
#2479 = FACE_BOUND('',#2480,.T.);
#2480 = EDGE_LOOP('',(#2481,#2489,#2498,#2504));
#2481 = ORIENTED_EDGE('',*,*,#2482,.F.);
#2482 = EDGE_CURVE('',#2483,#2450,#2485,.T.);
#2483 = VERTEX_POINT('',#2484);
#2484 = CARTESIAN_POINT('',(2.616789181895,0.669696006639,4.7));
#2485 = LINE('',#2486,#2487);
#2486 = CARTESIAN_POINT('',(2.616789181895,0.669696006639,5.));
#2487 = VECTOR('',#2488,1.);
#2488 = DIRECTION('',(0.,0.,-1.));
#2489 = ORIENTED_EDGE('',*,*,#2490,.F.);
#2490 = EDGE_CURVE('',#2491,#2483,#2493,.T.);
#2491 = VERTEX_POINT('',#2492);
#2492 = CARTESIAN_POINT('',(2.616789181895,-0.669696006639,4.7));
#2493 = CIRCLE('',#2494,1.75);
#2494 = AXIS2_PLACEMENT_3D('',#2495,#2496,#2497);
#2495 = CARTESIAN_POINT('',(1.,0.,4.7));
#2496 = DIRECTION('',(0.,0.,1.));
#2497 = DIRECTION('',(-1.,1.224646799147E-16,0.));
#2498 = ORIENTED_EDGE('',*,*,#2499,.T.);
#2499 = EDGE_CURVE('',#2491,#2452,#2500,.T.);
#2500 = LINE('',#2501,#2502);
#2501 = CARTESIAN_POINT('',(2.616789181895,-0.669696006639,5.));
#2502 = VECTOR('',#2503,1.);
#2503 = DIRECTION('',(0.,0.,-1.));
#2504 = ORIENTED_EDGE('',*,*,#2449,.F.);
#2505 = CYLINDRICAL_SURFACE('',#2506,1.75);
#2506 = AXIS2_PLACEMENT_3D('',#2507,#2508,#2509);
#2507 = CARTESIAN_POINT('',(1.,0.,5.));
#2508 = DIRECTION('',(0.,0.,-1.));
#2509 = DIRECTION('',(0.923879532511,0.382683432365,0.));
#2510 = ADVANCED_FACE('',(#2511),#2522,.T.);
#2511 = FACE_BOUND('',#2512,.T.);
#2512 = EDGE_LOOP('',(#2513,#2520,#2521));
#2513 = ORIENTED_EDGE('',*,*,#2514,.T.);
#2514 = EDGE_CURVE('',#2452,#2450,#2515,.T.);
#2515 = CIRCLE('',#2516,1.75);
#2516 = AXIS2_PLACEMENT_3D('',#2517,#2518,#2519);
#2517 = CARTESIAN_POINT('',(1.,0.,4.6));
#2518 = DIRECTION('',(0.,-0.,-1.));
#2519 = DIRECTION('',(0.923879532511,-0.382683432365,0.));
#2520 = ORIENTED_EDGE('',*,*,#2468,.T.);
#2521 = ORIENTED_EDGE('',*,*,#2460,.F.);
#2522 = PLANE('',#2523);
#2523 = AXIS2_PLACEMENT_3D('',#2524,#2525,#2526);
#2524 = CARTESIAN_POINT('',(1.,0.,4.6));
#2525 = DIRECTION('',(0.,0.,-1.));
#2526 = DIRECTION('',(0.923879532511,-0.382683432365,0.));
#2527 = ADVANCED_FACE('',(#2528),#2549,.T.);
#2528 = FACE_BOUND('',#2529,.T.);
#2529 = EDGE_LOOP('',(#2530,#2531,#2540,#2547,#2548));
#2530 = ORIENTED_EDGE('',*,*,#2499,.F.);
#2531 = ORIENTED_EDGE('',*,*,#2532,.F.);
#2532 = EDGE_CURVE('',#2533,#2491,#2535,.T.);
#2533 = VERTEX_POINT('',#2534);
#2534 = CARTESIAN_POINT('',(-0.75,2.143131898508E-16,4.7));
#2535 = CIRCLE('',#2536,1.75);
#2536 = AXIS2_PLACEMENT_3D('',#2537,#2538,#2539);
#2537 = CARTESIAN_POINT('',(1.,0.,4.7));
#2538 = DIRECTION('',(0.,0.,1.));
#2539 = DIRECTION('',(-1.,1.224646799147E-16,0.));
#2540 = ORIENTED_EDGE('',*,*,#2541,.F.);
#2541 = EDGE_CURVE('',#2483,#2533,#2542,.T.);
#2542 = CIRCLE('',#2543,1.75);
#2543 = AXIS2_PLACEMENT_3D('',#2544,#2545,#2546);
#2544 = CARTESIAN_POINT('',(1.,0.,4.7));
#2545 = DIRECTION('',(0.,0.,1.));
#2546 = DIRECTION('',(-1.,1.224646799147E-16,0.));
#2547 = ORIENTED_EDGE('',*,*,#2482,.T.);
#2548 = ORIENTED_EDGE('',*,*,#2514,.F.);
#2549 = CYLINDRICAL_SURFACE('',#2550,1.75);
#2550 = AXIS2_PLACEMENT_3D('',#2551,#2552,#2553);
#2551 = CARTESIAN_POINT('',(1.,0.,5.));
#2552 = DIRECTION('',(0.,0.,-1.));
#2553 = DIRECTION('',(0.923879532511,-0.382683432365,0.));
#2554 = ADVANCED_FACE('',(#2555),#2560,.T.);
#2555 = FACE_BOUND('',#2556,.T.);
#2556 = EDGE_LOOP('',(#2557,#2558,#2559));
#2557 = ORIENTED_EDGE('',*,*,#2532,.T.);
#2558 = ORIENTED_EDGE('',*,*,#2490,.T.);
#2559 = ORIENTED_EDGE('',*,*,#2541,.T.);
#2560 = PLANE('',#2561);
#2561 = AXIS2_PLACEMENT_3D('',#2562,#2563,#2564);
#2562 = CARTESIAN_POINT('',(1.,-1.239108604125E-16,4.7));
#2563 = DIRECTION('',(0.,0.,1.));
#2564 = DIRECTION('',(-1.,1.224646799147E-16,0.));
#2565 = ( GEOMETRIC_REPRESENTATION_CONTEXT(3) 
GLOBAL_UNCERTAINTY_ASSIGNED_CONTEXT((#2569)) 
GLOBAL_UNIT_ASSIGNED_CONTEXT((#2566,#2567,#2568)) REPRESENTATION_CONTEXT
('Context #1','3D Context with UNIT and UNCERTAINTY') );
#2566 = ( LENGTH_UNIT() NAMED_UNIT(*) SI_UNIT(.MILLI.,.METRE.) );
#2567 = ( NAMED_UNIT(*) PLANE_ANGLE_UNIT() SI_UNIT($,.RADIAN.) );
#2568 = ( NAMED_UNIT(*) SI_UNIT($,.STERADIAN.) SOLID_ANGLE_UNIT() );
#2569 = UNCERTAINTY_MEASURE_WITH_UNIT(LENGTH_MEASURE(2.E-06),#2566,
  'distance_accuracy_value','confusion accuracy');
#2570 = CONTEXT_DEPENDENT_SHAPE_REPRESENTATION(#2571,#2573);
#2571 = ( REPRESENTATION_RELATIONSHIP('','',#524,#501) 
REPRESENTATION_RELATIONSHIP_WITH_TRANSFORMATION(#2572) 
SHAPE_REPRESENTATION_RELATIONSHIP() );
#2572 = ITEM_DEFINED_TRANSFORMATION('','',#11,#502);
#2573 = PRODUCT_DEFINITION_SHAPE('Placement','Placement of an item',
  #2574);
#2574 = NEXT_ASSEMBLY_USAGE_OCCURRENCE('3','=>[0:1:1:5]','',#496,#519,$
  );
#2575 = PRODUCT_RELATED_PRODUCT_CATEGORY('part',$,(#521));
#2576 = SHAPE_DEFINITION_REPRESENTATION(#2577,#2583);
#2577 = PRODUCT_DEFINITION_SHAPE('','',#2578);
#2578 = PRODUCT_DEFINITION('design','',#2579,#2582);
#2579 = PRODUCT_DEFINITION_FORMATION('','',#2580);
#2580 = PRODUCT(
  'TerminalBlock_Phoenix_MKDS-1,5-2_1x02_P5.00mm_Horizontal',
  'TerminalBlock_Phoenix_MKDS-1,5-2_1x02_P5.00mm_Horizontal','',(#2581)
  );
#2581 = PRODUCT_CONTEXT('',#2,'mechanical');
#2582 = PRODUCT_DEFINITION_CONTEXT('part definition',#2,'design');
#2583 = SHAPE_REPRESENTATION('',(#11,#2584),#2588);
#2584 = AXIS2_PLACEMENT_3D('',#2585,#2586,#2587);
#2585 = CARTESIAN_POINT('',(0.,0.,0.));
#2586 = DIRECTION('',(0.,0.,1.));
#2587 = DIRECTION('',(1.,0.,-0.));
#2588 = ( GEOMETRIC_REPRESENTATION_CONTEXT(3) 
GLOBAL_UNCERTAINTY_ASSIGNED_CONTEXT((#2592)) 
GLOBAL_UNIT_ASSIGNED_CONTEXT((#2589,#2590,#2591)) REPRESENTATION_CONTEXT
('Context #1','3D Context with UNIT and UNCERTAINTY') );
#2589 = ( LENGTH_UNIT() NAMED_UNIT(*) SI_UNIT(.MILLI.,.METRE.) );
#2590 = ( NAMED_UNIT(*) PLANE_ANGLE_UNIT() SI_UNIT($,.RADIAN.) );
#2591 = ( NAMED_UNIT(*) SI_UNIT($,.STERADIAN.) SOLID_ANGLE_UNIT() );
#2592 = UNCERTAINTY_MEASURE_WITH_UNIT(LENGTH_MEASURE(1.E-07),#2589,
  'distance_accuracy_value','confusion accuracy');
#2593 = CONTEXT_DEPENDENT_SHAPE_REPRESENTATION(#2594,#2596);
#2594 = ( REPRESENTATION_RELATIONSHIP('','',#2583,#10) 
REPRESENTATION_RELATIONSHIP_WITH_TRANSFORMATION(#2595) 
SHAPE_REPRESENTATION_RELATIONSHIP() );
#2595 = ITEM_DEFINED_TRANSFORMATION('','',#11,#23);
#2596 = PRODUCT_DEFINITION_SHAPE('Placement','Placement of an item',
  #2597);
#2597 = NEXT_ASSEMBLY_USAGE_OCCURRENCE('6','J2','',#5,#2578,$);
#2598 = PRODUCT_RELATED_PRODUCT_CATEGORY('part',$,(#2580));
#2599 = SHAPE_DEFINITION_REPRESENTATION(#2600,#2606);
#2600 = PRODUCT_DEFINITION_SHAPE('','',#2601);
#2601 = PRODUCT_DEFINITION('design','',#2602,#2605);
#2602 = PRODUCT_DEFINITION_FORMATION('','',#2603);
#2603 = PRODUCT(
  'TerminalBlock_Phoenix_MKDS-1,5-2_1x02_P5.00mm_Horizontal',
  'TerminalBlock_Phoenix_MKDS-1,5-2_1x02_P5.00mm_Horizontal','',(#2604)
  );
#2604 = PRODUCT_CONTEXT('',#2,'mechanical');
#2605 = PRODUCT_DEFINITION_CONTEXT('part definition',#2,'design');
#2606 = ADVANCED_BREP_SHAPE_REPRESENTATION('',(#11,#2607),#5228);
#2607 = MANIFOLD_SOLID_BREP('',#2608);
#2608 = CLOSED_SHELL('',(#2609,#2781,#2859,#2951,#2975,#3046,#3070,#3094
    ,#3111,#3135,#3152,#3169,#3200,#3224,#3248,#3265,#3296,#3320,#3344,
    #3361,#3383,#3422,#3434,#3446,#3458,#3487,#3510,#3533,#3550,#3579,
    #3602,#3625,#3642,#3654,#3666,#3678,#3789,#3900,#3931,#3955,#3979,
    #4003,#4034,#4058,#4082,#4106,#4122,#4155,#4180,#4212,#4243,#4253,
    #4271,#4287,#4320,#4345,#4377,#4408,#4418,#4436,#4491,#4546,#4571,
    #4682,#4692,#4717,#4828,#4838,#4848,#4879,#4903,#4927,#4944,#4954,
    #4985,#5009,#5033,#5050,#5066,#5083,#5100,#5117,#5127,#5143,#5160,
    #5177,#5194,#5204,#5216));
#2609 = ADVANCED_FACE('',(#2610,#2708,#2742),#2776,.F.);
#2610 = FACE_BOUND('',#2611,.F.);
#2611 = EDGE_LOOP('',(#2612,#2622,#2630,#2638,#2646,#2654,#2662,#2670,
    #2678,#2686,#2694,#2702));
#2612 = ORIENTED_EDGE('',*,*,#2613,.F.);
#2613 = EDGE_CURVE('',#2614,#2616,#2618,.T.);
#2614 = VERTEX_POINT('',#2615);
#2615 = CARTESIAN_POINT('',(-2.5,-4.6,0.));
#2616 = VERTEX_POINT('',#2617);
#2617 = CARTESIAN_POINT('',(-2.5,-3.83,0.));
#2618 = LINE('',#2619,#2620);
#2619 = CARTESIAN_POINT('',(-2.5,-4.6,0.));
#2620 = VECTOR('',#2621,1.);
#2621 = DIRECTION('',(0.,1.,0.));
#2622 = ORIENTED_EDGE('',*,*,#2623,.T.);
#2623 = EDGE_CURVE('',#2614,#2624,#2626,.T.);
#2624 = VERTEX_POINT('',#2625);
#2625 = CARTESIAN_POINT('',(7.5,-4.6,0.));
#2626 = LINE('',#2627,#2628);
#2627 = CARTESIAN_POINT('',(-2.5,-4.6,0.));
#2628 = VECTOR('',#2629,1.);
#2629 = DIRECTION('',(1.,0.,0.));
#2630 = ORIENTED_EDGE('',*,*,#2631,.T.);
#2631 = EDGE_CURVE('',#2624,#2632,#2634,.T.);
#2632 = VERTEX_POINT('',#2633);
#2633 = CARTESIAN_POINT('',(7.5,-3.83,0.));
#2634 = LINE('',#2635,#2636);
#2635 = CARTESIAN_POINT('',(7.5,-4.6,0.));
#2636 = VECTOR('',#2637,1.);
#2637 = DIRECTION('',(0.,1.,0.));
#2638 = ORIENTED_EDGE('',*,*,#2639,.F.);
#2639 = EDGE_CURVE('',#2640,#2632,#2642,.T.);
#2640 = VERTEX_POINT('',#2641);
#2641 = CARTESIAN_POINT('',(6.76,-4.06,0.));
#2642 = LINE('',#2643,#2644);
#2643 = CARTESIAN_POINT('',(6.76,-4.06,0.));
#2644 = VECTOR('',#2645,1.);
#2645 = DIRECTION('',(0.954938084056,0.296805080179,0.));
#2646 = ORIENTED_EDGE('',*,*,#2647,.F.);
#2647 = EDGE_CURVE('',#2648,#2640,#2650,.T.);
#2648 = VERTEX_POINT('',#2649);
#2649 = CARTESIAN_POINT('',(6.76,-3.14,0.));
#2650 = LINE('',#2651,#2652);
#2651 = CARTESIAN_POINT('',(6.76,-3.14,0.));
#2652 = VECTOR('',#2653,1.);
#2653 = DIRECTION('',(0.,-1.,0.));
#2654 = ORIENTED_EDGE('',*,*,#2655,.F.);
#2655 = EDGE_CURVE('',#2656,#2648,#2658,.T.);
#2656 = VERTEX_POINT('',#2657);
#2657 = CARTESIAN_POINT('',(7.5,-3.37,0.));
#2658 = LINE('',#2659,#2660);
#2659 = CARTESIAN_POINT('',(7.5,-3.37,0.));
#2660 = VECTOR('',#2661,1.);
#2661 = DIRECTION('',(-0.954938084056,0.296805080179,0.));
#2662 = ORIENTED_EDGE('',*,*,#2663,.T.);
#2663 = EDGE_CURVE('',#2656,#2664,#2666,.T.);
#2664 = VERTEX_POINT('',#2665);
#2665 = CARTESIAN_POINT('',(7.5,5.2,0.));
#2666 = LINE('',#2667,#2668);
#2667 = CARTESIAN_POINT('',(7.5,-4.6,0.));
#2668 = VECTOR('',#2669,1.);
#2669 = DIRECTION('',(0.,1.,0.));
#2670 = ORIENTED_EDGE('',*,*,#2671,.F.);
#2671 = EDGE_CURVE('',#2672,#2664,#2674,.T.);
#2672 = VERTEX_POINT('',#2673);
#2673 = CARTESIAN_POINT('',(-2.5,5.2,0.));
#2674 = LINE('',#2675,#2676);
#2675 = CARTESIAN_POINT('',(-2.5,5.2,0.));
#2676 = VECTOR('',#2677,1.);
#2677 = DIRECTION('',(1.,0.,0.));
#2678 = ORIENTED_EDGE('',*,*,#2679,.F.);
#2679 = EDGE_CURVE('',#2680,#2672,#2682,.T.);
#2680 = VERTEX_POINT('',#2681);
#2681 = CARTESIAN_POINT('',(-2.5,-3.37,0.));
#2682 = LINE('',#2683,#2684);
#2683 = CARTESIAN_POINT('',(-2.5,-4.6,0.));
#2684 = VECTOR('',#2685,1.);
#2685 = DIRECTION('',(0.,1.,0.));
#2686 = ORIENTED_EDGE('',*,*,#2687,.T.);
#2687 = EDGE_CURVE('',#2680,#2688,#2690,.T.);
#2688 = VERTEX_POINT('',#2689);
#2689 = CARTESIAN_POINT('',(-3.24,-3.14,0.));
#2690 = LINE('',#2691,#2692);
#2691 = CARTESIAN_POINT('',(-2.5,-3.37,0.));
#2692 = VECTOR('',#2693,1.);
#2693 = DIRECTION('',(-0.954938084056,0.296805080179,0.));
#2694 = ORIENTED_EDGE('',*,*,#2695,.T.);
#2695 = EDGE_CURVE('',#2688,#2696,#2698,.T.);
#2696 = VERTEX_POINT('',#2697);
#2697 = CARTESIAN_POINT('',(-3.24,-4.06,0.));
#2698 = LINE('',#2699,#2700);
#2699 = CARTESIAN_POINT('',(-3.24,-3.14,0.));
#2700 = VECTOR('',#2701,1.);
#2701 = DIRECTION('',(0.,-1.,0.));
#2702 = ORIENTED_EDGE('',*,*,#2703,.T.);
#2703 = EDGE_CURVE('',#2696,#2616,#2704,.T.);
#2704 = LINE('',#2705,#2706);
#2705 = CARTESIAN_POINT('',(-3.24,-4.06,0.));
#2706 = VECTOR('',#2707,1.);
#2707 = DIRECTION('',(0.954938084056,0.296805080179,0.));
#2708 = FACE_BOUND('',#2709,.F.);
#2709 = EDGE_LOOP('',(#2710,#2720,#2728,#2736));
#2710 = ORIENTED_EDGE('',*,*,#2711,.F.);
#2711 = EDGE_CURVE('',#2712,#2714,#2716,.T.);
#2712 = VERTEX_POINT('',#2713);
#2713 = CARTESIAN_POINT('',(4.55,-0.45,0.));
#2714 = VERTEX_POINT('',#2715);
#2715 = CARTESIAN_POINT('',(5.45,-0.45,0.));
#2716 = LINE('',#2717,#2718);
#2717 = CARTESIAN_POINT('',(1.025,-0.45,0.));
#2718 = VECTOR('',#2719,1.);
#2719 = DIRECTION('',(1.,0.,-0.));
#2720 = ORIENTED_EDGE('',*,*,#2721,.F.);
#2721 = EDGE_CURVE('',#2722,#2712,#2724,.T.);
#2722 = VERTEX_POINT('',#2723);
#2723 = CARTESIAN_POINT('',(4.55,0.45,0.));
#2724 = LINE('',#2725,#2726);
#2725 = CARTESIAN_POINT('',(4.55,-2.075,0.));
#2726 = VECTOR('',#2727,1.);
#2727 = DIRECTION('',(0.,-1.,0.));
#2728 = ORIENTED_EDGE('',*,*,#2729,.F.);
#2729 = EDGE_CURVE('',#2730,#2722,#2732,.T.);
#2730 = VERTEX_POINT('',#2731);
#2731 = CARTESIAN_POINT('',(5.45,0.45,0.));
#2732 = LINE('',#2733,#2734);
#2733 = CARTESIAN_POINT('',(1.475,0.45,0.));
#2734 = VECTOR('',#2735,1.);
#2735 = DIRECTION('',(-1.,0.,0.));
#2736 = ORIENTED_EDGE('',*,*,#2737,.F.);
#2737 = EDGE_CURVE('',#2714,#2730,#2738,.T.);
#2738 = LINE('',#2739,#2740);
#2739 = CARTESIAN_POINT('',(5.45,-2.525,0.));
#2740 = VECTOR('',#2741,1.);
#2741 = DIRECTION('',(0.,1.,0.));
#2742 = FACE_BOUND('',#2743,.F.);
#2743 = EDGE_LOOP('',(#2744,#2754,#2762,#2770));
#2744 = ORIENTED_EDGE('',*,*,#2745,.F.);
#2745 = EDGE_CURVE('',#2746,#2748,#2750,.T.);
#2746 = VERTEX_POINT('',#2747);
#2747 = CARTESIAN_POINT('',(-0.45,-0.45,0.));
#2748 = VERTEX_POINT('',#2749);
#2749 = CARTESIAN_POINT('',(0.45,-0.45,0.));
#2750 = LINE('',#2751,#2752);
#2751 = CARTESIAN_POINT('',(-1.475,-0.45,0.));
#2752 = VECTOR('',#2753,1.);
#2753 = DIRECTION('',(1.,0.,-0.));
#2754 = ORIENTED_EDGE('',*,*,#2755,.F.);
#2755 = EDGE_CURVE('',#2756,#2746,#2758,.T.);
#2756 = VERTEX_POINT('',#2757);
#2757 = CARTESIAN_POINT('',(-0.45,0.45,0.));
#2758 = LINE('',#2759,#2760);
#2759 = CARTESIAN_POINT('',(-0.45,-2.075,0.));
#2760 = VECTOR('',#2761,1.);
#2761 = DIRECTION('',(0.,-1.,0.));
#2762 = ORIENTED_EDGE('',*,*,#2763,.F.);
#2763 = EDGE_CURVE('',#2764,#2756,#2766,.T.);
#2764 = VERTEX_POINT('',#2765);
#2765 = CARTESIAN_POINT('',(0.45,0.45,0.));
#2766 = LINE('',#2767,#2768);
#2767 = CARTESIAN_POINT('',(-1.025,0.45,0.));
#2768 = VECTOR('',#2769,1.);
#2769 = DIRECTION('',(-1.,0.,0.));
#2770 = ORIENTED_EDGE('',*,*,#2771,.F.);
#2771 = EDGE_CURVE('',#2748,#2764,#2772,.T.);
#2772 = LINE('',#2773,#2774);
#2773 = CARTESIAN_POINT('',(0.45,-2.525,0.));
#2774 = VECTOR('',#2775,1.);
#2775 = DIRECTION('',(0.,1.,0.));
#2776 = PLANE('',#2777);
#2777 = AXIS2_PLACEMENT_3D('',#2778,#2779,#2780);
#2778 = CARTESIAN_POINT('',(-2.5,-4.6,0.));
#2779 = DIRECTION('',(0.,0.,1.));
#2780 = DIRECTION('',(0.,1.,0.));
#2781 = ADVANCED_FACE('',(#2782),#2854,.F.);
#2782 = FACE_BOUND('',#2783,.F.);
#2783 = EDGE_LOOP('',(#2784,#2794,#2802,#2808,#2809,#2817,#2825,#2831,
    #2832,#2840,#2848));
#2784 = ORIENTED_EDGE('',*,*,#2785,.T.);
#2785 = EDGE_CURVE('',#2786,#2788,#2790,.T.);
#2786 = VERTEX_POINT('',#2787);
#2787 = CARTESIAN_POINT('',(-2.5,-2.6,13.8));
#2788 = VERTEX_POINT('',#2789);
#2789 = CARTESIAN_POINT('',(-2.5,-4.1,7.4));
#2790 = LINE('',#2791,#2792);
#2791 = CARTESIAN_POINT('',(-2.5,-2.6,13.8));
#2792 = VECTOR('',#2793,1.);
#2793 = DIRECTION('',(0.,-0.228191322789,-0.973616310568));
#2794 = ORIENTED_EDGE('',*,*,#2795,.T.);
#2795 = EDGE_CURVE('',#2788,#2796,#2798,.T.);
#2796 = VERTEX_POINT('',#2797);
#2797 = CARTESIAN_POINT('',(-2.5,-4.6,7.4));
#2798 = LINE('',#2799,#2800);
#2799 = CARTESIAN_POINT('',(-2.5,-4.1,7.4));
#2800 = VECTOR('',#2801,1.);
#2801 = DIRECTION('',(0.,-1.,0.));
#2802 = ORIENTED_EDGE('',*,*,#2803,.T.);
#2803 = EDGE_CURVE('',#2796,#2614,#2804,.T.);
#2804 = LINE('',#2805,#2806);
#2805 = CARTESIAN_POINT('',(-2.5,-4.6,13.8));
#2806 = VECTOR('',#2807,1.);
#2807 = DIRECTION('',(0.,0.,-1.));
#2808 = ORIENTED_EDGE('',*,*,#2613,.T.);
#2809 = ORIENTED_EDGE('',*,*,#2810,.T.);
#2810 = EDGE_CURVE('',#2616,#2811,#2813,.T.);
#2811 = VERTEX_POINT('',#2812);
#2812 = CARTESIAN_POINT('',(-2.5,-3.83,7.));
#2813 = LINE('',#2814,#2815);
#2814 = CARTESIAN_POINT('',(-2.5,-3.83,0.));
#2815 = VECTOR('',#2816,1.);
#2816 = DIRECTION('',(0.,0.,1.));
#2817 = ORIENTED_EDGE('',*,*,#2818,.T.);
#2818 = EDGE_CURVE('',#2811,#2819,#2821,.T.);
#2819 = VERTEX_POINT('',#2820);
#2820 = CARTESIAN_POINT('',(-2.5,-3.37,7.));
#2821 = LINE('',#2822,#2823);
#2822 = CARTESIAN_POINT('',(-2.5,-3.83,7.));
#2823 = VECTOR('',#2824,1.);
#2824 = DIRECTION('',(0.,1.,0.));
#2825 = ORIENTED_EDGE('',*,*,#2826,.F.);
#2826 = EDGE_CURVE('',#2680,#2819,#2827,.T.);
#2827 = LINE('',#2828,#2829);
#2828 = CARTESIAN_POINT('',(-2.5,-3.37,0.));
#2829 = VECTOR('',#2830,1.);
#2830 = DIRECTION('',(0.,0.,1.));
#2831 = ORIENTED_EDGE('',*,*,#2679,.T.);
#2832 = ORIENTED_EDGE('',*,*,#2833,.T.);
#2833 = EDGE_CURVE('',#2672,#2834,#2836,.T.);
#2834 = VERTEX_POINT('',#2835);
#2835 = CARTESIAN_POINT('',(-2.5,5.2,4.57));
#2836 = LINE('',#2837,#2838);
#2837 = CARTESIAN_POINT('',(-2.5,5.2,0.));
#2838 = VECTOR('',#2839,1.);
#2839 = DIRECTION('',(0.,0.,1.));
#2840 = ORIENTED_EDGE('',*,*,#2841,.F.);
#2841 = EDGE_CURVE('',#2842,#2834,#2844,.T.);
#2842 = VERTEX_POINT('',#2843);
#2843 = CARTESIAN_POINT('',(-2.5,2.2,13.8));
#2844 = LINE('',#2845,#2846);
#2845 = CARTESIAN_POINT('',(-2.5,2.2,13.8));
#2846 = VECTOR('',#2847,1.);
#2847 = DIRECTION('',(0.,0.309109370483,-0.951026496518));
#2848 = ORIENTED_EDGE('',*,*,#2849,.T.);
#2849 = EDGE_CURVE('',#2842,#2786,#2850,.T.);
#2850 = LINE('',#2851,#2852);
#2851 = CARTESIAN_POINT('',(-2.5,5.2,13.8));
#2852 = VECTOR('',#2853,1.);
#2853 = DIRECTION('',(0.,-1.,0.));
#2854 = PLANE('',#2855);
#2855 = AXIS2_PLACEMENT_3D('',#2856,#2857,#2858);
#2856 = CARTESIAN_POINT('',(-2.5,0.3,6.9));
#2857 = DIRECTION('',(1.,0.,0.));
#2858 = DIRECTION('',(-0.,0.,1.));
#2859 = ADVANCED_FACE('',(#2860,#2878,#2912),#2946,.F.);
#2860 = FACE_BOUND('',#2861,.F.);
#2861 = EDGE_LOOP('',(#2862,#2863,#2871,#2877));
#2862 = ORIENTED_EDGE('',*,*,#2803,.F.);
#2863 = ORIENTED_EDGE('',*,*,#2864,.T.);
#2864 = EDGE_CURVE('',#2796,#2865,#2867,.T.);
#2865 = VERTEX_POINT('',#2866);
#2866 = CARTESIAN_POINT('',(7.5,-4.6,7.4));
#2867 = LINE('',#2868,#2869);
#2868 = CARTESIAN_POINT('',(-2.5,-4.6,7.4));
#2869 = VECTOR('',#2870,1.);
#2870 = DIRECTION('',(1.,0.,0.));
#2871 = ORIENTED_EDGE('',*,*,#2872,.T.);
#2872 = EDGE_CURVE('',#2865,#2624,#2873,.T.);
#2873 = LINE('',#2874,#2875);
#2874 = CARTESIAN_POINT('',(7.5,-4.6,13.8));
#2875 = VECTOR('',#2876,1.);
#2876 = DIRECTION('',(0.,0.,-1.));
#2877 = ORIENTED_EDGE('',*,*,#2623,.F.);
#2878 = FACE_BOUND('',#2879,.F.);
#2879 = EDGE_LOOP('',(#2880,#2890,#2898,#2906));
#2880 = ORIENTED_EDGE('',*,*,#2881,.F.);
#2881 = EDGE_CURVE('',#2882,#2884,#2886,.T.);
#2882 = VERTEX_POINT('',#2883);
#2883 = CARTESIAN_POINT('',(6.8,-4.6,1.6));
#2884 = VERTEX_POINT('',#2885);
#2885 = CARTESIAN_POINT('',(3.2,-4.6,1.6));
#2886 = LINE('',#2887,#2888);
#2887 = CARTESIAN_POINT('',(6.8,-4.6,1.6));
#2888 = VECTOR('',#2889,1.);
#2889 = DIRECTION('',(-1.,0.,-1.233581138472E-16));
#2890 = ORIENTED_EDGE('',*,*,#2891,.F.);
#2891 = EDGE_CURVE('',#2892,#2882,#2894,.T.);
#2892 = VERTEX_POINT('',#2893);
#2893 = CARTESIAN_POINT('',(6.8,-4.6,6.8));
#2894 = LINE('',#2895,#2896);
#2895 = CARTESIAN_POINT('',(6.8,-4.6,6.8));
#2896 = VECTOR('',#2897,1.);
#2897 = DIRECTION('',(0.,0.,-1.));
#2898 = ORIENTED_EDGE('',*,*,#2899,.F.);
#2899 = EDGE_CURVE('',#2900,#2892,#2902,.T.);
#2900 = VERTEX_POINT('',#2901);
#2901 = CARTESIAN_POINT('',(3.2,-4.6,6.8));
#2902 = LINE('',#2903,#2904);
#2903 = CARTESIAN_POINT('',(3.2,-4.6,6.8));
#2904 = VECTOR('',#2905,1.);
#2905 = DIRECTION('',(1.,0.,2.467162276945E-16));
#2906 = ORIENTED_EDGE('',*,*,#2907,.F.);
#2907 = EDGE_CURVE('',#2884,#2900,#2908,.T.);
#2908 = LINE('',#2909,#2910);
#2909 = CARTESIAN_POINT('',(3.2,-4.6,1.6));
#2910 = VECTOR('',#2911,1.);
#2911 = DIRECTION('',(0.,0.,1.));
#2912 = FACE_BOUND('',#2913,.F.);
#2913 = EDGE_LOOP('',(#2914,#2924,#2932,#2940));
#2914 = ORIENTED_EDGE('',*,*,#2915,.F.);
#2915 = EDGE_CURVE('',#2916,#2918,#2920,.T.);
#2916 = VERTEX_POINT('',#2917);
#2917 = CARTESIAN_POINT('',(1.8,-4.6,1.6));
#2918 = VERTEX_POINT('',#2919);
#2919 = CARTESIAN_POINT('',(-1.8,-4.6,1.6));
#2920 = LINE('',#2921,#2922);
#2921 = CARTESIAN_POINT('',(1.8,-4.6,1.6));
#2922 = VECTOR('',#2923,1.);
#2923 = DIRECTION('',(-1.,0.,-1.233581138472E-16));
#2924 = ORIENTED_EDGE('',*,*,#2925,.F.);
#2925 = EDGE_CURVE('',#2926,#2916,#2928,.T.);
#2926 = VERTEX_POINT('',#2927);
#2927 = CARTESIAN_POINT('',(1.8,-4.6,6.8));
#2928 = LINE('',#2929,#2930);
#2929 = CARTESIAN_POINT('',(1.8,-4.6,6.8));
#2930 = VECTOR('',#2931,1.);
#2931 = DIRECTION('',(0.,0.,-1.));
#2932 = ORIENTED_EDGE('',*,*,#2933,.F.);
#2933 = EDGE_CURVE('',#2934,#2926,#2936,.T.);
#2934 = VERTEX_POINT('',#2935);
#2935 = CARTESIAN_POINT('',(-1.8,-4.6,6.8));
#2936 = LINE('',#2937,#2938);
#2937 = CARTESIAN_POINT('',(-1.8,-4.6,6.8));
#2938 = VECTOR('',#2939,1.);
#2939 = DIRECTION('',(1.,0.,2.467162276945E-16));
#2940 = ORIENTED_EDGE('',*,*,#2941,.F.);
#2941 = EDGE_CURVE('',#2918,#2934,#2942,.T.);
#2942 = LINE('',#2943,#2944);
#2943 = CARTESIAN_POINT('',(-1.8,-4.6,1.6));
#2944 = VECTOR('',#2945,1.);
#2945 = DIRECTION('',(0.,0.,1.));
#2946 = PLANE('',#2947);
#2947 = AXIS2_PLACEMENT_3D('',#2948,#2949,#2950);
#2948 = CARTESIAN_POINT('',(-2.5,-4.6,13.8));
#2949 = DIRECTION('',(-0.,1.,0.));
#2950 = DIRECTION('',(0.,0.,-1.));
#2951 = ADVANCED_FACE('',(#2952),#2970,.F.);
#2952 = FACE_BOUND('',#2953,.F.);
#2953 = EDGE_LOOP('',(#2954,#2962,#2968,#2969));
#2954 = ORIENTED_EDGE('',*,*,#2955,.T.);
#2955 = EDGE_CURVE('',#2696,#2956,#2958,.T.);
#2956 = VERTEX_POINT('',#2957);
#2957 = CARTESIAN_POINT('',(-3.24,-4.06,7.));
#2958 = LINE('',#2959,#2960);
#2959 = CARTESIAN_POINT('',(-3.24,-4.06,0.));
#2960 = VECTOR('',#2961,1.);
#2961 = DIRECTION('',(0.,0.,1.));
#2962 = ORIENTED_EDGE('',*,*,#2963,.T.);
#2963 = EDGE_CURVE('',#2956,#2811,#2964,.T.);
#2964 = LINE('',#2965,#2966);
#2965 = CARTESIAN_POINT('',(-3.24,-4.06,7.));
#2966 = VECTOR('',#2967,1.);
#2967 = DIRECTION('',(0.954938084056,0.296805080179,0.));
#2968 = ORIENTED_EDGE('',*,*,#2810,.F.);
#2969 = ORIENTED_EDGE('',*,*,#2703,.F.);
#2970 = PLANE('',#2971);
#2971 = AXIS2_PLACEMENT_3D('',#2972,#2973,#2974);
#2972 = CARTESIAN_POINT('',(-3.24,-4.06,0.));
#2973 = DIRECTION('',(-0.296805080179,0.954938084056,0.));
#2974 = DIRECTION('',(0.954938084056,0.296805080179,0.));
#2975 = ADVANCED_FACE('',(#2976),#3041,.T.);
#2976 = FACE_BOUND('',#2977,.T.);
#2977 = EDGE_LOOP('',(#2978,#2988,#2994,#2995,#2996,#3004,#3012,#3018,
    #3019,#3027,#3035));
#2978 = ORIENTED_EDGE('',*,*,#2979,.T.);
#2979 = EDGE_CURVE('',#2980,#2982,#2984,.T.);
#2980 = VERTEX_POINT('',#2981);
#2981 = CARTESIAN_POINT('',(7.5,-2.6,13.8));
#2982 = VERTEX_POINT('',#2983);
#2983 = CARTESIAN_POINT('',(7.5,-4.1,7.4));
#2984 = LINE('',#2985,#2986);
#2985 = CARTESIAN_POINT('',(7.5,-2.6,13.8));
#2986 = VECTOR('',#2987,1.);
#2987 = DIRECTION('',(0.,-0.228191322789,-0.973616310568));
#2988 = ORIENTED_EDGE('',*,*,#2989,.T.);
#2989 = EDGE_CURVE('',#2982,#2865,#2990,.T.);
#2990 = LINE('',#2991,#2992);
#2991 = CARTESIAN_POINT('',(7.5,-4.1,7.4));
#2992 = VECTOR('',#2993,1.);
#2993 = DIRECTION('',(0.,-1.,0.));
#2994 = ORIENTED_EDGE('',*,*,#2872,.T.);
#2995 = ORIENTED_EDGE('',*,*,#2631,.T.);
#2996 = ORIENTED_EDGE('',*,*,#2997,.T.);
#2997 = EDGE_CURVE('',#2632,#2998,#3000,.T.);
#2998 = VERTEX_POINT('',#2999);
#2999 = CARTESIAN_POINT('',(7.5,-3.83,7.));
#3000 = LINE('',#3001,#3002);
#3001 = CARTESIAN_POINT('',(7.5,-3.83,0.));
#3002 = VECTOR('',#3003,1.);
#3003 = DIRECTION('',(0.,0.,1.));
#3004 = ORIENTED_EDGE('',*,*,#3005,.T.);
#3005 = EDGE_CURVE('',#2998,#3006,#3008,.T.);
#3006 = VERTEX_POINT('',#3007);
#3007 = CARTESIAN_POINT('',(7.5,-3.37,7.));
#3008 = LINE('',#3009,#3010);
#3009 = CARTESIAN_POINT('',(7.5,-3.83,7.));
#3010 = VECTOR('',#3011,1.);
#3011 = DIRECTION('',(0.,1.,0.));
#3012 = ORIENTED_EDGE('',*,*,#3013,.F.);
#3013 = EDGE_CURVE('',#2656,#3006,#3014,.T.);
#3014 = LINE('',#3015,#3016);
#3015 = CARTESIAN_POINT('',(7.5,-3.37,0.));
#3016 = VECTOR('',#3017,1.);
#3017 = DIRECTION('',(0.,0.,1.));
#3018 = ORIENTED_EDGE('',*,*,#2663,.T.);
#3019 = ORIENTED_EDGE('',*,*,#3020,.T.);
#3020 = EDGE_CURVE('',#2664,#3021,#3023,.T.);
#3021 = VERTEX_POINT('',#3022);
#3022 = CARTESIAN_POINT('',(7.5,5.2,4.57));
#3023 = LINE('',#3024,#3025);
#3024 = CARTESIAN_POINT('',(7.5,5.2,0.));
#3025 = VECTOR('',#3026,1.);
#3026 = DIRECTION('',(0.,0.,1.));
#3027 = ORIENTED_EDGE('',*,*,#3028,.F.);
#3028 = EDGE_CURVE('',#3029,#3021,#3031,.T.);
#3029 = VERTEX_POINT('',#3030);
#3030 = CARTESIAN_POINT('',(7.5,2.2,13.8));
#3031 = LINE('',#3032,#3033);
#3032 = CARTESIAN_POINT('',(7.5,2.2,13.8));
#3033 = VECTOR('',#3034,1.);
#3034 = DIRECTION('',(0.,0.309109370483,-0.951026496518));
#3035 = ORIENTED_EDGE('',*,*,#3036,.T.);
#3036 = EDGE_CURVE('',#3029,#2980,#3037,.T.);
#3037 = LINE('',#3038,#3039);
#3038 = CARTESIAN_POINT('',(7.5,5.2,13.8));
#3039 = VECTOR('',#3040,1.);
#3040 = DIRECTION('',(0.,-1.,0.));
#3041 = PLANE('',#3042);
#3042 = AXIS2_PLACEMENT_3D('',#3043,#3044,#3045);
#3043 = CARTESIAN_POINT('',(7.5,0.3,6.9));
#3044 = DIRECTION('',(1.,0.,0.));
#3045 = DIRECTION('',(-0.,0.,1.));
#3046 = ADVANCED_FACE('',(#3047),#3065,.F.);
#3047 = FACE_BOUND('',#3048,.F.);
#3048 = EDGE_LOOP('',(#3049,#3057,#3063,#3064));
#3049 = ORIENTED_EDGE('',*,*,#3050,.T.);
#3050 = EDGE_CURVE('',#2688,#3051,#3053,.T.);
#3051 = VERTEX_POINT('',#3052);
#3052 = CARTESIAN_POINT('',(-3.24,-3.14,7.));
#3053 = LINE('',#3054,#3055);
#3054 = CARTESIAN_POINT('',(-3.24,-3.14,0.));
#3055 = VECTOR('',#3056,1.);
#3056 = DIRECTION('',(0.,0.,1.));
#3057 = ORIENTED_EDGE('',*,*,#3058,.T.);
#3058 = EDGE_CURVE('',#3051,#2956,#3059,.T.);
#3059 = LINE('',#3060,#3061);
#3060 = CARTESIAN_POINT('',(-3.24,-3.14,7.));
#3061 = VECTOR('',#3062,1.);
#3062 = DIRECTION('',(0.,-1.,0.));
#3063 = ORIENTED_EDGE('',*,*,#2955,.F.);
#3064 = ORIENTED_EDGE('',*,*,#2695,.F.);
#3065 = PLANE('',#3066);
#3066 = AXIS2_PLACEMENT_3D('',#3067,#3068,#3069);
#3067 = CARTESIAN_POINT('',(-3.24,-3.14,0.));
#3068 = DIRECTION('',(1.,0.,-0.));
#3069 = DIRECTION('',(0.,-1.,0.));
#3070 = ADVANCED_FACE('',(#3071),#3089,.T.);
#3071 = FACE_BOUND('',#3072,.T.);
#3072 = EDGE_LOOP('',(#3073,#3081,#3087,#3088));
#3073 = ORIENTED_EDGE('',*,*,#3074,.T.);
#3074 = EDGE_CURVE('',#2640,#3075,#3077,.T.);
#3075 = VERTEX_POINT('',#3076);
#3076 = CARTESIAN_POINT('',(6.76,-4.06,7.));
#3077 = LINE('',#3078,#3079);
#3078 = CARTESIAN_POINT('',(6.76,-4.06,0.));
#3079 = VECTOR('',#3080,1.);
#3080 = DIRECTION('',(0.,0.,1.));
#3081 = ORIENTED_EDGE('',*,*,#3082,.T.);
#3082 = EDGE_CURVE('',#3075,#2998,#3083,.T.);
#3083 = LINE('',#3084,#3085);
#3084 = CARTESIAN_POINT('',(6.76,-4.06,7.));
#3085 = VECTOR('',#3086,1.);
#3086 = DIRECTION('',(0.954938084056,0.296805080179,0.));
#3087 = ORIENTED_EDGE('',*,*,#2997,.F.);
#3088 = ORIENTED_EDGE('',*,*,#2639,.F.);
#3089 = PLANE('',#3090);
#3090 = AXIS2_PLACEMENT_3D('',#3091,#3092,#3093);
#3091 = CARTESIAN_POINT('',(6.76,-4.06,0.));
#3092 = DIRECTION('',(-0.296805080179,0.954938084056,0.));
#3093 = DIRECTION('',(0.954938084056,0.296805080179,0.));
#3094 = ADVANCED_FACE('',(#3095),#3106,.F.);
#3095 = FACE_BOUND('',#3096,.F.);
#3096 = EDGE_LOOP('',(#3097,#3098,#3104,#3105));
#3097 = ORIENTED_EDGE('',*,*,#2826,.T.);
#3098 = ORIENTED_EDGE('',*,*,#3099,.T.);
#3099 = EDGE_CURVE('',#2819,#3051,#3100,.T.);
#3100 = LINE('',#3101,#3102);
#3101 = CARTESIAN_POINT('',(-2.5,-3.37,7.));
#3102 = VECTOR('',#3103,1.);
#3103 = DIRECTION('',(-0.954938084056,0.296805080179,0.));
#3104 = ORIENTED_EDGE('',*,*,#3050,.F.);
#3105 = ORIENTED_EDGE('',*,*,#2687,.F.);
#3106 = PLANE('',#3107);
#3107 = AXIS2_PLACEMENT_3D('',#3108,#3109,#3110);
#3108 = CARTESIAN_POINT('',(-2.5,-3.37,0.));
#3109 = DIRECTION('',(-0.296805080179,-0.954938084056,0.));
#3110 = DIRECTION('',(-0.954938084056,0.296805080179,0.));
#3111 = ADVANCED_FACE('',(#3112),#3130,.T.);
#3112 = FACE_BOUND('',#3113,.T.);
#3113 = EDGE_LOOP('',(#3114,#3122,#3128,#3129));
#3114 = ORIENTED_EDGE('',*,*,#3115,.T.);
#3115 = EDGE_CURVE('',#2648,#3116,#3118,.T.);
#3116 = VERTEX_POINT('',#3117);
#3117 = CARTESIAN_POINT('',(6.76,-3.14,7.));
#3118 = LINE('',#3119,#3120);
#3119 = CARTESIAN_POINT('',(6.76,-3.14,0.));
#3120 = VECTOR('',#3121,1.);
#3121 = DIRECTION('',(0.,0.,1.));
#3122 = ORIENTED_EDGE('',*,*,#3123,.T.);
#3123 = EDGE_CURVE('',#3116,#3075,#3124,.T.);
#3124 = LINE('',#3125,#3126);
#3125 = CARTESIAN_POINT('',(6.76,-3.14,7.));
#3126 = VECTOR('',#3127,1.);
#3127 = DIRECTION('',(0.,-1.,0.));
#3128 = ORIENTED_EDGE('',*,*,#3074,.F.);
#3129 = ORIENTED_EDGE('',*,*,#2647,.F.);
#3130 = PLANE('',#3131);
#3131 = AXIS2_PLACEMENT_3D('',#3132,#3133,#3134);
#3132 = CARTESIAN_POINT('',(6.76,-3.14,0.));
#3133 = DIRECTION('',(1.,0.,-0.));
#3134 = DIRECTION('',(0.,-1.,0.));
#3135 = ADVANCED_FACE('',(#3136),#3147,.T.);
#3136 = FACE_BOUND('',#3137,.T.);
#3137 = EDGE_LOOP('',(#3138,#3139,#3145,#3146));
#3138 = ORIENTED_EDGE('',*,*,#3013,.T.);
#3139 = ORIENTED_EDGE('',*,*,#3140,.T.);
#3140 = EDGE_CURVE('',#3006,#3116,#3141,.T.);
#3141 = LINE('',#3142,#3143);
#3142 = CARTESIAN_POINT('',(7.5,-3.37,7.));
#3143 = VECTOR('',#3144,1.);
#3144 = DIRECTION('',(-0.954938084056,0.296805080179,0.));
#3145 = ORIENTED_EDGE('',*,*,#3115,.F.);
#3146 = ORIENTED_EDGE('',*,*,#2655,.F.);
#3147 = PLANE('',#3148);
#3148 = AXIS2_PLACEMENT_3D('',#3149,#3150,#3151);
#3149 = CARTESIAN_POINT('',(7.5,-3.37,0.));
#3150 = DIRECTION('',(-0.296805080179,-0.954938084056,0.));
#3151 = DIRECTION('',(-0.954938084056,0.296805080179,0.));
#3152 = ADVANCED_FACE('',(#3153),#3164,.F.);
#3153 = FACE_BOUND('',#3154,.F.);
#3154 = EDGE_LOOP('',(#3155,#3156,#3157,#3158));
#3155 = ORIENTED_EDGE('',*,*,#2833,.F.);
#3156 = ORIENTED_EDGE('',*,*,#2671,.T.);
#3157 = ORIENTED_EDGE('',*,*,#3020,.T.);
#3158 = ORIENTED_EDGE('',*,*,#3159,.F.);
#3159 = EDGE_CURVE('',#2834,#3021,#3160,.T.);
#3160 = LINE('',#3161,#3162);
#3161 = CARTESIAN_POINT('',(-2.5,5.2,4.57));
#3162 = VECTOR('',#3163,1.);
#3163 = DIRECTION('',(1.,0.,0.));
#3164 = PLANE('',#3165);
#3165 = AXIS2_PLACEMENT_3D('',#3166,#3167,#3168);
#3166 = CARTESIAN_POINT('',(-2.5,5.2,0.));
#3167 = DIRECTION('',(0.,-1.,0.));
#3168 = DIRECTION('',(0.,0.,1.));
#3169 = ADVANCED_FACE('',(#3170),#3195,.T.);
#3170 = FACE_BOUND('',#3171,.T.);
#3171 = EDGE_LOOP('',(#3172,#3173,#3181,#3189));
#3172 = ORIENTED_EDGE('',*,*,#2711,.F.);
#3173 = ORIENTED_EDGE('',*,*,#3174,.T.);
#3174 = EDGE_CURVE('',#2712,#3175,#3177,.T.);
#3175 = VERTEX_POINT('',#3176);
#3176 = CARTESIAN_POINT('',(4.55,-0.45,-3.5));
#3177 = LINE('',#3178,#3179);
#3178 = CARTESIAN_POINT('',(4.55,-0.45,2.4));
#3179 = VECTOR('',#3180,1.);
#3180 = DIRECTION('',(-0.,-0.,-1.));
#3181 = ORIENTED_EDGE('',*,*,#3182,.T.);
#3182 = EDGE_CURVE('',#3175,#3183,#3185,.T.);
#3183 = VERTEX_POINT('',#3184);
#3184 = CARTESIAN_POINT('',(5.45,-0.45,-3.5));
#3185 = LINE('',#3186,#3187);
#3186 = CARTESIAN_POINT('',(4.55,-0.45,-3.5));
#3187 = VECTOR('',#3188,1.);
#3188 = DIRECTION('',(1.,0.,0.));
#3189 = ORIENTED_EDGE('',*,*,#3190,.F.);
#3190 = EDGE_CURVE('',#2714,#3183,#3191,.T.);
#3191 = LINE('',#3192,#3193);
#3192 = CARTESIAN_POINT('',(5.45,-0.45,2.4));
#3193 = VECTOR('',#3194,1.);
#3194 = DIRECTION('',(-0.,-0.,-1.));
#3195 = PLANE('',#3196);
#3196 = AXIS2_PLACEMENT_3D('',#3197,#3198,#3199);
#3197 = CARTESIAN_POINT('',(4.55,-0.45,2.4));
#3198 = DIRECTION('',(0.,-1.,0.));
#3199 = DIRECTION('',(1.,0.,0.));
#3200 = ADVANCED_FACE('',(#3201),#3219,.T.);
#3201 = FACE_BOUND('',#3202,.T.);
#3202 = EDGE_LOOP('',(#3203,#3204,#3205,#3213));
#3203 = ORIENTED_EDGE('',*,*,#2737,.F.);
#3204 = ORIENTED_EDGE('',*,*,#3190,.T.);
#3205 = ORIENTED_EDGE('',*,*,#3206,.T.);
#3206 = EDGE_CURVE('',#3183,#3207,#3209,.T.);
#3207 = VERTEX_POINT('',#3208);
#3208 = CARTESIAN_POINT('',(5.45,0.45,-3.5));
#3209 = LINE('',#3210,#3211);
#3210 = CARTESIAN_POINT('',(5.45,-0.45,-3.5));
#3211 = VECTOR('',#3212,1.);
#3212 = DIRECTION('',(0.,1.,0.));
#3213 = ORIENTED_EDGE('',*,*,#3214,.F.);
#3214 = EDGE_CURVE('',#2730,#3207,#3215,.T.);
#3215 = LINE('',#3216,#3217);
#3216 = CARTESIAN_POINT('',(5.45,0.45,2.4));
#3217 = VECTOR('',#3218,1.);
#3218 = DIRECTION('',(-0.,-0.,-1.));
#3219 = PLANE('',#3220);
#3220 = AXIS2_PLACEMENT_3D('',#3221,#3222,#3223);
#3221 = CARTESIAN_POINT('',(5.45,-0.45,2.4));
#3222 = DIRECTION('',(1.,0.,0.));
#3223 = DIRECTION('',(-0.,1.,0.));
#3224 = ADVANCED_FACE('',(#3225),#3243,.T.);
#3225 = FACE_BOUND('',#3226,.T.);
#3226 = EDGE_LOOP('',(#3227,#3228,#3229,#3237));
#3227 = ORIENTED_EDGE('',*,*,#2729,.F.);
#3228 = ORIENTED_EDGE('',*,*,#3214,.T.);
#3229 = ORIENTED_EDGE('',*,*,#3230,.T.);
#3230 = EDGE_CURVE('',#3207,#3231,#3233,.T.);
#3231 = VERTEX_POINT('',#3232);
#3232 = CARTESIAN_POINT('',(4.55,0.45,-3.5));
#3233 = LINE('',#3234,#3235);
#3234 = CARTESIAN_POINT('',(5.45,0.45,-3.5));
#3235 = VECTOR('',#3236,1.);
#3236 = DIRECTION('',(-1.,0.,0.));
#3237 = ORIENTED_EDGE('',*,*,#3238,.F.);
#3238 = EDGE_CURVE('',#2722,#3231,#3239,.T.);
#3239 = LINE('',#3240,#3241);
#3240 = CARTESIAN_POINT('',(4.55,0.45,2.4));
#3241 = VECTOR('',#3242,1.);
#3242 = DIRECTION('',(-0.,-0.,-1.));
#3243 = PLANE('',#3244);
#3244 = AXIS2_PLACEMENT_3D('',#3245,#3246,#3247);
#3245 = CARTESIAN_POINT('',(5.45,0.45,2.4));
#3246 = DIRECTION('',(0.,1.,-0.));
#3247 = DIRECTION('',(-1.,0.,0.));
#3248 = ADVANCED_FACE('',(#3249),#3260,.T.);
#3249 = FACE_BOUND('',#3250,.T.);
#3250 = EDGE_LOOP('',(#3251,#3252,#3253,#3259));
#3251 = ORIENTED_EDGE('',*,*,#2721,.F.);
#3252 = ORIENTED_EDGE('',*,*,#3238,.T.);
#3253 = ORIENTED_EDGE('',*,*,#3254,.T.);
#3254 = EDGE_CURVE('',#3231,#3175,#3255,.T.);
#3255 = LINE('',#3256,#3257);
#3256 = CARTESIAN_POINT('',(4.55,0.45,-3.5));
#3257 = VECTOR('',#3258,1.);
#3258 = DIRECTION('',(0.,-1.,0.));
#3259 = ORIENTED_EDGE('',*,*,#3174,.F.);
#3260 = PLANE('',#3261);
#3261 = AXIS2_PLACEMENT_3D('',#3262,#3263,#3264);
#3262 = CARTESIAN_POINT('',(4.55,0.45,2.4));
#3263 = DIRECTION('',(-1.,0.,0.));
#3264 = DIRECTION('',(0.,-1.,0.));
#3265 = ADVANCED_FACE('',(#3266),#3291,.T.);
#3266 = FACE_BOUND('',#3267,.T.);
#3267 = EDGE_LOOP('',(#3268,#3269,#3277,#3285));
#3268 = ORIENTED_EDGE('',*,*,#2745,.F.);
#3269 = ORIENTED_EDGE('',*,*,#3270,.T.);
#3270 = EDGE_CURVE('',#2746,#3271,#3273,.T.);
#3271 = VERTEX_POINT('',#3272);
#3272 = CARTESIAN_POINT('',(-0.45,-0.45,-3.5));
#3273 = LINE('',#3274,#3275);
#3274 = CARTESIAN_POINT('',(-0.45,-0.45,2.4));
#3275 = VECTOR('',#3276,1.);
#3276 = DIRECTION('',(-0.,-0.,-1.));
#3277 = ORIENTED_EDGE('',*,*,#3278,.T.);
#3278 = EDGE_CURVE('',#3271,#3279,#3281,.T.);
#3279 = VERTEX_POINT('',#3280);
#3280 = CARTESIAN_POINT('',(0.45,-0.45,-3.5));
#3281 = LINE('',#3282,#3283);
#3282 = CARTESIAN_POINT('',(-0.45,-0.45,-3.5));
#3283 = VECTOR('',#3284,1.);
#3284 = DIRECTION('',(1.,0.,0.));
#3285 = ORIENTED_EDGE('',*,*,#3286,.F.);
#3286 = EDGE_CURVE('',#2748,#3279,#3287,.T.);
#3287 = LINE('',#3288,#3289);
#3288 = CARTESIAN_POINT('',(0.45,-0.45,2.4));
#3289 = VECTOR('',#3290,1.);
#3290 = DIRECTION('',(-0.,-0.,-1.));
#3291 = PLANE('',#3292);
#3292 = AXIS2_PLACEMENT_3D('',#3293,#3294,#3295);
#3293 = CARTESIAN_POINT('',(-0.45,-0.45,2.4));
#3294 = DIRECTION('',(0.,-1.,0.));
#3295 = DIRECTION('',(1.,0.,0.));
#3296 = ADVANCED_FACE('',(#3297),#3315,.T.);
#3297 = FACE_BOUND('',#3298,.T.);
#3298 = EDGE_LOOP('',(#3299,#3300,#3301,#3309));
#3299 = ORIENTED_EDGE('',*,*,#2771,.F.);
#3300 = ORIENTED_EDGE('',*,*,#3286,.T.);
#3301 = ORIENTED_EDGE('',*,*,#3302,.T.);
#3302 = EDGE_CURVE('',#3279,#3303,#3305,.T.);
#3303 = VERTEX_POINT('',#3304);
#3304 = CARTESIAN_POINT('',(0.45,0.45,-3.5));
#3305 = LINE('',#3306,#3307);
#3306 = CARTESIAN_POINT('',(0.45,-0.45,-3.5));
#3307 = VECTOR('',#3308,1.);
#3308 = DIRECTION('',(0.,1.,0.));
#3309 = ORIENTED_EDGE('',*,*,#3310,.F.);
#3310 = EDGE_CURVE('',#2764,#3303,#3311,.T.);
#3311 = LINE('',#3312,#3313);
#3312 = CARTESIAN_POINT('',(0.45,0.45,2.4));
#3313 = VECTOR('',#3314,1.);
#3314 = DIRECTION('',(-0.,-0.,-1.));
#3315 = PLANE('',#3316);
#3316 = AXIS2_PLACEMENT_3D('',#3317,#3318,#3319);
#3317 = CARTESIAN_POINT('',(0.45,-0.45,2.4));
#3318 = DIRECTION('',(1.,0.,0.));
#3319 = DIRECTION('',(-0.,1.,0.));
#3320 = ADVANCED_FACE('',(#3321),#3339,.T.);
#3321 = FACE_BOUND('',#3322,.T.);
#3322 = EDGE_LOOP('',(#3323,#3324,#3325,#3333));
#3323 = ORIENTED_EDGE('',*,*,#2763,.F.);
#3324 = ORIENTED_EDGE('',*,*,#3310,.T.);
#3325 = ORIENTED_EDGE('',*,*,#3326,.T.);
#3326 = EDGE_CURVE('',#3303,#3327,#3329,.T.);
#3327 = VERTEX_POINT('',#3328);
#3328 = CARTESIAN_POINT('',(-0.45,0.45,-3.5));
#3329 = LINE('',#3330,#3331);
#3330 = CARTESIAN_POINT('',(0.45,0.45,-3.5));
#3331 = VECTOR('',#3332,1.);
#3332 = DIRECTION('',(-1.,0.,0.));
#3333 = ORIENTED_EDGE('',*,*,#3334,.F.);
#3334 = EDGE_CURVE('',#2756,#3327,#3335,.T.);
#3335 = LINE('',#3336,#3337);
#3336 = CARTESIAN_POINT('',(-0.45,0.45,2.4));
#3337 = VECTOR('',#3338,1.);
#3338 = DIRECTION('',(-0.,-0.,-1.));
#3339 = PLANE('',#3340);
#3340 = AXIS2_PLACEMENT_3D('',#3341,#3342,#3343);
#3341 = CARTESIAN_POINT('',(0.45,0.45,2.4));
#3342 = DIRECTION('',(0.,1.,-0.));
#3343 = DIRECTION('',(-1.,0.,0.));
#3344 = ADVANCED_FACE('',(#3345),#3356,.T.);
#3345 = FACE_BOUND('',#3346,.T.);
#3346 = EDGE_LOOP('',(#3347,#3348,#3349,#3355));
#3347 = ORIENTED_EDGE('',*,*,#2755,.F.);
#3348 = ORIENTED_EDGE('',*,*,#3334,.T.);
#3349 = ORIENTED_EDGE('',*,*,#3350,.T.);
#3350 = EDGE_CURVE('',#3327,#3271,#3351,.T.);
#3351 = LINE('',#3352,#3353);
#3352 = CARTESIAN_POINT('',(-0.45,0.45,-3.5));
#3353 = VECTOR('',#3354,1.);
#3354 = DIRECTION('',(0.,-1.,0.));
#3355 = ORIENTED_EDGE('',*,*,#3270,.F.);
#3356 = PLANE('',#3357);
#3357 = AXIS2_PLACEMENT_3D('',#3358,#3359,#3360);
#3358 = CARTESIAN_POINT('',(-0.45,0.45,2.4));
#3359 = DIRECTION('',(-1.,0.,0.));
#3360 = DIRECTION('',(0.,-1.,0.));
#3361 = ADVANCED_FACE('',(#3362),#3378,.F.);
#3362 = FACE_BOUND('',#3363,.F.);
#3363 = EDGE_LOOP('',(#3364,#3370,#3371,#3377));
#3364 = ORIENTED_EDGE('',*,*,#3365,.T.);
#3365 = EDGE_CURVE('',#2786,#2980,#3366,.T.);
#3366 = LINE('',#3367,#3368);
#3367 = CARTESIAN_POINT('',(-2.5,-2.6,13.8));
#3368 = VECTOR('',#3369,1.);
#3369 = DIRECTION('',(1.,0.,0.));
#3370 = ORIENTED_EDGE('',*,*,#2979,.T.);
#3371 = ORIENTED_EDGE('',*,*,#3372,.F.);
#3372 = EDGE_CURVE('',#2788,#2982,#3373,.T.);
#3373 = LINE('',#3374,#3375);
#3374 = CARTESIAN_POINT('',(-2.5,-4.1,7.4));
#3375 = VECTOR('',#3376,1.);
#3376 = DIRECTION('',(1.,0.,0.));
#3377 = ORIENTED_EDGE('',*,*,#2785,.F.);
#3378 = PLANE('',#3379);
#3379 = AXIS2_PLACEMENT_3D('',#3380,#3381,#3382);
#3380 = CARTESIAN_POINT('',(-2.5,-2.6,13.8));
#3381 = DIRECTION('',(0.,0.973616310568,-0.228191322789));
#3382 = DIRECTION('',(0.,-0.228191322789,-0.973616310568));
#3383 = ADVANCED_FACE('',(#3384,#3395,#3406),#3417,.F.);
#3384 = FACE_BOUND('',#3385,.F.);
#3385 = EDGE_LOOP('',(#3386,#3387,#3393,#3394));
#3386 = ORIENTED_EDGE('',*,*,#2849,.F.);
#3387 = ORIENTED_EDGE('',*,*,#3388,.T.);
#3388 = EDGE_CURVE('',#2842,#3029,#3389,.T.);
#3389 = LINE('',#3390,#3391);
#3390 = CARTESIAN_POINT('',(-2.5,2.2,13.8));
#3391 = VECTOR('',#3392,1.);
#3392 = DIRECTION('',(1.,0.,0.));
#3393 = ORIENTED_EDGE('',*,*,#3036,.T.);
#3394 = ORIENTED_EDGE('',*,*,#3365,.F.);
#3395 = FACE_BOUND('',#3396,.F.);
#3396 = EDGE_LOOP('',(#3397));
#3397 = ORIENTED_EDGE('',*,*,#3398,.T.);
#3398 = EDGE_CURVE('',#3399,#3399,#3401,.T.);
#3399 = VERTEX_POINT('',#3400);
#3400 = CARTESIAN_POINT('',(7.,-0.2,13.8));
#3401 = CIRCLE('',#3402,2.);
#3402 = AXIS2_PLACEMENT_3D('',#3403,#3404,#3405);
#3403 = CARTESIAN_POINT('',(5.,-0.2,13.8));
#3404 = DIRECTION('',(0.,0.,1.));
#3405 = DIRECTION('',(1.,0.,-0.));
#3406 = FACE_BOUND('',#3407,.F.);
#3407 = EDGE_LOOP('',(#3408));
#3408 = ORIENTED_EDGE('',*,*,#3409,.T.);
#3409 = EDGE_CURVE('',#3410,#3410,#3412,.T.);
#3410 = VERTEX_POINT('',#3411);
#3411 = CARTESIAN_POINT('',(2.,-0.2,13.8));
#3412 = CIRCLE('',#3413,2.);
#3413 = AXIS2_PLACEMENT_3D('',#3414,#3415,#3416);
#3414 = CARTESIAN_POINT('',(0.,-0.2,13.8));
#3415 = DIRECTION('',(0.,0.,1.));
#3416 = DIRECTION('',(1.,0.,-0.));
#3417 = PLANE('',#3418);
#3418 = AXIS2_PLACEMENT_3D('',#3419,#3420,#3421);
#3419 = CARTESIAN_POINT('',(-2.5,5.2,13.8));
#3420 = DIRECTION('',(0.,0.,-1.));
#3421 = DIRECTION('',(0.,-1.,0.));
#3422 = ADVANCED_FACE('',(#3423),#3429,.T.);
#3423 = FACE_BOUND('',#3424,.T.);
#3424 = EDGE_LOOP('',(#3425,#3426,#3427,#3428));
#3425 = ORIENTED_EDGE('',*,*,#3388,.T.);
#3426 = ORIENTED_EDGE('',*,*,#3028,.T.);
#3427 = ORIENTED_EDGE('',*,*,#3159,.F.);
#3428 = ORIENTED_EDGE('',*,*,#2841,.F.);
#3429 = PLANE('',#3430);
#3430 = AXIS2_PLACEMENT_3D('',#3431,#3432,#3433);
#3431 = CARTESIAN_POINT('',(-2.5,2.2,13.8));
#3432 = DIRECTION('',(-0.,0.951026496518,0.309109370483));
#3433 = DIRECTION('',(0.,0.309109370483,-0.951026496518));
#3434 = ADVANCED_FACE('',(#3435),#3441,.T.);
#3435 = FACE_BOUND('',#3436,.T.);
#3436 = EDGE_LOOP('',(#3437,#3438,#3439,#3440));
#3437 = ORIENTED_EDGE('',*,*,#3099,.T.);
#3438 = ORIENTED_EDGE('',*,*,#3058,.T.);
#3439 = ORIENTED_EDGE('',*,*,#2963,.T.);
#3440 = ORIENTED_EDGE('',*,*,#2818,.T.);
#3441 = PLANE('',#3442);
#3442 = AXIS2_PLACEMENT_3D('',#3443,#3444,#3445);
#3443 = CARTESIAN_POINT('',(-2.928091935206,-3.6,7.));
#3444 = DIRECTION('',(0.,0.,1.));
#3445 = DIRECTION('',(1.,0.,-0.));
#3446 = ADVANCED_FACE('',(#3447),#3453,.F.);
#3447 = FACE_BOUND('',#3448,.F.);
#3448 = EDGE_LOOP('',(#3449,#3450,#3451,#3452));
#3449 = ORIENTED_EDGE('',*,*,#3372,.T.);
#3450 = ORIENTED_EDGE('',*,*,#2989,.T.);
#3451 = ORIENTED_EDGE('',*,*,#2864,.F.);
#3452 = ORIENTED_EDGE('',*,*,#2795,.F.);
#3453 = PLANE('',#3454);
#3454 = AXIS2_PLACEMENT_3D('',#3455,#3456,#3457);
#3455 = CARTESIAN_POINT('',(-2.5,-4.1,7.4));
#3456 = DIRECTION('',(0.,0.,-1.));
#3457 = DIRECTION('',(0.,-1.,0.));
#3458 = ADVANCED_FACE('',(#3459),#3482,.F.);
#3459 = FACE_BOUND('',#3460,.F.);
#3460 = EDGE_LOOP('',(#3461,#3471,#3476,#3477));
#3461 = ORIENTED_EDGE('',*,*,#3462,.T.);
#3462 = EDGE_CURVE('',#3463,#3465,#3467,.T.);
#3463 = VERTEX_POINT('',#3464);
#3464 = CARTESIAN_POINT('',(3.6,-3.8,2.4));
#3465 = VERTEX_POINT('',#3466);
#3466 = CARTESIAN_POINT('',(6.4,-3.8,2.4));
#3467 = LINE('',#3468,#3469);
#3468 = CARTESIAN_POINT('',(3.6,-3.8,2.4));
#3469 = VECTOR('',#3470,1.);
#3470 = DIRECTION('',(1.,0.,0.));
#3471 = ORIENTED_EDGE('',*,*,#3472,.T.);
#3472 = EDGE_CURVE('',#3465,#2882,#3473,.T.);
#3473 = B_SPLINE_CURVE_WITH_KNOTS('',1,(#3474,#3475),.UNSPECIFIED.,.F.,
  .F.,(2,2),(0.,1.),.PIECEWISE_BEZIER_KNOTS.);
#3474 = CARTESIAN_POINT('',(6.4,-3.8,2.4));
#3475 = CARTESIAN_POINT('',(6.8,-4.6,1.6));
#3476 = ORIENTED_EDGE('',*,*,#2881,.T.);
#3477 = ORIENTED_EDGE('',*,*,#3478,.F.);
#3478 = EDGE_CURVE('',#3463,#2884,#3479,.T.);
#3479 = B_SPLINE_CURVE_WITH_KNOTS('',1,(#3480,#3481),.UNSPECIFIED.,.F.,
  .F.,(2,2),(0.,1.),.PIECEWISE_BEZIER_KNOTS.);
#3480 = CARTESIAN_POINT('',(3.6,-3.8,2.4));
#3481 = CARTESIAN_POINT('',(3.2,-4.6,1.6));
#3482 = B_SPLINE_SURFACE_WITH_KNOTS('',1,1,(
    (#3483,#3484)
    ,(#3485,#3486
    )),.UNSPECIFIED.,.F.,.F.,.F.,(2,2),(2,2),(-3.6,0.),(0.,1.),
  .PIECEWISE_BEZIER_KNOTS.);
#3483 = CARTESIAN_POINT('',(3.6,-3.8,2.4));
#3484 = CARTESIAN_POINT('',(3.2,-4.6,1.6));
#3485 = CARTESIAN_POINT('',(6.4,-3.8,2.4));
#3486 = CARTESIAN_POINT('',(6.8,-4.6,1.6));
#3487 = ADVANCED_FACE('',(#3488),#3505,.F.);
#3488 = FACE_BOUND('',#3489,.F.);
#3489 = EDGE_LOOP('',(#3490,#3498,#3503,#3504));
#3490 = ORIENTED_EDGE('',*,*,#3491,.T.);
#3491 = EDGE_CURVE('',#3465,#3492,#3494,.T.);
#3492 = VERTEX_POINT('',#3493);
#3493 = CARTESIAN_POINT('',(6.4,-3.8,5.1));
#3494 = LINE('',#3495,#3496);
#3495 = CARTESIAN_POINT('',(6.4,-3.8,2.4));
#3496 = VECTOR('',#3497,1.);
#3497 = DIRECTION('',(0.,0.,1.));
#3498 = ORIENTED_EDGE('',*,*,#3499,.T.);
#3499 = EDGE_CURVE('',#3492,#2892,#3500,.T.);
#3500 = B_SPLINE_CURVE_WITH_KNOTS('',1,(#3501,#3502),.UNSPECIFIED.,.F.,
  .F.,(2,2),(0.,1.),.PIECEWISE_BEZIER_KNOTS.);
#3501 = CARTESIAN_POINT('',(6.4,-3.8,5.1));
#3502 = CARTESIAN_POINT('',(6.8,-4.6,6.8));
#3503 = ORIENTED_EDGE('',*,*,#2891,.T.);
#3504 = ORIENTED_EDGE('',*,*,#3472,.F.);
#3505 = B_SPLINE_SURFACE_WITH_KNOTS('',1,1,(
    (#3506,#3507)
    ,(#3508,#3509
    )),.UNSPECIFIED.,.F.,.F.,.F.,(2,2),(2,2),(-5.2,0.),(0.,1.),
  .PIECEWISE_BEZIER_KNOTS.);
#3506 = CARTESIAN_POINT('',(6.4,-3.8,2.4));
#3507 = CARTESIAN_POINT('',(6.8,-4.6,1.6));
#3508 = CARTESIAN_POINT('',(6.4,-3.8,5.1));
#3509 = CARTESIAN_POINT('',(6.8,-4.6,6.8));
#3510 = ADVANCED_FACE('',(#3511),#3528,.F.);
#3511 = FACE_BOUND('',#3512,.F.);
#3512 = EDGE_LOOP('',(#3513,#3521,#3522,#3523));
#3513 = ORIENTED_EDGE('',*,*,#3514,.T.);
#3514 = EDGE_CURVE('',#3515,#3463,#3517,.T.);
#3515 = VERTEX_POINT('',#3516);
#3516 = CARTESIAN_POINT('',(3.6,-3.8,5.1));
#3517 = LINE('',#3518,#3519);
#3518 = CARTESIAN_POINT('',(3.6,-3.8,5.1));
#3519 = VECTOR('',#3520,1.);
#3520 = DIRECTION('',(0.,0.,-1.));
#3521 = ORIENTED_EDGE('',*,*,#3478,.T.);
#3522 = ORIENTED_EDGE('',*,*,#2907,.T.);
#3523 = ORIENTED_EDGE('',*,*,#3524,.F.);
#3524 = EDGE_CURVE('',#3515,#2900,#3525,.T.);
#3525 = B_SPLINE_CURVE_WITH_KNOTS('',1,(#3526,#3527),.UNSPECIFIED.,.F.,
  .F.,(2,2),(0.,1.),.PIECEWISE_BEZIER_KNOTS.);
#3526 = CARTESIAN_POINT('',(3.6,-3.8,5.1));
#3527 = CARTESIAN_POINT('',(3.2,-4.6,6.8));
#3528 = B_SPLINE_SURFACE_WITH_KNOTS('',1,1,(
    (#3529,#3530)
    ,(#3531,#3532
    )),.UNSPECIFIED.,.F.,.F.,.F.,(2,2),(2,2),(-5.2,0.),(0.,1.),
  .PIECEWISE_BEZIER_KNOTS.);
#3529 = CARTESIAN_POINT('',(3.6,-3.8,5.1));
#3530 = CARTESIAN_POINT('',(3.2,-4.6,6.8));
#3531 = CARTESIAN_POINT('',(3.6,-3.8,2.4));
#3532 = CARTESIAN_POINT('',(3.2,-4.6,1.6));
#3533 = ADVANCED_FACE('',(#3534),#3545,.F.);
#3534 = FACE_BOUND('',#3535,.F.);
#3535 = EDGE_LOOP('',(#3536,#3542,#3543,#3544));
#3536 = ORIENTED_EDGE('',*,*,#3537,.T.);
#3537 = EDGE_CURVE('',#3492,#3515,#3538,.T.);
#3538 = LINE('',#3539,#3540);
#3539 = CARTESIAN_POINT('',(6.4,-3.8,5.1));
#3540 = VECTOR('',#3541,1.);
#3541 = DIRECTION('',(-1.,0.,0.));
#3542 = ORIENTED_EDGE('',*,*,#3524,.T.);
#3543 = ORIENTED_EDGE('',*,*,#2899,.T.);
#3544 = ORIENTED_EDGE('',*,*,#3499,.F.);
#3545 = B_SPLINE_SURFACE_WITH_KNOTS('',1,1,(
    (#3546,#3547)
    ,(#3548,#3549
    )),.UNSPECIFIED.,.F.,.F.,.F.,(2,2),(2,2),(-3.6,0.),(0.,1.),
  .PIECEWISE_BEZIER_KNOTS.);
#3546 = CARTESIAN_POINT('',(6.4,-3.8,5.1));
#3547 = CARTESIAN_POINT('',(6.8,-4.6,6.8));
#3548 = CARTESIAN_POINT('',(3.6,-3.8,5.1));
#3549 = CARTESIAN_POINT('',(3.2,-4.6,6.8));
#3550 = ADVANCED_FACE('',(#3551),#3574,.F.);
#3551 = FACE_BOUND('',#3552,.F.);
#3552 = EDGE_LOOP('',(#3553,#3563,#3568,#3569));
#3553 = ORIENTED_EDGE('',*,*,#3554,.T.);
#3554 = EDGE_CURVE('',#3555,#3557,#3559,.T.);
#3555 = VERTEX_POINT('',#3556);
#3556 = CARTESIAN_POINT('',(-1.4,-3.8,2.4));
#3557 = VERTEX_POINT('',#3558);
#3558 = CARTESIAN_POINT('',(1.4,-3.8,2.4));
#3559 = LINE('',#3560,#3561);
#3560 = CARTESIAN_POINT('',(-1.4,-3.8,2.4));
#3561 = VECTOR('',#3562,1.);
#3562 = DIRECTION('',(1.,0.,0.));
#3563 = ORIENTED_EDGE('',*,*,#3564,.T.);
#3564 = EDGE_CURVE('',#3557,#2916,#3565,.T.);
#3565 = B_SPLINE_CURVE_WITH_KNOTS('',1,(#3566,#3567),.UNSPECIFIED.,.F.,
  .F.,(2,2),(0.,1.),.PIECEWISE_BEZIER_KNOTS.);
#3566 = CARTESIAN_POINT('',(1.4,-3.8,2.4));
#3567 = CARTESIAN_POINT('',(1.8,-4.6,1.6));
#3568 = ORIENTED_EDGE('',*,*,#2915,.T.);
#3569 = ORIENTED_EDGE('',*,*,#3570,.F.);
#3570 = EDGE_CURVE('',#3555,#2918,#3571,.T.);
#3571 = B_SPLINE_CURVE_WITH_KNOTS('',1,(#3572,#3573),.UNSPECIFIED.,.F.,
  .F.,(2,2),(0.,1.),.PIECEWISE_BEZIER_KNOTS.);
#3572 = CARTESIAN_POINT('',(-1.4,-3.8,2.4));
#3573 = CARTESIAN_POINT('',(-1.8,-4.6,1.6));
#3574 = B_SPLINE_SURFACE_WITH_KNOTS('',1,1,(
    (#3575,#3576)
    ,(#3577,#3578
    )),.UNSPECIFIED.,.F.,.F.,.F.,(2,2),(2,2),(-3.6,0.),(0.,1.),
  .PIECEWISE_BEZIER_KNOTS.);
#3575 = CARTESIAN_POINT('',(-1.4,-3.8,2.4));
#3576 = CARTESIAN_POINT('',(-1.8,-4.6,1.6));
#3577 = CARTESIAN_POINT('',(1.4,-3.8,2.4));
#3578 = CARTESIAN_POINT('',(1.8,-4.6,1.6));
#3579 = ADVANCED_FACE('',(#3580),#3597,.F.);
#3580 = FACE_BOUND('',#3581,.F.);
#3581 = EDGE_LOOP('',(#3582,#3590,#3595,#3596));
#3582 = ORIENTED_EDGE('',*,*,#3583,.T.);
#3583 = EDGE_CURVE('',#3557,#3584,#3586,.T.);
#3584 = VERTEX_POINT('',#3585);
#3585 = CARTESIAN_POINT('',(1.4,-3.8,5.1));
#3586 = LINE('',#3587,#3588);
#3587 = CARTESIAN_POINT('',(1.4,-3.8,2.4));
#3588 = VECTOR('',#3589,1.);
#3589 = DIRECTION('',(0.,0.,1.));
#3590 = ORIENTED_EDGE('',*,*,#3591,.T.);
#3591 = EDGE_CURVE('',#3584,#2926,#3592,.T.);
#3592 = B_SPLINE_CURVE_WITH_KNOTS('',1,(#3593,#3594),.UNSPECIFIED.,.F.,
  .F.,(2,2),(0.,1.),.PIECEWISE_BEZIER_KNOTS.);
#3593 = CARTESIAN_POINT('',(1.4,-3.8,5.1));
#3594 = CARTESIAN_POINT('',(1.8,-4.6,6.8));
#3595 = ORIENTED_EDGE('',*,*,#2925,.T.);
#3596 = ORIENTED_EDGE('',*,*,#3564,.F.);
#3597 = B_SPLINE_SURFACE_WITH_KNOTS('',1,1,(
    (#3598,#3599)
    ,(#3600,#3601
    )),.UNSPECIFIED.,.F.,.F.,.F.,(2,2),(2,2),(-5.2,0.),(0.,1.),
  .PIECEWISE_BEZIER_KNOTS.);
#3598 = CARTESIAN_POINT('',(1.4,-3.8,2.4));
#3599 = CARTESIAN_POINT('',(1.8,-4.6,1.6));
#3600 = CARTESIAN_POINT('',(1.4,-3.8,5.1));
#3601 = CARTESIAN_POINT('',(1.8,-4.6,6.8));
#3602 = ADVANCED_FACE('',(#3603),#3620,.F.);
#3603 = FACE_BOUND('',#3604,.F.);
#3604 = EDGE_LOOP('',(#3605,#3613,#3614,#3615));
#3605 = ORIENTED_EDGE('',*,*,#3606,.T.);
#3606 = EDGE_CURVE('',#3607,#3555,#3609,.T.);
#3607 = VERTEX_POINT('',#3608);
#3608 = CARTESIAN_POINT('',(-1.4,-3.8,5.1));
#3609 = LINE('',#3610,#3611);
#3610 = CARTESIAN_POINT('',(-1.4,-3.8,5.1));
#3611 = VECTOR('',#3612,1.);
#3612 = DIRECTION('',(0.,0.,-1.));
#3613 = ORIENTED_EDGE('',*,*,#3570,.T.);
#3614 = ORIENTED_EDGE('',*,*,#2941,.T.);
#3615 = ORIENTED_EDGE('',*,*,#3616,.F.);
#3616 = EDGE_CURVE('',#3607,#2934,#3617,.T.);
#3617 = B_SPLINE_CURVE_WITH_KNOTS('',1,(#3618,#3619),.UNSPECIFIED.,.F.,
  .F.,(2,2),(0.,1.),.PIECEWISE_BEZIER_KNOTS.);
#3618 = CARTESIAN_POINT('',(-1.4,-3.8,5.1));
#3619 = CARTESIAN_POINT('',(-1.8,-4.6,6.8));
#3620 = B_SPLINE_SURFACE_WITH_KNOTS('',1,1,(
    (#3621,#3622)
    ,(#3623,#3624
    )),.UNSPECIFIED.,.F.,.F.,.F.,(2,2),(2,2),(-5.2,0.),(0.,1.),
  .PIECEWISE_BEZIER_KNOTS.);
#3621 = CARTESIAN_POINT('',(-1.4,-3.8,5.1));
#3622 = CARTESIAN_POINT('',(-1.8,-4.6,6.8));
#3623 = CARTESIAN_POINT('',(-1.4,-3.8,2.4));
#3624 = CARTESIAN_POINT('',(-1.8,-4.6,1.6));
#3625 = ADVANCED_FACE('',(#3626),#3637,.F.);
#3626 = FACE_BOUND('',#3627,.F.);
#3627 = EDGE_LOOP('',(#3628,#3634,#3635,#3636));
#3628 = ORIENTED_EDGE('',*,*,#3629,.T.);
#3629 = EDGE_CURVE('',#3584,#3607,#3630,.T.);
#3630 = LINE('',#3631,#3632);
#3631 = CARTESIAN_POINT('',(1.4,-3.8,5.1));
#3632 = VECTOR('',#3633,1.);
#3633 = DIRECTION('',(-1.,0.,0.));
#3634 = ORIENTED_EDGE('',*,*,#3616,.T.);
#3635 = ORIENTED_EDGE('',*,*,#2933,.T.);
#3636 = ORIENTED_EDGE('',*,*,#3591,.F.);
#3637 = B_SPLINE_SURFACE_WITH_KNOTS('',1,1,(
    (#3638,#3639)
    ,(#3640,#3641
    )),.UNSPECIFIED.,.F.,.F.,.F.,(2,2),(2,2),(-3.6,0.),(0.,1.),
  .PIECEWISE_BEZIER_KNOTS.);
#3638 = CARTESIAN_POINT('',(1.4,-3.8,5.1));
#3639 = CARTESIAN_POINT('',(1.8,-4.6,6.8));
#3640 = CARTESIAN_POINT('',(-1.4,-3.8,5.1));
#3641 = CARTESIAN_POINT('',(-1.8,-4.6,6.8));
#3642 = ADVANCED_FACE('',(#3643),#3649,.F.);
#3643 = FACE_BOUND('',#3644,.F.);
#3644 = EDGE_LOOP('',(#3645,#3646,#3647,#3648));
#3645 = ORIENTED_EDGE('',*,*,#3140,.T.);
#3646 = ORIENTED_EDGE('',*,*,#3123,.T.);
#3647 = ORIENTED_EDGE('',*,*,#3082,.T.);
#3648 = ORIENTED_EDGE('',*,*,#3005,.T.);
#3649 = PLANE('',#3650);
#3650 = AXIS2_PLACEMENT_3D('',#3651,#3652,#3653);
#3651 = CARTESIAN_POINT('',(7.071908064794,-3.6,7.));
#3652 = DIRECTION('',(0.,0.,1.));
#3653 = DIRECTION('',(1.,0.,-0.));
#3654 = ADVANCED_FACE('',(#3655),#3661,.F.);
#3655 = FACE_BOUND('',#3656,.F.);
#3656 = EDGE_LOOP('',(#3657,#3658,#3659,#3660));
#3657 = ORIENTED_EDGE('',*,*,#3182,.T.);
#3658 = ORIENTED_EDGE('',*,*,#3206,.T.);
#3659 = ORIENTED_EDGE('',*,*,#3230,.T.);
#3660 = ORIENTED_EDGE('',*,*,#3254,.T.);
#3661 = PLANE('',#3662);
#3662 = AXIS2_PLACEMENT_3D('',#3663,#3664,#3665);
#3663 = CARTESIAN_POINT('',(5.,0.,-3.5));
#3664 = DIRECTION('',(0.,0.,1.));
#3665 = DIRECTION('',(1.,0.,-0.));
#3666 = ADVANCED_FACE('',(#3667),#3673,.F.);
#3667 = FACE_BOUND('',#3668,.F.);
#3668 = EDGE_LOOP('',(#3669,#3670,#3671,#3672));
#3669 = ORIENTED_EDGE('',*,*,#3278,.T.);
#3670 = ORIENTED_EDGE('',*,*,#3302,.T.);
#3671 = ORIENTED_EDGE('',*,*,#3326,.T.);
#3672 = ORIENTED_EDGE('',*,*,#3350,.T.);
#3673 = PLANE('',#3674);
#3674 = AXIS2_PLACEMENT_3D('',#3675,#3676,#3677);
#3675 = CARTESIAN_POINT('',(0.,0.,-3.5));
#3676 = DIRECTION('',(0.,0.,1.));
#3677 = DIRECTION('',(1.,0.,-0.));
#3678 = ADVANCED_FACE('',(#3679),#3784,.F.);
#3679 = FACE_BOUND('',#3680,.F.);
#3680 = EDGE_LOOP('',(#3681,#3689,#3690,#3691,#3700,#3708,#3717,#3725,
    #3734,#3742,#3751,#3760,#3769,#3777));
#3681 = ORIENTED_EDGE('',*,*,#3682,.F.);
#3682 = EDGE_CURVE('',#3399,#3683,#3685,.T.);
#3683 = VERTEX_POINT('',#3684);
#3684 = CARTESIAN_POINT('',(7.,-0.2,2.4));
#3685 = LINE('',#3686,#3687);
#3686 = CARTESIAN_POINT('',(7.,-0.2,13.8));
#3687 = VECTOR('',#3688,1.);
#3688 = DIRECTION('',(-0.,-0.,-1.));
#3689 = ORIENTED_EDGE('',*,*,#3398,.F.);
#3690 = ORIENTED_EDGE('',*,*,#3682,.T.);
#3691 = ORIENTED_EDGE('',*,*,#3692,.T.);
#3692 = EDGE_CURVE('',#3683,#3693,#3695,.T.);
#3693 = VERTEX_POINT('',#3694);
#3694 = CARTESIAN_POINT('',(6.4,1.228285685709,2.4));
#3695 = CIRCLE('',#3696,2.);
#3696 = AXIS2_PLACEMENT_3D('',#3697,#3698,#3699);
#3697 = CARTESIAN_POINT('',(5.,-0.2,2.4));
#3698 = DIRECTION('',(0.,0.,1.));
#3699 = DIRECTION('',(1.,0.,-0.));
#3700 = ORIENTED_EDGE('',*,*,#3701,.T.);
#3701 = EDGE_CURVE('',#3693,#3702,#3704,.T.);
#3702 = VERTEX_POINT('',#3703);
#3703 = CARTESIAN_POINT('',(6.4,1.228285685709,5.1));
#3704 = LINE('',#3705,#3706);
#3705 = CARTESIAN_POINT('',(6.4,1.228285685709,13.8));
#3706 = VECTOR('',#3707,1.);
#3707 = DIRECTION('',(0.,0.,1.));
#3708 = ORIENTED_EDGE('',*,*,#3709,.T.);
#3709 = EDGE_CURVE('',#3702,#3710,#3712,.T.);
#3710 = VERTEX_POINT('',#3711);
#3711 = CARTESIAN_POINT('',(3.6,1.228285685709,5.1));
#3712 = CIRCLE('',#3713,2.);
#3713 = AXIS2_PLACEMENT_3D('',#3714,#3715,#3716);
#3714 = CARTESIAN_POINT('',(5.,-0.2,5.1));
#3715 = DIRECTION('',(0.,0.,1.));
#3716 = DIRECTION('',(1.,0.,-0.));
#3717 = ORIENTED_EDGE('',*,*,#3718,.F.);
#3718 = EDGE_CURVE('',#3719,#3710,#3721,.T.);
#3719 = VERTEX_POINT('',#3720);
#3720 = CARTESIAN_POINT('',(3.6,1.228285685709,2.4));
#3721 = LINE('',#3722,#3723);
#3722 = CARTESIAN_POINT('',(3.6,1.228285685709,13.8));
#3723 = VECTOR('',#3724,1.);
#3724 = DIRECTION('',(0.,0.,1.));
#3725 = ORIENTED_EDGE('',*,*,#3726,.T.);
#3726 = EDGE_CURVE('',#3719,#3727,#3729,.T.);
#3727 = VERTEX_POINT('',#3728);
#3728 = CARTESIAN_POINT('',(3.6,-1.628285685709,2.4));
#3729 = CIRCLE('',#3730,2.);
#3730 = AXIS2_PLACEMENT_3D('',#3731,#3732,#3733);
#3731 = CARTESIAN_POINT('',(5.,-0.2,2.4));
#3732 = DIRECTION('',(0.,0.,1.));
#3733 = DIRECTION('',(1.,0.,-0.));
#3734 = ORIENTED_EDGE('',*,*,#3735,.T.);
#3735 = EDGE_CURVE('',#3727,#3736,#3738,.T.);
#3736 = VERTEX_POINT('',#3737);
#3737 = CARTESIAN_POINT('',(3.6,-1.628285685709,5.1));
#3738 = LINE('',#3739,#3740);
#3739 = CARTESIAN_POINT('',(3.6,-1.628285685709,13.8));
#3740 = VECTOR('',#3741,1.);
#3741 = DIRECTION('',(0.,0.,1.));
#3742 = ORIENTED_EDGE('',*,*,#3743,.T.);
#3743 = EDGE_CURVE('',#3736,#3744,#3746,.T.);
#3744 = VERTEX_POINT('',#3745);
#3745 = CARTESIAN_POINT('',(4.128220211292,-2.,5.1));
#3746 = CIRCLE('',#3747,2.);
#3747 = AXIS2_PLACEMENT_3D('',#3748,#3749,#3750);
#3748 = CARTESIAN_POINT('',(5.,-0.2,5.1));
#3749 = DIRECTION('',(0.,0.,1.));
#3750 = DIRECTION('',(1.,0.,-0.));
#3751 = ORIENTED_EDGE('',*,*,#3752,.T.);
#3752 = EDGE_CURVE('',#3744,#3753,#3755,.T.);
#3753 = VERTEX_POINT('',#3754);
#3754 = CARTESIAN_POINT('',(5.871779788708,-2.,5.1));
#3755 = CIRCLE('',#3756,2.);
#3756 = AXIS2_PLACEMENT_3D('',#3757,#3758,#3759);
#3757 = CARTESIAN_POINT('',(5.,-0.2,5.1));
#3758 = DIRECTION('',(0.,0.,1.));
#3759 = DIRECTION('',(1.,0.,-0.));
#3760 = ORIENTED_EDGE('',*,*,#3761,.T.);
#3761 = EDGE_CURVE('',#3753,#3762,#3764,.T.);
#3762 = VERTEX_POINT('',#3763);
#3763 = CARTESIAN_POINT('',(6.4,-1.628285685709,5.1));
#3764 = CIRCLE('',#3765,2.);
#3765 = AXIS2_PLACEMENT_3D('',#3766,#3767,#3768);
#3766 = CARTESIAN_POINT('',(5.,-0.2,5.1));
#3767 = DIRECTION('',(0.,0.,1.));
#3768 = DIRECTION('',(1.,0.,-0.));
#3769 = ORIENTED_EDGE('',*,*,#3770,.F.);
#3770 = EDGE_CURVE('',#3771,#3762,#3773,.T.);
#3771 = VERTEX_POINT('',#3772);
#3772 = CARTESIAN_POINT('',(6.4,-1.628285685709,2.4));
#3773 = LINE('',#3774,#3775);
#3774 = CARTESIAN_POINT('',(6.4,-1.628285685709,13.8));
#3775 = VECTOR('',#3776,1.);
#3776 = DIRECTION('',(0.,0.,1.));
#3777 = ORIENTED_EDGE('',*,*,#3778,.T.);
#3778 = EDGE_CURVE('',#3771,#3683,#3779,.T.);
#3779 = CIRCLE('',#3780,2.);
#3780 = AXIS2_PLACEMENT_3D('',#3781,#3782,#3783);
#3781 = CARTESIAN_POINT('',(5.,-0.2,2.4));
#3782 = DIRECTION('',(0.,0.,1.));
#3783 = DIRECTION('',(1.,0.,-0.));
#3784 = CYLINDRICAL_SURFACE('',#3785,2.);
#3785 = AXIS2_PLACEMENT_3D('',#3786,#3787,#3788);
#3786 = CARTESIAN_POINT('',(5.,-0.2,13.8));
#3787 = DIRECTION('',(0.,0.,1.));
#3788 = DIRECTION('',(1.,0.,-0.));
#3789 = ADVANCED_FACE('',(#3790),#3895,.F.);
#3790 = FACE_BOUND('',#3791,.F.);
#3791 = EDGE_LOOP('',(#3792,#3800,#3801,#3802,#3811,#3819,#3828,#3836,
    #3845,#3853,#3862,#3871,#3880,#3888));
#3792 = ORIENTED_EDGE('',*,*,#3793,.F.);
#3793 = EDGE_CURVE('',#3410,#3794,#3796,.T.);
#3794 = VERTEX_POINT('',#3795);
#3795 = CARTESIAN_POINT('',(2.,-0.2,2.4));
#3796 = LINE('',#3797,#3798);
#3797 = CARTESIAN_POINT('',(2.,-0.2,13.8));
#3798 = VECTOR('',#3799,1.);
#3799 = DIRECTION('',(-0.,-0.,-1.));
#3800 = ORIENTED_EDGE('',*,*,#3409,.F.);
#3801 = ORIENTED_EDGE('',*,*,#3793,.T.);
#3802 = ORIENTED_EDGE('',*,*,#3803,.T.);
#3803 = EDGE_CURVE('',#3794,#3804,#3806,.T.);
#3804 = VERTEX_POINT('',#3805);
#3805 = CARTESIAN_POINT('',(1.4,1.228285685709,2.4));
#3806 = CIRCLE('',#3807,2.);
#3807 = AXIS2_PLACEMENT_3D('',#3808,#3809,#3810);
#3808 = CARTESIAN_POINT('',(0.,-0.2,2.4));
#3809 = DIRECTION('',(0.,0.,1.));
#3810 = DIRECTION('',(1.,0.,-0.));
#3811 = ORIENTED_EDGE('',*,*,#3812,.T.);
#3812 = EDGE_CURVE('',#3804,#3813,#3815,.T.);
#3813 = VERTEX_POINT('',#3814);
#3814 = CARTESIAN_POINT('',(1.4,1.228285685709,5.1));
#3815 = LINE('',#3816,#3817);
#3816 = CARTESIAN_POINT('',(1.4,1.228285685709,13.8));
#3817 = VECTOR('',#3818,1.);
#3818 = DIRECTION('',(0.,0.,1.));
#3819 = ORIENTED_EDGE('',*,*,#3820,.T.);
#3820 = EDGE_CURVE('',#3813,#3821,#3823,.T.);
#3821 = VERTEX_POINT('',#3822);
#3822 = CARTESIAN_POINT('',(-1.4,1.228285685709,5.1));
#3823 = CIRCLE('',#3824,2.);
#3824 = AXIS2_PLACEMENT_3D('',#3825,#3826,#3827);
#3825 = CARTESIAN_POINT('',(0.,-0.2,5.1));
#3826 = DIRECTION('',(0.,0.,1.));
#3827 = DIRECTION('',(1.,0.,-0.));
#3828 = ORIENTED_EDGE('',*,*,#3829,.F.);
#3829 = EDGE_CURVE('',#3830,#3821,#3832,.T.);
#3830 = VERTEX_POINT('',#3831);
#3831 = CARTESIAN_POINT('',(-1.4,1.228285685709,2.4));
#3832 = LINE('',#3833,#3834);
#3833 = CARTESIAN_POINT('',(-1.4,1.228285685709,13.8));
#3834 = VECTOR('',#3835,1.);
#3835 = DIRECTION('',(0.,0.,1.));
#3836 = ORIENTED_EDGE('',*,*,#3837,.T.);
#3837 = EDGE_CURVE('',#3830,#3838,#3840,.T.);
#3838 = VERTEX_POINT('',#3839);
#3839 = CARTESIAN_POINT('',(-1.4,-1.628285685709,2.4));
#3840 = CIRCLE('',#3841,2.);
#3841 = AXIS2_PLACEMENT_3D('',#3842,#3843,#3844);
#3842 = CARTESIAN_POINT('',(0.,-0.2,2.4));
#3843 = DIRECTION('',(0.,0.,1.));
#3844 = DIRECTION('',(1.,0.,-0.));
#3845 = ORIENTED_EDGE('',*,*,#3846,.T.);
#3846 = EDGE_CURVE('',#3838,#3847,#3849,.T.);
#3847 = VERTEX_POINT('',#3848);
#3848 = CARTESIAN_POINT('',(-1.4,-1.628285685709,5.1));
#3849 = LINE('',#3850,#3851);
#3850 = CARTESIAN_POINT('',(-1.4,-1.628285685709,13.8));
#3851 = VECTOR('',#3852,1.);
#3852 = DIRECTION('',(0.,0.,1.));
#3853 = ORIENTED_EDGE('',*,*,#3854,.T.);
#3854 = EDGE_CURVE('',#3847,#3855,#3857,.T.);
#3855 = VERTEX_POINT('',#3856);
#3856 = CARTESIAN_POINT('',(-0.871779788708,-2.,5.1));
#3857 = CIRCLE('',#3858,2.);
#3858 = AXIS2_PLACEMENT_3D('',#3859,#3860,#3861);
#3859 = CARTESIAN_POINT('',(0.,-0.2,5.1));
#3860 = DIRECTION('',(0.,0.,1.));
#3861 = DIRECTION('',(1.,0.,-0.));
#3862 = ORIENTED_EDGE('',*,*,#3863,.T.);
#3863 = EDGE_CURVE('',#3855,#3864,#3866,.T.);
#3864 = VERTEX_POINT('',#3865);
#3865 = CARTESIAN_POINT('',(0.871779788708,-2.,5.1));
#3866 = CIRCLE('',#3867,2.);
#3867 = AXIS2_PLACEMENT_3D('',#3868,#3869,#3870);
#3868 = CARTESIAN_POINT('',(0.,-0.2,5.1));
#3869 = DIRECTION('',(0.,0.,1.));
#3870 = DIRECTION('',(1.,0.,-0.));
#3871 = ORIENTED_EDGE('',*,*,#3872,.T.);
#3872 = EDGE_CURVE('',#3864,#3873,#3875,.T.);
#3873 = VERTEX_POINT('',#3874);
#3874 = CARTESIAN_POINT('',(1.4,-1.628285685709,5.1));
#3875 = CIRCLE('',#3876,2.);
#3876 = AXIS2_PLACEMENT_3D('',#3877,#3878,#3879);
#3877 = CARTESIAN_POINT('',(0.,-0.2,5.1));
#3878 = DIRECTION('',(0.,0.,1.));
#3879 = DIRECTION('',(1.,0.,-0.));
#3880 = ORIENTED_EDGE('',*,*,#3881,.F.);
#3881 = EDGE_CURVE('',#3882,#3873,#3884,.T.);
#3882 = VERTEX_POINT('',#3883);
#3883 = CARTESIAN_POINT('',(1.4,-1.628285685709,2.4));
#3884 = LINE('',#3885,#3886);
#3885 = CARTESIAN_POINT('',(1.4,-1.628285685709,13.8));
#3886 = VECTOR('',#3887,1.);
#3887 = DIRECTION('',(0.,0.,1.));
#3888 = ORIENTED_EDGE('',*,*,#3889,.T.);
#3889 = EDGE_CURVE('',#3882,#3794,#3890,.T.);
#3890 = CIRCLE('',#3891,2.);
#3891 = AXIS2_PLACEMENT_3D('',#3892,#3893,#3894);
#3892 = CARTESIAN_POINT('',(0.,-0.2,2.4));
#3893 = DIRECTION('',(0.,0.,1.));
#3894 = DIRECTION('',(1.,0.,-0.));
#3895 = CYLINDRICAL_SURFACE('',#3896,2.);
#3896 = AXIS2_PLACEMENT_3D('',#3897,#3898,#3899);
#3897 = CARTESIAN_POINT('',(0.,-0.2,13.8));
#3898 = DIRECTION('',(0.,0.,1.));
#3899 = DIRECTION('',(1.,0.,-0.));
#3900 = ADVANCED_FACE('',(#3901),#3926,.F.);
#3901 = FACE_BOUND('',#3902,.F.);
#3902 = EDGE_LOOP('',(#3903,#3911,#3912,#3920));
#3903 = ORIENTED_EDGE('',*,*,#3904,.F.);
#3904 = EDGE_CURVE('',#3465,#3905,#3907,.T.);
#3905 = VERTEX_POINT('',#3906);
#3906 = CARTESIAN_POINT('',(6.4,-2.,2.4));
#3907 = LINE('',#3908,#3909);
#3908 = CARTESIAN_POINT('',(6.4,-104.6,2.4));
#3909 = VECTOR('',#3910,1.);
#3910 = DIRECTION('',(-0.,1.,-0.));
#3911 = ORIENTED_EDGE('',*,*,#3462,.F.);
#3912 = ORIENTED_EDGE('',*,*,#3913,.T.);
#3913 = EDGE_CURVE('',#3463,#3914,#3916,.T.);
#3914 = VERTEX_POINT('',#3915);
#3915 = CARTESIAN_POINT('',(3.6,-2.,2.4));
#3916 = LINE('',#3917,#3918);
#3917 = CARTESIAN_POINT('',(3.6,-104.6,2.4));
#3918 = VECTOR('',#3919,1.);
#3919 = DIRECTION('',(-0.,1.,-0.));
#3920 = ORIENTED_EDGE('',*,*,#3921,.T.);
#3921 = EDGE_CURVE('',#3914,#3905,#3922,.T.);
#3922 = LINE('',#3923,#3924);
#3923 = CARTESIAN_POINT('',(3.6,-2.,2.4));
#3924 = VECTOR('',#3925,1.);
#3925 = DIRECTION('',(1.,0.,0.));
#3926 = PLANE('',#3927);
#3927 = AXIS2_PLACEMENT_3D('',#3928,#3929,#3930);
#3928 = CARTESIAN_POINT('',(3.6,-104.6,2.4));
#3929 = DIRECTION('',(0.,0.,-1.));
#3930 = DIRECTION('',(1.,0.,0.));
#3931 = ADVANCED_FACE('',(#3932),#3950,.F.);
#3932 = FACE_BOUND('',#3933,.F.);
#3933 = EDGE_LOOP('',(#3934,#3942,#3943,#3944));
#3934 = ORIENTED_EDGE('',*,*,#3935,.F.);
#3935 = EDGE_CURVE('',#3492,#3936,#3938,.T.);
#3936 = VERTEX_POINT('',#3937);
#3937 = CARTESIAN_POINT('',(6.4,-2.,5.1));
#3938 = LINE('',#3939,#3940);
#3939 = CARTESIAN_POINT('',(6.4,-104.6,5.1));
#3940 = VECTOR('',#3941,1.);
#3941 = DIRECTION('',(-0.,1.,-0.));
#3942 = ORIENTED_EDGE('',*,*,#3491,.F.);
#3943 = ORIENTED_EDGE('',*,*,#3904,.T.);
#3944 = ORIENTED_EDGE('',*,*,#3945,.T.);
#3945 = EDGE_CURVE('',#3905,#3936,#3946,.T.);
#3946 = LINE('',#3947,#3948);
#3947 = CARTESIAN_POINT('',(6.4,-2.,2.4));
#3948 = VECTOR('',#3949,1.);
#3949 = DIRECTION('',(0.,0.,1.));
#3950 = PLANE('',#3951);
#3951 = AXIS2_PLACEMENT_3D('',#3952,#3953,#3954);
#3952 = CARTESIAN_POINT('',(6.4,-104.6,2.4));
#3953 = DIRECTION('',(1.,0.,-0.));
#3954 = DIRECTION('',(0.,0.,1.));
#3955 = ADVANCED_FACE('',(#3956),#3974,.F.);
#3956 = FACE_BOUND('',#3957,.F.);
#3957 = EDGE_LOOP('',(#3958,#3959,#3960,#3968));
#3958 = ORIENTED_EDGE('',*,*,#3913,.F.);
#3959 = ORIENTED_EDGE('',*,*,#3514,.F.);
#3960 = ORIENTED_EDGE('',*,*,#3961,.T.);
#3961 = EDGE_CURVE('',#3515,#3962,#3964,.T.);
#3962 = VERTEX_POINT('',#3963);
#3963 = CARTESIAN_POINT('',(3.6,-2.,5.1));
#3964 = LINE('',#3965,#3966);
#3965 = CARTESIAN_POINT('',(3.6,-104.6,5.1));
#3966 = VECTOR('',#3967,1.);
#3967 = DIRECTION('',(-0.,1.,-0.));
#3968 = ORIENTED_EDGE('',*,*,#3969,.F.);
#3969 = EDGE_CURVE('',#3914,#3962,#3970,.T.);
#3970 = LINE('',#3971,#3972);
#3971 = CARTESIAN_POINT('',(3.6,-2.,2.4));
#3972 = VECTOR('',#3973,1.);
#3973 = DIRECTION('',(0.,0.,1.));
#3974 = PLANE('',#3975);
#3975 = AXIS2_PLACEMENT_3D('',#3976,#3977,#3978);
#3976 = CARTESIAN_POINT('',(3.6,-104.6,5.1));
#3977 = DIRECTION('',(-1.,-0.,-0.));
#3978 = DIRECTION('',(0.,0.,-1.));
#3979 = ADVANCED_FACE('',(#3980),#3998,.F.);
#3980 = FACE_BOUND('',#3981,.F.);
#3981 = EDGE_LOOP('',(#3982,#3983,#3984,#3985,#3991,#3992));
#3982 = ORIENTED_EDGE('',*,*,#3961,.F.);
#3983 = ORIENTED_EDGE('',*,*,#3537,.F.);
#3984 = ORIENTED_EDGE('',*,*,#3935,.T.);
#3985 = ORIENTED_EDGE('',*,*,#3986,.F.);
#3986 = EDGE_CURVE('',#3753,#3936,#3987,.T.);
#3987 = LINE('',#3988,#3989);
#3988 = CARTESIAN_POINT('',(3.6,-2.,5.1));
#3989 = VECTOR('',#3990,1.);
#3990 = DIRECTION('',(1.,0.,0.));
#3991 = ORIENTED_EDGE('',*,*,#3752,.F.);
#3992 = ORIENTED_EDGE('',*,*,#3993,.F.);
#3993 = EDGE_CURVE('',#3962,#3744,#3994,.T.);
#3994 = LINE('',#3995,#3996);
#3995 = CARTESIAN_POINT('',(3.6,-2.,5.1));
#3996 = VECTOR('',#3997,1.);
#3997 = DIRECTION('',(1.,0.,0.));
#3998 = PLANE('',#3999);
#3999 = AXIS2_PLACEMENT_3D('',#4000,#4001,#4002);
#4000 = CARTESIAN_POINT('',(6.4,-104.6,5.1));
#4001 = DIRECTION('',(0.,0.,1.));
#4002 = DIRECTION('',(-1.,0.,0.));
#4003 = ADVANCED_FACE('',(#4004),#4029,.F.);
#4004 = FACE_BOUND('',#4005,.F.);
#4005 = EDGE_LOOP('',(#4006,#4014,#4015,#4023));
#4006 = ORIENTED_EDGE('',*,*,#4007,.F.);
#4007 = EDGE_CURVE('',#3557,#4008,#4010,.T.);
#4008 = VERTEX_POINT('',#4009);
#4009 = CARTESIAN_POINT('',(1.4,-2.,2.4));
#4010 = LINE('',#4011,#4012);
#4011 = CARTESIAN_POINT('',(1.4,-104.6,2.4));
#4012 = VECTOR('',#4013,1.);
#4013 = DIRECTION('',(-0.,1.,-0.));
#4014 = ORIENTED_EDGE('',*,*,#3554,.F.);
#4015 = ORIENTED_EDGE('',*,*,#4016,.T.);
#4016 = EDGE_CURVE('',#3555,#4017,#4019,.T.);
#4017 = VERTEX_POINT('',#4018);
#4018 = CARTESIAN_POINT('',(-1.4,-2.,2.4));
#4019 = LINE('',#4020,#4021);
#4020 = CARTESIAN_POINT('',(-1.4,-104.6,2.4));
#4021 = VECTOR('',#4022,1.);
#4022 = DIRECTION('',(-0.,1.,-0.));
#4023 = ORIENTED_EDGE('',*,*,#4024,.T.);
#4024 = EDGE_CURVE('',#4017,#4008,#4025,.T.);
#4025 = LINE('',#4026,#4027);
#4026 = CARTESIAN_POINT('',(-1.4,-2.,2.4));
#4027 = VECTOR('',#4028,1.);
#4028 = DIRECTION('',(1.,0.,0.));
#4029 = PLANE('',#4030);
#4030 = AXIS2_PLACEMENT_3D('',#4031,#4032,#4033);
#4031 = CARTESIAN_POINT('',(-1.4,-104.6,2.4));
#4032 = DIRECTION('',(0.,0.,-1.));
#4033 = DIRECTION('',(1.,0.,0.));
#4034 = ADVANCED_FACE('',(#4035),#4053,.F.);
#4035 = FACE_BOUND('',#4036,.F.);
#4036 = EDGE_LOOP('',(#4037,#4045,#4046,#4047));
#4037 = ORIENTED_EDGE('',*,*,#4038,.F.);
#4038 = EDGE_CURVE('',#3584,#4039,#4041,.T.);
#4039 = VERTEX_POINT('',#4040);
#4040 = CARTESIAN_POINT('',(1.4,-2.,5.1));
#4041 = LINE('',#4042,#4043);
#4042 = CARTESIAN_POINT('',(1.4,-104.6,5.1));
#4043 = VECTOR('',#4044,1.);
#4044 = DIRECTION('',(-0.,1.,-0.));
#4045 = ORIENTED_EDGE('',*,*,#3583,.F.);
#4046 = ORIENTED_EDGE('',*,*,#4007,.T.);
#4047 = ORIENTED_EDGE('',*,*,#4048,.T.);
#4048 = EDGE_CURVE('',#4008,#4039,#4049,.T.);
#4049 = LINE('',#4050,#4051);
#4050 = CARTESIAN_POINT('',(1.4,-2.,2.4));
#4051 = VECTOR('',#4052,1.);
#4052 = DIRECTION('',(0.,0.,1.));
#4053 = PLANE('',#4054);
#4054 = AXIS2_PLACEMENT_3D('',#4055,#4056,#4057);
#4055 = CARTESIAN_POINT('',(1.4,-104.6,2.4));
#4056 = DIRECTION('',(1.,0.,-0.));
#4057 = DIRECTION('',(0.,0.,1.));
#4058 = ADVANCED_FACE('',(#4059),#4077,.F.);
#4059 = FACE_BOUND('',#4060,.F.);
#4060 = EDGE_LOOP('',(#4061,#4062,#4063,#4071));
#4061 = ORIENTED_EDGE('',*,*,#4016,.F.);
#4062 = ORIENTED_EDGE('',*,*,#3606,.F.);
#4063 = ORIENTED_EDGE('',*,*,#4064,.T.);
#4064 = EDGE_CURVE('',#3607,#4065,#4067,.T.);
#4065 = VERTEX_POINT('',#4066);
#4066 = CARTESIAN_POINT('',(-1.4,-2.,5.1));
#4067 = LINE('',#4068,#4069);
#4068 = CARTESIAN_POINT('',(-1.4,-104.6,5.1));
#4069 = VECTOR('',#4070,1.);
#4070 = DIRECTION('',(-0.,1.,-0.));
#4071 = ORIENTED_EDGE('',*,*,#4072,.F.);
#4072 = EDGE_CURVE('',#4017,#4065,#4073,.T.);
#4073 = LINE('',#4074,#4075);
#4074 = CARTESIAN_POINT('',(-1.4,-2.,2.4));
#4075 = VECTOR('',#4076,1.);
#4076 = DIRECTION('',(0.,0.,1.));
#4077 = PLANE('',#4078);
#4078 = AXIS2_PLACEMENT_3D('',#4079,#4080,#4081);
#4079 = CARTESIAN_POINT('',(-1.4,-104.6,5.1));
#4080 = DIRECTION('',(-1.,-0.,-0.));
#4081 = DIRECTION('',(0.,0.,-1.));
#4082 = ADVANCED_FACE('',(#4083),#4101,.F.);
#4083 = FACE_BOUND('',#4084,.F.);
#4084 = EDGE_LOOP('',(#4085,#4086,#4087,#4088,#4094,#4095));
#4085 = ORIENTED_EDGE('',*,*,#4064,.F.);
#4086 = ORIENTED_EDGE('',*,*,#3629,.F.);
#4087 = ORIENTED_EDGE('',*,*,#4038,.T.);
#4088 = ORIENTED_EDGE('',*,*,#4089,.F.);
#4089 = EDGE_CURVE('',#3864,#4039,#4090,.T.);
#4090 = LINE('',#4091,#4092);
#4091 = CARTESIAN_POINT('',(-1.4,-2.,5.1));
#4092 = VECTOR('',#4093,1.);
#4093 = DIRECTION('',(1.,0.,0.));
#4094 = ORIENTED_EDGE('',*,*,#3863,.F.);
#4095 = ORIENTED_EDGE('',*,*,#4096,.F.);
#4096 = EDGE_CURVE('',#4065,#3855,#4097,.T.);
#4097 = LINE('',#4098,#4099);
#4098 = CARTESIAN_POINT('',(-1.4,-2.,5.1));
#4099 = VECTOR('',#4100,1.);
#4100 = DIRECTION('',(1.,0.,0.));
#4101 = PLANE('',#4102);
#4102 = AXIS2_PLACEMENT_3D('',#4103,#4104,#4105);
#4103 = CARTESIAN_POINT('',(1.4,-104.6,5.1));
#4104 = DIRECTION('',(0.,0.,1.));
#4105 = DIRECTION('',(-1.,0.,0.));
#4106 = ADVANCED_FACE('',(#4107),#4117,.F.);
#4107 = FACE_BOUND('',#4108,.F.);
#4108 = EDGE_LOOP('',(#4109,#4110,#4116));
#4109 = ORIENTED_EDGE('',*,*,#3778,.F.);
#4110 = ORIENTED_EDGE('',*,*,#4111,.T.);
#4111 = EDGE_CURVE('',#3771,#3693,#4112,.T.);
#4112 = LINE('',#4113,#4114);
#4113 = CARTESIAN_POINT('',(6.4,-2.,2.4));
#4114 = VECTOR('',#4115,1.);
#4115 = DIRECTION('',(0.,1.,0.));
#4116 = ORIENTED_EDGE('',*,*,#3692,.F.);
#4117 = PLANE('',#4118);
#4118 = AXIS2_PLACEMENT_3D('',#4119,#4120,#4121);
#4119 = CARTESIAN_POINT('',(3.6,-104.6,2.4));
#4120 = DIRECTION('',(0.,0.,-1.));
#4121 = DIRECTION('',(1.,0.,0.));
#4122 = ADVANCED_FACE('',(#4123),#4150,.F.);
#4123 = FACE_BOUND('',#4124,.F.);
#4124 = EDGE_LOOP('',(#4125,#4126,#4127,#4135,#4143,#4149));
#4125 = ORIENTED_EDGE('',*,*,#4111,.F.);
#4126 = ORIENTED_EDGE('',*,*,#3770,.T.);
#4127 = ORIENTED_EDGE('',*,*,#4128,.T.);
#4128 = EDGE_CURVE('',#3762,#4129,#4131,.T.);
#4129 = VERTEX_POINT('',#4130);
#4130 = CARTESIAN_POINT('',(6.4,-1.484523257867,5.1));
#4131 = LINE('',#4132,#4133);
#4132 = CARTESIAN_POINT('',(6.4,-2.,5.1));
#4133 = VECTOR('',#4134,1.);
#4134 = DIRECTION('',(0.,1.,0.));
#4135 = ORIENTED_EDGE('',*,*,#4136,.T.);
#4136 = EDGE_CURVE('',#4129,#4137,#4139,.T.);
#4137 = VERTEX_POINT('',#4138);
#4138 = CARTESIAN_POINT('',(6.4,1.084523257867,5.1));
#4139 = LINE('',#4140,#4141);
#4140 = CARTESIAN_POINT('',(6.4,-2.,5.1));
#4141 = VECTOR('',#4142,1.);
#4142 = DIRECTION('',(0.,1.,0.));
#4143 = ORIENTED_EDGE('',*,*,#4144,.T.);
#4144 = EDGE_CURVE('',#4137,#3702,#4145,.T.);
#4145 = LINE('',#4146,#4147);
#4146 = CARTESIAN_POINT('',(6.4,-2.,5.1));
#4147 = VECTOR('',#4148,1.);
#4148 = DIRECTION('',(0.,1.,0.));
#4149 = ORIENTED_EDGE('',*,*,#3701,.F.);
#4150 = PLANE('',#4151);
#4151 = AXIS2_PLACEMENT_3D('',#4152,#4153,#4154);
#4152 = CARTESIAN_POINT('',(6.4,-2.,2.4));
#4153 = DIRECTION('',(-1.,0.,0.));
#4154 = DIRECTION('',(0.,1.,0.));
#4155 = ADVANCED_FACE('',(#4156),#4175,.T.);
#4156 = FACE_BOUND('',#4157,.T.);
#4157 = EDGE_LOOP('',(#4158,#4167,#4173,#4174));
#4158 = ORIENTED_EDGE('',*,*,#4159,.F.);
#4159 = EDGE_CURVE('',#4160,#4129,#4162,.T.);
#4160 = VERTEX_POINT('',#4161);
#4161 = CARTESIAN_POINT('',(5.60827625303,-2.,5.1));
#4162 = CIRCLE('',#4163,1.9);
#4163 = AXIS2_PLACEMENT_3D('',#4164,#4165,#4166);
#4164 = CARTESIAN_POINT('',(5.,-0.2,5.1));
#4165 = DIRECTION('',(0.,0.,1.));
#4166 = DIRECTION('',(1.,0.,-0.));
#4167 = ORIENTED_EDGE('',*,*,#4168,.T.);
#4168 = EDGE_CURVE('',#4160,#3753,#4169,.T.);
#4169 = LINE('',#4170,#4171);
#4170 = CARTESIAN_POINT('',(3.6,-2.,5.1));
#4171 = VECTOR('',#4172,1.);
#4172 = DIRECTION('',(1.,0.,0.));
#4173 = ORIENTED_EDGE('',*,*,#3761,.T.);
#4174 = ORIENTED_EDGE('',*,*,#4128,.T.);
#4175 = PLANE('',#4176);
#4176 = AXIS2_PLACEMENT_3D('',#4177,#4178,#4179);
#4177 = CARTESIAN_POINT('',(5.,0.,5.1));
#4178 = DIRECTION('',(0.,0.,1.));
#4179 = DIRECTION('',(1.,0.,-0.));
#4180 = ADVANCED_FACE('',(#4181),#4207,.T.);
#4181 = FACE_BOUND('',#4182,.T.);
#4182 = EDGE_LOOP('',(#4183,#4194,#4200,#4201));
#4183 = ORIENTED_EDGE('',*,*,#4184,.F.);
#4184 = EDGE_CURVE('',#4185,#4187,#4189,.T.);
#4185 = VERTEX_POINT('',#4186);
#4186 = CARTESIAN_POINT('',(3.6,-1.484523257866,5.1));
#4187 = VERTEX_POINT('',#4188);
#4188 = CARTESIAN_POINT('',(4.39172374697,-2.,5.1));
#4189 = CIRCLE('',#4190,1.9);
#4190 = AXIS2_PLACEMENT_3D('',#4191,#4192,#4193);
#4191 = CARTESIAN_POINT('',(5.,-0.2,5.1));
#4192 = DIRECTION('',(0.,0.,1.));
#4193 = DIRECTION('',(1.,0.,-0.));
#4194 = ORIENTED_EDGE('',*,*,#4195,.T.);
#4195 = EDGE_CURVE('',#4185,#3736,#4196,.T.);
#4196 = LINE('',#4197,#4198);
#4197 = CARTESIAN_POINT('',(3.6,2.,5.1));
#4198 = VECTOR('',#4199,1.);
#4199 = DIRECTION('',(0.,-1.,0.));
#4200 = ORIENTED_EDGE('',*,*,#3743,.T.);
#4201 = ORIENTED_EDGE('',*,*,#4202,.T.);
#4202 = EDGE_CURVE('',#3744,#4187,#4203,.T.);
#4203 = LINE('',#4204,#4205);
#4204 = CARTESIAN_POINT('',(3.6,-2.,5.1));
#4205 = VECTOR('',#4206,1.);
#4206 = DIRECTION('',(1.,0.,0.));
#4207 = PLANE('',#4208);
#4208 = AXIS2_PLACEMENT_3D('',#4209,#4210,#4211);
#4209 = CARTESIAN_POINT('',(5.,0.,5.1));
#4210 = DIRECTION('',(0.,0.,1.));
#4211 = DIRECTION('',(1.,0.,-0.));
#4212 = ADVANCED_FACE('',(#4213),#4238,.F.);
#4213 = FACE_BOUND('',#4214,.F.);
#4214 = EDGE_LOOP('',(#4215,#4216,#4224,#4230,#4231,#4232));
#4215 = ORIENTED_EDGE('',*,*,#3718,.T.);
#4216 = ORIENTED_EDGE('',*,*,#4217,.T.);
#4217 = EDGE_CURVE('',#3710,#4218,#4220,.T.);
#4218 = VERTEX_POINT('',#4219);
#4219 = CARTESIAN_POINT('',(3.6,1.084523257866,5.1));
#4220 = LINE('',#4221,#4222);
#4221 = CARTESIAN_POINT('',(3.6,2.,5.1));
#4222 = VECTOR('',#4223,1.);
#4223 = DIRECTION('',(0.,-1.,0.));
#4224 = ORIENTED_EDGE('',*,*,#4225,.T.);
#4225 = EDGE_CURVE('',#4218,#4185,#4226,.T.);
#4226 = LINE('',#4227,#4228);
#4227 = CARTESIAN_POINT('',(3.6,2.,5.1));
#4228 = VECTOR('',#4229,1.);
#4229 = DIRECTION('',(0.,-1.,0.));
#4230 = ORIENTED_EDGE('',*,*,#4195,.T.);
#4231 = ORIENTED_EDGE('',*,*,#3735,.F.);
#4232 = ORIENTED_EDGE('',*,*,#4233,.F.);
#4233 = EDGE_CURVE('',#3719,#3727,#4234,.T.);
#4234 = LINE('',#4235,#4236);
#4235 = CARTESIAN_POINT('',(3.6,2.,2.4));
#4236 = VECTOR('',#4237,1.);
#4237 = DIRECTION('',(0.,-1.,0.));
#4238 = PLANE('',#4239);
#4239 = AXIS2_PLACEMENT_3D('',#4240,#4241,#4242);
#4240 = CARTESIAN_POINT('',(3.6,2.,2.4));
#4241 = DIRECTION('',(1.,0.,-0.));
#4242 = DIRECTION('',(0.,-1.,0.));
#4243 = ADVANCED_FACE('',(#4244),#4248,.F.);
#4244 = FACE_BOUND('',#4245,.F.);
#4245 = EDGE_LOOP('',(#4246,#4247));
#4246 = ORIENTED_EDGE('',*,*,#4233,.T.);
#4247 = ORIENTED_EDGE('',*,*,#3726,.F.);
#4248 = PLANE('',#4249);
#4249 = AXIS2_PLACEMENT_3D('',#4250,#4251,#4252);
#4250 = CARTESIAN_POINT('',(3.6,-104.6,2.4));
#4251 = DIRECTION('',(0.,0.,-1.));
#4252 = DIRECTION('',(1.,0.,0.));
#4253 = ADVANCED_FACE('',(#4254),#4266,.T.);
#4254 = FACE_BOUND('',#4255,.T.);
#4255 = EDGE_LOOP('',(#4256,#4257,#4258,#4265));
#4256 = ORIENTED_EDGE('',*,*,#3709,.T.);
#4257 = ORIENTED_EDGE('',*,*,#4217,.T.);
#4258 = ORIENTED_EDGE('',*,*,#4259,.F.);
#4259 = EDGE_CURVE('',#4137,#4218,#4260,.T.);
#4260 = CIRCLE('',#4261,1.9);
#4261 = AXIS2_PLACEMENT_3D('',#4262,#4263,#4264);
#4262 = CARTESIAN_POINT('',(5.,-0.2,5.1));
#4263 = DIRECTION('',(0.,0.,1.));
#4264 = DIRECTION('',(1.,0.,-0.));
#4265 = ORIENTED_EDGE('',*,*,#4144,.T.);
#4266 = PLANE('',#4267);
#4267 = AXIS2_PLACEMENT_3D('',#4268,#4269,#4270);
#4268 = CARTESIAN_POINT('',(5.,0.,5.1));
#4269 = DIRECTION('',(0.,0.,1.));
#4270 = DIRECTION('',(1.,0.,-0.));
#4271 = ADVANCED_FACE('',(#4272),#4282,.F.);
#4272 = FACE_BOUND('',#4273,.F.);
#4273 = EDGE_LOOP('',(#4274,#4275,#4281));
#4274 = ORIENTED_EDGE('',*,*,#3889,.F.);
#4275 = ORIENTED_EDGE('',*,*,#4276,.T.);
#4276 = EDGE_CURVE('',#3882,#3804,#4277,.T.);
#4277 = LINE('',#4278,#4279);
#4278 = CARTESIAN_POINT('',(1.4,-2.,2.4));
#4279 = VECTOR('',#4280,1.);
#4280 = DIRECTION('',(0.,1.,0.));
#4281 = ORIENTED_EDGE('',*,*,#3803,.F.);
#4282 = PLANE('',#4283);
#4283 = AXIS2_PLACEMENT_3D('',#4284,#4285,#4286);
#4284 = CARTESIAN_POINT('',(-1.4,-104.6,2.4));
#4285 = DIRECTION('',(0.,0.,-1.));
#4286 = DIRECTION('',(1.,0.,0.));
#4287 = ADVANCED_FACE('',(#4288),#4315,.F.);
#4288 = FACE_BOUND('',#4289,.F.);
#4289 = EDGE_LOOP('',(#4290,#4291,#4292,#4300,#4308,#4314));
#4290 = ORIENTED_EDGE('',*,*,#4276,.F.);
#4291 = ORIENTED_EDGE('',*,*,#3881,.T.);
#4292 = ORIENTED_EDGE('',*,*,#4293,.T.);
#4293 = EDGE_CURVE('',#3873,#4294,#4296,.T.);
#4294 = VERTEX_POINT('',#4295);
#4295 = CARTESIAN_POINT('',(1.4,-1.484523257867,5.1));
#4296 = LINE('',#4297,#4298);
#4297 = CARTESIAN_POINT('',(1.4,-2.,5.1));
#4298 = VECTOR('',#4299,1.);
#4299 = DIRECTION('',(0.,1.,0.));
#4300 = ORIENTED_EDGE('',*,*,#4301,.T.);
#4301 = EDGE_CURVE('',#4294,#4302,#4304,.T.);
#4302 = VERTEX_POINT('',#4303);
#4303 = CARTESIAN_POINT('',(1.4,1.084523257867,5.1));
#4304 = LINE('',#4305,#4306);
#4305 = CARTESIAN_POINT('',(1.4,-2.,5.1));
#4306 = VECTOR('',#4307,1.);
#4307 = DIRECTION('',(0.,1.,0.));
#4308 = ORIENTED_EDGE('',*,*,#4309,.T.);
#4309 = EDGE_CURVE('',#4302,#3813,#4310,.T.);
#4310 = LINE('',#4311,#4312);
#4311 = CARTESIAN_POINT('',(1.4,-2.,5.1));
#4312 = VECTOR('',#4313,1.);
#4313 = DIRECTION('',(0.,1.,0.));
#4314 = ORIENTED_EDGE('',*,*,#3812,.F.);
#4315 = PLANE('',#4316);
#4316 = AXIS2_PLACEMENT_3D('',#4317,#4318,#4319);
#4317 = CARTESIAN_POINT('',(1.4,-2.,2.4));
#4318 = DIRECTION('',(-1.,0.,0.));
#4319 = DIRECTION('',(0.,1.,0.));
#4320 = ADVANCED_FACE('',(#4321),#4340,.T.);
#4321 = FACE_BOUND('',#4322,.T.);
#4322 = EDGE_LOOP('',(#4323,#4332,#4338,#4339));
#4323 = ORIENTED_EDGE('',*,*,#4324,.F.);
#4324 = EDGE_CURVE('',#4325,#4294,#4327,.T.);
#4325 = VERTEX_POINT('',#4326);
#4326 = CARTESIAN_POINT('',(0.60827625303,-2.,5.1));
#4327 = CIRCLE('',#4328,1.9);
#4328 = AXIS2_PLACEMENT_3D('',#4329,#4330,#4331);
#4329 = CARTESIAN_POINT('',(0.,-0.2,5.1));
#4330 = DIRECTION('',(0.,0.,1.));
#4331 = DIRECTION('',(1.,0.,-0.));
#4332 = ORIENTED_EDGE('',*,*,#4333,.T.);
#4333 = EDGE_CURVE('',#4325,#3864,#4334,.T.);
#4334 = LINE('',#4335,#4336);
#4335 = CARTESIAN_POINT('',(-1.4,-2.,5.1));
#4336 = VECTOR('',#4337,1.);
#4337 = DIRECTION('',(1.,0.,0.));
#4338 = ORIENTED_EDGE('',*,*,#3872,.T.);
#4339 = ORIENTED_EDGE('',*,*,#4293,.T.);
#4340 = PLANE('',#4341);
#4341 = AXIS2_PLACEMENT_3D('',#4342,#4343,#4344);
#4342 = CARTESIAN_POINT('',(0.,0.,5.1));
#4343 = DIRECTION('',(0.,0.,1.));
#4344 = DIRECTION('',(1.,0.,-0.));
#4345 = ADVANCED_FACE('',(#4346),#4372,.T.);
#4346 = FACE_BOUND('',#4347,.T.);
#4347 = EDGE_LOOP('',(#4348,#4359,#4365,#4366));
#4348 = ORIENTED_EDGE('',*,*,#4349,.F.);
#4349 = EDGE_CURVE('',#4350,#4352,#4354,.T.);
#4350 = VERTEX_POINT('',#4351);
#4351 = CARTESIAN_POINT('',(-1.4,-1.484523257866,5.1));
#4352 = VERTEX_POINT('',#4353);
#4353 = CARTESIAN_POINT('',(-0.60827625303,-2.,5.1));
#4354 = CIRCLE('',#4355,1.9);
#4355 = AXIS2_PLACEMENT_3D('',#4356,#4357,#4358);
#4356 = CARTESIAN_POINT('',(0.,-0.2,5.1));
#4357 = DIRECTION('',(0.,0.,1.));
#4358 = DIRECTION('',(1.,0.,-0.));
#4359 = ORIENTED_EDGE('',*,*,#4360,.T.);
#4360 = EDGE_CURVE('',#4350,#3847,#4361,.T.);
#4361 = LINE('',#4362,#4363);
#4362 = CARTESIAN_POINT('',(-1.4,2.,5.1));
#4363 = VECTOR('',#4364,1.);
#4364 = DIRECTION('',(0.,-1.,0.));
#4365 = ORIENTED_EDGE('',*,*,#3854,.T.);
#4366 = ORIENTED_EDGE('',*,*,#4367,.T.);
#4367 = EDGE_CURVE('',#3855,#4352,#4368,.T.);
#4368 = LINE('',#4369,#4370);
#4369 = CARTESIAN_POINT('',(-1.4,-2.,5.1));
#4370 = VECTOR('',#4371,1.);
#4371 = DIRECTION('',(1.,0.,0.));
#4372 = PLANE('',#4373);
#4373 = AXIS2_PLACEMENT_3D('',#4374,#4375,#4376);
#4374 = CARTESIAN_POINT('',(0.,0.,5.1));
#4375 = DIRECTION('',(0.,0.,1.));
#4376 = DIRECTION('',(1.,0.,-0.));
#4377 = ADVANCED_FACE('',(#4378),#4403,.F.);
#4378 = FACE_BOUND('',#4379,.F.);
#4379 = EDGE_LOOP('',(#4380,#4381,#4389,#4395,#4396,#4397));
#4380 = ORIENTED_EDGE('',*,*,#3829,.T.);
#4381 = ORIENTED_EDGE('',*,*,#4382,.T.);
#4382 = EDGE_CURVE('',#3821,#4383,#4385,.T.);
#4383 = VERTEX_POINT('',#4384);
#4384 = CARTESIAN_POINT('',(-1.4,1.084523257866,5.1));
#4385 = LINE('',#4386,#4387);
#4386 = CARTESIAN_POINT('',(-1.4,2.,5.1));
#4387 = VECTOR('',#4388,1.);
#4388 = DIRECTION('',(0.,-1.,0.));
#4389 = ORIENTED_EDGE('',*,*,#4390,.T.);
#4390 = EDGE_CURVE('',#4383,#4350,#4391,.T.);
#4391 = LINE('',#4392,#4393);
#4392 = CARTESIAN_POINT('',(-1.4,2.,5.1));
#4393 = VECTOR('',#4394,1.);
#4394 = DIRECTION('',(0.,-1.,0.));
#4395 = ORIENTED_EDGE('',*,*,#4360,.T.);
#4396 = ORIENTED_EDGE('',*,*,#3846,.F.);
#4397 = ORIENTED_EDGE('',*,*,#4398,.F.);
#4398 = EDGE_CURVE('',#3830,#3838,#4399,.T.);
#4399 = LINE('',#4400,#4401);
#4400 = CARTESIAN_POINT('',(-1.4,2.,2.4));
#4401 = VECTOR('',#4402,1.);
#4402 = DIRECTION('',(0.,-1.,0.));
#4403 = PLANE('',#4404);
#4404 = AXIS2_PLACEMENT_3D('',#4405,#4406,#4407);
#4405 = CARTESIAN_POINT('',(-1.4,2.,2.4));
#4406 = DIRECTION('',(1.,0.,-0.));
#4407 = DIRECTION('',(0.,-1.,0.));
#4408 = ADVANCED_FACE('',(#4409),#4413,.F.);
#4409 = FACE_BOUND('',#4410,.F.);
#4410 = EDGE_LOOP('',(#4411,#4412));
#4411 = ORIENTED_EDGE('',*,*,#4398,.T.);
#4412 = ORIENTED_EDGE('',*,*,#3837,.F.);
#4413 = PLANE('',#4414);
#4414 = AXIS2_PLACEMENT_3D('',#4415,#4416,#4417);
#4415 = CARTESIAN_POINT('',(-1.4,-104.6,2.4));
#4416 = DIRECTION('',(0.,0.,-1.));
#4417 = DIRECTION('',(1.,0.,0.));
#4418 = ADVANCED_FACE('',(#4419),#4431,.T.);
#4419 = FACE_BOUND('',#4420,.T.);
#4420 = EDGE_LOOP('',(#4421,#4422,#4423,#4430));
#4421 = ORIENTED_EDGE('',*,*,#3820,.T.);
#4422 = ORIENTED_EDGE('',*,*,#4382,.T.);
#4423 = ORIENTED_EDGE('',*,*,#4424,.F.);
#4424 = EDGE_CURVE('',#4302,#4383,#4425,.T.);
#4425 = CIRCLE('',#4426,1.9);
#4426 = AXIS2_PLACEMENT_3D('',#4427,#4428,#4429);
#4427 = CARTESIAN_POINT('',(0.,-0.2,5.1));
#4428 = DIRECTION('',(0.,0.,1.));
#4429 = DIRECTION('',(1.,0.,-0.));
#4430 = ORIENTED_EDGE('',*,*,#4309,.T.);
#4431 = PLANE('',#4432);
#4432 = AXIS2_PLACEMENT_3D('',#4433,#4434,#4435);
#4433 = CARTESIAN_POINT('',(0.,0.,5.1));
#4434 = DIRECTION('',(0.,0.,1.));
#4435 = DIRECTION('',(1.,0.,-0.));
#4436 = ADVANCED_FACE('',(#4437,#4452),#4486,.F.);
#4437 = FACE_BOUND('',#4438,.F.);
#4438 = EDGE_LOOP('',(#4439,#4440,#4441,#4442,#4448,#4449,#4450,#4451));
#4439 = ORIENTED_EDGE('',*,*,#3969,.T.);
#4440 = ORIENTED_EDGE('',*,*,#3993,.T.);
#4441 = ORIENTED_EDGE('',*,*,#4202,.T.);
#4442 = ORIENTED_EDGE('',*,*,#4443,.T.);
#4443 = EDGE_CURVE('',#4187,#4160,#4444,.T.);
#4444 = LINE('',#4445,#4446);
#4445 = CARTESIAN_POINT('',(3.6,-2.,5.1));
#4446 = VECTOR('',#4447,1.);
#4447 = DIRECTION('',(1.,0.,0.));
#4448 = ORIENTED_EDGE('',*,*,#4168,.T.);
#4449 = ORIENTED_EDGE('',*,*,#3986,.T.);
#4450 = ORIENTED_EDGE('',*,*,#3945,.F.);
#4451 = ORIENTED_EDGE('',*,*,#3921,.F.);
#4452 = FACE_BOUND('',#4453,.F.);
#4453 = EDGE_LOOP('',(#4454,#4464,#4472,#4480));
#4454 = ORIENTED_EDGE('',*,*,#4455,.T.);
#4455 = EDGE_CURVE('',#4456,#4458,#4460,.T.);
#4456 = VERTEX_POINT('',#4457);
#4457 = CARTESIAN_POINT('',(3.75,-2.,5.));
#4458 = VERTEX_POINT('',#4459);
#4459 = CARTESIAN_POINT('',(3.75,-2.,2.5));
#4460 = LINE('',#4461,#4462);
#4461 = CARTESIAN_POINT('',(3.75,-2.,5.));
#4462 = VECTOR('',#4463,1.);
#4463 = DIRECTION('',(0.,0.,-1.));
#4464 = ORIENTED_EDGE('',*,*,#4465,.T.);
#4465 = EDGE_CURVE('',#4458,#4466,#4468,.T.);
#4466 = VERTEX_POINT('',#4467);
#4467 = CARTESIAN_POINT('',(6.25,-2.,2.5));
#4468 = LINE('',#4469,#4470);
#4469 = CARTESIAN_POINT('',(3.75,-2.,2.5));
#4470 = VECTOR('',#4471,1.);
#4471 = DIRECTION('',(1.,0.,0.));
#4472 = ORIENTED_EDGE('',*,*,#4473,.T.);
#4473 = EDGE_CURVE('',#4466,#4474,#4476,.T.);
#4474 = VERTEX_POINT('',#4475);
#4475 = CARTESIAN_POINT('',(6.25,-2.,5.));
#4476 = LINE('',#4477,#4478);
#4477 = CARTESIAN_POINT('',(6.25,-2.,2.5));
#4478 = VECTOR('',#4479,1.);
#4479 = DIRECTION('',(0.,0.,1.));
#4480 = ORIENTED_EDGE('',*,*,#4481,.T.);
#4481 = EDGE_CURVE('',#4474,#4456,#4482,.T.);
#4482 = LINE('',#4483,#4484);
#4483 = CARTESIAN_POINT('',(6.25,-2.,5.));
#4484 = VECTOR('',#4485,1.);
#4485 = DIRECTION('',(-1.,0.,0.));
#4486 = PLANE('',#4487);
#4487 = AXIS2_PLACEMENT_3D('',#4488,#4489,#4490);
#4488 = CARTESIAN_POINT('',(3.6,-2.,2.4));
#4489 = DIRECTION('',(0.,1.,0.));
#4490 = DIRECTION('',(1.,0.,0.));
#4491 = ADVANCED_FACE('',(#4492,#4507),#4541,.F.);
#4492 = FACE_BOUND('',#4493,.F.);
#4493 = EDGE_LOOP('',(#4494,#4495,#4496,#4497,#4503,#4504,#4505,#4506));
#4494 = ORIENTED_EDGE('',*,*,#4072,.T.);
#4495 = ORIENTED_EDGE('',*,*,#4096,.T.);
#4496 = ORIENTED_EDGE('',*,*,#4367,.T.);
#4497 = ORIENTED_EDGE('',*,*,#4498,.T.);
#4498 = EDGE_CURVE('',#4352,#4325,#4499,.T.);
#4499 = LINE('',#4500,#4501);
#4500 = CARTESIAN_POINT('',(-1.4,-2.,5.1));
#4501 = VECTOR('',#4502,1.);
#4502 = DIRECTION('',(1.,0.,0.));
#4503 = ORIENTED_EDGE('',*,*,#4333,.T.);
#4504 = ORIENTED_EDGE('',*,*,#4089,.T.);
#4505 = ORIENTED_EDGE('',*,*,#4048,.F.);
#4506 = ORIENTED_EDGE('',*,*,#4024,.F.);
#4507 = FACE_BOUND('',#4508,.F.);
#4508 = EDGE_LOOP('',(#4509,#4519,#4527,#4535));
#4509 = ORIENTED_EDGE('',*,*,#4510,.T.);
#4510 = EDGE_CURVE('',#4511,#4513,#4515,.T.);
#4511 = VERTEX_POINT('',#4512);
#4512 = CARTESIAN_POINT('',(-1.25,-2.,5.));
#4513 = VERTEX_POINT('',#4514);
#4514 = CARTESIAN_POINT('',(-1.25,-2.,2.5));
#4515 = LINE('',#4516,#4517);
#4516 = CARTESIAN_POINT('',(-1.25,-2.,5.));
#4517 = VECTOR('',#4518,1.);
#4518 = DIRECTION('',(0.,0.,-1.));
#4519 = ORIENTED_EDGE('',*,*,#4520,.T.);
#4520 = EDGE_CURVE('',#4513,#4521,#4523,.T.);
#4521 = VERTEX_POINT('',#4522);
#4522 = CARTESIAN_POINT('',(1.25,-2.,2.5));
#4523 = LINE('',#4524,#4525);
#4524 = CARTESIAN_POINT('',(-1.25,-2.,2.5));
#4525 = VECTOR('',#4526,1.);
#4526 = DIRECTION('',(1.,0.,0.));
#4527 = ORIENTED_EDGE('',*,*,#4528,.T.);
#4528 = EDGE_CURVE('',#4521,#4529,#4531,.T.);
#4529 = VERTEX_POINT('',#4530);
#4530 = CARTESIAN_POINT('',(1.25,-2.,5.));
#4531 = LINE('',#4532,#4533);
#4532 = CARTESIAN_POINT('',(1.25,-2.,2.5));
#4533 = VECTOR('',#4534,1.);
#4534 = DIRECTION('',(0.,0.,1.));
#4535 = ORIENTED_EDGE('',*,*,#4536,.T.);
#4536 = EDGE_CURVE('',#4529,#4511,#4537,.T.);
#4537 = LINE('',#4538,#4539);
#4538 = CARTESIAN_POINT('',(1.25,-2.,5.));
#4539 = VECTOR('',#4540,1.);
#4540 = DIRECTION('',(-1.,0.,0.));
#4541 = PLANE('',#4542);
#4542 = AXIS2_PLACEMENT_3D('',#4543,#4544,#4545);
#4543 = CARTESIAN_POINT('',(-1.4,-2.,2.4));
#4544 = DIRECTION('',(0.,1.,0.));
#4545 = DIRECTION('',(1.,0.,0.));
#4546 = ADVANCED_FACE('',(#4547),#4566,.F.);
#4547 = FACE_BOUND('',#4548,.F.);
#4548 = EDGE_LOOP('',(#4549,#4558,#4565));
#4549 = ORIENTED_EDGE('',*,*,#4550,.T.);
#4550 = EDGE_CURVE('',#4129,#4551,#4553,.T.);
#4551 = VERTEX_POINT('',#4552);
#4552 = CARTESIAN_POINT('',(6.9,-0.2,5.1));
#4553 = CIRCLE('',#4554,1.9);
#4554 = AXIS2_PLACEMENT_3D('',#4555,#4556,#4557);
#4555 = CARTESIAN_POINT('',(5.,-0.2,5.1));
#4556 = DIRECTION('',(0.,0.,1.));
#4557 = DIRECTION('',(1.,0.,-0.));
#4558 = ORIENTED_EDGE('',*,*,#4559,.T.);
#4559 = EDGE_CURVE('',#4551,#4137,#4560,.T.);
#4560 = CIRCLE('',#4561,1.9);
#4561 = AXIS2_PLACEMENT_3D('',#4562,#4563,#4564);
#4562 = CARTESIAN_POINT('',(5.,-0.2,5.1));
#4563 = DIRECTION('',(0.,0.,1.));
#4564 = DIRECTION('',(1.,0.,-0.));
#4565 = ORIENTED_EDGE('',*,*,#4136,.F.);
#4566 = PLANE('',#4567);
#4567 = AXIS2_PLACEMENT_3D('',#4568,#4569,#4570);
#4568 = CARTESIAN_POINT('',(5.,-0.2,5.1));
#4569 = DIRECTION('',(0.,0.,1.));
#4570 = DIRECTION('',(1.,0.,-0.));
#4571 = ADVANCED_FACE('',(#4572),#4677,.T.);
#4572 = FACE_BOUND('',#4573,.T.);
#4573 = EDGE_LOOP('',(#4574,#4585,#4593,#4602,#4610,#4619,#4627,#4636,
    #4644,#4651,#4657,#4658,#4659,#4666,#4667,#4674,#4675,#4676));
#4574 = ORIENTED_EDGE('',*,*,#4575,.F.);
#4575 = EDGE_CURVE('',#4576,#4578,#4580,.T.);
#4576 = VERTEX_POINT('',#4577);
#4577 = CARTESIAN_POINT('',(5.35,-2.067484939698,13.6));
#4578 = VERTEX_POINT('',#4579);
#4579 = CARTESIAN_POINT('',(6.9,-0.2,13.6));
#4580 = CIRCLE('',#4581,1.9);
#4581 = AXIS2_PLACEMENT_3D('',#4582,#4583,#4584);
#4582 = CARTESIAN_POINT('',(5.,-0.2,13.6));
#4583 = DIRECTION('',(0.,0.,1.));
#4584 = DIRECTION('',(1.,0.,-0.));
#4585 = ORIENTED_EDGE('',*,*,#4586,.T.);
#4586 = EDGE_CURVE('',#4576,#4587,#4589,.T.);
#4587 = VERTEX_POINT('',#4588);
#4588 = CARTESIAN_POINT('',(5.35,-2.067484939698,12.9));
#4589 = LINE('',#4590,#4591);
#4590 = CARTESIAN_POINT('',(5.35,-2.067484939698,5.1));
#4591 = VECTOR('',#4592,1.);
#4592 = DIRECTION('',(-0.,-0.,-1.));
#4593 = ORIENTED_EDGE('',*,*,#4594,.T.);
#4594 = EDGE_CURVE('',#4587,#4595,#4597,.T.);
#4595 = VERTEX_POINT('',#4596);
#4596 = CARTESIAN_POINT('',(4.65,-2.067484939698,12.9));
#4597 = CIRCLE('',#4598,1.9);
#4598 = AXIS2_PLACEMENT_3D('',#4599,#4600,#4601);
#4599 = CARTESIAN_POINT('',(5.,-0.2,12.9));
#4600 = DIRECTION('',(0.,0.,-1.));
#4601 = DIRECTION('',(1.,0.,0.));
#4602 = ORIENTED_EDGE('',*,*,#4603,.F.);
#4603 = EDGE_CURVE('',#4604,#4595,#4606,.T.);
#4604 = VERTEX_POINT('',#4605);
#4605 = CARTESIAN_POINT('',(4.65,-2.067484939698,13.6));
#4606 = LINE('',#4607,#4608);
#4607 = CARTESIAN_POINT('',(4.65,-2.067484939698,5.1));
#4608 = VECTOR('',#4609,1.);
#4609 = DIRECTION('',(-0.,-0.,-1.));
#4610 = ORIENTED_EDGE('',*,*,#4611,.F.);
#4611 = EDGE_CURVE('',#4612,#4604,#4614,.T.);
#4612 = VERTEX_POINT('',#4613);
#4613 = CARTESIAN_POINT('',(4.65,1.667484939698,13.6));
#4614 = CIRCLE('',#4615,1.9);
#4615 = AXIS2_PLACEMENT_3D('',#4616,#4617,#4618);
#4616 = CARTESIAN_POINT('',(5.,-0.2,13.6));
#4617 = DIRECTION('',(0.,0.,1.));
#4618 = DIRECTION('',(1.,0.,-0.));
#4619 = ORIENTED_EDGE('',*,*,#4620,.T.);
#4620 = EDGE_CURVE('',#4612,#4621,#4623,.T.);
#4621 = VERTEX_POINT('',#4622);
#4622 = CARTESIAN_POINT('',(4.65,1.667484939698,12.9));
#4623 = LINE('',#4624,#4625);
#4624 = CARTESIAN_POINT('',(4.65,1.667484939698,5.1));
#4625 = VECTOR('',#4626,1.);
#4626 = DIRECTION('',(-0.,-0.,-1.));
#4627 = ORIENTED_EDGE('',*,*,#4628,.T.);
#4628 = EDGE_CURVE('',#4621,#4629,#4631,.T.);
#4629 = VERTEX_POINT('',#4630);
#4630 = CARTESIAN_POINT('',(5.35,1.667484939698,12.9));
#4631 = CIRCLE('',#4632,1.9);
#4632 = AXIS2_PLACEMENT_3D('',#4633,#4634,#4635);
#4633 = CARTESIAN_POINT('',(5.,-0.2,12.9));
#4634 = DIRECTION('',(0.,0.,-1.));
#4635 = DIRECTION('',(1.,0.,0.));
#4636 = ORIENTED_EDGE('',*,*,#4637,.F.);
#4637 = EDGE_CURVE('',#4638,#4629,#4640,.T.);
#4638 = VERTEX_POINT('',#4639);
#4639 = CARTESIAN_POINT('',(5.35,1.667484939698,13.6));
#4640 = LINE('',#4641,#4642);
#4641 = CARTESIAN_POINT('',(5.35,1.667484939698,5.1));
#4642 = VECTOR('',#4643,1.);
#4643 = DIRECTION('',(-0.,-0.,-1.));
#4644 = ORIENTED_EDGE('',*,*,#4645,.F.);
#4645 = EDGE_CURVE('',#4578,#4638,#4646,.T.);
#4646 = CIRCLE('',#4647,1.9);
#4647 = AXIS2_PLACEMENT_3D('',#4648,#4649,#4650);
#4648 = CARTESIAN_POINT('',(5.,-0.2,13.6));
#4649 = DIRECTION('',(0.,0.,1.));
#4650 = DIRECTION('',(1.,0.,-0.));
#4651 = ORIENTED_EDGE('',*,*,#4652,.F.);
#4652 = EDGE_CURVE('',#4551,#4578,#4653,.T.);
#4653 = LINE('',#4654,#4655);
#4654 = CARTESIAN_POINT('',(6.9,-0.2,5.1));
#4655 = VECTOR('',#4656,1.);
#4656 = DIRECTION('',(0.,0.,1.));
#4657 = ORIENTED_EDGE('',*,*,#4559,.T.);
#4658 = ORIENTED_EDGE('',*,*,#4259,.T.);
#4659 = ORIENTED_EDGE('',*,*,#4660,.T.);
#4660 = EDGE_CURVE('',#4218,#4185,#4661,.T.);
#4661 = CIRCLE('',#4662,1.9);
#4662 = AXIS2_PLACEMENT_3D('',#4663,#4664,#4665);
#4663 = CARTESIAN_POINT('',(5.,-0.2,5.1));
#4664 = DIRECTION('',(0.,0.,1.));
#4665 = DIRECTION('',(1.,0.,-0.));
#4666 = ORIENTED_EDGE('',*,*,#4184,.T.);
#4667 = ORIENTED_EDGE('',*,*,#4668,.T.);
#4668 = EDGE_CURVE('',#4187,#4160,#4669,.T.);
#4669 = CIRCLE('',#4670,1.9);
#4670 = AXIS2_PLACEMENT_3D('',#4671,#4672,#4673);
#4671 = CARTESIAN_POINT('',(5.,-0.2,5.1));
#4672 = DIRECTION('',(0.,0.,1.));
#4673 = DIRECTION('',(1.,0.,-0.));
#4674 = ORIENTED_EDGE('',*,*,#4159,.T.);
#4675 = ORIENTED_EDGE('',*,*,#4550,.T.);
#4676 = ORIENTED_EDGE('',*,*,#4652,.T.);
#4677 = CYLINDRICAL_SURFACE('',#4678,1.9);
#4678 = AXIS2_PLACEMENT_3D('',#4679,#4680,#4681);
#4679 = CARTESIAN_POINT('',(5.,-0.2,5.1));
#4680 = DIRECTION('',(-0.,-0.,-1.));
#4681 = DIRECTION('',(1.,0.,0.));
#4682 = ADVANCED_FACE('',(#4683),#4687,.F.);
#4683 = FACE_BOUND('',#4684,.F.);
#4684 = EDGE_LOOP('',(#4685,#4686));
#4685 = ORIENTED_EDGE('',*,*,#4225,.F.);
#4686 = ORIENTED_EDGE('',*,*,#4660,.T.);
#4687 = PLANE('',#4688);
#4688 = AXIS2_PLACEMENT_3D('',#4689,#4690,#4691);
#4689 = CARTESIAN_POINT('',(5.,-0.2,5.1));
#4690 = DIRECTION('',(0.,0.,1.));
#4691 = DIRECTION('',(1.,0.,-0.));
#4692 = ADVANCED_FACE('',(#4693),#4712,.F.);
#4693 = FACE_BOUND('',#4694,.F.);
#4694 = EDGE_LOOP('',(#4695,#4704,#4711));
#4695 = ORIENTED_EDGE('',*,*,#4696,.T.);
#4696 = EDGE_CURVE('',#4294,#4697,#4699,.T.);
#4697 = VERTEX_POINT('',#4698);
#4698 = CARTESIAN_POINT('',(1.9,-0.2,5.1));
#4699 = CIRCLE('',#4700,1.9);
#4700 = AXIS2_PLACEMENT_3D('',#4701,#4702,#4703);
#4701 = CARTESIAN_POINT('',(0.,-0.2,5.1));
#4702 = DIRECTION('',(0.,0.,1.));
#4703 = DIRECTION('',(1.,0.,-0.));
#4704 = ORIENTED_EDGE('',*,*,#4705,.T.);
#4705 = EDGE_CURVE('',#4697,#4302,#4706,.T.);
#4706 = CIRCLE('',#4707,1.9);
#4707 = AXIS2_PLACEMENT_3D('',#4708,#4709,#4710);
#4708 = CARTESIAN_POINT('',(0.,-0.2,5.1));
#4709 = DIRECTION('',(0.,0.,1.));
#4710 = DIRECTION('',(1.,0.,-0.));
#4711 = ORIENTED_EDGE('',*,*,#4301,.F.);
#4712 = PLANE('',#4713);
#4713 = AXIS2_PLACEMENT_3D('',#4714,#4715,#4716);
#4714 = CARTESIAN_POINT('',(-1.799263332289E-16,-0.2,5.1));
#4715 = DIRECTION('',(0.,0.,1.));
#4716 = DIRECTION('',(1.,0.,-0.));
#4717 = ADVANCED_FACE('',(#4718),#4823,.T.);
#4718 = FACE_BOUND('',#4719,.T.);
#4719 = EDGE_LOOP('',(#4720,#4731,#4739,#4748,#4756,#4765,#4773,#4782,
    #4790,#4797,#4803,#4804,#4805,#4812,#4813,#4820,#4821,#4822));
#4720 = ORIENTED_EDGE('',*,*,#4721,.F.);
#4721 = EDGE_CURVE('',#4722,#4724,#4726,.T.);
#4722 = VERTEX_POINT('',#4723);
#4723 = CARTESIAN_POINT('',(0.35,-2.067484939698,13.6));
#4724 = VERTEX_POINT('',#4725);
#4725 = CARTESIAN_POINT('',(1.9,-0.2,13.6));
#4726 = CIRCLE('',#4727,1.9);
#4727 = AXIS2_PLACEMENT_3D('',#4728,#4729,#4730);
#4728 = CARTESIAN_POINT('',(0.,-0.2,13.6));
#4729 = DIRECTION('',(0.,0.,1.));
#4730 = DIRECTION('',(1.,0.,-0.));
#4731 = ORIENTED_EDGE('',*,*,#4732,.T.);
#4732 = EDGE_CURVE('',#4722,#4733,#4735,.T.);
#4733 = VERTEX_POINT('',#4734);
#4734 = CARTESIAN_POINT('',(0.35,-2.067484939698,12.9));
#4735 = LINE('',#4736,#4737);
#4736 = CARTESIAN_POINT('',(0.35,-2.067484939698,5.1));
#4737 = VECTOR('',#4738,1.);
#4738 = DIRECTION('',(-0.,-0.,-1.));
#4739 = ORIENTED_EDGE('',*,*,#4740,.T.);
#4740 = EDGE_CURVE('',#4733,#4741,#4743,.T.);
#4741 = VERTEX_POINT('',#4742);
#4742 = CARTESIAN_POINT('',(-0.35,-2.067484939698,12.9));
#4743 = CIRCLE('',#4744,1.9);
#4744 = AXIS2_PLACEMENT_3D('',#4745,#4746,#4747);
#4745 = CARTESIAN_POINT('',(0.,-0.2,12.9));
#4746 = DIRECTION('',(0.,0.,-1.));
#4747 = DIRECTION('',(1.,0.,0.));
#4748 = ORIENTED_EDGE('',*,*,#4749,.F.);
#4749 = EDGE_CURVE('',#4750,#4741,#4752,.T.);
#4750 = VERTEX_POINT('',#4751);
#4751 = CARTESIAN_POINT('',(-0.35,-2.067484939698,13.6));
#4752 = LINE('',#4753,#4754);
#4753 = CARTESIAN_POINT('',(-0.35,-2.067484939698,5.1));
#4754 = VECTOR('',#4755,1.);
#4755 = DIRECTION('',(-0.,-0.,-1.));
#4756 = ORIENTED_EDGE('',*,*,#4757,.F.);
#4757 = EDGE_CURVE('',#4758,#4750,#4760,.T.);
#4758 = VERTEX_POINT('',#4759);
#4759 = CARTESIAN_POINT('',(-0.35,1.667484939698,13.6));
#4760 = CIRCLE('',#4761,1.9);
#4761 = AXIS2_PLACEMENT_3D('',#4762,#4763,#4764);
#4762 = CARTESIAN_POINT('',(0.,-0.2,13.6));
#4763 = DIRECTION('',(0.,0.,1.));
#4764 = DIRECTION('',(1.,0.,-0.));
#4765 = ORIENTED_EDGE('',*,*,#4766,.T.);
#4766 = EDGE_CURVE('',#4758,#4767,#4769,.T.);
#4767 = VERTEX_POINT('',#4768);
#4768 = CARTESIAN_POINT('',(-0.35,1.667484939698,12.9));
#4769 = LINE('',#4770,#4771);
#4770 = CARTESIAN_POINT('',(-0.35,1.667484939698,5.1));
#4771 = VECTOR('',#4772,1.);
#4772 = DIRECTION('',(-0.,-0.,-1.));
#4773 = ORIENTED_EDGE('',*,*,#4774,.T.);
#4774 = EDGE_CURVE('',#4767,#4775,#4777,.T.);
#4775 = VERTEX_POINT('',#4776);
#4776 = CARTESIAN_POINT('',(0.35,1.667484939698,12.9));
#4777 = CIRCLE('',#4778,1.9);
#4778 = AXIS2_PLACEMENT_3D('',#4779,#4780,#4781);
#4779 = CARTESIAN_POINT('',(0.,-0.2,12.9));
#4780 = DIRECTION('',(0.,0.,-1.));
#4781 = DIRECTION('',(1.,0.,0.));
#4782 = ORIENTED_EDGE('',*,*,#4783,.F.);
#4783 = EDGE_CURVE('',#4784,#4775,#4786,.T.);
#4784 = VERTEX_POINT('',#4785);
#4785 = CARTESIAN_POINT('',(0.35,1.667484939698,13.6));
#4786 = LINE('',#4787,#4788);
#4787 = CARTESIAN_POINT('',(0.35,1.667484939698,5.1));
#4788 = VECTOR('',#4789,1.);
#4789 = DIRECTION('',(-0.,-0.,-1.));
#4790 = ORIENTED_EDGE('',*,*,#4791,.F.);
#4791 = EDGE_CURVE('',#4724,#4784,#4792,.T.);
#4792 = CIRCLE('',#4793,1.9);
#4793 = AXIS2_PLACEMENT_3D('',#4794,#4795,#4796);
#4794 = CARTESIAN_POINT('',(0.,-0.2,13.6));
#4795 = DIRECTION('',(0.,0.,1.));
#4796 = DIRECTION('',(1.,0.,-0.));
#4797 = ORIENTED_EDGE('',*,*,#4798,.F.);
#4798 = EDGE_CURVE('',#4697,#4724,#4799,.T.);
#4799 = LINE('',#4800,#4801);
#4800 = CARTESIAN_POINT('',(1.9,-0.2,5.1));
#4801 = VECTOR('',#4802,1.);
#4802 = DIRECTION('',(0.,0.,1.));
#4803 = ORIENTED_EDGE('',*,*,#4705,.T.);
#4804 = ORIENTED_EDGE('',*,*,#4424,.T.);
#4805 = ORIENTED_EDGE('',*,*,#4806,.T.);
#4806 = EDGE_CURVE('',#4383,#4350,#4807,.T.);
#4807 = CIRCLE('',#4808,1.9);
#4808 = AXIS2_PLACEMENT_3D('',#4809,#4810,#4811);
#4809 = CARTESIAN_POINT('',(0.,-0.2,5.1));
#4810 = DIRECTION('',(0.,0.,1.));
#4811 = DIRECTION('',(1.,0.,-0.));
#4812 = ORIENTED_EDGE('',*,*,#4349,.T.);
#4813 = ORIENTED_EDGE('',*,*,#4814,.T.);
#4814 = EDGE_CURVE('',#4352,#4325,#4815,.T.);
#4815 = CIRCLE('',#4816,1.9);
#4816 = AXIS2_PLACEMENT_3D('',#4817,#4818,#4819);
#4817 = CARTESIAN_POINT('',(0.,-0.2,5.1));
#4818 = DIRECTION('',(0.,0.,1.));
#4819 = DIRECTION('',(1.,0.,-0.));
#4820 = ORIENTED_EDGE('',*,*,#4324,.T.);
#4821 = ORIENTED_EDGE('',*,*,#4696,.T.);
#4822 = ORIENTED_EDGE('',*,*,#4798,.T.);
#4823 = CYLINDRICAL_SURFACE('',#4824,1.9);
#4824 = AXIS2_PLACEMENT_3D('',#4825,#4826,#4827);
#4825 = CARTESIAN_POINT('',(0.,-0.2,5.1));
#4826 = DIRECTION('',(-0.,-0.,-1.));
#4827 = DIRECTION('',(1.,0.,0.));
#4828 = ADVANCED_FACE('',(#4829),#4833,.F.);
#4829 = FACE_BOUND('',#4830,.F.);
#4830 = EDGE_LOOP('',(#4831,#4832));
#4831 = ORIENTED_EDGE('',*,*,#4390,.F.);
#4832 = ORIENTED_EDGE('',*,*,#4806,.T.);
#4833 = PLANE('',#4834);
#4834 = AXIS2_PLACEMENT_3D('',#4835,#4836,#4837);
#4835 = CARTESIAN_POINT('',(-1.799263332289E-16,-0.2,5.1));
#4836 = DIRECTION('',(0.,0.,1.));
#4837 = DIRECTION('',(1.,0.,-0.));
#4838 = ADVANCED_FACE('',(#4839),#4843,.F.);
#4839 = FACE_BOUND('',#4840,.F.);
#4840 = EDGE_LOOP('',(#4841,#4842));
#4841 = ORIENTED_EDGE('',*,*,#4668,.T.);
#4842 = ORIENTED_EDGE('',*,*,#4443,.F.);
#4843 = PLANE('',#4844);
#4844 = AXIS2_PLACEMENT_3D('',#4845,#4846,#4847);
#4845 = CARTESIAN_POINT('',(5.,-0.2,5.1));
#4846 = DIRECTION('',(0.,0.,1.));
#4847 = DIRECTION('',(1.,0.,-0.));
#4848 = ADVANCED_FACE('',(#4849),#4874,.T.);
#4849 = FACE_BOUND('',#4850,.T.);
#4850 = EDGE_LOOP('',(#4851,#4859,#4860,#4868));
#4851 = ORIENTED_EDGE('',*,*,#4852,.T.);
#4852 = EDGE_CURVE('',#4853,#4456,#4855,.T.);
#4853 = VERTEX_POINT('',#4854);
#4854 = CARTESIAN_POINT('',(3.75,2.,5.));
#4855 = LINE('',#4856,#4857);
#4856 = CARTESIAN_POINT('',(3.75,2.,5.));
#4857 = VECTOR('',#4858,1.);
#4858 = DIRECTION('',(0.,-1.,0.));
#4859 = ORIENTED_EDGE('',*,*,#4455,.T.);
#4860 = ORIENTED_EDGE('',*,*,#4861,.F.);
#4861 = EDGE_CURVE('',#4862,#4458,#4864,.T.);
#4862 = VERTEX_POINT('',#4863);
#4863 = CARTESIAN_POINT('',(3.75,2.,2.5));
#4864 = LINE('',#4865,#4866);
#4865 = CARTESIAN_POINT('',(3.75,2.,2.5));
#4866 = VECTOR('',#4867,1.);
#4867 = DIRECTION('',(0.,-1.,0.));
#4868 = ORIENTED_EDGE('',*,*,#4869,.F.);
#4869 = EDGE_CURVE('',#4853,#4862,#4870,.T.);
#4870 = LINE('',#4871,#4872);
#4871 = CARTESIAN_POINT('',(3.75,2.,5.));
#4872 = VECTOR('',#4873,1.);
#4873 = DIRECTION('',(0.,0.,-1.));
#4874 = PLANE('',#4875);
#4875 = AXIS2_PLACEMENT_3D('',#4876,#4877,#4878);
#4876 = CARTESIAN_POINT('',(3.75,2.,5.));
#4877 = DIRECTION('',(1.,0.,0.));
#4878 = DIRECTION('',(0.,0.,-1.));
#4879 = ADVANCED_FACE('',(#4880),#4898,.T.);
#4880 = FACE_BOUND('',#4881,.T.);
#4881 = EDGE_LOOP('',(#4882,#4890,#4891,#4892));
#4882 = ORIENTED_EDGE('',*,*,#4883,.T.);
#4883 = EDGE_CURVE('',#4884,#4474,#4886,.T.);
#4884 = VERTEX_POINT('',#4885);
#4885 = CARTESIAN_POINT('',(6.25,2.,5.));
#4886 = LINE('',#4887,#4888);
#4887 = CARTESIAN_POINT('',(6.25,2.,5.));
#4888 = VECTOR('',#4889,1.);
#4889 = DIRECTION('',(0.,-1.,0.));
#4890 = ORIENTED_EDGE('',*,*,#4481,.T.);
#4891 = ORIENTED_EDGE('',*,*,#4852,.F.);
#4892 = ORIENTED_EDGE('',*,*,#4893,.F.);
#4893 = EDGE_CURVE('',#4884,#4853,#4894,.T.);
#4894 = LINE('',#4895,#4896);
#4895 = CARTESIAN_POINT('',(6.25,2.,5.));
#4896 = VECTOR('',#4897,1.);
#4897 = DIRECTION('',(-1.,0.,0.));
#4898 = PLANE('',#4899);
#4899 = AXIS2_PLACEMENT_3D('',#4900,#4901,#4902);
#4900 = CARTESIAN_POINT('',(6.25,2.,5.));
#4901 = DIRECTION('',(-0.,-0.,-1.));
#4902 = DIRECTION('',(-1.,0.,0.));
#4903 = ADVANCED_FACE('',(#4904),#4922,.T.);
#4904 = FACE_BOUND('',#4905,.T.);
#4905 = EDGE_LOOP('',(#4906,#4914,#4915,#4916));
#4906 = ORIENTED_EDGE('',*,*,#4907,.T.);
#4907 = EDGE_CURVE('',#4908,#4466,#4910,.T.);
#4908 = VERTEX_POINT('',#4909);
#4909 = CARTESIAN_POINT('',(6.25,2.,2.5));
#4910 = LINE('',#4911,#4912);
#4911 = CARTESIAN_POINT('',(6.25,2.,2.5));
#4912 = VECTOR('',#4913,1.);
#4913 = DIRECTION('',(0.,-1.,0.));
#4914 = ORIENTED_EDGE('',*,*,#4473,.T.);
#4915 = ORIENTED_EDGE('',*,*,#4883,.F.);
#4916 = ORIENTED_EDGE('',*,*,#4917,.F.);
#4917 = EDGE_CURVE('',#4908,#4884,#4918,.T.);
#4918 = LINE('',#4919,#4920);
#4919 = CARTESIAN_POINT('',(6.25,2.,2.5));
#4920 = VECTOR('',#4921,1.);
#4921 = DIRECTION('',(0.,0.,1.));
#4922 = PLANE('',#4923);
#4923 = AXIS2_PLACEMENT_3D('',#4924,#4925,#4926);
#4924 = CARTESIAN_POINT('',(6.25,2.,2.5));
#4925 = DIRECTION('',(-1.,0.,0.));
#4926 = DIRECTION('',(0.,0.,1.));
#4927 = ADVANCED_FACE('',(#4928),#4939,.T.);
#4928 = FACE_BOUND('',#4929,.T.);
#4929 = EDGE_LOOP('',(#4930,#4931,#4932,#4933));
#4930 = ORIENTED_EDGE('',*,*,#4861,.T.);
#4931 = ORIENTED_EDGE('',*,*,#4465,.T.);
#4932 = ORIENTED_EDGE('',*,*,#4907,.F.);
#4933 = ORIENTED_EDGE('',*,*,#4934,.F.);
#4934 = EDGE_CURVE('',#4862,#4908,#4935,.T.);
#4935 = LINE('',#4936,#4937);
#4936 = CARTESIAN_POINT('',(3.75,2.,2.5));
#4937 = VECTOR('',#4938,1.);
#4938 = DIRECTION('',(1.,0.,0.));
#4939 = PLANE('',#4940);
#4940 = AXIS2_PLACEMENT_3D('',#4941,#4942,#4943);
#4941 = CARTESIAN_POINT('',(3.75,2.,2.5));
#4942 = DIRECTION('',(-0.,0.,1.));
#4943 = DIRECTION('',(1.,0.,0.));
#4944 = ADVANCED_FACE('',(#4945),#4949,.F.);
#4945 = FACE_BOUND('',#4946,.F.);
#4946 = EDGE_LOOP('',(#4947,#4948));
#4947 = ORIENTED_EDGE('',*,*,#4814,.T.);
#4948 = ORIENTED_EDGE('',*,*,#4498,.F.);
#4949 = PLANE('',#4950);
#4950 = AXIS2_PLACEMENT_3D('',#4951,#4952,#4953);
#4951 = CARTESIAN_POINT('',(-1.799263332289E-16,-0.2,5.1));
#4952 = DIRECTION('',(0.,0.,1.));
#4953 = DIRECTION('',(1.,0.,-0.));
#4954 = ADVANCED_FACE('',(#4955),#4980,.T.);
#4955 = FACE_BOUND('',#4956,.T.);
#4956 = EDGE_LOOP('',(#4957,#4965,#4966,#4974));
#4957 = ORIENTED_EDGE('',*,*,#4958,.T.);
#4958 = EDGE_CURVE('',#4959,#4511,#4961,.T.);
#4959 = VERTEX_POINT('',#4960);
#4960 = CARTESIAN_POINT('',(-1.25,2.,5.));
#4961 = LINE('',#4962,#4963);
#4962 = CARTESIAN_POINT('',(-1.25,2.,5.));
#4963 = VECTOR('',#4964,1.);
#4964 = DIRECTION('',(0.,-1.,0.));
#4965 = ORIENTED_EDGE('',*,*,#4510,.T.);
#4966 = ORIENTED_EDGE('',*,*,#4967,.F.);
#4967 = EDGE_CURVE('',#4968,#4513,#4970,.T.);
#4968 = VERTEX_POINT('',#4969);
#4969 = CARTESIAN_POINT('',(-1.25,2.,2.5));
#4970 = LINE('',#4971,#4972);
#4971 = CARTESIAN_POINT('',(-1.25,2.,2.5));
#4972 = VECTOR('',#4973,1.);
#4973 = DIRECTION('',(0.,-1.,0.));
#4974 = ORIENTED_EDGE('',*,*,#4975,.F.);
#4975 = EDGE_CURVE('',#4959,#4968,#4976,.T.);
#4976 = LINE('',#4977,#4978);
#4977 = CARTESIAN_POINT('',(-1.25,2.,5.));
#4978 = VECTOR('',#4979,1.);
#4979 = DIRECTION('',(0.,0.,-1.));
#4980 = PLANE('',#4981);
#4981 = AXIS2_PLACEMENT_3D('',#4982,#4983,#4984);
#4982 = CARTESIAN_POINT('',(-1.25,2.,5.));
#4983 = DIRECTION('',(1.,0.,0.));
#4984 = DIRECTION('',(0.,0.,-1.));
#4985 = ADVANCED_FACE('',(#4986),#5004,.T.);
#4986 = FACE_BOUND('',#4987,.T.);
#4987 = EDGE_LOOP('',(#4988,#4996,#4997,#4998));
#4988 = ORIENTED_EDGE('',*,*,#4989,.T.);
#4989 = EDGE_CURVE('',#4990,#4529,#4992,.T.);
#4990 = VERTEX_POINT('',#4991);
#4991 = CARTESIAN_POINT('',(1.25,2.,5.));
#4992 = LINE('',#4993,#4994);
#4993 = CARTESIAN_POINT('',(1.25,2.,5.));
#4994 = VECTOR('',#4995,1.);
#4995 = DIRECTION('',(0.,-1.,0.));
#4996 = ORIENTED_EDGE('',*,*,#4536,.T.);
#4997 = ORIENTED_EDGE('',*,*,#4958,.F.);
#4998 = ORIENTED_EDGE('',*,*,#4999,.F.);
#4999 = EDGE_CURVE('',#4990,#4959,#5000,.T.);
#5000 = LINE('',#5001,#5002);
#5001 = CARTESIAN_POINT('',(1.25,2.,5.));
#5002 = VECTOR('',#5003,1.);
#5003 = DIRECTION('',(-1.,0.,0.));
#5004 = PLANE('',#5005);
#5005 = AXIS2_PLACEMENT_3D('',#5006,#5007,#5008);
#5006 = CARTESIAN_POINT('',(1.25,2.,5.));
#5007 = DIRECTION('',(-0.,-0.,-1.));
#5008 = DIRECTION('',(-1.,0.,0.));
#5009 = ADVANCED_FACE('',(#5010),#5028,.T.);
#5010 = FACE_BOUND('',#5011,.T.);
#5011 = EDGE_LOOP('',(#5012,#5020,#5021,#5022));
#5012 = ORIENTED_EDGE('',*,*,#5013,.T.);
#5013 = EDGE_CURVE('',#5014,#4521,#5016,.T.);
#5014 = VERTEX_POINT('',#5015);
#5015 = CARTESIAN_POINT('',(1.25,2.,2.5));
#5016 = LINE('',#5017,#5018);
#5017 = CARTESIAN_POINT('',(1.25,2.,2.5));
#5018 = VECTOR('',#5019,1.);
#5019 = DIRECTION('',(0.,-1.,0.));
#5020 = ORIENTED_EDGE('',*,*,#4528,.T.);
#5021 = ORIENTED_EDGE('',*,*,#4989,.F.);
#5022 = ORIENTED_EDGE('',*,*,#5023,.F.);
#5023 = EDGE_CURVE('',#5014,#4990,#5024,.T.);
#5024 = LINE('',#5025,#5026);
#5025 = CARTESIAN_POINT('',(1.25,2.,2.5));
#5026 = VECTOR('',#5027,1.);
#5027 = DIRECTION('',(0.,0.,1.));
#5028 = PLANE('',#5029);
#5029 = AXIS2_PLACEMENT_3D('',#5030,#5031,#5032);
#5030 = CARTESIAN_POINT('',(1.25,2.,2.5));
#5031 = DIRECTION('',(-1.,0.,0.));
#5032 = DIRECTION('',(0.,0.,1.));
#5033 = ADVANCED_FACE('',(#5034),#5045,.T.);
#5034 = FACE_BOUND('',#5035,.T.);
#5035 = EDGE_LOOP('',(#5036,#5037,#5038,#5039));
#5036 = ORIENTED_EDGE('',*,*,#4967,.T.);
#5037 = ORIENTED_EDGE('',*,*,#4520,.T.);
#5038 = ORIENTED_EDGE('',*,*,#5013,.F.);
#5039 = ORIENTED_EDGE('',*,*,#5040,.F.);
#5040 = EDGE_CURVE('',#4968,#5014,#5041,.T.);
#5041 = LINE('',#5042,#5043);
#5042 = CARTESIAN_POINT('',(-1.25,2.,2.5));
#5043 = VECTOR('',#5044,1.);
#5044 = DIRECTION('',(1.,0.,0.));
#5045 = PLANE('',#5046);
#5046 = AXIS2_PLACEMENT_3D('',#5047,#5048,#5049);
#5047 = CARTESIAN_POINT('',(-1.25,2.,2.5));
#5048 = DIRECTION('',(-0.,0.,1.));
#5049 = DIRECTION('',(1.,0.,0.));
#5050 = ADVANCED_FACE('',(#5051),#5061,.T.);
#5051 = FACE_BOUND('',#5052,.T.);
#5052 = EDGE_LOOP('',(#5053,#5054,#5055));
#5053 = ORIENTED_EDGE('',*,*,#4575,.T.);
#5054 = ORIENTED_EDGE('',*,*,#4645,.T.);
#5055 = ORIENTED_EDGE('',*,*,#5056,.F.);
#5056 = EDGE_CURVE('',#4576,#4638,#5057,.T.);
#5057 = LINE('',#5058,#5059);
#5058 = CARTESIAN_POINT('',(5.35,-2.2,13.6));
#5059 = VECTOR('',#5060,1.);
#5060 = DIRECTION('',(0.,1.,0.));
#5061 = PLANE('',#5062);
#5062 = AXIS2_PLACEMENT_3D('',#5063,#5064,#5065);
#5063 = CARTESIAN_POINT('',(5.,-0.2,13.6));
#5064 = DIRECTION('',(0.,0.,1.));
#5065 = DIRECTION('',(1.,0.,-0.));
#5066 = ADVANCED_FACE('',(#5067),#5078,.F.);
#5067 = FACE_BOUND('',#5068,.F.);
#5068 = EDGE_LOOP('',(#5069,#5070,#5071,#5077));
#5069 = ORIENTED_EDGE('',*,*,#5056,.F.);
#5070 = ORIENTED_EDGE('',*,*,#4586,.T.);
#5071 = ORIENTED_EDGE('',*,*,#5072,.T.);
#5072 = EDGE_CURVE('',#4587,#4629,#5073,.T.);
#5073 = LINE('',#5074,#5075);
#5074 = CARTESIAN_POINT('',(5.35,-2.2,12.9));
#5075 = VECTOR('',#5076,1.);
#5076 = DIRECTION('',(0.,1.,0.));
#5077 = ORIENTED_EDGE('',*,*,#4637,.F.);
#5078 = PLANE('',#5079);
#5079 = AXIS2_PLACEMENT_3D('',#5080,#5081,#5082);
#5080 = CARTESIAN_POINT('',(5.35,-2.2,13.6));
#5081 = DIRECTION('',(1.,0.,0.));
#5082 = DIRECTION('',(-0.,1.,0.));
#5083 = ADVANCED_FACE('',(#5084),#5095,.T.);
#5084 = FACE_BOUND('',#5085,.T.);
#5085 = EDGE_LOOP('',(#5086,#5092,#5093,#5094));
#5086 = ORIENTED_EDGE('',*,*,#5087,.T.);
#5087 = EDGE_CURVE('',#4621,#4595,#5088,.T.);
#5088 = LINE('',#5089,#5090);
#5089 = CARTESIAN_POINT('',(4.65,1.8,12.9));
#5090 = VECTOR('',#5091,1.);
#5091 = DIRECTION('',(0.,-1.,0.));
#5092 = ORIENTED_EDGE('',*,*,#4594,.F.);
#5093 = ORIENTED_EDGE('',*,*,#5072,.T.);
#5094 = ORIENTED_EDGE('',*,*,#4628,.F.);
#5095 = PLANE('',#5096);
#5096 = AXIS2_PLACEMENT_3D('',#5097,#5098,#5099);
#5097 = CARTESIAN_POINT('',(5.,-0.2,12.9));
#5098 = DIRECTION('',(0.,0.,1.));
#5099 = DIRECTION('',(1.,0.,-0.));
#5100 = ADVANCED_FACE('',(#5101),#5112,.F.);
#5101 = FACE_BOUND('',#5102,.F.);
#5102 = EDGE_LOOP('',(#5103,#5109,#5110,#5111));
#5103 = ORIENTED_EDGE('',*,*,#5104,.F.);
#5104 = EDGE_CURVE('',#4612,#4604,#5105,.T.);
#5105 = LINE('',#5106,#5107);
#5106 = CARTESIAN_POINT('',(4.65,1.8,13.6));
#5107 = VECTOR('',#5108,1.);
#5108 = DIRECTION('',(0.,-1.,0.));
#5109 = ORIENTED_EDGE('',*,*,#4620,.T.);
#5110 = ORIENTED_EDGE('',*,*,#5087,.T.);
#5111 = ORIENTED_EDGE('',*,*,#4603,.F.);
#5112 = PLANE('',#5113);
#5113 = AXIS2_PLACEMENT_3D('',#5114,#5115,#5116);
#5114 = CARTESIAN_POINT('',(4.65,1.8,13.6));
#5115 = DIRECTION('',(-1.,0.,0.));
#5116 = DIRECTION('',(0.,-1.,0.));
#5117 = ADVANCED_FACE('',(#5118),#5122,.T.);
#5118 = FACE_BOUND('',#5119,.T.);
#5119 = EDGE_LOOP('',(#5120,#5121));
#5120 = ORIENTED_EDGE('',*,*,#5104,.F.);
#5121 = ORIENTED_EDGE('',*,*,#4611,.T.);
#5122 = PLANE('',#5123);
#5123 = AXIS2_PLACEMENT_3D('',#5124,#5125,#5126);
#5124 = CARTESIAN_POINT('',(5.,-0.2,13.6));
#5125 = DIRECTION('',(0.,0.,1.));
#5126 = DIRECTION('',(1.,0.,-0.));
#5127 = ADVANCED_FACE('',(#5128),#5138,.T.);
#5128 = FACE_BOUND('',#5129,.T.);
#5129 = EDGE_LOOP('',(#5130,#5131,#5132));
#5130 = ORIENTED_EDGE('',*,*,#4721,.T.);
#5131 = ORIENTED_EDGE('',*,*,#4791,.T.);
#5132 = ORIENTED_EDGE('',*,*,#5133,.F.);
#5133 = EDGE_CURVE('',#4722,#4784,#5134,.T.);
#5134 = LINE('',#5135,#5136);
#5135 = CARTESIAN_POINT('',(0.35,-2.2,13.6));
#5136 = VECTOR('',#5137,1.);
#5137 = DIRECTION('',(0.,1.,0.));
#5138 = PLANE('',#5139);
#5139 = AXIS2_PLACEMENT_3D('',#5140,#5141,#5142);
#5140 = CARTESIAN_POINT('',(-1.799263332289E-16,-0.2,13.6));
#5141 = DIRECTION('',(0.,0.,1.));
#5142 = DIRECTION('',(1.,0.,-0.));
#5143 = ADVANCED_FACE('',(#5144),#5155,.F.);
#5144 = FACE_BOUND('',#5145,.F.);
#5145 = EDGE_LOOP('',(#5146,#5147,#5148,#5154));
#5146 = ORIENTED_EDGE('',*,*,#5133,.F.);
#5147 = ORIENTED_EDGE('',*,*,#4732,.T.);
#5148 = ORIENTED_EDGE('',*,*,#5149,.T.);
#5149 = EDGE_CURVE('',#4733,#4775,#5150,.T.);
#5150 = LINE('',#5151,#5152);
#5151 = CARTESIAN_POINT('',(0.35,-2.2,12.9));
#5152 = VECTOR('',#5153,1.);
#5153 = DIRECTION('',(0.,1.,0.));
#5154 = ORIENTED_EDGE('',*,*,#4783,.F.);
#5155 = PLANE('',#5156);
#5156 = AXIS2_PLACEMENT_3D('',#5157,#5158,#5159);
#5157 = CARTESIAN_POINT('',(0.35,-2.2,13.6));
#5158 = DIRECTION('',(1.,0.,0.));
#5159 = DIRECTION('',(-0.,1.,0.));
#5160 = ADVANCED_FACE('',(#5161),#5172,.T.);
#5161 = FACE_BOUND('',#5162,.T.);
#5162 = EDGE_LOOP('',(#5163,#5169,#5170,#5171));
#5163 = ORIENTED_EDGE('',*,*,#5164,.T.);
#5164 = EDGE_CURVE('',#4767,#4741,#5165,.T.);
#5165 = LINE('',#5166,#5167);
#5166 = CARTESIAN_POINT('',(-0.35,1.8,12.9));
#5167 = VECTOR('',#5168,1.);
#5168 = DIRECTION('',(0.,-1.,0.));
#5169 = ORIENTED_EDGE('',*,*,#4740,.F.);
#5170 = ORIENTED_EDGE('',*,*,#5149,.T.);
#5171 = ORIENTED_EDGE('',*,*,#4774,.F.);
#5172 = PLANE('',#5173);
#5173 = AXIS2_PLACEMENT_3D('',#5174,#5175,#5176);
#5174 = CARTESIAN_POINT('',(0.,-0.2,12.9));
#5175 = DIRECTION('',(0.,0.,1.));
#5176 = DIRECTION('',(1.,0.,-0.));
#5177 = ADVANCED_FACE('',(#5178),#5189,.F.);
#5178 = FACE_BOUND('',#5179,.F.);
#5179 = EDGE_LOOP('',(#5180,#5186,#5187,#5188));
#5180 = ORIENTED_EDGE('',*,*,#5181,.F.);
#5181 = EDGE_CURVE('',#4758,#4750,#5182,.T.);
#5182 = LINE('',#5183,#5184);
#5183 = CARTESIAN_POINT('',(-0.35,1.8,13.6));
#5184 = VECTOR('',#5185,1.);
#5185 = DIRECTION('',(0.,-1.,0.));
#5186 = ORIENTED_EDGE('',*,*,#4766,.T.);
#5187 = ORIENTED_EDGE('',*,*,#5164,.T.);
#5188 = ORIENTED_EDGE('',*,*,#4749,.F.);
#5189 = PLANE('',#5190);
#5190 = AXIS2_PLACEMENT_3D('',#5191,#5192,#5193);
#5191 = CARTESIAN_POINT('',(-0.35,1.8,13.6));
#5192 = DIRECTION('',(-1.,0.,0.));
#5193 = DIRECTION('',(0.,-1.,0.));
#5194 = ADVANCED_FACE('',(#5195),#5199,.T.);
#5195 = FACE_BOUND('',#5196,.T.);
#5196 = EDGE_LOOP('',(#5197,#5198));
#5197 = ORIENTED_EDGE('',*,*,#5181,.F.);
#5198 = ORIENTED_EDGE('',*,*,#4757,.T.);
#5199 = PLANE('',#5200);
#5200 = AXIS2_PLACEMENT_3D('',#5201,#5202,#5203);
#5201 = CARTESIAN_POINT('',(-1.799263332289E-16,-0.2,13.6));
#5202 = DIRECTION('',(0.,0.,1.));
#5203 = DIRECTION('',(1.,0.,-0.));
#5204 = ADVANCED_FACE('',(#5205),#5211,.T.);
#5205 = FACE_BOUND('',#5206,.T.);
#5206 = EDGE_LOOP('',(#5207,#5208,#5209,#5210));
#5207 = ORIENTED_EDGE('',*,*,#4893,.T.);
#5208 = ORIENTED_EDGE('',*,*,#4869,.T.);
#5209 = ORIENTED_EDGE('',*,*,#4934,.T.);
#5210 = ORIENTED_EDGE('',*,*,#4917,.T.);
#5211 = PLANE('',#5212);
#5212 = AXIS2_PLACEMENT_3D('',#5213,#5214,#5215);
#5213 = CARTESIAN_POINT('',(5.,2.,3.75));
#5214 = DIRECTION('',(-0.,-1.,-0.));
#5215 = DIRECTION('',(0.,0.,-1.));
#5216 = ADVANCED_FACE('',(#5217),#5223,.T.);
#5217 = FACE_BOUND('',#5218,.T.);
#5218 = EDGE_LOOP('',(#5219,#5220,#5221,#5222));
#5219 = ORIENTED_EDGE('',*,*,#4999,.T.);
#5220 = ORIENTED_EDGE('',*,*,#4975,.T.);
#5221 = ORIENTED_EDGE('',*,*,#5040,.T.);
#5222 = ORIENTED_EDGE('',*,*,#5023,.T.);
#5223 = PLANE('',#5224);
#5224 = AXIS2_PLACEMENT_3D('',#5225,#5226,#5227);
#5225 = CARTESIAN_POINT('',(4.440892098501E-16,2.,3.75));
#5226 = DIRECTION('',(-0.,-1.,-0.));
#5227 = DIRECTION('',(0.,0.,-1.));
#5228 = ( GEOMETRIC_REPRESENTATION_CONTEXT(3) 
GLOBAL_UNCERTAINTY_ASSIGNED_CONTEXT((#5232)) 
GLOBAL_UNIT_ASSIGNED_CONTEXT((#5229,#5230,#5231)) REPRESENTATION_CONTEXT
('Context #1','3D Context with UNIT and UNCERTAINTY') );
#5229 = ( LENGTH_UNIT() NAMED_UNIT(*) SI_UNIT(.MILLI.,.METRE.) );
#5230 = ( NAMED_UNIT(*) PLANE_ANGLE_UNIT() SI_UNIT($,.RADIAN.) );
#5231 = ( NAMED_UNIT(*) SI_UNIT($,.STERADIAN.) SOLID_ANGLE_UNIT() );
#5232 = UNCERTAINTY_MEASURE_WITH_UNIT(LENGTH_MEASURE(1.E-07),#5229,
  'distance_accuracy_value','confusion accuracy');
#5233 = CONTEXT_DEPENDENT_SHAPE_REPRESENTATION(#5234,#5236);
#5234 = ( REPRESENTATION_RELATIONSHIP('','',#2606,#2583) 
REPRESENTATION_RELATIONSHIP_WITH_TRANSFORMATION(#5235) 
SHAPE_REPRESENTATION_RELATIONSHIP() );
#5235 = ITEM_DEFINED_TRANSFORMATION('','',#11,#2584);
#5236 = PRODUCT_DEFINITION_SHAPE('Placement','Placement of an item',
  #5237);
#5237 = NEXT_ASSEMBLY_USAGE_OCCURRENCE('5','=>[0:1:1:7]','',#2578,#2601,
  $);
#5238 = PRODUCT_RELATED_PRODUCT_CATEGORY('part',$,(#2603));
#5239 = CONTEXT_DEPENDENT_SHAPE_REPRESENTATION(#5240,#5242);
#5240 = ( REPRESENTATION_RELATIONSHIP('','',#72,#10) 
REPRESENTATION_RELATIONSHIP_WITH_TRANSFORMATION(#5241) 
SHAPE_REPRESENTATION_RELATIONSHIP() );
#5241 = ITEM_DEFINED_TRANSFORMATION('','',#11,#27);
#5242 = PRODUCT_DEFINITION_SHAPE('Placement','Placement of an item',
  #5243);
#5243 = NEXT_ASSEMBLY_USAGE_OCCURRENCE('7','R1','',#5,#67,$);
#5244 = SHAPE_DEFINITION_REPRESENTATION(#5245,#5251);
#5245 = PRODUCT_DEFINITION_SHAPE('','',#5246);
#5246 = PRODUCT_DEFINITION('design','',#5247,#5250);
#5247 = PRODUCT_DEFINITION_FORMATION('','',#5248);
#5248 = PRODUCT('PinHeader_1x04_P1.00mm_Vertical',
  'PinHeader_1x04_P1.00mm_Vertical','',(#5249));
#5249 = PRODUCT_CONTEXT('',#2,'mechanical');
#5250 = PRODUCT_DEFINITION_CONTEXT('part definition',#2,'design');
#5251 = SHAPE_REPRESENTATION('',(#11,#5252),#5256);
#5252 = AXIS2_PLACEMENT_3D('',#5253,#5254,#5255);
#5253 = CARTESIAN_POINT('',(0.,0.,0.));
#5254 = DIRECTION('',(0.,0.,1.));
#5255 = DIRECTION('',(1.,0.,-0.));
#5256 = ( GEOMETRIC_REPRESENTATION_CONTEXT(3) 
GLOBAL_UNCERTAINTY_ASSIGNED_CONTEXT((#5260)) 
GLOBAL_UNIT_ASSIGNED_CONTEXT((#5257,#5258,#5259)) REPRESENTATION_CONTEXT
('Context #1','3D Context with UNIT and UNCERTAINTY') );
#5257 = ( LENGTH_UNIT() NAMED_UNIT(*) SI_UNIT(.MILLI.,.METRE.) );
#5258 = ( NAMED_UNIT(*) PLANE_ANGLE_UNIT() SI_UNIT($,.RADIAN.) );
#5259 = ( NAMED_UNIT(*) SI_UNIT($,.STERADIAN.) SOLID_ANGLE_UNIT() );
#5260 = UNCERTAINTY_MEASURE_WITH_UNIT(LENGTH_MEASURE(1.E-07),#5257,
  'distance_accuracy_value','confusion accuracy');
#5261 = CONTEXT_DEPENDENT_SHAPE_REPRESENTATION(#5262,#5264);
#5262 = ( REPRESENTATION_RELATIONSHIP('','',#5251,#10) 
REPRESENTATION_RELATIONSHIP_WITH_TRANSFORMATION(#5263) 
SHAPE_REPRESENTATION_RELATIONSHIP() );
#5263 = ITEM_DEFINED_TRANSFORMATION('','',#11,#31);
#5264 = PRODUCT_DEFINITION_SHAPE('Placement','Placement of an item',
  #5265);
#5265 = NEXT_ASSEMBLY_USAGE_OCCURRENCE('9','J5','',#5,#5246,$);
#5266 = PRODUCT_RELATED_PRODUCT_CATEGORY('part',$,(#5248));
#5267 = SHAPE_DEFINITION_REPRESENTATION(#5268,#5274);
#5268 = PRODUCT_DEFINITION_SHAPE('','',#5269);
#5269 = PRODUCT_DEFINITION('design','',#5270,#5273);
#5270 = PRODUCT_DEFINITION_FORMATION('','',#5271);
#5271 = PRODUCT('PinHeader_1x04_P100mm_Vertical',
  'PinHeader_1x04_P100mm_Vertical','',(#5272));
#5272 = PRODUCT_CONTEXT('',#2,'mechanical');
#5273 = PRODUCT_DEFINITION_CONTEXT('part definition',#2,'design');
#5274 = ADVANCED_BREP_SHAPE_REPRESENTATION('',(#11,#5275),#8055);
#5275 = MANIFOLD_SOLID_BREP('',#5276);
#5276 = CLOSED_SHELL('',(#5277,#5317,#5348,#5379,#5708,#6037,#6054,#6071
    ,#6088,#6105,#6122,#6139,#6156,#6173,#6190,#6207,#6224,#6241,#6258,
    #6275,#6292,#6309,#6326,#6343,#6360,#6377,#6394,#6411,#6423,#6454,
    #6478,#6502,#6519,#6550,#6574,#6598,#6615,#6646,#6670,#6694,#6711,
    #6742,#6766,#6790,#6807,#6838,#6862,#6886,#6903,#6934,#6958,#6982,
    #6999,#7030,#7054,#7078,#7095,#7126,#7150,#7174,#7191,#7222,#7246,
    #7270,#7287,#7318,#7342,#7366,#7383,#7414,#7438,#7462,#7479,#7510,
    #7534,#7558,#7575,#7606,#7630,#7654,#7671,#7702,#7726,#7750,#7767,
    #7798,#7822,#7846,#7863,#7894,#7918,#7942,#7959,#7971,#7983,#7995,
    #8007,#8019,#8031,#8043));
#5277 = ADVANCED_FACE('',(#5278),#5312,.F.);
#5278 = FACE_BOUND('',#5279,.F.);
#5279 = EDGE_LOOP('',(#5280,#5290,#5298,#5306));
#5280 = ORIENTED_EDGE('',*,*,#5281,.T.);
#5281 = EDGE_CURVE('',#5282,#5284,#5286,.T.);
#5282 = VERTEX_POINT('',#5283);
#5283 = CARTESIAN_POINT('',(-0.535,0.5,0.));
#5284 = VERTEX_POINT('',#5285);
#5285 = CARTESIAN_POINT('',(-0.535,0.5,1.));
#5286 = LINE('',#5287,#5288);
#5287 = CARTESIAN_POINT('',(-0.535,0.5,0.));
#5288 = VECTOR('',#5289,1.);
#5289 = DIRECTION('',(0.,0.,1.));
#5290 = ORIENTED_EDGE('',*,*,#5291,.T.);
#5291 = EDGE_CURVE('',#5284,#5292,#5294,.T.);
#5292 = VERTEX_POINT('',#5293);
#5293 = CARTESIAN_POINT('',(-0.635,0.4,1.));
#5294 = LINE('',#5295,#5296);
#5295 = CARTESIAN_POINT('',(-0.535,0.5,1.));
#5296 = VECTOR('',#5297,1.);
#5297 = DIRECTION('',(-0.707106781187,-0.707106781187,0.));
#5298 = ORIENTED_EDGE('',*,*,#5299,.F.);
#5299 = EDGE_CURVE('',#5300,#5292,#5302,.T.);
#5300 = VERTEX_POINT('',#5301);
#5301 = CARTESIAN_POINT('',(-0.635,0.4,0.));
#5302 = LINE('',#5303,#5304);
#5303 = CARTESIAN_POINT('',(-0.635,0.4,0.));
#5304 = VECTOR('',#5305,1.);
#5305 = DIRECTION('',(0.,0.,1.));
#5306 = ORIENTED_EDGE('',*,*,#5307,.F.);
#5307 = EDGE_CURVE('',#5282,#5300,#5308,.T.);
#5308 = LINE('',#5309,#5310);
#5309 = CARTESIAN_POINT('',(-0.535,0.5,0.));
#5310 = VECTOR('',#5311,1.);
#5311 = DIRECTION('',(-0.707106781187,-0.707106781187,0.));
#5312 = PLANE('',#5313);
#5313 = AXIS2_PLACEMENT_3D('',#5314,#5315,#5316);
#5314 = CARTESIAN_POINT('',(-0.535,0.5,0.));
#5315 = DIRECTION('',(0.707106781187,-0.707106781187,0.));
#5316 = DIRECTION('',(-0.707106781187,-0.707106781187,0.));
#5317 = ADVANCED_FACE('',(#5318),#5343,.F.);
#5318 = FACE_BOUND('',#5319,.F.);
#5319 = EDGE_LOOP('',(#5320,#5330,#5336,#5337));
#5320 = ORIENTED_EDGE('',*,*,#5321,.T.);
#5321 = EDGE_CURVE('',#5322,#5324,#5326,.T.);
#5322 = VERTEX_POINT('',#5323);
#5323 = CARTESIAN_POINT('',(0.535,0.5,0.));
#5324 = VERTEX_POINT('',#5325);
#5325 = CARTESIAN_POINT('',(0.535,0.5,1.));
#5326 = LINE('',#5327,#5328);
#5327 = CARTESIAN_POINT('',(0.535,0.5,0.));
#5328 = VECTOR('',#5329,1.);
#5329 = DIRECTION('',(0.,0.,1.));
#5330 = ORIENTED_EDGE('',*,*,#5331,.T.);
#5331 = EDGE_CURVE('',#5324,#5284,#5332,.T.);
#5332 = LINE('',#5333,#5334);
#5333 = CARTESIAN_POINT('',(0.535,0.5,1.));
#5334 = VECTOR('',#5335,1.);
#5335 = DIRECTION('',(-1.,1.037591611799E-16,0.));
#5336 = ORIENTED_EDGE('',*,*,#5281,.F.);
#5337 = ORIENTED_EDGE('',*,*,#5338,.F.);
#5338 = EDGE_CURVE('',#5322,#5282,#5339,.T.);
#5339 = LINE('',#5340,#5341);
#5340 = CARTESIAN_POINT('',(0.535,0.5,0.));
#5341 = VECTOR('',#5342,1.);
#5342 = DIRECTION('',(-1.,1.037591611799E-16,0.));
#5343 = PLANE('',#5344);
#5344 = AXIS2_PLACEMENT_3D('',#5345,#5346,#5347);
#5345 = CARTESIAN_POINT('',(0.535,0.5,0.));
#5346 = DIRECTION('',(-1.037591611799E-16,-1.,0.));
#5347 = DIRECTION('',(-1.,1.037591611799E-16,0.));
#5348 = ADVANCED_FACE('',(#5349),#5374,.F.);
#5349 = FACE_BOUND('',#5350,.F.);
#5350 = EDGE_LOOP('',(#5351,#5352,#5360,#5368));
#5351 = ORIENTED_EDGE('',*,*,#5299,.T.);
#5352 = ORIENTED_EDGE('',*,*,#5353,.T.);
#5353 = EDGE_CURVE('',#5292,#5354,#5356,.T.);
#5354 = VERTEX_POINT('',#5355);
#5355 = CARTESIAN_POINT('',(-0.635,-0.4,1.));
#5356 = LINE('',#5357,#5358);
#5357 = CARTESIAN_POINT('',(-0.635,0.4,1.));
#5358 = VECTOR('',#5359,1.);
#5359 = DIRECTION('',(0.,-1.,0.));
#5360 = ORIENTED_EDGE('',*,*,#5361,.F.);
#5361 = EDGE_CURVE('',#5362,#5354,#5364,.T.);
#5362 = VERTEX_POINT('',#5363);
#5363 = CARTESIAN_POINT('',(-0.635,-0.4,0.));
#5364 = LINE('',#5365,#5366);
#5365 = CARTESIAN_POINT('',(-0.635,-0.4,0.));
#5366 = VECTOR('',#5367,1.);
#5367 = DIRECTION('',(0.,0.,1.));
#5368 = ORIENTED_EDGE('',*,*,#5369,.F.);
#5369 = EDGE_CURVE('',#5300,#5362,#5370,.T.);
#5370 = LINE('',#5371,#5372);
#5371 = CARTESIAN_POINT('',(-0.635,0.4,0.));
#5372 = VECTOR('',#5373,1.);
#5373 = DIRECTION('',(0.,-1.,0.));
#5374 = PLANE('',#5375);
#5375 = AXIS2_PLACEMENT_3D('',#5376,#5377,#5378);
#5376 = CARTESIAN_POINT('',(-0.635,0.4,0.));
#5377 = DIRECTION('',(1.,0.,0.));
#5378 = DIRECTION('',(0.,-1.,0.));
#5379 = ADVANCED_FACE('',(#5380,#5567,#5601,#5635,#5669),#5703,.F.);
#5380 = FACE_BOUND('',#5381,.F.);
#5381 = EDGE_LOOP('',(#5382,#5383,#5384,#5392,#5400,#5408,#5416,#5424,
    #5432,#5440,#5448,#5456,#5464,#5472,#5480,#5488,#5496,#5504,#5512,
    #5520,#5528,#5536,#5544,#5552,#5560,#5566));
#5382 = ORIENTED_EDGE('',*,*,#5307,.T.);
#5383 = ORIENTED_EDGE('',*,*,#5369,.T.);
#5384 = ORIENTED_EDGE('',*,*,#5385,.T.);
#5385 = EDGE_CURVE('',#5362,#5386,#5388,.T.);
#5386 = VERTEX_POINT('',#5387);
#5387 = CARTESIAN_POINT('',(-0.535,-0.5,0.));
#5388 = LINE('',#5389,#5390);
#5389 = CARTESIAN_POINT('',(-0.635,-0.4,0.));
#5390 = VECTOR('',#5391,1.);
#5391 = DIRECTION('',(0.707106781187,-0.707106781187,0.));
#5392 = ORIENTED_EDGE('',*,*,#5393,.T.);
#5393 = EDGE_CURVE('',#5386,#5394,#5396,.T.);
#5394 = VERTEX_POINT('',#5395);
#5395 = CARTESIAN_POINT('',(-0.635,-0.6,0.));
#5396 = LINE('',#5397,#5398);
#5397 = CARTESIAN_POINT('',(-0.535,-0.5,0.));
#5398 = VECTOR('',#5399,1.);
#5399 = DIRECTION('',(-0.707106781187,-0.707106781187,0.));
#5400 = ORIENTED_EDGE('',*,*,#5401,.T.);
#5401 = EDGE_CURVE('',#5394,#5402,#5404,.T.);
#5402 = VERTEX_POINT('',#5403);
#5403 = CARTESIAN_POINT('',(-0.635,-1.4,0.));
#5404 = LINE('',#5405,#5406);
#5405 = CARTESIAN_POINT('',(-0.635,-0.6,0.));
#5406 = VECTOR('',#5407,1.);
#5407 = DIRECTION('',(0.,-1.,0.));
#5408 = ORIENTED_EDGE('',*,*,#5409,.T.);
#5409 = EDGE_CURVE('',#5402,#5410,#5412,.T.);
#5410 = VERTEX_POINT('',#5411);
#5411 = CARTESIAN_POINT('',(-0.535,-1.5,0.));
#5412 = LINE('',#5413,#5414);
#5413 = CARTESIAN_POINT('',(-0.635,-1.4,0.));
#5414 = VECTOR('',#5415,1.);
#5415 = DIRECTION('',(0.707106781187,-0.707106781187,0.));
#5416 = ORIENTED_EDGE('',*,*,#5417,.T.);
#5417 = EDGE_CURVE('',#5410,#5418,#5420,.T.);
#5418 = VERTEX_POINT('',#5419);
#5419 = CARTESIAN_POINT('',(-0.635,-1.6,0.));
#5420 = LINE('',#5421,#5422);
#5421 = CARTESIAN_POINT('',(-0.535,-1.5,0.));
#5422 = VECTOR('',#5423,1.);
#5423 = DIRECTION('',(-0.707106781187,-0.707106781187,0.));
#5424 = ORIENTED_EDGE('',*,*,#5425,.T.);
#5425 = EDGE_CURVE('',#5418,#5426,#5428,.T.);
#5426 = VERTEX_POINT('',#5427);
#5427 = CARTESIAN_POINT('',(-0.635,-2.4,0.));
#5428 = LINE('',#5429,#5430);
#5429 = CARTESIAN_POINT('',(-0.635,-1.6,0.));
#5430 = VECTOR('',#5431,1.);
#5431 = DIRECTION('',(0.,-1.,0.));
#5432 = ORIENTED_EDGE('',*,*,#5433,.T.);
#5433 = EDGE_CURVE('',#5426,#5434,#5436,.T.);
#5434 = VERTEX_POINT('',#5435);
#5435 = CARTESIAN_POINT('',(-0.535,-2.5,0.));
#5436 = LINE('',#5437,#5438);
#5437 = CARTESIAN_POINT('',(-0.635,-2.4,0.));
#5438 = VECTOR('',#5439,1.);
#5439 = DIRECTION('',(0.707106781187,-0.707106781187,0.));
#5440 = ORIENTED_EDGE('',*,*,#5441,.T.);
#5441 = EDGE_CURVE('',#5434,#5442,#5444,.T.);
#5442 = VERTEX_POINT('',#5443);
#5443 = CARTESIAN_POINT('',(-0.635,-2.6,0.));
#5444 = LINE('',#5445,#5446);
#5445 = CARTESIAN_POINT('',(-0.535,-2.5,0.));
#5446 = VECTOR('',#5447,1.);
#5447 = DIRECTION('',(-0.707106781187,-0.707106781187,0.));
#5448 = ORIENTED_EDGE('',*,*,#5449,.T.);
#5449 = EDGE_CURVE('',#5442,#5450,#5452,.T.);
#5450 = VERTEX_POINT('',#5451);
#5451 = CARTESIAN_POINT('',(-0.635,-3.4,0.));
#5452 = LINE('',#5453,#5454);
#5453 = CARTESIAN_POINT('',(-0.635,-2.6,0.));
#5454 = VECTOR('',#5455,1.);
#5455 = DIRECTION('',(0.,-1.,0.));
#5456 = ORIENTED_EDGE('',*,*,#5457,.T.);
#5457 = EDGE_CURVE('',#5450,#5458,#5460,.T.);
#5458 = VERTEX_POINT('',#5459);
#5459 = CARTESIAN_POINT('',(-0.535,-3.5,0.));
#5460 = LINE('',#5461,#5462);
#5461 = CARTESIAN_POINT('',(-0.635,-3.4,0.));
#5462 = VECTOR('',#5463,1.);
#5463 = DIRECTION('',(0.707106781187,-0.707106781187,0.));
#5464 = ORIENTED_EDGE('',*,*,#5465,.T.);
#5465 = EDGE_CURVE('',#5458,#5466,#5468,.T.);
#5466 = VERTEX_POINT('',#5467);
#5467 = CARTESIAN_POINT('',(0.535,-3.5,0.));
#5468 = LINE('',#5469,#5470);
#5469 = CARTESIAN_POINT('',(-0.535,-3.5,0.));
#5470 = VECTOR('',#5471,1.);
#5471 = DIRECTION('',(1.,0.,0.));
#5472 = ORIENTED_EDGE('',*,*,#5473,.T.);
#5473 = EDGE_CURVE('',#5466,#5474,#5476,.T.);
#5474 = VERTEX_POINT('',#5475);
#5475 = CARTESIAN_POINT('',(0.635,-3.4,0.));
#5476 = LINE('',#5477,#5478);
#5477 = CARTESIAN_POINT('',(0.535,-3.5,0.));
#5478 = VECTOR('',#5479,1.);
#5479 = DIRECTION('',(0.707106781187,0.707106781187,0.));
#5480 = ORIENTED_EDGE('',*,*,#5481,.T.);
#5481 = EDGE_CURVE('',#5474,#5482,#5484,.T.);
#5482 = VERTEX_POINT('',#5483);
#5483 = CARTESIAN_POINT('',(0.635,-2.6,0.));
#5484 = LINE('',#5485,#5486);
#5485 = CARTESIAN_POINT('',(0.635,-3.4,0.));
#5486 = VECTOR('',#5487,1.);
#5487 = DIRECTION('',(0.,1.,0.));
#5488 = ORIENTED_EDGE('',*,*,#5489,.T.);
#5489 = EDGE_CURVE('',#5482,#5490,#5492,.T.);
#5490 = VERTEX_POINT('',#5491);
#5491 = CARTESIAN_POINT('',(0.535,-2.5,0.));
#5492 = LINE('',#5493,#5494);
#5493 = CARTESIAN_POINT('',(0.635,-2.6,0.));
#5494 = VECTOR('',#5495,1.);
#5495 = DIRECTION('',(-0.707106781187,0.707106781187,0.));
#5496 = ORIENTED_EDGE('',*,*,#5497,.T.);
#5497 = EDGE_CURVE('',#5490,#5498,#5500,.T.);
#5498 = VERTEX_POINT('',#5499);
#5499 = CARTESIAN_POINT('',(0.635,-2.4,0.));
#5500 = LINE('',#5501,#5502);
#5501 = CARTESIAN_POINT('',(0.535,-2.5,0.));
#5502 = VECTOR('',#5503,1.);
#5503 = DIRECTION('',(0.707106781187,0.707106781187,0.));
#5504 = ORIENTED_EDGE('',*,*,#5505,.T.);
#5505 = EDGE_CURVE('',#5498,#5506,#5508,.T.);
#5506 = VERTEX_POINT('',#5507);
#5507 = CARTESIAN_POINT('',(0.635,-1.6,0.));
#5508 = LINE('',#5509,#5510);
#5509 = CARTESIAN_POINT('',(0.635,-2.4,0.));
#5510 = VECTOR('',#5511,1.);
#5511 = DIRECTION('',(0.,1.,0.));
#5512 = ORIENTED_EDGE('',*,*,#5513,.T.);
#5513 = EDGE_CURVE('',#5506,#5514,#5516,.T.);
#5514 = VERTEX_POINT('',#5515);
#5515 = CARTESIAN_POINT('',(0.535,-1.5,0.));
#5516 = LINE('',#5517,#5518);
#5517 = CARTESIAN_POINT('',(0.635,-1.6,0.));
#5518 = VECTOR('',#5519,1.);
#5519 = DIRECTION('',(-0.707106781187,0.707106781187,0.));
#5520 = ORIENTED_EDGE('',*,*,#5521,.T.);
#5521 = EDGE_CURVE('',#5514,#5522,#5524,.T.);
#5522 = VERTEX_POINT('',#5523);
#5523 = CARTESIAN_POINT('',(0.635,-1.4,0.));
#5524 = LINE('',#5525,#5526);
#5525 = CARTESIAN_POINT('',(0.535,-1.5,0.));
#5526 = VECTOR('',#5527,1.);
#5527 = DIRECTION('',(0.707106781187,0.707106781187,0.));
#5528 = ORIENTED_EDGE('',*,*,#5529,.T.);
#5529 = EDGE_CURVE('',#5522,#5530,#5532,.T.);
#5530 = VERTEX_POINT('',#5531);
#5531 = CARTESIAN_POINT('',(0.635,-0.6,0.));
#5532 = LINE('',#5533,#5534);
#5533 = CARTESIAN_POINT('',(0.635,-1.4,0.));
#5534 = VECTOR('',#5535,1.);
#5535 = DIRECTION('',(0.,1.,0.));
#5536 = ORIENTED_EDGE('',*,*,#5537,.T.);
#5537 = EDGE_CURVE('',#5530,#5538,#5540,.T.);
#5538 = VERTEX_POINT('',#5539);
#5539 = CARTESIAN_POINT('',(0.535,-0.5,0.));
#5540 = LINE('',#5541,#5542);
#5541 = CARTESIAN_POINT('',(0.635,-0.6,0.));
#5542 = VECTOR('',#5543,1.);
#5543 = DIRECTION('',(-0.707106781187,0.707106781187,0.));
#5544 = ORIENTED_EDGE('',*,*,#5545,.T.);
#5545 = EDGE_CURVE('',#5538,#5546,#5548,.T.);
#5546 = VERTEX_POINT('',#5547);
#5547 = CARTESIAN_POINT('',(0.635,-0.4,0.));
#5548 = LINE('',#5549,#5550);
#5549 = CARTESIAN_POINT('',(0.535,-0.5,0.));
#5550 = VECTOR('',#5551,1.);
#5551 = DIRECTION('',(0.707106781187,0.707106781187,0.));
#5552 = ORIENTED_EDGE('',*,*,#5553,.T.);
#5553 = EDGE_CURVE('',#5546,#5554,#5556,.T.);
#5554 = VERTEX_POINT('',#5555);
#5555 = CARTESIAN_POINT('',(0.635,0.4,0.));
#5556 = LINE('',#5557,#5558);
#5557 = CARTESIAN_POINT('',(0.635,-0.4,0.));
#5558 = VECTOR('',#5559,1.);
#5559 = DIRECTION('',(0.,1.,0.));
#5560 = ORIENTED_EDGE('',*,*,#5561,.T.);
#5561 = EDGE_CURVE('',#5554,#5322,#5562,.T.);
#5562 = LINE('',#5563,#5564);
#5563 = CARTESIAN_POINT('',(0.635,0.4,0.));
#5564 = VECTOR('',#5565,1.);
#5565 = DIRECTION('',(-0.707106781187,0.707106781187,0.));
#5566 = ORIENTED_EDGE('',*,*,#5338,.T.);
#5567 = FACE_BOUND('',#5568,.F.);
#5568 = EDGE_LOOP('',(#5569,#5579,#5587,#5595));
#5569 = ORIENTED_EDGE('',*,*,#5570,.F.);
#5570 = EDGE_CURVE('',#5571,#5573,#5575,.T.);
#5571 = VERTEX_POINT('',#5572);
#5572 = CARTESIAN_POINT('',(0.15,-1.85,0.));
#5573 = VERTEX_POINT('',#5574);
#5574 = CARTESIAN_POINT('',(-0.15,-1.85,0.));
#5575 = LINE('',#5576,#5577);
#5576 = CARTESIAN_POINT('',(-7.5E-02,-1.85,0.));
#5577 = VECTOR('',#5578,1.);
#5578 = DIRECTION('',(-1.,0.,0.));
#5579 = ORIENTED_EDGE('',*,*,#5580,.F.);
#5580 = EDGE_CURVE('',#5581,#5571,#5583,.T.);
#5581 = VERTEX_POINT('',#5582);
#5582 = CARTESIAN_POINT('',(0.15,-2.15,0.));
#5583 = LINE('',#5584,#5585);
#5584 = CARTESIAN_POINT('',(0.15,-1.825,0.));
#5585 = VECTOR('',#5586,1.);
#5586 = DIRECTION('',(0.,1.,0.));
#5587 = ORIENTED_EDGE('',*,*,#5588,.T.);
#5588 = EDGE_CURVE('',#5581,#5589,#5591,.T.);
#5589 = VERTEX_POINT('',#5590);
#5590 = CARTESIAN_POINT('',(-0.15,-2.15,0.));
#5591 = LINE('',#5592,#5593);
#5592 = CARTESIAN_POINT('',(-7.5E-02,-2.15,0.));
#5593 = VECTOR('',#5594,1.);
#5594 = DIRECTION('',(-1.,0.,0.));
#5595 = ORIENTED_EDGE('',*,*,#5596,.T.);
#5596 = EDGE_CURVE('',#5589,#5573,#5597,.T.);
#5597 = LINE('',#5598,#5599);
#5598 = CARTESIAN_POINT('',(-0.15,-1.825,0.));
#5599 = VECTOR('',#5600,1.);
#5600 = DIRECTION('',(0.,1.,0.));
#5601 = FACE_BOUND('',#5602,.F.);
#5602 = EDGE_LOOP('',(#5603,#5613,#5621,#5629));
#5603 = ORIENTED_EDGE('',*,*,#5604,.F.);
#5604 = EDGE_CURVE('',#5605,#5607,#5609,.T.);
#5605 = VERTEX_POINT('',#5606);
#5606 = CARTESIAN_POINT('',(0.15,-3.15,0.));
#5607 = VERTEX_POINT('',#5608);
#5608 = CARTESIAN_POINT('',(0.15,-2.85,0.));
#5609 = LINE('',#5610,#5611);
#5610 = CARTESIAN_POINT('',(0.15,-2.325,0.));
#5611 = VECTOR('',#5612,1.);
#5612 = DIRECTION('',(0.,1.,0.));
#5613 = ORIENTED_EDGE('',*,*,#5614,.T.);
#5614 = EDGE_CURVE('',#5605,#5615,#5617,.T.);
#5615 = VERTEX_POINT('',#5616);
#5616 = CARTESIAN_POINT('',(-0.15,-3.15,0.));
#5617 = LINE('',#5618,#5619);
#5618 = CARTESIAN_POINT('',(-7.5E-02,-3.15,0.));
#5619 = VECTOR('',#5620,1.);
#5620 = DIRECTION('',(-1.,0.,0.));
#5621 = ORIENTED_EDGE('',*,*,#5622,.T.);
#5622 = EDGE_CURVE('',#5615,#5623,#5625,.T.);
#5623 = VERTEX_POINT('',#5624);
#5624 = CARTESIAN_POINT('',(-0.15,-2.85,0.));
#5625 = LINE('',#5626,#5627);
#5626 = CARTESIAN_POINT('',(-0.15,-2.325,0.));
#5627 = VECTOR('',#5628,1.);
#5628 = DIRECTION('',(0.,1.,0.));
#5629 = ORIENTED_EDGE('',*,*,#5630,.F.);
#5630 = EDGE_CURVE('',#5607,#5623,#5631,.T.);
#5631 = LINE('',#5632,#5633);
#5632 = CARTESIAN_POINT('',(-7.5E-02,-2.85,0.));
#5633 = VECTOR('',#5634,1.);
#5634 = DIRECTION('',(-1.,0.,0.));
#5635 = FACE_BOUND('',#5636,.F.);
#5636 = EDGE_LOOP('',(#5637,#5647,#5655,#5663));
#5637 = ORIENTED_EDGE('',*,*,#5638,.F.);
#5638 = EDGE_CURVE('',#5639,#5641,#5643,.T.);
#5639 = VERTEX_POINT('',#5640);
#5640 = CARTESIAN_POINT('',(0.15,-0.15,0.));
#5641 = VERTEX_POINT('',#5642);
#5642 = CARTESIAN_POINT('',(0.15,0.15,0.));
#5643 = LINE('',#5644,#5645);
#5644 = CARTESIAN_POINT('',(0.15,-0.825,0.));
#5645 = VECTOR('',#5646,1.);
#5646 = DIRECTION('',(0.,1.,0.));
#5647 = ORIENTED_EDGE('',*,*,#5648,.T.);
#5648 = EDGE_CURVE('',#5639,#5649,#5651,.T.);
#5649 = VERTEX_POINT('',#5650);
#5650 = CARTESIAN_POINT('',(-0.15,-0.15,0.));
#5651 = LINE('',#5652,#5653);
#5652 = CARTESIAN_POINT('',(-7.5E-02,-0.15,0.));
#5653 = VECTOR('',#5654,1.);
#5654 = DIRECTION('',(-1.,0.,0.));
#5655 = ORIENTED_EDGE('',*,*,#5656,.T.);
#5656 = EDGE_CURVE('',#5649,#5657,#5659,.T.);
#5657 = VERTEX_POINT('',#5658);
#5658 = CARTESIAN_POINT('',(-0.15,0.15,0.));
#5659 = LINE('',#5660,#5661);
#5660 = CARTESIAN_POINT('',(-0.15,-0.825,0.));
#5661 = VECTOR('',#5662,1.);
#5662 = DIRECTION('',(0.,1.,0.));
#5663 = ORIENTED_EDGE('',*,*,#5664,.F.);
#5664 = EDGE_CURVE('',#5641,#5657,#5665,.T.);
#5665 = LINE('',#5666,#5667);
#5666 = CARTESIAN_POINT('',(-7.5E-02,0.15,0.));
#5667 = VECTOR('',#5668,1.);
#5668 = DIRECTION('',(-1.,0.,0.));
#5669 = FACE_BOUND('',#5670,.F.);
#5670 = EDGE_LOOP('',(#5671,#5681,#5689,#5697));
#5671 = ORIENTED_EDGE('',*,*,#5672,.F.);
#5672 = EDGE_CURVE('',#5673,#5675,#5677,.T.);
#5673 = VERTEX_POINT('',#5674);
#5674 = CARTESIAN_POINT('',(0.15,-0.85,0.));
#5675 = VERTEX_POINT('',#5676);
#5676 = CARTESIAN_POINT('',(-0.15,-0.85,0.));
#5677 = LINE('',#5678,#5679);
#5678 = CARTESIAN_POINT('',(-7.5E-02,-0.85,0.));
#5679 = VECTOR('',#5680,1.);
#5680 = DIRECTION('',(-1.,0.,0.));
#5681 = ORIENTED_EDGE('',*,*,#5682,.F.);
#5682 = EDGE_CURVE('',#5683,#5673,#5685,.T.);
#5683 = VERTEX_POINT('',#5684);
#5684 = CARTESIAN_POINT('',(0.15,-1.15,0.));
#5685 = LINE('',#5686,#5687);
#5686 = CARTESIAN_POINT('',(0.15,-1.325,0.));
#5687 = VECTOR('',#5688,1.);
#5688 = DIRECTION('',(0.,1.,0.));
#5689 = ORIENTED_EDGE('',*,*,#5690,.T.);
#5690 = EDGE_CURVE('',#5683,#5691,#5693,.T.);
#5691 = VERTEX_POINT('',#5692);
#5692 = CARTESIAN_POINT('',(-0.15,-1.15,0.));
#5693 = LINE('',#5694,#5695);
#5694 = CARTESIAN_POINT('',(-7.5E-02,-1.15,0.));
#5695 = VECTOR('',#5696,1.);
#5696 = DIRECTION('',(-1.,0.,0.));
#5697 = ORIENTED_EDGE('',*,*,#5698,.T.);
#5698 = EDGE_CURVE('',#5691,#5675,#5699,.T.);
#5699 = LINE('',#5700,#5701);
#5700 = CARTESIAN_POINT('',(-0.15,-1.325,0.));
#5701 = VECTOR('',#5702,1.);
#5702 = DIRECTION('',(0.,1.,0.));
#5703 = PLANE('',#5704);
#5704 = AXIS2_PLACEMENT_3D('',#5705,#5706,#5707);
#5705 = CARTESIAN_POINT('',(-4.624755223859E-17,-1.5,0.));
#5706 = DIRECTION('',(0.,0.,1.));
#5707 = DIRECTION('',(1.,0.,-0.));
#5708 = ADVANCED_FACE('',(#5709,#5896,#5930,#5964,#5998),#6032,.T.);
#5709 = FACE_BOUND('',#5710,.T.);
#5710 = EDGE_LOOP('',(#5711,#5712,#5713,#5721,#5729,#5737,#5745,#5753,
    #5761,#5769,#5777,#5785,#5793,#5801,#5809,#5817,#5825,#5833,#5841,
    #5849,#5857,#5865,#5873,#5881,#5889,#5895));
#5711 = ORIENTED_EDGE('',*,*,#5291,.T.);
#5712 = ORIENTED_EDGE('',*,*,#5353,.T.);
#5713 = ORIENTED_EDGE('',*,*,#5714,.T.);
#5714 = EDGE_CURVE('',#5354,#5715,#5717,.T.);
#5715 = VERTEX_POINT('',#5716);
#5716 = CARTESIAN_POINT('',(-0.535,-0.5,1.));
#5717 = LINE('',#5718,#5719);
#5718 = CARTESIAN_POINT('',(-0.635,-0.4,1.));
#5719 = VECTOR('',#5720,1.);
#5720 = DIRECTION('',(0.707106781187,-0.707106781187,0.));
#5721 = ORIENTED_EDGE('',*,*,#5722,.T.);
#5722 = EDGE_CURVE('',#5715,#5723,#5725,.T.);
#5723 = VERTEX_POINT('',#5724);
#5724 = CARTESIAN_POINT('',(-0.635,-0.6,1.));
#5725 = LINE('',#5726,#5727);
#5726 = CARTESIAN_POINT('',(-0.535,-0.5,1.));
#5727 = VECTOR('',#5728,1.);
#5728 = DIRECTION('',(-0.707106781187,-0.707106781187,0.));
#5729 = ORIENTED_EDGE('',*,*,#5730,.T.);
#5730 = EDGE_CURVE('',#5723,#5731,#5733,.T.);
#5731 = VERTEX_POINT('',#5732);
#5732 = CARTESIAN_POINT('',(-0.635,-1.4,1.));
#5733 = LINE('',#5734,#5735);
#5734 = CARTESIAN_POINT('',(-0.635,-0.6,1.));
#5735 = VECTOR('',#5736,1.);
#5736 = DIRECTION('',(0.,-1.,0.));
#5737 = ORIENTED_EDGE('',*,*,#5738,.T.);
#5738 = EDGE_CURVE('',#5731,#5739,#5741,.T.);
#5739 = VERTEX_POINT('',#5740);
#5740 = CARTESIAN_POINT('',(-0.535,-1.5,1.));
#5741 = LINE('',#5742,#5743);
#5742 = CARTESIAN_POINT('',(-0.635,-1.4,1.));
#5743 = VECTOR('',#5744,1.);
#5744 = DIRECTION('',(0.707106781187,-0.707106781187,0.));
#5745 = ORIENTED_EDGE('',*,*,#5746,.T.);
#5746 = EDGE_CURVE('',#5739,#5747,#5749,.T.);
#5747 = VERTEX_POINT('',#5748);
#5748 = CARTESIAN_POINT('',(-0.635,-1.6,1.));
#5749 = LINE('',#5750,#5751);
#5750 = CARTESIAN_POINT('',(-0.535,-1.5,1.));
#5751 = VECTOR('',#5752,1.);
#5752 = DIRECTION('',(-0.707106781187,-0.707106781187,0.));
#5753 = ORIENTED_EDGE('',*,*,#5754,.T.);
#5754 = EDGE_CURVE('',#5747,#5755,#5757,.T.);
#5755 = VERTEX_POINT('',#5756);
#5756 = CARTESIAN_POINT('',(-0.635,-2.4,1.));
#5757 = LINE('',#5758,#5759);
#5758 = CARTESIAN_POINT('',(-0.635,-1.6,1.));
#5759 = VECTOR('',#5760,1.);
#5760 = DIRECTION('',(0.,-1.,0.));
#5761 = ORIENTED_EDGE('',*,*,#5762,.T.);
#5762 = EDGE_CURVE('',#5755,#5763,#5765,.T.);
#5763 = VERTEX_POINT('',#5764);
#5764 = CARTESIAN_POINT('',(-0.535,-2.5,1.));
#5765 = LINE('',#5766,#5767);
#5766 = CARTESIAN_POINT('',(-0.635,-2.4,1.));
#5767 = VECTOR('',#5768,1.);
#5768 = DIRECTION('',(0.707106781187,-0.707106781187,0.));
#5769 = ORIENTED_EDGE('',*,*,#5770,.T.);
#5770 = EDGE_CURVE('',#5763,#5771,#5773,.T.);
#5771 = VERTEX_POINT('',#5772);
#5772 = CARTESIAN_POINT('',(-0.635,-2.6,1.));
#5773 = LINE('',#5774,#5775);
#5774 = CARTESIAN_POINT('',(-0.535,-2.5,1.));
#5775 = VECTOR('',#5776,1.);
#5776 = DIRECTION('',(-0.707106781187,-0.707106781187,0.));
#5777 = ORIENTED_EDGE('',*,*,#5778,.T.);
#5778 = EDGE_CURVE('',#5771,#5779,#5781,.T.);
#5779 = VERTEX_POINT('',#5780);
#5780 = CARTESIAN_POINT('',(-0.635,-3.4,1.));
#5781 = LINE('',#5782,#5783);
#5782 = CARTESIAN_POINT('',(-0.635,-2.6,1.));
#5783 = VECTOR('',#5784,1.);
#5784 = DIRECTION('',(0.,-1.,0.));
#5785 = ORIENTED_EDGE('',*,*,#5786,.T.);
#5786 = EDGE_CURVE('',#5779,#5787,#5789,.T.);
#5787 = VERTEX_POINT('',#5788);
#5788 = CARTESIAN_POINT('',(-0.535,-3.5,1.));
#5789 = LINE('',#5790,#5791);
#5790 = CARTESIAN_POINT('',(-0.635,-3.4,1.));
#5791 = VECTOR('',#5792,1.);
#5792 = DIRECTION('',(0.707106781187,-0.707106781187,0.));
#5793 = ORIENTED_EDGE('',*,*,#5794,.T.);
#5794 = EDGE_CURVE('',#5787,#5795,#5797,.T.);
#5795 = VERTEX_POINT('',#5796);
#5796 = CARTESIAN_POINT('',(0.535,-3.5,1.));
#5797 = LINE('',#5798,#5799);
#5798 = CARTESIAN_POINT('',(-0.535,-3.5,1.));
#5799 = VECTOR('',#5800,1.);
#5800 = DIRECTION('',(1.,0.,0.));
#5801 = ORIENTED_EDGE('',*,*,#5802,.T.);
#5802 = EDGE_CURVE('',#5795,#5803,#5805,.T.);
#5803 = VERTEX_POINT('',#5804);
#5804 = CARTESIAN_POINT('',(0.635,-3.4,1.));
#5805 = LINE('',#5806,#5807);
#5806 = CARTESIAN_POINT('',(0.535,-3.5,1.));
#5807 = VECTOR('',#5808,1.);
#5808 = DIRECTION('',(0.707106781187,0.707106781187,0.));
#5809 = ORIENTED_EDGE('',*,*,#5810,.T.);
#5810 = EDGE_CURVE('',#5803,#5811,#5813,.T.);
#5811 = VERTEX_POINT('',#5812);
#5812 = CARTESIAN_POINT('',(0.635,-2.6,1.));
#5813 = LINE('',#5814,#5815);
#5814 = CARTESIAN_POINT('',(0.635,-3.4,1.));
#5815 = VECTOR('',#5816,1.);
#5816 = DIRECTION('',(0.,1.,0.));
#5817 = ORIENTED_EDGE('',*,*,#5818,.T.);
#5818 = EDGE_CURVE('',#5811,#5819,#5821,.T.);
#5819 = VERTEX_POINT('',#5820);
#5820 = CARTESIAN_POINT('',(0.535,-2.5,1.));
#5821 = LINE('',#5822,#5823);
#5822 = CARTESIAN_POINT('',(0.635,-2.6,1.));
#5823 = VECTOR('',#5824,1.);
#5824 = DIRECTION('',(-0.707106781187,0.707106781187,0.));
#5825 = ORIENTED_EDGE('',*,*,#5826,.T.);
#5826 = EDGE_CURVE('',#5819,#5827,#5829,.T.);
#5827 = VERTEX_POINT('',#5828);
#5828 = CARTESIAN_POINT('',(0.635,-2.4,1.));
#5829 = LINE('',#5830,#5831);
#5830 = CARTESIAN_POINT('',(0.535,-2.5,1.));
#5831 = VECTOR('',#5832,1.);
#5832 = DIRECTION('',(0.707106781187,0.707106781187,0.));
#5833 = ORIENTED_EDGE('',*,*,#5834,.T.);
#5834 = EDGE_CURVE('',#5827,#5835,#5837,.T.);
#5835 = VERTEX_POINT('',#5836);
#5836 = CARTESIAN_POINT('',(0.635,-1.6,1.));
#5837 = LINE('',#5838,#5839);
#5838 = CARTESIAN_POINT('',(0.635,-2.4,1.));
#5839 = VECTOR('',#5840,1.);
#5840 = DIRECTION('',(0.,1.,0.));
#5841 = ORIENTED_EDGE('',*,*,#5842,.T.);
#5842 = EDGE_CURVE('',#5835,#5843,#5845,.T.);
#5843 = VERTEX_POINT('',#5844);
#5844 = CARTESIAN_POINT('',(0.535,-1.5,1.));
#5845 = LINE('',#5846,#5847);
#5846 = CARTESIAN_POINT('',(0.635,-1.6,1.));
#5847 = VECTOR('',#5848,1.);
#5848 = DIRECTION('',(-0.707106781187,0.707106781187,0.));
#5849 = ORIENTED_EDGE('',*,*,#5850,.T.);
#5850 = EDGE_CURVE('',#5843,#5851,#5853,.T.);
#5851 = VERTEX_POINT('',#5852);
#5852 = CARTESIAN_POINT('',(0.635,-1.4,1.));
#5853 = LINE('',#5854,#5855);
#5854 = CARTESIAN_POINT('',(0.535,-1.5,1.));
#5855 = VECTOR('',#5856,1.);
#5856 = DIRECTION('',(0.707106781187,0.707106781187,0.));
#5857 = ORIENTED_EDGE('',*,*,#5858,.T.);
#5858 = EDGE_CURVE('',#5851,#5859,#5861,.T.);
#5859 = VERTEX_POINT('',#5860);
#5860 = CARTESIAN_POINT('',(0.635,-0.6,1.));
#5861 = LINE('',#5862,#5863);
#5862 = CARTESIAN_POINT('',(0.635,-1.4,1.));
#5863 = VECTOR('',#5864,1.);
#5864 = DIRECTION('',(0.,1.,0.));
#5865 = ORIENTED_EDGE('',*,*,#5866,.T.);
#5866 = EDGE_CURVE('',#5859,#5867,#5869,.T.);
#5867 = VERTEX_POINT('',#5868);
#5868 = CARTESIAN_POINT('',(0.535,-0.5,1.));
#5869 = LINE('',#5870,#5871);
#5870 = CARTESIAN_POINT('',(0.635,-0.6,1.));
#5871 = VECTOR('',#5872,1.);
#5872 = DIRECTION('',(-0.707106781187,0.707106781187,0.));
#5873 = ORIENTED_EDGE('',*,*,#5874,.T.);
#5874 = EDGE_CURVE('',#5867,#5875,#5877,.T.);
#5875 = VERTEX_POINT('',#5876);
#5876 = CARTESIAN_POINT('',(0.635,-0.4,1.));
#5877 = LINE('',#5878,#5879);
#5878 = CARTESIAN_POINT('',(0.535,-0.5,1.));
#5879 = VECTOR('',#5880,1.);
#5880 = DIRECTION('',(0.707106781187,0.707106781187,0.));
#5881 = ORIENTED_EDGE('',*,*,#5882,.T.);
#5882 = EDGE_CURVE('',#5875,#5883,#5885,.T.);
#5883 = VERTEX_POINT('',#5884);
#5884 = CARTESIAN_POINT('',(0.635,0.4,1.));
#5885 = LINE('',#5886,#5887);
#5886 = CARTESIAN_POINT('',(0.635,-0.4,1.));
#5887 = VECTOR('',#5888,1.);
#5888 = DIRECTION('',(0.,1.,0.));
#5889 = ORIENTED_EDGE('',*,*,#5890,.T.);
#5890 = EDGE_CURVE('',#5883,#5324,#5891,.T.);
#5891 = LINE('',#5892,#5893);
#5892 = CARTESIAN_POINT('',(0.635,0.4,1.));
#5893 = VECTOR('',#5894,1.);
#5894 = DIRECTION('',(-0.707106781187,0.707106781187,0.));
#5895 = ORIENTED_EDGE('',*,*,#5331,.T.);
#5896 = FACE_BOUND('',#5897,.T.);
#5897 = EDGE_LOOP('',(#5898,#5908,#5916,#5924));
#5898 = ORIENTED_EDGE('',*,*,#5899,.F.);
#5899 = EDGE_CURVE('',#5900,#5902,#5904,.T.);
#5900 = VERTEX_POINT('',#5901);
#5901 = CARTESIAN_POINT('',(0.15,-1.85,1.));
#5902 = VERTEX_POINT('',#5903);
#5903 = CARTESIAN_POINT('',(-0.15,-1.85,1.));
#5904 = LINE('',#5905,#5906);
#5905 = CARTESIAN_POINT('',(-7.5E-02,-1.85,1.));
#5906 = VECTOR('',#5907,1.);
#5907 = DIRECTION('',(-1.,0.,0.));
#5908 = ORIENTED_EDGE('',*,*,#5909,.F.);
#5909 = EDGE_CURVE('',#5910,#5900,#5912,.T.);
#5910 = VERTEX_POINT('',#5911);
#5911 = CARTESIAN_POINT('',(0.15,-2.15,1.));
#5912 = LINE('',#5913,#5914);
#5913 = CARTESIAN_POINT('',(0.15,-1.825,1.));
#5914 = VECTOR('',#5915,1.);
#5915 = DIRECTION('',(0.,1.,0.));
#5916 = ORIENTED_EDGE('',*,*,#5917,.T.);
#5917 = EDGE_CURVE('',#5910,#5918,#5920,.T.);
#5918 = VERTEX_POINT('',#5919);
#5919 = CARTESIAN_POINT('',(-0.15,-2.15,1.));
#5920 = LINE('',#5921,#5922);
#5921 = CARTESIAN_POINT('',(-7.5E-02,-2.15,1.));
#5922 = VECTOR('',#5923,1.);
#5923 = DIRECTION('',(-1.,0.,0.));
#5924 = ORIENTED_EDGE('',*,*,#5925,.T.);
#5925 = EDGE_CURVE('',#5918,#5902,#5926,.T.);
#5926 = LINE('',#5927,#5928);
#5927 = CARTESIAN_POINT('',(-0.15,-1.825,1.));
#5928 = VECTOR('',#5929,1.);
#5929 = DIRECTION('',(0.,1.,0.));
#5930 = FACE_BOUND('',#5931,.T.);
#5931 = EDGE_LOOP('',(#5932,#5942,#5950,#5958));
#5932 = ORIENTED_EDGE('',*,*,#5933,.F.);
#5933 = EDGE_CURVE('',#5934,#5936,#5938,.T.);
#5934 = VERTEX_POINT('',#5935);
#5935 = CARTESIAN_POINT('',(0.15,-3.15,1.));
#5936 = VERTEX_POINT('',#5937);
#5937 = CARTESIAN_POINT('',(0.15,-2.85,1.));
#5938 = LINE('',#5939,#5940);
#5939 = CARTESIAN_POINT('',(0.15,-2.325,1.));
#5940 = VECTOR('',#5941,1.);
#5941 = DIRECTION('',(0.,1.,0.));
#5942 = ORIENTED_EDGE('',*,*,#5943,.T.);
#5943 = EDGE_CURVE('',#5934,#5944,#5946,.T.);
#5944 = VERTEX_POINT('',#5945);
#5945 = CARTESIAN_POINT('',(-0.15,-3.15,1.));
#5946 = LINE('',#5947,#5948);
#5947 = CARTESIAN_POINT('',(-7.5E-02,-3.15,1.));
#5948 = VECTOR('',#5949,1.);
#5949 = DIRECTION('',(-1.,0.,0.));
#5950 = ORIENTED_EDGE('',*,*,#5951,.T.);
#5951 = EDGE_CURVE('',#5944,#5952,#5954,.T.);
#5952 = VERTEX_POINT('',#5953);
#5953 = CARTESIAN_POINT('',(-0.15,-2.85,1.));
#5954 = LINE('',#5955,#5956);
#5955 = CARTESIAN_POINT('',(-0.15,-2.325,1.));
#5956 = VECTOR('',#5957,1.);
#5957 = DIRECTION('',(0.,1.,0.));
#5958 = ORIENTED_EDGE('',*,*,#5959,.F.);
#5959 = EDGE_CURVE('',#5936,#5952,#5960,.T.);
#5960 = LINE('',#5961,#5962);
#5961 = CARTESIAN_POINT('',(-7.5E-02,-2.85,1.));
#5962 = VECTOR('',#5963,1.);
#5963 = DIRECTION('',(-1.,0.,0.));
#5964 = FACE_BOUND('',#5965,.T.);
#5965 = EDGE_LOOP('',(#5966,#5976,#5984,#5992));
#5966 = ORIENTED_EDGE('',*,*,#5967,.F.);
#5967 = EDGE_CURVE('',#5968,#5970,#5972,.T.);
#5968 = VERTEX_POINT('',#5969);
#5969 = CARTESIAN_POINT('',(0.15,-0.15,1.));
#5970 = VERTEX_POINT('',#5971);
#5971 = CARTESIAN_POINT('',(0.15,0.15,1.));
#5972 = LINE('',#5973,#5974);
#5973 = CARTESIAN_POINT('',(0.15,-0.825,1.));
#5974 = VECTOR('',#5975,1.);
#5975 = DIRECTION('',(0.,1.,0.));
#5976 = ORIENTED_EDGE('',*,*,#5977,.T.);
#5977 = EDGE_CURVE('',#5968,#5978,#5980,.T.);
#5978 = VERTEX_POINT('',#5979);
#5979 = CARTESIAN_POINT('',(-0.15,-0.15,1.));
#5980 = LINE('',#5981,#5982);
#5981 = CARTESIAN_POINT('',(-7.5E-02,-0.15,1.));
#5982 = VECTOR('',#5983,1.);
#5983 = DIRECTION('',(-1.,0.,0.));
#5984 = ORIENTED_EDGE('',*,*,#5985,.T.);
#5985 = EDGE_CURVE('',#5978,#5986,#5988,.T.);
#5986 = VERTEX_POINT('',#5987);
#5987 = CARTESIAN_POINT('',(-0.15,0.15,1.));
#5988 = LINE('',#5989,#5990);
#5989 = CARTESIAN_POINT('',(-0.15,-0.825,1.));
#5990 = VECTOR('',#5991,1.);
#5991 = DIRECTION('',(0.,1.,0.));
#5992 = ORIENTED_EDGE('',*,*,#5993,.F.);
#5993 = EDGE_CURVE('',#5970,#5986,#5994,.T.);
#5994 = LINE('',#5995,#5996);
#5995 = CARTESIAN_POINT('',(-7.5E-02,0.15,1.));
#5996 = VECTOR('',#5997,1.);
#5997 = DIRECTION('',(-1.,0.,0.));
#5998 = FACE_BOUND('',#5999,.T.);
#5999 = EDGE_LOOP('',(#6000,#6010,#6018,#6026));
#6000 = ORIENTED_EDGE('',*,*,#6001,.F.);
#6001 = EDGE_CURVE('',#6002,#6004,#6006,.T.);
#6002 = VERTEX_POINT('',#6003);
#6003 = CARTESIAN_POINT('',(0.15,-0.85,1.));
#6004 = VERTEX_POINT('',#6005);
#6005 = CARTESIAN_POINT('',(-0.15,-0.85,1.));
#6006 = LINE('',#6007,#6008);
#6007 = CARTESIAN_POINT('',(-7.5E-02,-0.85,1.));
#6008 = VECTOR('',#6009,1.);
#6009 = DIRECTION('',(-1.,0.,0.));
#6010 = ORIENTED_EDGE('',*,*,#6011,.F.);
#6011 = EDGE_CURVE('',#6012,#6002,#6014,.T.);
#6012 = VERTEX_POINT('',#6013);
#6013 = CARTESIAN_POINT('',(0.15,-1.15,1.));
#6014 = LINE('',#6015,#6016);
#6015 = CARTESIAN_POINT('',(0.15,-1.325,1.));
#6016 = VECTOR('',#6017,1.);
#6017 = DIRECTION('',(0.,1.,0.));
#6018 = ORIENTED_EDGE('',*,*,#6019,.T.);
#6019 = EDGE_CURVE('',#6012,#6020,#6022,.T.);
#6020 = VERTEX_POINT('',#6021);
#6021 = CARTESIAN_POINT('',(-0.15,-1.15,1.));
#6022 = LINE('',#6023,#6024);
#6023 = CARTESIAN_POINT('',(-7.5E-02,-1.15,1.));
#6024 = VECTOR('',#6025,1.);
#6025 = DIRECTION('',(-1.,0.,0.));
#6026 = ORIENTED_EDGE('',*,*,#6027,.T.);
#6027 = EDGE_CURVE('',#6020,#6004,#6028,.T.);
#6028 = LINE('',#6029,#6030);
#6029 = CARTESIAN_POINT('',(-0.15,-1.325,1.));
#6030 = VECTOR('',#6031,1.);
#6031 = DIRECTION('',(0.,1.,0.));
#6032 = PLANE('',#6033);
#6033 = AXIS2_PLACEMENT_3D('',#6034,#6035,#6036);
#6034 = CARTESIAN_POINT('',(-4.624755223859E-17,-1.5,1.));
#6035 = DIRECTION('',(0.,0.,1.));
#6036 = DIRECTION('',(1.,0.,-0.));
#6037 = ADVANCED_FACE('',(#6038),#6049,.F.);
#6038 = FACE_BOUND('',#6039,.F.);
#6039 = EDGE_LOOP('',(#6040,#6046,#6047,#6048));
#6040 = ORIENTED_EDGE('',*,*,#6041,.T.);
#6041 = EDGE_CURVE('',#5554,#5883,#6042,.T.);
#6042 = LINE('',#6043,#6044);
#6043 = CARTESIAN_POINT('',(0.635,0.4,0.));
#6044 = VECTOR('',#6045,1.);
#6045 = DIRECTION('',(0.,0.,1.));
#6046 = ORIENTED_EDGE('',*,*,#5890,.T.);
#6047 = ORIENTED_EDGE('',*,*,#5321,.F.);
#6048 = ORIENTED_EDGE('',*,*,#5561,.F.);
#6049 = PLANE('',#6050);
#6050 = AXIS2_PLACEMENT_3D('',#6051,#6052,#6053);
#6051 = CARTESIAN_POINT('',(0.635,0.4,0.));
#6052 = DIRECTION('',(-0.707106781187,-0.707106781187,0.));
#6053 = DIRECTION('',(-0.707106781187,0.707106781187,0.));
#6054 = ADVANCED_FACE('',(#6055),#6066,.F.);
#6055 = FACE_BOUND('',#6056,.F.);
#6056 = EDGE_LOOP('',(#6057,#6058,#6059,#6065));
#6057 = ORIENTED_EDGE('',*,*,#5361,.T.);
#6058 = ORIENTED_EDGE('',*,*,#5714,.T.);
#6059 = ORIENTED_EDGE('',*,*,#6060,.F.);
#6060 = EDGE_CURVE('',#5386,#5715,#6061,.T.);
#6061 = LINE('',#6062,#6063);
#6062 = CARTESIAN_POINT('',(-0.535,-0.5,0.));
#6063 = VECTOR('',#6064,1.);
#6064 = DIRECTION('',(0.,0.,1.));
#6065 = ORIENTED_EDGE('',*,*,#5385,.F.);
#6066 = PLANE('',#6067);
#6067 = AXIS2_PLACEMENT_3D('',#6068,#6069,#6070);
#6068 = CARTESIAN_POINT('',(-0.635,-0.4,0.));
#6069 = DIRECTION('',(0.707106781187,0.707106781187,0.));
#6070 = DIRECTION('',(0.707106781187,-0.707106781187,0.));
#6071 = ADVANCED_FACE('',(#6072),#6083,.F.);
#6072 = FACE_BOUND('',#6073,.F.);
#6073 = EDGE_LOOP('',(#6074,#6080,#6081,#6082));
#6074 = ORIENTED_EDGE('',*,*,#6075,.T.);
#6075 = EDGE_CURVE('',#5546,#5875,#6076,.T.);
#6076 = LINE('',#6077,#6078);
#6077 = CARTESIAN_POINT('',(0.635,-0.4,0.));
#6078 = VECTOR('',#6079,1.);
#6079 = DIRECTION('',(0.,0.,1.));
#6080 = ORIENTED_EDGE('',*,*,#5882,.T.);
#6081 = ORIENTED_EDGE('',*,*,#6041,.F.);
#6082 = ORIENTED_EDGE('',*,*,#5553,.F.);
#6083 = PLANE('',#6084);
#6084 = AXIS2_PLACEMENT_3D('',#6085,#6086,#6087);
#6085 = CARTESIAN_POINT('',(0.635,-0.4,0.));
#6086 = DIRECTION('',(-1.,0.,0.));
#6087 = DIRECTION('',(0.,1.,0.));
#6088 = ADVANCED_FACE('',(#6089),#6100,.F.);
#6089 = FACE_BOUND('',#6090,.F.);
#6090 = EDGE_LOOP('',(#6091,#6092,#6093,#6099));
#6091 = ORIENTED_EDGE('',*,*,#6060,.T.);
#6092 = ORIENTED_EDGE('',*,*,#5722,.T.);
#6093 = ORIENTED_EDGE('',*,*,#6094,.F.);
#6094 = EDGE_CURVE('',#5394,#5723,#6095,.T.);
#6095 = LINE('',#6096,#6097);
#6096 = CARTESIAN_POINT('',(-0.635,-0.6,0.));
#6097 = VECTOR('',#6098,1.);
#6098 = DIRECTION('',(0.,0.,1.));
#6099 = ORIENTED_EDGE('',*,*,#5393,.F.);
#6100 = PLANE('',#6101);
#6101 = AXIS2_PLACEMENT_3D('',#6102,#6103,#6104);
#6102 = CARTESIAN_POINT('',(-0.535,-0.5,0.));
#6103 = DIRECTION('',(0.707106781187,-0.707106781187,0.));
#6104 = DIRECTION('',(-0.707106781187,-0.707106781187,0.));
#6105 = ADVANCED_FACE('',(#6106),#6117,.F.);
#6106 = FACE_BOUND('',#6107,.F.);
#6107 = EDGE_LOOP('',(#6108,#6114,#6115,#6116));
#6108 = ORIENTED_EDGE('',*,*,#6109,.T.);
#6109 = EDGE_CURVE('',#5538,#5867,#6110,.T.);
#6110 = LINE('',#6111,#6112);
#6111 = CARTESIAN_POINT('',(0.535,-0.5,0.));
#6112 = VECTOR('',#6113,1.);
#6113 = DIRECTION('',(0.,0.,1.));
#6114 = ORIENTED_EDGE('',*,*,#5874,.T.);
#6115 = ORIENTED_EDGE('',*,*,#6075,.F.);
#6116 = ORIENTED_EDGE('',*,*,#5545,.F.);
#6117 = PLANE('',#6118);
#6118 = AXIS2_PLACEMENT_3D('',#6119,#6120,#6121);
#6119 = CARTESIAN_POINT('',(0.535,-0.5,0.));
#6120 = DIRECTION('',(-0.707106781187,0.707106781187,0.));
#6121 = DIRECTION('',(0.707106781187,0.707106781187,0.));
#6122 = ADVANCED_FACE('',(#6123),#6134,.F.);
#6123 = FACE_BOUND('',#6124,.F.);
#6124 = EDGE_LOOP('',(#6125,#6126,#6127,#6133));
#6125 = ORIENTED_EDGE('',*,*,#6094,.T.);
#6126 = ORIENTED_EDGE('',*,*,#5730,.T.);
#6127 = ORIENTED_EDGE('',*,*,#6128,.F.);
#6128 = EDGE_CURVE('',#5402,#5731,#6129,.T.);
#6129 = LINE('',#6130,#6131);
#6130 = CARTESIAN_POINT('',(-0.635,-1.4,0.));
#6131 = VECTOR('',#6132,1.);
#6132 = DIRECTION('',(0.,0.,1.));
#6133 = ORIENTED_EDGE('',*,*,#5401,.F.);
#6134 = PLANE('',#6135);
#6135 = AXIS2_PLACEMENT_3D('',#6136,#6137,#6138);
#6136 = CARTESIAN_POINT('',(-0.635,-0.6,0.));
#6137 = DIRECTION('',(1.,0.,0.));
#6138 = DIRECTION('',(0.,-1.,0.));
#6139 = ADVANCED_FACE('',(#6140),#6151,.F.);
#6140 = FACE_BOUND('',#6141,.F.);
#6141 = EDGE_LOOP('',(#6142,#6148,#6149,#6150));
#6142 = ORIENTED_EDGE('',*,*,#6143,.T.);
#6143 = EDGE_CURVE('',#5530,#5859,#6144,.T.);
#6144 = LINE('',#6145,#6146);
#6145 = CARTESIAN_POINT('',(0.635,-0.6,0.));
#6146 = VECTOR('',#6147,1.);
#6147 = DIRECTION('',(0.,0.,1.));
#6148 = ORIENTED_EDGE('',*,*,#5866,.T.);
#6149 = ORIENTED_EDGE('',*,*,#6109,.F.);
#6150 = ORIENTED_EDGE('',*,*,#5537,.F.);
#6151 = PLANE('',#6152);
#6152 = AXIS2_PLACEMENT_3D('',#6153,#6154,#6155);
#6153 = CARTESIAN_POINT('',(0.635,-0.6,0.));
#6154 = DIRECTION('',(-0.707106781187,-0.707106781187,0.));
#6155 = DIRECTION('',(-0.707106781187,0.707106781187,0.));
#6156 = ADVANCED_FACE('',(#6157),#6168,.F.);
#6157 = FACE_BOUND('',#6158,.F.);
#6158 = EDGE_LOOP('',(#6159,#6160,#6161,#6167));
#6159 = ORIENTED_EDGE('',*,*,#6128,.T.);
#6160 = ORIENTED_EDGE('',*,*,#5738,.T.);
#6161 = ORIENTED_EDGE('',*,*,#6162,.F.);
#6162 = EDGE_CURVE('',#5410,#5739,#6163,.T.);
#6163 = LINE('',#6164,#6165);
#6164 = CARTESIAN_POINT('',(-0.535,-1.5,0.));
#6165 = VECTOR('',#6166,1.);
#6166 = DIRECTION('',(0.,0.,1.));
#6167 = ORIENTED_EDGE('',*,*,#5409,.F.);
#6168 = PLANE('',#6169);
#6169 = AXIS2_PLACEMENT_3D('',#6170,#6171,#6172);
#6170 = CARTESIAN_POINT('',(-0.635,-1.4,0.));
#6171 = DIRECTION('',(0.707106781187,0.707106781187,0.));
#6172 = DIRECTION('',(0.707106781187,-0.707106781187,0.));
#6173 = ADVANCED_FACE('',(#6174),#6185,.F.);
#6174 = FACE_BOUND('',#6175,.F.);
#6175 = EDGE_LOOP('',(#6176,#6182,#6183,#6184));
#6176 = ORIENTED_EDGE('',*,*,#6177,.T.);
#6177 = EDGE_CURVE('',#5522,#5851,#6178,.T.);
#6178 = LINE('',#6179,#6180);
#6179 = CARTESIAN_POINT('',(0.635,-1.4,0.));
#6180 = VECTOR('',#6181,1.);
#6181 = DIRECTION('',(0.,0.,1.));
#6182 = ORIENTED_EDGE('',*,*,#5858,.T.);
#6183 = ORIENTED_EDGE('',*,*,#6143,.F.);
#6184 = ORIENTED_EDGE('',*,*,#5529,.F.);
#6185 = PLANE('',#6186);
#6186 = AXIS2_PLACEMENT_3D('',#6187,#6188,#6189);
#6187 = CARTESIAN_POINT('',(0.635,-1.4,0.));
#6188 = DIRECTION('',(-1.,0.,0.));
#6189 = DIRECTION('',(0.,1.,0.));
#6190 = ADVANCED_FACE('',(#6191),#6202,.F.);
#6191 = FACE_BOUND('',#6192,.F.);
#6192 = EDGE_LOOP('',(#6193,#6194,#6195,#6201));
#6193 = ORIENTED_EDGE('',*,*,#6162,.T.);
#6194 = ORIENTED_EDGE('',*,*,#5746,.T.);
#6195 = ORIENTED_EDGE('',*,*,#6196,.F.);
#6196 = EDGE_CURVE('',#5418,#5747,#6197,.T.);
#6197 = LINE('',#6198,#6199);
#6198 = CARTESIAN_POINT('',(-0.635,-1.6,0.));
#6199 = VECTOR('',#6200,1.);
#6200 = DIRECTION('',(0.,0.,1.));
#6201 = ORIENTED_EDGE('',*,*,#5417,.F.);
#6202 = PLANE('',#6203);
#6203 = AXIS2_PLACEMENT_3D('',#6204,#6205,#6206);
#6204 = CARTESIAN_POINT('',(-0.535,-1.5,0.));
#6205 = DIRECTION('',(0.707106781187,-0.707106781187,0.));
#6206 = DIRECTION('',(-0.707106781187,-0.707106781187,0.));
#6207 = ADVANCED_FACE('',(#6208),#6219,.F.);
#6208 = FACE_BOUND('',#6209,.F.);
#6209 = EDGE_LOOP('',(#6210,#6216,#6217,#6218));
#6210 = ORIENTED_EDGE('',*,*,#6211,.T.);
#6211 = EDGE_CURVE('',#5514,#5843,#6212,.T.);
#6212 = LINE('',#6213,#6214);
#6213 = CARTESIAN_POINT('',(0.535,-1.5,0.));
#6214 = VECTOR('',#6215,1.);
#6215 = DIRECTION('',(0.,0.,1.));
#6216 = ORIENTED_EDGE('',*,*,#5850,.T.);
#6217 = ORIENTED_EDGE('',*,*,#6177,.F.);
#6218 = ORIENTED_EDGE('',*,*,#5521,.F.);
#6219 = PLANE('',#6220);
#6220 = AXIS2_PLACEMENT_3D('',#6221,#6222,#6223);
#6221 = CARTESIAN_POINT('',(0.535,-1.5,0.));
#6222 = DIRECTION('',(-0.707106781187,0.707106781187,0.));
#6223 = DIRECTION('',(0.707106781187,0.707106781187,0.));
#6224 = ADVANCED_FACE('',(#6225),#6236,.F.);
#6225 = FACE_BOUND('',#6226,.F.);
#6226 = EDGE_LOOP('',(#6227,#6228,#6229,#6235));
#6227 = ORIENTED_EDGE('',*,*,#6196,.T.);
#6228 = ORIENTED_EDGE('',*,*,#5754,.T.);
#6229 = ORIENTED_EDGE('',*,*,#6230,.F.);
#6230 = EDGE_CURVE('',#5426,#5755,#6231,.T.);
#6231 = LINE('',#6232,#6233);
#6232 = CARTESIAN_POINT('',(-0.635,-2.4,0.));
#6233 = VECTOR('',#6234,1.);
#6234 = DIRECTION('',(0.,0.,1.));
#6235 = ORIENTED_EDGE('',*,*,#5425,.F.);
#6236 = PLANE('',#6237);
#6237 = AXIS2_PLACEMENT_3D('',#6238,#6239,#6240);
#6238 = CARTESIAN_POINT('',(-0.635,-1.6,0.));
#6239 = DIRECTION('',(1.,0.,0.));
#6240 = DIRECTION('',(0.,-1.,0.));
#6241 = ADVANCED_FACE('',(#6242),#6253,.F.);
#6242 = FACE_BOUND('',#6243,.F.);
#6243 = EDGE_LOOP('',(#6244,#6250,#6251,#6252));
#6244 = ORIENTED_EDGE('',*,*,#6245,.T.);
#6245 = EDGE_CURVE('',#5506,#5835,#6246,.T.);
#6246 = LINE('',#6247,#6248);
#6247 = CARTESIAN_POINT('',(0.635,-1.6,0.));
#6248 = VECTOR('',#6249,1.);
#6249 = DIRECTION('',(0.,0.,1.));
#6250 = ORIENTED_EDGE('',*,*,#5842,.T.);
#6251 = ORIENTED_EDGE('',*,*,#6211,.F.);
#6252 = ORIENTED_EDGE('',*,*,#5513,.F.);
#6253 = PLANE('',#6254);
#6254 = AXIS2_PLACEMENT_3D('',#6255,#6256,#6257);
#6255 = CARTESIAN_POINT('',(0.635,-1.6,0.));
#6256 = DIRECTION('',(-0.707106781187,-0.707106781187,0.));
#6257 = DIRECTION('',(-0.707106781187,0.707106781187,0.));
#6258 = ADVANCED_FACE('',(#6259),#6270,.F.);
#6259 = FACE_BOUND('',#6260,.F.);
#6260 = EDGE_LOOP('',(#6261,#6262,#6263,#6269));
#6261 = ORIENTED_EDGE('',*,*,#6230,.T.);
#6262 = ORIENTED_EDGE('',*,*,#5762,.T.);
#6263 = ORIENTED_EDGE('',*,*,#6264,.F.);
#6264 = EDGE_CURVE('',#5434,#5763,#6265,.T.);
#6265 = LINE('',#6266,#6267);
#6266 = CARTESIAN_POINT('',(-0.535,-2.5,0.));
#6267 = VECTOR('',#6268,1.);
#6268 = DIRECTION('',(0.,0.,1.));
#6269 = ORIENTED_EDGE('',*,*,#5433,.F.);
#6270 = PLANE('',#6271);
#6271 = AXIS2_PLACEMENT_3D('',#6272,#6273,#6274);
#6272 = CARTESIAN_POINT('',(-0.635,-2.4,0.));
#6273 = DIRECTION('',(0.707106781187,0.707106781187,0.));
#6274 = DIRECTION('',(0.707106781187,-0.707106781187,0.));
#6275 = ADVANCED_FACE('',(#6276),#6287,.F.);
#6276 = FACE_BOUND('',#6277,.F.);
#6277 = EDGE_LOOP('',(#6278,#6284,#6285,#6286));
#6278 = ORIENTED_EDGE('',*,*,#6279,.T.);
#6279 = EDGE_CURVE('',#5498,#5827,#6280,.T.);
#6280 = LINE('',#6281,#6282);
#6281 = CARTESIAN_POINT('',(0.635,-2.4,0.));
#6282 = VECTOR('',#6283,1.);
#6283 = DIRECTION('',(0.,0.,1.));
#6284 = ORIENTED_EDGE('',*,*,#5834,.T.);
#6285 = ORIENTED_EDGE('',*,*,#6245,.F.);
#6286 = ORIENTED_EDGE('',*,*,#5505,.F.);
#6287 = PLANE('',#6288);
#6288 = AXIS2_PLACEMENT_3D('',#6289,#6290,#6291);
#6289 = CARTESIAN_POINT('',(0.635,-2.4,0.));
#6290 = DIRECTION('',(-1.,0.,0.));
#6291 = DIRECTION('',(0.,1.,0.));
#6292 = ADVANCED_FACE('',(#6293),#6304,.F.);
#6293 = FACE_BOUND('',#6294,.F.);
#6294 = EDGE_LOOP('',(#6295,#6296,#6297,#6303));
#6295 = ORIENTED_EDGE('',*,*,#6264,.T.);
#6296 = ORIENTED_EDGE('',*,*,#5770,.T.);
#6297 = ORIENTED_EDGE('',*,*,#6298,.F.);
#6298 = EDGE_CURVE('',#5442,#5771,#6299,.T.);
#6299 = LINE('',#6300,#6301);
#6300 = CARTESIAN_POINT('',(-0.635,-2.6,0.));
#6301 = VECTOR('',#6302,1.);
#6302 = DIRECTION('',(0.,0.,1.));
#6303 = ORIENTED_EDGE('',*,*,#5441,.F.);
#6304 = PLANE('',#6305);
#6305 = AXIS2_PLACEMENT_3D('',#6306,#6307,#6308);
#6306 = CARTESIAN_POINT('',(-0.535,-2.5,0.));
#6307 = DIRECTION('',(0.707106781187,-0.707106781187,0.));
#6308 = DIRECTION('',(-0.707106781187,-0.707106781187,0.));
#6309 = ADVANCED_FACE('',(#6310),#6321,.F.);
#6310 = FACE_BOUND('',#6311,.F.);
#6311 = EDGE_LOOP('',(#6312,#6318,#6319,#6320));
#6312 = ORIENTED_EDGE('',*,*,#6313,.T.);
#6313 = EDGE_CURVE('',#5490,#5819,#6314,.T.);
#6314 = LINE('',#6315,#6316);
#6315 = CARTESIAN_POINT('',(0.535,-2.5,0.));
#6316 = VECTOR('',#6317,1.);
#6317 = DIRECTION('',(0.,0.,1.));
#6318 = ORIENTED_EDGE('',*,*,#5826,.T.);
#6319 = ORIENTED_EDGE('',*,*,#6279,.F.);
#6320 = ORIENTED_EDGE('',*,*,#5497,.F.);
#6321 = PLANE('',#6322);
#6322 = AXIS2_PLACEMENT_3D('',#6323,#6324,#6325);
#6323 = CARTESIAN_POINT('',(0.535,-2.5,0.));
#6324 = DIRECTION('',(-0.707106781187,0.707106781187,0.));
#6325 = DIRECTION('',(0.707106781187,0.707106781187,0.));
#6326 = ADVANCED_FACE('',(#6327),#6338,.F.);
#6327 = FACE_BOUND('',#6328,.F.);
#6328 = EDGE_LOOP('',(#6329,#6330,#6331,#6337));
#6329 = ORIENTED_EDGE('',*,*,#6298,.T.);
#6330 = ORIENTED_EDGE('',*,*,#5778,.T.);
#6331 = ORIENTED_EDGE('',*,*,#6332,.F.);
#6332 = EDGE_CURVE('',#5450,#5779,#6333,.T.);
#6333 = LINE('',#6334,#6335);
#6334 = CARTESIAN_POINT('',(-0.635,-3.4,0.));
#6335 = VECTOR('',#6336,1.);
#6336 = DIRECTION('',(0.,0.,1.));
#6337 = ORIENTED_EDGE('',*,*,#5449,.F.);
#6338 = PLANE('',#6339);
#6339 = AXIS2_PLACEMENT_3D('',#6340,#6341,#6342);
#6340 = CARTESIAN_POINT('',(-0.635,-2.6,0.));
#6341 = DIRECTION('',(1.,0.,0.));
#6342 = DIRECTION('',(0.,-1.,0.));
#6343 = ADVANCED_FACE('',(#6344),#6355,.F.);
#6344 = FACE_BOUND('',#6345,.F.);
#6345 = EDGE_LOOP('',(#6346,#6352,#6353,#6354));
#6346 = ORIENTED_EDGE('',*,*,#6347,.T.);
#6347 = EDGE_CURVE('',#5482,#5811,#6348,.T.);
#6348 = LINE('',#6349,#6350);
#6349 = CARTESIAN_POINT('',(0.635,-2.6,0.));
#6350 = VECTOR('',#6351,1.);
#6351 = DIRECTION('',(0.,0.,1.));
#6352 = ORIENTED_EDGE('',*,*,#5818,.T.);
#6353 = ORIENTED_EDGE('',*,*,#6313,.F.);
#6354 = ORIENTED_EDGE('',*,*,#5489,.F.);
#6355 = PLANE('',#6356);
#6356 = AXIS2_PLACEMENT_3D('',#6357,#6358,#6359);
#6357 = CARTESIAN_POINT('',(0.635,-2.6,0.));
#6358 = DIRECTION('',(-0.707106781187,-0.707106781187,0.));
#6359 = DIRECTION('',(-0.707106781187,0.707106781187,0.));
#6360 = ADVANCED_FACE('',(#6361),#6372,.F.);
#6361 = FACE_BOUND('',#6362,.F.);
#6362 = EDGE_LOOP('',(#6363,#6364,#6365,#6371));
#6363 = ORIENTED_EDGE('',*,*,#6332,.T.);
#6364 = ORIENTED_EDGE('',*,*,#5786,.T.);
#6365 = ORIENTED_EDGE('',*,*,#6366,.F.);
#6366 = EDGE_CURVE('',#5458,#5787,#6367,.T.);
#6367 = LINE('',#6368,#6369);
#6368 = CARTESIAN_POINT('',(-0.535,-3.5,0.));
#6369 = VECTOR('',#6370,1.);
#6370 = DIRECTION('',(0.,0.,1.));
#6371 = ORIENTED_EDGE('',*,*,#5457,.F.);
#6372 = PLANE('',#6373);
#6373 = AXIS2_PLACEMENT_3D('',#6374,#6375,#6376);
#6374 = CARTESIAN_POINT('',(-0.635,-3.4,0.));
#6375 = DIRECTION('',(0.707106781187,0.707106781187,0.));
#6376 = DIRECTION('',(0.707106781187,-0.707106781187,0.));
#6377 = ADVANCED_FACE('',(#6378),#6389,.F.);
#6378 = FACE_BOUND('',#6379,.F.);
#6379 = EDGE_LOOP('',(#6380,#6386,#6387,#6388));
#6380 = ORIENTED_EDGE('',*,*,#6381,.T.);
#6381 = EDGE_CURVE('',#5474,#5803,#6382,.T.);
#6382 = LINE('',#6383,#6384);
#6383 = CARTESIAN_POINT('',(0.635,-3.4,0.));
#6384 = VECTOR('',#6385,1.);
#6385 = DIRECTION('',(0.,0.,1.));
#6386 = ORIENTED_EDGE('',*,*,#5810,.T.);
#6387 = ORIENTED_EDGE('',*,*,#6347,.F.);
#6388 = ORIENTED_EDGE('',*,*,#5481,.F.);
#6389 = PLANE('',#6390);
#6390 = AXIS2_PLACEMENT_3D('',#6391,#6392,#6393);
#6391 = CARTESIAN_POINT('',(0.635,-3.4,0.));
#6392 = DIRECTION('',(-1.,0.,0.));
#6393 = DIRECTION('',(0.,1.,0.));
#6394 = ADVANCED_FACE('',(#6395),#6406,.F.);
#6395 = FACE_BOUND('',#6396,.F.);
#6396 = EDGE_LOOP('',(#6397,#6398,#6399,#6405));
#6397 = ORIENTED_EDGE('',*,*,#6366,.T.);
#6398 = ORIENTED_EDGE('',*,*,#5794,.T.);
#6399 = ORIENTED_EDGE('',*,*,#6400,.F.);
#6400 = EDGE_CURVE('',#5466,#5795,#6401,.T.);
#6401 = LINE('',#6402,#6403);
#6402 = CARTESIAN_POINT('',(0.535,-3.5,0.));
#6403 = VECTOR('',#6404,1.);
#6404 = DIRECTION('',(0.,0.,1.));
#6405 = ORIENTED_EDGE('',*,*,#5465,.F.);
#6406 = PLANE('',#6407);
#6407 = AXIS2_PLACEMENT_3D('',#6408,#6409,#6410);
#6408 = CARTESIAN_POINT('',(-0.535,-3.5,0.));
#6409 = DIRECTION('',(0.,1.,0.));
#6410 = DIRECTION('',(1.,0.,0.));
#6411 = ADVANCED_FACE('',(#6412),#6418,.F.);
#6412 = FACE_BOUND('',#6413,.F.);
#6413 = EDGE_LOOP('',(#6414,#6415,#6416,#6417));
#6414 = ORIENTED_EDGE('',*,*,#6400,.T.);
#6415 = ORIENTED_EDGE('',*,*,#5802,.T.);
#6416 = ORIENTED_EDGE('',*,*,#6381,.F.);
#6417 = ORIENTED_EDGE('',*,*,#5473,.F.);
#6418 = PLANE('',#6419);
#6419 = AXIS2_PLACEMENT_3D('',#6420,#6421,#6422);
#6420 = CARTESIAN_POINT('',(0.535,-3.5,0.));
#6421 = DIRECTION('',(-0.707106781187,0.707106781187,0.));
#6422 = DIRECTION('',(0.707106781187,0.707106781187,0.));
#6423 = ADVANCED_FACE('',(#6424),#6449,.T.);
#6424 = FACE_BOUND('',#6425,.T.);
#6425 = EDGE_LOOP('',(#6426,#6434,#6442,#6448));
#6426 = ORIENTED_EDGE('',*,*,#6427,.F.);
#6427 = EDGE_CURVE('',#6428,#5571,#6430,.T.);
#6428 = VERTEX_POINT('',#6429);
#6429 = CARTESIAN_POINT('',(0.15,-1.85,-2.925));
#6430 = LINE('',#6431,#6432);
#6431 = CARTESIAN_POINT('',(0.15,-1.85,-3.));
#6432 = VECTOR('',#6433,1.);
#6433 = DIRECTION('',(0.,0.,1.));
#6434 = ORIENTED_EDGE('',*,*,#6435,.F.);
#6435 = EDGE_CURVE('',#6436,#6428,#6438,.T.);
#6436 = VERTEX_POINT('',#6437);
#6437 = CARTESIAN_POINT('',(-0.15,-1.85,-2.925));
#6438 = LINE('',#6439,#6440);
#6439 = CARTESIAN_POINT('',(-0.15,-1.85,-2.925));
#6440 = VECTOR('',#6441,1.);
#6441 = DIRECTION('',(1.,0.,0.));
#6442 = ORIENTED_EDGE('',*,*,#6443,.T.);
#6443 = EDGE_CURVE('',#6436,#5573,#6444,.T.);
#6444 = LINE('',#6445,#6446);
#6445 = CARTESIAN_POINT('',(-0.15,-1.85,-3.));
#6446 = VECTOR('',#6447,1.);
#6447 = DIRECTION('',(0.,0.,1.));
#6448 = ORIENTED_EDGE('',*,*,#5570,.F.);
#6449 = PLANE('',#6450);
#6450 = AXIS2_PLACEMENT_3D('',#6451,#6452,#6453);
#6451 = CARTESIAN_POINT('',(-0.15,-1.85,-3.));
#6452 = DIRECTION('',(0.,1.,0.));
#6453 = DIRECTION('',(0.,-0.,1.));
#6454 = ADVANCED_FACE('',(#6455),#6473,.F.);
#6455 = FACE_BOUND('',#6456,.F.);
#6456 = EDGE_LOOP('',(#6457,#6465,#6471,#6472));
#6457 = ORIENTED_EDGE('',*,*,#6458,.F.);
#6458 = EDGE_CURVE('',#6459,#5589,#6461,.T.);
#6459 = VERTEX_POINT('',#6460);
#6460 = CARTESIAN_POINT('',(-0.15,-2.15,-2.925));
#6461 = LINE('',#6462,#6463);
#6462 = CARTESIAN_POINT('',(-0.15,-2.15,-3.));
#6463 = VECTOR('',#6464,1.);
#6464 = DIRECTION('',(0.,0.,1.));
#6465 = ORIENTED_EDGE('',*,*,#6466,.T.);
#6466 = EDGE_CURVE('',#6459,#6436,#6467,.T.);
#6467 = LINE('',#6468,#6469);
#6468 = CARTESIAN_POINT('',(-0.15,-2.15,-2.925));
#6469 = VECTOR('',#6470,1.);
#6470 = DIRECTION('',(0.,1.,0.));
#6471 = ORIENTED_EDGE('',*,*,#6443,.T.);
#6472 = ORIENTED_EDGE('',*,*,#5596,.F.);
#6473 = PLANE('',#6474);
#6474 = AXIS2_PLACEMENT_3D('',#6475,#6476,#6477);
#6475 = CARTESIAN_POINT('',(-0.15,-2.15,-3.));
#6476 = DIRECTION('',(1.,0.,0.));
#6477 = DIRECTION('',(0.,0.,1.));
#6478 = ADVANCED_FACE('',(#6479),#6497,.F.);
#6479 = FACE_BOUND('',#6480,.F.);
#6480 = EDGE_LOOP('',(#6481,#6489,#6495,#6496));
#6481 = ORIENTED_EDGE('',*,*,#6482,.F.);
#6482 = EDGE_CURVE('',#6483,#5581,#6485,.T.);
#6483 = VERTEX_POINT('',#6484);
#6484 = CARTESIAN_POINT('',(0.15,-2.15,-2.925));
#6485 = LINE('',#6486,#6487);
#6486 = CARTESIAN_POINT('',(0.15,-2.15,-3.));
#6487 = VECTOR('',#6488,1.);
#6488 = DIRECTION('',(0.,0.,1.));
#6489 = ORIENTED_EDGE('',*,*,#6490,.F.);
#6490 = EDGE_CURVE('',#6459,#6483,#6491,.T.);
#6491 = LINE('',#6492,#6493);
#6492 = CARTESIAN_POINT('',(-0.15,-2.15,-2.925));
#6493 = VECTOR('',#6494,1.);
#6494 = DIRECTION('',(1.,0.,0.));
#6495 = ORIENTED_EDGE('',*,*,#6458,.T.);
#6496 = ORIENTED_EDGE('',*,*,#5588,.F.);
#6497 = PLANE('',#6498);
#6498 = AXIS2_PLACEMENT_3D('',#6499,#6500,#6501);
#6499 = CARTESIAN_POINT('',(-0.15,-2.15,-3.));
#6500 = DIRECTION('',(0.,1.,0.));
#6501 = DIRECTION('',(0.,-0.,1.));
#6502 = ADVANCED_FACE('',(#6503),#6514,.T.);
#6503 = FACE_BOUND('',#6504,.T.);
#6504 = EDGE_LOOP('',(#6505,#6506,#6512,#6513));
#6505 = ORIENTED_EDGE('',*,*,#6482,.F.);
#6506 = ORIENTED_EDGE('',*,*,#6507,.T.);
#6507 = EDGE_CURVE('',#6483,#6428,#6508,.T.);
#6508 = LINE('',#6509,#6510);
#6509 = CARTESIAN_POINT('',(0.15,-2.15,-2.925));
#6510 = VECTOR('',#6511,1.);
#6511 = DIRECTION('',(0.,1.,0.));
#6512 = ORIENTED_EDGE('',*,*,#6427,.T.);
#6513 = ORIENTED_EDGE('',*,*,#5580,.F.);
#6514 = PLANE('',#6515);
#6515 = AXIS2_PLACEMENT_3D('',#6516,#6517,#6518);
#6516 = CARTESIAN_POINT('',(0.15,-2.15,-3.));
#6517 = DIRECTION('',(1.,0.,0.));
#6518 = DIRECTION('',(0.,0.,1.));
#6519 = ADVANCED_FACE('',(#6520),#6545,.T.);
#6520 = FACE_BOUND('',#6521,.T.);
#6521 = EDGE_LOOP('',(#6522,#6530,#6538,#6544));
#6522 = ORIENTED_EDGE('',*,*,#6523,.F.);
#6523 = EDGE_CURVE('',#6524,#5605,#6526,.T.);
#6524 = VERTEX_POINT('',#6525);
#6525 = CARTESIAN_POINT('',(0.15,-3.15,-2.925));
#6526 = LINE('',#6527,#6528);
#6527 = CARTESIAN_POINT('',(0.15,-3.15,-3.));
#6528 = VECTOR('',#6529,1.);
#6529 = DIRECTION('',(0.,0.,1.));
#6530 = ORIENTED_EDGE('',*,*,#6531,.T.);
#6531 = EDGE_CURVE('',#6524,#6532,#6534,.T.);
#6532 = VERTEX_POINT('',#6533);
#6533 = CARTESIAN_POINT('',(0.15,-2.85,-2.925));
#6534 = LINE('',#6535,#6536);
#6535 = CARTESIAN_POINT('',(0.15,-3.15,-2.925));
#6536 = VECTOR('',#6537,1.);
#6537 = DIRECTION('',(0.,1.,0.));
#6538 = ORIENTED_EDGE('',*,*,#6539,.T.);
#6539 = EDGE_CURVE('',#6532,#5607,#6540,.T.);
#6540 = LINE('',#6541,#6542);
#6541 = CARTESIAN_POINT('',(0.15,-2.85,-3.));
#6542 = VECTOR('',#6543,1.);
#6543 = DIRECTION('',(0.,0.,1.));
#6544 = ORIENTED_EDGE('',*,*,#5604,.F.);
#6545 = PLANE('',#6546);
#6546 = AXIS2_PLACEMENT_3D('',#6547,#6548,#6549);
#6547 = CARTESIAN_POINT('',(0.15,-3.15,-3.));
#6548 = DIRECTION('',(1.,0.,0.));
#6549 = DIRECTION('',(0.,0.,1.));
#6550 = ADVANCED_FACE('',(#6551),#6569,.T.);
#6551 = FACE_BOUND('',#6552,.T.);
#6552 = EDGE_LOOP('',(#6553,#6554,#6562,#6568));
#6553 = ORIENTED_EDGE('',*,*,#6539,.F.);
#6554 = ORIENTED_EDGE('',*,*,#6555,.F.);
#6555 = EDGE_CURVE('',#6556,#6532,#6558,.T.);
#6556 = VERTEX_POINT('',#6557);
#6557 = CARTESIAN_POINT('',(-0.15,-2.85,-2.925));
#6558 = LINE('',#6559,#6560);
#6559 = CARTESIAN_POINT('',(-0.15,-2.85,-2.925));
#6560 = VECTOR('',#6561,1.);
#6561 = DIRECTION('',(1.,0.,0.));
#6562 = ORIENTED_EDGE('',*,*,#6563,.T.);
#6563 = EDGE_CURVE('',#6556,#5623,#6564,.T.);
#6564 = LINE('',#6565,#6566);
#6565 = CARTESIAN_POINT('',(-0.15,-2.85,-3.));
#6566 = VECTOR('',#6567,1.);
#6567 = DIRECTION('',(0.,0.,1.));
#6568 = ORIENTED_EDGE('',*,*,#5630,.F.);
#6569 = PLANE('',#6570);
#6570 = AXIS2_PLACEMENT_3D('',#6571,#6572,#6573);
#6571 = CARTESIAN_POINT('',(-0.15,-2.85,-3.));
#6572 = DIRECTION('',(0.,1.,0.));
#6573 = DIRECTION('',(0.,-0.,1.));
#6574 = ADVANCED_FACE('',(#6575),#6593,.F.);
#6575 = FACE_BOUND('',#6576,.F.);
#6576 = EDGE_LOOP('',(#6577,#6585,#6591,#6592));
#6577 = ORIENTED_EDGE('',*,*,#6578,.F.);
#6578 = EDGE_CURVE('',#6579,#5615,#6581,.T.);
#6579 = VERTEX_POINT('',#6580);
#6580 = CARTESIAN_POINT('',(-0.15,-3.15,-2.925));
#6581 = LINE('',#6582,#6583);
#6582 = CARTESIAN_POINT('',(-0.15,-3.15,-3.));
#6583 = VECTOR('',#6584,1.);
#6584 = DIRECTION('',(0.,0.,1.));
#6585 = ORIENTED_EDGE('',*,*,#6586,.T.);
#6586 = EDGE_CURVE('',#6579,#6556,#6587,.T.);
#6587 = LINE('',#6588,#6589);
#6588 = CARTESIAN_POINT('',(-0.15,-3.15,-2.925));
#6589 = VECTOR('',#6590,1.);
#6590 = DIRECTION('',(0.,1.,0.));
#6591 = ORIENTED_EDGE('',*,*,#6563,.T.);
#6592 = ORIENTED_EDGE('',*,*,#5622,.F.);
#6593 = PLANE('',#6594);
#6594 = AXIS2_PLACEMENT_3D('',#6595,#6596,#6597);
#6595 = CARTESIAN_POINT('',(-0.15,-3.15,-3.));
#6596 = DIRECTION('',(1.,0.,0.));
#6597 = DIRECTION('',(0.,0.,1.));
#6598 = ADVANCED_FACE('',(#6599),#6610,.F.);
#6599 = FACE_BOUND('',#6600,.F.);
#6600 = EDGE_LOOP('',(#6601,#6602,#6608,#6609));
#6601 = ORIENTED_EDGE('',*,*,#6523,.F.);
#6602 = ORIENTED_EDGE('',*,*,#6603,.F.);
#6603 = EDGE_CURVE('',#6579,#6524,#6604,.T.);
#6604 = LINE('',#6605,#6606);
#6605 = CARTESIAN_POINT('',(-0.15,-3.15,-2.925));
#6606 = VECTOR('',#6607,1.);
#6607 = DIRECTION('',(1.,0.,0.));
#6608 = ORIENTED_EDGE('',*,*,#6578,.T.);
#6609 = ORIENTED_EDGE('',*,*,#5614,.F.);
#6610 = PLANE('',#6611);
#6611 = AXIS2_PLACEMENT_3D('',#6612,#6613,#6614);
#6612 = CARTESIAN_POINT('',(-0.15,-3.15,-3.));
#6613 = DIRECTION('',(0.,1.,0.));
#6614 = DIRECTION('',(0.,-0.,1.));
#6615 = ADVANCED_FACE('',(#6616),#6641,.T.);
#6616 = FACE_BOUND('',#6617,.T.);
#6617 = EDGE_LOOP('',(#6618,#6626,#6634,#6640));
#6618 = ORIENTED_EDGE('',*,*,#6619,.F.);
#6619 = EDGE_CURVE('',#6620,#5639,#6622,.T.);
#6620 = VERTEX_POINT('',#6621);
#6621 = CARTESIAN_POINT('',(0.15,-0.15,-2.925));
#6622 = LINE('',#6623,#6624);
#6623 = CARTESIAN_POINT('',(0.15,-0.15,-3.));
#6624 = VECTOR('',#6625,1.);
#6625 = DIRECTION('',(0.,0.,1.));
#6626 = ORIENTED_EDGE('',*,*,#6627,.T.);
#6627 = EDGE_CURVE('',#6620,#6628,#6630,.T.);
#6628 = VERTEX_POINT('',#6629);
#6629 = CARTESIAN_POINT('',(0.15,0.15,-2.925));
#6630 = LINE('',#6631,#6632);
#6631 = CARTESIAN_POINT('',(0.15,-0.15,-2.925));
#6632 = VECTOR('',#6633,1.);
#6633 = DIRECTION('',(0.,1.,0.));
#6634 = ORIENTED_EDGE('',*,*,#6635,.T.);
#6635 = EDGE_CURVE('',#6628,#5641,#6636,.T.);
#6636 = LINE('',#6637,#6638);
#6637 = CARTESIAN_POINT('',(0.15,0.15,-3.));
#6638 = VECTOR('',#6639,1.);
#6639 = DIRECTION('',(0.,0.,1.));
#6640 = ORIENTED_EDGE('',*,*,#5638,.F.);
#6641 = PLANE('',#6642);
#6642 = AXIS2_PLACEMENT_3D('',#6643,#6644,#6645);
#6643 = CARTESIAN_POINT('',(0.15,-0.15,-3.));
#6644 = DIRECTION('',(1.,0.,0.));
#6645 = DIRECTION('',(0.,0.,1.));
#6646 = ADVANCED_FACE('',(#6647),#6665,.T.);
#6647 = FACE_BOUND('',#6648,.T.);
#6648 = EDGE_LOOP('',(#6649,#6650,#6658,#6664));
#6649 = ORIENTED_EDGE('',*,*,#6635,.F.);
#6650 = ORIENTED_EDGE('',*,*,#6651,.F.);
#6651 = EDGE_CURVE('',#6652,#6628,#6654,.T.);
#6652 = VERTEX_POINT('',#6653);
#6653 = CARTESIAN_POINT('',(-0.15,0.15,-2.925));
#6654 = LINE('',#6655,#6656);
#6655 = CARTESIAN_POINT('',(-0.15,0.15,-2.925));
#6656 = VECTOR('',#6657,1.);
#6657 = DIRECTION('',(1.,0.,0.));
#6658 = ORIENTED_EDGE('',*,*,#6659,.T.);
#6659 = EDGE_CURVE('',#6652,#5657,#6660,.T.);
#6660 = LINE('',#6661,#6662);
#6661 = CARTESIAN_POINT('',(-0.15,0.15,-3.));
#6662 = VECTOR('',#6663,1.);
#6663 = DIRECTION('',(0.,0.,1.));
#6664 = ORIENTED_EDGE('',*,*,#5664,.F.);
#6665 = PLANE('',#6666);
#6666 = AXIS2_PLACEMENT_3D('',#6667,#6668,#6669);
#6667 = CARTESIAN_POINT('',(-0.15,0.15,-3.));
#6668 = DIRECTION('',(0.,1.,0.));
#6669 = DIRECTION('',(0.,-0.,1.));
#6670 = ADVANCED_FACE('',(#6671),#6689,.F.);
#6671 = FACE_BOUND('',#6672,.F.);
#6672 = EDGE_LOOP('',(#6673,#6681,#6687,#6688));
#6673 = ORIENTED_EDGE('',*,*,#6674,.F.);
#6674 = EDGE_CURVE('',#6675,#5649,#6677,.T.);
#6675 = VERTEX_POINT('',#6676);
#6676 = CARTESIAN_POINT('',(-0.15,-0.15,-2.925));
#6677 = LINE('',#6678,#6679);
#6678 = CARTESIAN_POINT('',(-0.15,-0.15,-3.));
#6679 = VECTOR('',#6680,1.);
#6680 = DIRECTION('',(0.,0.,1.));
#6681 = ORIENTED_EDGE('',*,*,#6682,.T.);
#6682 = EDGE_CURVE('',#6675,#6652,#6683,.T.);
#6683 = LINE('',#6684,#6685);
#6684 = CARTESIAN_POINT('',(-0.15,-0.15,-2.925));
#6685 = VECTOR('',#6686,1.);
#6686 = DIRECTION('',(0.,1.,0.));
#6687 = ORIENTED_EDGE('',*,*,#6659,.T.);
#6688 = ORIENTED_EDGE('',*,*,#5656,.F.);
#6689 = PLANE('',#6690);
#6690 = AXIS2_PLACEMENT_3D('',#6691,#6692,#6693);
#6691 = CARTESIAN_POINT('',(-0.15,-0.15,-3.));
#6692 = DIRECTION('',(1.,0.,0.));
#6693 = DIRECTION('',(0.,0.,1.));
#6694 = ADVANCED_FACE('',(#6695),#6706,.F.);
#6695 = FACE_BOUND('',#6696,.F.);
#6696 = EDGE_LOOP('',(#6697,#6698,#6704,#6705));
#6697 = ORIENTED_EDGE('',*,*,#6619,.F.);
#6698 = ORIENTED_EDGE('',*,*,#6699,.F.);
#6699 = EDGE_CURVE('',#6675,#6620,#6700,.T.);
#6700 = LINE('',#6701,#6702);
#6701 = CARTESIAN_POINT('',(-0.15,-0.15,-2.925));
#6702 = VECTOR('',#6703,1.);
#6703 = DIRECTION('',(1.,0.,0.));
#6704 = ORIENTED_EDGE('',*,*,#6674,.T.);
#6705 = ORIENTED_EDGE('',*,*,#5648,.F.);
#6706 = PLANE('',#6707);
#6707 = AXIS2_PLACEMENT_3D('',#6708,#6709,#6710);
#6708 = CARTESIAN_POINT('',(-0.15,-0.15,-3.));
#6709 = DIRECTION('',(0.,1.,0.));
#6710 = DIRECTION('',(0.,-0.,1.));
#6711 = ADVANCED_FACE('',(#6712),#6737,.T.);
#6712 = FACE_BOUND('',#6713,.T.);
#6713 = EDGE_LOOP('',(#6714,#6722,#6730,#6736));
#6714 = ORIENTED_EDGE('',*,*,#6715,.F.);
#6715 = EDGE_CURVE('',#6716,#5673,#6718,.T.);
#6716 = VERTEX_POINT('',#6717);
#6717 = CARTESIAN_POINT('',(0.15,-0.85,-2.925));
#6718 = LINE('',#6719,#6720);
#6719 = CARTESIAN_POINT('',(0.15,-0.85,-3.));
#6720 = VECTOR('',#6721,1.);
#6721 = DIRECTION('',(0.,0.,1.));
#6722 = ORIENTED_EDGE('',*,*,#6723,.F.);
#6723 = EDGE_CURVE('',#6724,#6716,#6726,.T.);
#6724 = VERTEX_POINT('',#6725);
#6725 = CARTESIAN_POINT('',(-0.15,-0.85,-2.925));
#6726 = LINE('',#6727,#6728);
#6727 = CARTESIAN_POINT('',(-0.15,-0.85,-2.925));
#6728 = VECTOR('',#6729,1.);
#6729 = DIRECTION('',(1.,0.,0.));
#6730 = ORIENTED_EDGE('',*,*,#6731,.T.);
#6731 = EDGE_CURVE('',#6724,#5675,#6732,.T.);
#6732 = LINE('',#6733,#6734);
#6733 = CARTESIAN_POINT('',(-0.15,-0.85,-3.));
#6734 = VECTOR('',#6735,1.);
#6735 = DIRECTION('',(0.,0.,1.));
#6736 = ORIENTED_EDGE('',*,*,#5672,.F.);
#6737 = PLANE('',#6738);
#6738 = AXIS2_PLACEMENT_3D('',#6739,#6740,#6741);
#6739 = CARTESIAN_POINT('',(-0.15,-0.85,-3.));
#6740 = DIRECTION('',(0.,1.,0.));
#6741 = DIRECTION('',(0.,-0.,1.));
#6742 = ADVANCED_FACE('',(#6743),#6761,.F.);
#6743 = FACE_BOUND('',#6744,.F.);
#6744 = EDGE_LOOP('',(#6745,#6753,#6759,#6760));
#6745 = ORIENTED_EDGE('',*,*,#6746,.F.);
#6746 = EDGE_CURVE('',#6747,#5691,#6749,.T.);
#6747 = VERTEX_POINT('',#6748);
#6748 = CARTESIAN_POINT('',(-0.15,-1.15,-2.925));
#6749 = LINE('',#6750,#6751);
#6750 = CARTESIAN_POINT('',(-0.15,-1.15,-3.));
#6751 = VECTOR('',#6752,1.);
#6752 = DIRECTION('',(0.,0.,1.));
#6753 = ORIENTED_EDGE('',*,*,#6754,.T.);
#6754 = EDGE_CURVE('',#6747,#6724,#6755,.T.);
#6755 = LINE('',#6756,#6757);
#6756 = CARTESIAN_POINT('',(-0.15,-1.15,-2.925));
#6757 = VECTOR('',#6758,1.);
#6758 = DIRECTION('',(0.,1.,0.));
#6759 = ORIENTED_EDGE('',*,*,#6731,.T.);
#6760 = ORIENTED_EDGE('',*,*,#5698,.F.);
#6761 = PLANE('',#6762);
#6762 = AXIS2_PLACEMENT_3D('',#6763,#6764,#6765);
#6763 = CARTESIAN_POINT('',(-0.15,-1.15,-3.));
#6764 = DIRECTION('',(1.,0.,0.));
#6765 = DIRECTION('',(0.,0.,1.));
#6766 = ADVANCED_FACE('',(#6767),#6785,.F.);
#6767 = FACE_BOUND('',#6768,.F.);
#6768 = EDGE_LOOP('',(#6769,#6777,#6783,#6784));
#6769 = ORIENTED_EDGE('',*,*,#6770,.F.);
#6770 = EDGE_CURVE('',#6771,#5683,#6773,.T.);
#6771 = VERTEX_POINT('',#6772);
#6772 = CARTESIAN_POINT('',(0.15,-1.15,-2.925));
#6773 = LINE('',#6774,#6775);
#6774 = CARTESIAN_POINT('',(0.15,-1.15,-3.));
#6775 = VECTOR('',#6776,1.);
#6776 = DIRECTION('',(0.,0.,1.));
#6777 = ORIENTED_EDGE('',*,*,#6778,.F.);
#6778 = EDGE_CURVE('',#6747,#6771,#6779,.T.);
#6779 = LINE('',#6780,#6781);
#6780 = CARTESIAN_POINT('',(-0.15,-1.15,-2.925));
#6781 = VECTOR('',#6782,1.);
#6782 = DIRECTION('',(1.,0.,0.));
#6783 = ORIENTED_EDGE('',*,*,#6746,.T.);
#6784 = ORIENTED_EDGE('',*,*,#5690,.F.);
#6785 = PLANE('',#6786);
#6786 = AXIS2_PLACEMENT_3D('',#6787,#6788,#6789);
#6787 = CARTESIAN_POINT('',(-0.15,-1.15,-3.));
#6788 = DIRECTION('',(0.,1.,0.));
#6789 = DIRECTION('',(0.,-0.,1.));
#6790 = ADVANCED_FACE('',(#6791),#6802,.T.);
#6791 = FACE_BOUND('',#6792,.T.);
#6792 = EDGE_LOOP('',(#6793,#6794,#6800,#6801));
#6793 = ORIENTED_EDGE('',*,*,#6770,.F.);
#6794 = ORIENTED_EDGE('',*,*,#6795,.T.);
#6795 = EDGE_CURVE('',#6771,#6716,#6796,.T.);
#6796 = LINE('',#6797,#6798);
#6797 = CARTESIAN_POINT('',(0.15,-1.15,-2.925));
#6798 = VECTOR('',#6799,1.);
#6799 = DIRECTION('',(0.,1.,0.));
#6800 = ORIENTED_EDGE('',*,*,#6715,.T.);
#6801 = ORIENTED_EDGE('',*,*,#5682,.F.);
#6802 = PLANE('',#6803);
#6803 = AXIS2_PLACEMENT_3D('',#6804,#6805,#6806);
#6804 = CARTESIAN_POINT('',(0.15,-1.15,-3.));
#6805 = DIRECTION('',(1.,0.,0.));
#6806 = DIRECTION('',(0.,0.,1.));
#6807 = ADVANCED_FACE('',(#6808),#6833,.T.);
#6808 = FACE_BOUND('',#6809,.T.);
#6809 = EDGE_LOOP('',(#6810,#6818,#6819,#6827));
#6810 = ORIENTED_EDGE('',*,*,#6811,.F.);
#6811 = EDGE_CURVE('',#5900,#6812,#6814,.T.);
#6812 = VERTEX_POINT('',#6813);
#6813 = CARTESIAN_POINT('',(0.15,-1.85,4.725));
#6814 = LINE('',#6815,#6816);
#6815 = CARTESIAN_POINT('',(0.15,-1.85,-3.));
#6816 = VECTOR('',#6817,1.);
#6817 = DIRECTION('',(0.,0.,1.));
#6818 = ORIENTED_EDGE('',*,*,#5899,.T.);
#6819 = ORIENTED_EDGE('',*,*,#6820,.T.);
#6820 = EDGE_CURVE('',#5902,#6821,#6823,.T.);
#6821 = VERTEX_POINT('',#6822);
#6822 = CARTESIAN_POINT('',(-0.15,-1.85,4.725));
#6823 = LINE('',#6824,#6825);
#6824 = CARTESIAN_POINT('',(-0.15,-1.85,-3.));
#6825 = VECTOR('',#6826,1.);
#6826 = DIRECTION('',(0.,0.,1.));
#6827 = ORIENTED_EDGE('',*,*,#6828,.T.);
#6828 = EDGE_CURVE('',#6821,#6812,#6829,.T.);
#6829 = LINE('',#6830,#6831);
#6830 = CARTESIAN_POINT('',(-0.15,-1.85,4.725));
#6831 = VECTOR('',#6832,1.);
#6832 = DIRECTION('',(1.,0.,0.));
#6833 = PLANE('',#6834);
#6834 = AXIS2_PLACEMENT_3D('',#6835,#6836,#6837);
#6835 = CARTESIAN_POINT('',(-0.15,-1.85,-3.));
#6836 = DIRECTION('',(0.,1.,0.));
#6837 = DIRECTION('',(0.,-0.,1.));
#6838 = ADVANCED_FACE('',(#6839),#6857,.F.);
#6839 = FACE_BOUND('',#6840,.F.);
#6840 = EDGE_LOOP('',(#6841,#6849,#6850,#6851));
#6841 = ORIENTED_EDGE('',*,*,#6842,.F.);
#6842 = EDGE_CURVE('',#5918,#6843,#6845,.T.);
#6843 = VERTEX_POINT('',#6844);
#6844 = CARTESIAN_POINT('',(-0.15,-2.15,4.725));
#6845 = LINE('',#6846,#6847);
#6846 = CARTESIAN_POINT('',(-0.15,-2.15,-3.));
#6847 = VECTOR('',#6848,1.);
#6848 = DIRECTION('',(0.,0.,1.));
#6849 = ORIENTED_EDGE('',*,*,#5925,.T.);
#6850 = ORIENTED_EDGE('',*,*,#6820,.T.);
#6851 = ORIENTED_EDGE('',*,*,#6852,.F.);
#6852 = EDGE_CURVE('',#6843,#6821,#6853,.T.);
#6853 = LINE('',#6854,#6855);
#6854 = CARTESIAN_POINT('',(-0.15,-2.15,4.725));
#6855 = VECTOR('',#6856,1.);
#6856 = DIRECTION('',(0.,1.,0.));
#6857 = PLANE('',#6858);
#6858 = AXIS2_PLACEMENT_3D('',#6859,#6860,#6861);
#6859 = CARTESIAN_POINT('',(-0.15,-2.15,-3.));
#6860 = DIRECTION('',(1.,0.,0.));
#6861 = DIRECTION('',(0.,0.,1.));
#6862 = ADVANCED_FACE('',(#6863),#6881,.F.);
#6863 = FACE_BOUND('',#6864,.F.);
#6864 = EDGE_LOOP('',(#6865,#6873,#6874,#6875));
#6865 = ORIENTED_EDGE('',*,*,#6866,.F.);
#6866 = EDGE_CURVE('',#5910,#6867,#6869,.T.);
#6867 = VERTEX_POINT('',#6868);
#6868 = CARTESIAN_POINT('',(0.15,-2.15,4.725));
#6869 = LINE('',#6870,#6871);
#6870 = CARTESIAN_POINT('',(0.15,-2.15,-3.));
#6871 = VECTOR('',#6872,1.);
#6872 = DIRECTION('',(0.,0.,1.));
#6873 = ORIENTED_EDGE('',*,*,#5917,.T.);
#6874 = ORIENTED_EDGE('',*,*,#6842,.T.);
#6875 = ORIENTED_EDGE('',*,*,#6876,.T.);
#6876 = EDGE_CURVE('',#6843,#6867,#6877,.T.);
#6877 = LINE('',#6878,#6879);
#6878 = CARTESIAN_POINT('',(-0.15,-2.15,4.725));
#6879 = VECTOR('',#6880,1.);
#6880 = DIRECTION('',(1.,0.,0.));
#6881 = PLANE('',#6882);
#6882 = AXIS2_PLACEMENT_3D('',#6883,#6884,#6885);
#6883 = CARTESIAN_POINT('',(-0.15,-2.15,-3.));
#6884 = DIRECTION('',(0.,1.,0.));
#6885 = DIRECTION('',(0.,-0.,1.));
#6886 = ADVANCED_FACE('',(#6887),#6898,.T.);
#6887 = FACE_BOUND('',#6888,.T.);
#6888 = EDGE_LOOP('',(#6889,#6890,#6891,#6892));
#6889 = ORIENTED_EDGE('',*,*,#6866,.F.);
#6890 = ORIENTED_EDGE('',*,*,#5909,.T.);
#6891 = ORIENTED_EDGE('',*,*,#6811,.T.);
#6892 = ORIENTED_EDGE('',*,*,#6893,.F.);
#6893 = EDGE_CURVE('',#6867,#6812,#6894,.T.);
#6894 = LINE('',#6895,#6896);
#6895 = CARTESIAN_POINT('',(0.15,-2.15,4.725));
#6896 = VECTOR('',#6897,1.);
#6897 = DIRECTION('',(0.,1.,0.));
#6898 = PLANE('',#6899);
#6899 = AXIS2_PLACEMENT_3D('',#6900,#6901,#6902);
#6900 = CARTESIAN_POINT('',(0.15,-2.15,-3.));
#6901 = DIRECTION('',(1.,0.,0.));
#6902 = DIRECTION('',(0.,0.,1.));
#6903 = ADVANCED_FACE('',(#6904),#6929,.T.);
#6904 = FACE_BOUND('',#6905,.T.);
#6905 = EDGE_LOOP('',(#6906,#6914,#6915,#6923));
#6906 = ORIENTED_EDGE('',*,*,#6907,.F.);
#6907 = EDGE_CURVE('',#5934,#6908,#6910,.T.);
#6908 = VERTEX_POINT('',#6909);
#6909 = CARTESIAN_POINT('',(0.15,-3.15,4.725));
#6910 = LINE('',#6911,#6912);
#6911 = CARTESIAN_POINT('',(0.15,-3.15,-3.));
#6912 = VECTOR('',#6913,1.);
#6913 = DIRECTION('',(0.,0.,1.));
#6914 = ORIENTED_EDGE('',*,*,#5933,.T.);
#6915 = ORIENTED_EDGE('',*,*,#6916,.T.);
#6916 = EDGE_CURVE('',#5936,#6917,#6919,.T.);
#6917 = VERTEX_POINT('',#6918);
#6918 = CARTESIAN_POINT('',(0.15,-2.85,4.725));
#6919 = LINE('',#6920,#6921);
#6920 = CARTESIAN_POINT('',(0.15,-2.85,-3.));
#6921 = VECTOR('',#6922,1.);
#6922 = DIRECTION('',(0.,0.,1.));
#6923 = ORIENTED_EDGE('',*,*,#6924,.F.);
#6924 = EDGE_CURVE('',#6908,#6917,#6925,.T.);
#6925 = LINE('',#6926,#6927);
#6926 = CARTESIAN_POINT('',(0.15,-3.15,4.725));
#6927 = VECTOR('',#6928,1.);
#6928 = DIRECTION('',(0.,1.,0.));
#6929 = PLANE('',#6930);
#6930 = AXIS2_PLACEMENT_3D('',#6931,#6932,#6933);
#6931 = CARTESIAN_POINT('',(0.15,-3.15,-3.));
#6932 = DIRECTION('',(1.,0.,0.));
#6933 = DIRECTION('',(0.,0.,1.));
#6934 = ADVANCED_FACE('',(#6935),#6953,.T.);
#6935 = FACE_BOUND('',#6936,.T.);
#6936 = EDGE_LOOP('',(#6937,#6938,#6939,#6947));
#6937 = ORIENTED_EDGE('',*,*,#6916,.F.);
#6938 = ORIENTED_EDGE('',*,*,#5959,.T.);
#6939 = ORIENTED_EDGE('',*,*,#6940,.T.);
#6940 = EDGE_CURVE('',#5952,#6941,#6943,.T.);
#6941 = VERTEX_POINT('',#6942);
#6942 = CARTESIAN_POINT('',(-0.15,-2.85,4.725));
#6943 = LINE('',#6944,#6945);
#6944 = CARTESIAN_POINT('',(-0.15,-2.85,-3.));
#6945 = VECTOR('',#6946,1.);
#6946 = DIRECTION('',(0.,0.,1.));
#6947 = ORIENTED_EDGE('',*,*,#6948,.T.);
#6948 = EDGE_CURVE('',#6941,#6917,#6949,.T.);
#6949 = LINE('',#6950,#6951);
#6950 = CARTESIAN_POINT('',(-0.15,-2.85,4.725));
#6951 = VECTOR('',#6952,1.);
#6952 = DIRECTION('',(1.,0.,0.));
#6953 = PLANE('',#6954);
#6954 = AXIS2_PLACEMENT_3D('',#6955,#6956,#6957);
#6955 = CARTESIAN_POINT('',(-0.15,-2.85,-3.));
#6956 = DIRECTION('',(0.,1.,0.));
#6957 = DIRECTION('',(0.,-0.,1.));
#6958 = ADVANCED_FACE('',(#6959),#6977,.F.);
#6959 = FACE_BOUND('',#6960,.F.);
#6960 = EDGE_LOOP('',(#6961,#6969,#6970,#6971));
#6961 = ORIENTED_EDGE('',*,*,#6962,.F.);
#6962 = EDGE_CURVE('',#5944,#6963,#6965,.T.);
#6963 = VERTEX_POINT('',#6964);
#6964 = CARTESIAN_POINT('',(-0.15,-3.15,4.725));
#6965 = LINE('',#6966,#6967);
#6966 = CARTESIAN_POINT('',(-0.15,-3.15,-3.));
#6967 = VECTOR('',#6968,1.);
#6968 = DIRECTION('',(0.,0.,1.));
#6969 = ORIENTED_EDGE('',*,*,#5951,.T.);
#6970 = ORIENTED_EDGE('',*,*,#6940,.T.);
#6971 = ORIENTED_EDGE('',*,*,#6972,.F.);
#6972 = EDGE_CURVE('',#6963,#6941,#6973,.T.);
#6973 = LINE('',#6974,#6975);
#6974 = CARTESIAN_POINT('',(-0.15,-3.15,4.725));
#6975 = VECTOR('',#6976,1.);
#6976 = DIRECTION('',(0.,1.,0.));
#6977 = PLANE('',#6978);
#6978 = AXIS2_PLACEMENT_3D('',#6979,#6980,#6981);
#6979 = CARTESIAN_POINT('',(-0.15,-3.15,-3.));
#6980 = DIRECTION('',(1.,0.,0.));
#6981 = DIRECTION('',(0.,0.,1.));
#6982 = ADVANCED_FACE('',(#6983),#6994,.F.);
#6983 = FACE_BOUND('',#6984,.F.);
#6984 = EDGE_LOOP('',(#6985,#6986,#6987,#6988));
#6985 = ORIENTED_EDGE('',*,*,#6907,.F.);
#6986 = ORIENTED_EDGE('',*,*,#5943,.T.);
#6987 = ORIENTED_EDGE('',*,*,#6962,.T.);
#6988 = ORIENTED_EDGE('',*,*,#6989,.T.);
#6989 = EDGE_CURVE('',#6963,#6908,#6990,.T.);
#6990 = LINE('',#6991,#6992);
#6991 = CARTESIAN_POINT('',(-0.15,-3.15,4.725));
#6992 = VECTOR('',#6993,1.);
#6993 = DIRECTION('',(1.,0.,0.));
#6994 = PLANE('',#6995);
#6995 = AXIS2_PLACEMENT_3D('',#6996,#6997,#6998);
#6996 = CARTESIAN_POINT('',(-0.15,-3.15,-3.));
#6997 = DIRECTION('',(0.,1.,0.));
#6998 = DIRECTION('',(0.,-0.,1.));
#6999 = ADVANCED_FACE('',(#7000),#7025,.T.);
#7000 = FACE_BOUND('',#7001,.T.);
#7001 = EDGE_LOOP('',(#7002,#7010,#7011,#7019));
#7002 = ORIENTED_EDGE('',*,*,#7003,.F.);
#7003 = EDGE_CURVE('',#5968,#7004,#7006,.T.);
#7004 = VERTEX_POINT('',#7005);
#7005 = CARTESIAN_POINT('',(0.15,-0.15,4.725));
#7006 = LINE('',#7007,#7008);
#7007 = CARTESIAN_POINT('',(0.15,-0.15,-3.));
#7008 = VECTOR('',#7009,1.);
#7009 = DIRECTION('',(0.,0.,1.));
#7010 = ORIENTED_EDGE('',*,*,#5967,.T.);
#7011 = ORIENTED_EDGE('',*,*,#7012,.T.);
#7012 = EDGE_CURVE('',#5970,#7013,#7015,.T.);
#7013 = VERTEX_POINT('',#7014);
#7014 = CARTESIAN_POINT('',(0.15,0.15,4.725));
#7015 = LINE('',#7016,#7017);
#7016 = CARTESIAN_POINT('',(0.15,0.15,-3.));
#7017 = VECTOR('',#7018,1.);
#7018 = DIRECTION('',(0.,0.,1.));
#7019 = ORIENTED_EDGE('',*,*,#7020,.F.);
#7020 = EDGE_CURVE('',#7004,#7013,#7021,.T.);
#7021 = LINE('',#7022,#7023);
#7022 = CARTESIAN_POINT('',(0.15,-0.15,4.725));
#7023 = VECTOR('',#7024,1.);
#7024 = DIRECTION('',(0.,1.,0.));
#7025 = PLANE('',#7026);
#7026 = AXIS2_PLACEMENT_3D('',#7027,#7028,#7029);
#7027 = CARTESIAN_POINT('',(0.15,-0.15,-3.));
#7028 = DIRECTION('',(1.,0.,0.));
#7029 = DIRECTION('',(0.,0.,1.));
#7030 = ADVANCED_FACE('',(#7031),#7049,.T.);
#7031 = FACE_BOUND('',#7032,.T.);
#7032 = EDGE_LOOP('',(#7033,#7034,#7035,#7043));
#7033 = ORIENTED_EDGE('',*,*,#7012,.F.);
#7034 = ORIENTED_EDGE('',*,*,#5993,.T.);
#7035 = ORIENTED_EDGE('',*,*,#7036,.T.);
#7036 = EDGE_CURVE('',#5986,#7037,#7039,.T.);
#7037 = VERTEX_POINT('',#7038);
#7038 = CARTESIAN_POINT('',(-0.15,0.15,4.725));
#7039 = LINE('',#7040,#7041);
#7040 = CARTESIAN_POINT('',(-0.15,0.15,-3.));
#7041 = VECTOR('',#7042,1.);
#7042 = DIRECTION('',(0.,0.,1.));
#7043 = ORIENTED_EDGE('',*,*,#7044,.T.);
#7044 = EDGE_CURVE('',#7037,#7013,#7045,.T.);
#7045 = LINE('',#7046,#7047);
#7046 = CARTESIAN_POINT('',(-0.15,0.15,4.725));
#7047 = VECTOR('',#7048,1.);
#7048 = DIRECTION('',(1.,0.,0.));
#7049 = PLANE('',#7050);
#7050 = AXIS2_PLACEMENT_3D('',#7051,#7052,#7053);
#7051 = CARTESIAN_POINT('',(-0.15,0.15,-3.));
#7052 = DIRECTION('',(0.,1.,0.));
#7053 = DIRECTION('',(0.,-0.,1.));
#7054 = ADVANCED_FACE('',(#7055),#7073,.F.);
#7055 = FACE_BOUND('',#7056,.F.);
#7056 = EDGE_LOOP('',(#7057,#7065,#7066,#7067));
#7057 = ORIENTED_EDGE('',*,*,#7058,.F.);
#7058 = EDGE_CURVE('',#5978,#7059,#7061,.T.);
#7059 = VERTEX_POINT('',#7060);
#7060 = CARTESIAN_POINT('',(-0.15,-0.15,4.725));
#7061 = LINE('',#7062,#7063);
#7062 = CARTESIAN_POINT('',(-0.15,-0.15,-3.));
#7063 = VECTOR('',#7064,1.);
#7064 = DIRECTION('',(0.,0.,1.));
#7065 = ORIENTED_EDGE('',*,*,#5985,.T.);
#7066 = ORIENTED_EDGE('',*,*,#7036,.T.);
#7067 = ORIENTED_EDGE('',*,*,#7068,.F.);
#7068 = EDGE_CURVE('',#7059,#7037,#7069,.T.);
#7069 = LINE('',#7070,#7071);
#7070 = CARTESIAN_POINT('',(-0.15,-0.15,4.725));
#7071 = VECTOR('',#7072,1.);
#7072 = DIRECTION('',(0.,1.,0.));
#7073 = PLANE('',#7074);
#7074 = AXIS2_PLACEMENT_3D('',#7075,#7076,#7077);
#7075 = CARTESIAN_POINT('',(-0.15,-0.15,-3.));
#7076 = DIRECTION('',(1.,0.,0.));
#7077 = DIRECTION('',(0.,0.,1.));
#7078 = ADVANCED_FACE('',(#7079),#7090,.F.);
#7079 = FACE_BOUND('',#7080,.F.);
#7080 = EDGE_LOOP('',(#7081,#7082,#7083,#7084));
#7081 = ORIENTED_EDGE('',*,*,#7003,.F.);
#7082 = ORIENTED_EDGE('',*,*,#5977,.T.);
#7083 = ORIENTED_EDGE('',*,*,#7058,.T.);
#7084 = ORIENTED_EDGE('',*,*,#7085,.T.);
#7085 = EDGE_CURVE('',#7059,#7004,#7086,.T.);
#7086 = LINE('',#7087,#7088);
#7087 = CARTESIAN_POINT('',(-0.15,-0.15,4.725));
#7088 = VECTOR('',#7089,1.);
#7089 = DIRECTION('',(1.,0.,0.));
#7090 = PLANE('',#7091);
#7091 = AXIS2_PLACEMENT_3D('',#7092,#7093,#7094);
#7092 = CARTESIAN_POINT('',(-0.15,-0.15,-3.));
#7093 = DIRECTION('',(0.,1.,0.));
#7094 = DIRECTION('',(0.,-0.,1.));
#7095 = ADVANCED_FACE('',(#7096),#7121,.T.);
#7096 = FACE_BOUND('',#7097,.T.);
#7097 = EDGE_LOOP('',(#7098,#7106,#7107,#7115));
#7098 = ORIENTED_EDGE('',*,*,#7099,.F.);
#7099 = EDGE_CURVE('',#6002,#7100,#7102,.T.);
#7100 = VERTEX_POINT('',#7101);
#7101 = CARTESIAN_POINT('',(0.15,-0.85,4.725));
#7102 = LINE('',#7103,#7104);
#7103 = CARTESIAN_POINT('',(0.15,-0.85,-3.));
#7104 = VECTOR('',#7105,1.);
#7105 = DIRECTION('',(0.,0.,1.));
#7106 = ORIENTED_EDGE('',*,*,#6001,.T.);
#7107 = ORIENTED_EDGE('',*,*,#7108,.T.);
#7108 = EDGE_CURVE('',#6004,#7109,#7111,.T.);
#7109 = VERTEX_POINT('',#7110);
#7110 = CARTESIAN_POINT('',(-0.15,-0.85,4.725));
#7111 = LINE('',#7112,#7113);
#7112 = CARTESIAN_POINT('',(-0.15,-0.85,-3.));
#7113 = VECTOR('',#7114,1.);
#7114 = DIRECTION('',(0.,0.,1.));
#7115 = ORIENTED_EDGE('',*,*,#7116,.T.);
#7116 = EDGE_CURVE('',#7109,#7100,#7117,.T.);
#7117 = LINE('',#7118,#7119);
#7118 = CARTESIAN_POINT('',(-0.15,-0.85,4.725));
#7119 = VECTOR('',#7120,1.);
#7120 = DIRECTION('',(1.,0.,0.));
#7121 = PLANE('',#7122);
#7122 = AXIS2_PLACEMENT_3D('',#7123,#7124,#7125);
#7123 = CARTESIAN_POINT('',(-0.15,-0.85,-3.));
#7124 = DIRECTION('',(0.,1.,0.));
#7125 = DIRECTION('',(0.,-0.,1.));
#7126 = ADVANCED_FACE('',(#7127),#7145,.F.);
#7127 = FACE_BOUND('',#7128,.F.);
#7128 = EDGE_LOOP('',(#7129,#7137,#7138,#7139));
#7129 = ORIENTED_EDGE('',*,*,#7130,.F.);
#7130 = EDGE_CURVE('',#6020,#7131,#7133,.T.);
#7131 = VERTEX_POINT('',#7132);
#7132 = CARTESIAN_POINT('',(-0.15,-1.15,4.725));
#7133 = LINE('',#7134,#7135);
#7134 = CARTESIAN_POINT('',(-0.15,-1.15,-3.));
#7135 = VECTOR('',#7136,1.);
#7136 = DIRECTION('',(0.,0.,1.));
#7137 = ORIENTED_EDGE('',*,*,#6027,.T.);
#7138 = ORIENTED_EDGE('',*,*,#7108,.T.);
#7139 = ORIENTED_EDGE('',*,*,#7140,.F.);
#7140 = EDGE_CURVE('',#7131,#7109,#7141,.T.);
#7141 = LINE('',#7142,#7143);
#7142 = CARTESIAN_POINT('',(-0.15,-1.15,4.725));
#7143 = VECTOR('',#7144,1.);
#7144 = DIRECTION('',(0.,1.,0.));
#7145 = PLANE('',#7146);
#7146 = AXIS2_PLACEMENT_3D('',#7147,#7148,#7149);
#7147 = CARTESIAN_POINT('',(-0.15,-1.15,-3.));
#7148 = DIRECTION('',(1.,0.,0.));
#7149 = DIRECTION('',(0.,0.,1.));
#7150 = ADVANCED_FACE('',(#7151),#7169,.F.);
#7151 = FACE_BOUND('',#7152,.F.);
#7152 = EDGE_LOOP('',(#7153,#7161,#7162,#7163));
#7153 = ORIENTED_EDGE('',*,*,#7154,.F.);
#7154 = EDGE_CURVE('',#6012,#7155,#7157,.T.);
#7155 = VERTEX_POINT('',#7156);
#7156 = CARTESIAN_POINT('',(0.15,-1.15,4.725));
#7157 = LINE('',#7158,#7159);
#7158 = CARTESIAN_POINT('',(0.15,-1.15,-3.));
#7159 = VECTOR('',#7160,1.);
#7160 = DIRECTION('',(0.,0.,1.));
#7161 = ORIENTED_EDGE('',*,*,#6019,.T.);
#7162 = ORIENTED_EDGE('',*,*,#7130,.T.);
#7163 = ORIENTED_EDGE('',*,*,#7164,.T.);
#7164 = EDGE_CURVE('',#7131,#7155,#7165,.T.);
#7165 = LINE('',#7166,#7167);
#7166 = CARTESIAN_POINT('',(-0.15,-1.15,4.725));
#7167 = VECTOR('',#7168,1.);
#7168 = DIRECTION('',(1.,0.,0.));
#7169 = PLANE('',#7170);
#7170 = AXIS2_PLACEMENT_3D('',#7171,#7172,#7173);
#7171 = CARTESIAN_POINT('',(-0.15,-1.15,-3.));
#7172 = DIRECTION('',(0.,1.,0.));
#7173 = DIRECTION('',(0.,-0.,1.));
#7174 = ADVANCED_FACE('',(#7175),#7186,.T.);
#7175 = FACE_BOUND('',#7176,.T.);
#7176 = EDGE_LOOP('',(#7177,#7178,#7179,#7180));
#7177 = ORIENTED_EDGE('',*,*,#7154,.F.);
#7178 = ORIENTED_EDGE('',*,*,#6011,.T.);
#7179 = ORIENTED_EDGE('',*,*,#7099,.T.);
#7180 = ORIENTED_EDGE('',*,*,#7181,.F.);
#7181 = EDGE_CURVE('',#7155,#7100,#7182,.T.);
#7182 = LINE('',#7183,#7184);
#7183 = CARTESIAN_POINT('',(0.15,-1.15,4.725));
#7184 = VECTOR('',#7185,1.);
#7185 = DIRECTION('',(0.,1.,0.));
#7186 = PLANE('',#7187);
#7187 = AXIS2_PLACEMENT_3D('',#7188,#7189,#7190);
#7188 = CARTESIAN_POINT('',(0.15,-1.15,-3.));
#7189 = DIRECTION('',(1.,0.,0.));
#7190 = DIRECTION('',(0.,0.,1.));
#7191 = ADVANCED_FACE('',(#7192),#7217,.F.);
#7192 = FACE_BOUND('',#7193,.T.);
#7193 = EDGE_LOOP('',(#7194,#7202,#7203,#7211));
#7194 = ORIENTED_EDGE('',*,*,#7195,.F.);
#7195 = EDGE_CURVE('',#6436,#7196,#7198,.T.);
#7196 = VERTEX_POINT('',#7197);
#7197 = CARTESIAN_POINT('',(-7.5E-02,-1.925,-3.));
#7198 = LINE('',#7199,#7200);
#7199 = CARTESIAN_POINT('',(-7.5E-02,-1.925,-3.));
#7200 = VECTOR('',#7201,1.);
#7201 = DIRECTION('',(0.57735026919,-0.57735026919,-0.57735026919));
#7202 = ORIENTED_EDGE('',*,*,#6435,.T.);
#7203 = ORIENTED_EDGE('',*,*,#7204,.T.);
#7204 = EDGE_CURVE('',#6428,#7205,#7207,.T.);
#7205 = VERTEX_POINT('',#7206);
#7206 = CARTESIAN_POINT('',(7.5E-02,-1.925,-3.));
#7207 = LINE('',#7208,#7209);
#7208 = CARTESIAN_POINT('',(2.5E-02,-1.975,-3.05));
#7209 = VECTOR('',#7210,1.);
#7210 = DIRECTION('',(-0.57735026919,-0.57735026919,-0.57735026919));
#7211 = ORIENTED_EDGE('',*,*,#7212,.F.);
#7212 = EDGE_CURVE('',#7196,#7205,#7213,.T.);
#7213 = LINE('',#7214,#7215);
#7214 = CARTESIAN_POINT('',(-0.15,-1.925,-3.));
#7215 = VECTOR('',#7216,1.);
#7216 = DIRECTION('',(1.,0.,0.));
#7217 = PLANE('',#7218);
#7218 = AXIS2_PLACEMENT_3D('',#7219,#7220,#7221);
#7219 = CARTESIAN_POINT('',(-0.15,-1.8875,-2.9625));
#7220 = DIRECTION('',(0.,-0.707106781187,0.707106781187));
#7221 = DIRECTION('',(-1.,0.,0.));
#7222 = ADVANCED_FACE('',(#7223),#7241,.T.);
#7223 = FACE_BOUND('',#7224,.T.);
#7224 = EDGE_LOOP('',(#7225,#7233,#7234,#7235));
#7225 = ORIENTED_EDGE('',*,*,#7226,.F.);
#7226 = EDGE_CURVE('',#6459,#7227,#7229,.T.);
#7227 = VERTEX_POINT('',#7228);
#7228 = CARTESIAN_POINT('',(-7.5E-02,-2.075,-3.));
#7229 = LINE('',#7230,#7231);
#7230 = CARTESIAN_POINT('',(-0.125,-2.125,-2.95));
#7231 = VECTOR('',#7232,1.);
#7232 = DIRECTION('',(0.57735026919,0.57735026919,-0.57735026919));
#7233 = ORIENTED_EDGE('',*,*,#6466,.T.);
#7234 = ORIENTED_EDGE('',*,*,#7195,.T.);
#7235 = ORIENTED_EDGE('',*,*,#7236,.F.);
#7236 = EDGE_CURVE('',#7227,#7196,#7237,.T.);
#7237 = LINE('',#7238,#7239);
#7238 = CARTESIAN_POINT('',(-7.5E-02,-2.15,-3.));
#7239 = VECTOR('',#7240,1.);
#7240 = DIRECTION('',(0.,1.,0.));
#7241 = PLANE('',#7242);
#7242 = AXIS2_PLACEMENT_3D('',#7243,#7244,#7245);
#7243 = CARTESIAN_POINT('',(-0.1125,-2.15,-2.9625));
#7244 = DIRECTION('',(-0.707106781187,0.,-0.707106781187));
#7245 = DIRECTION('',(0.,1.,0.));
#7246 = ADVANCED_FACE('',(#7247),#7265,.T.);
#7247 = FACE_BOUND('',#7248,.F.);
#7248 = EDGE_LOOP('',(#7249,#7250,#7251,#7259));
#7249 = ORIENTED_EDGE('',*,*,#7226,.F.);
#7250 = ORIENTED_EDGE('',*,*,#6490,.T.);
#7251 = ORIENTED_EDGE('',*,*,#7252,.T.);
#7252 = EDGE_CURVE('',#6483,#7253,#7255,.T.);
#7253 = VERTEX_POINT('',#7254);
#7254 = CARTESIAN_POINT('',(7.5E-02,-2.075,-3.));
#7255 = LINE('',#7256,#7257);
#7256 = CARTESIAN_POINT('',(7.5E-02,-2.075,-3.));
#7257 = VECTOR('',#7258,1.);
#7258 = DIRECTION('',(-0.57735026919,0.57735026919,-0.57735026919));
#7259 = ORIENTED_EDGE('',*,*,#7260,.F.);
#7260 = EDGE_CURVE('',#7227,#7253,#7261,.T.);
#7261 = LINE('',#7262,#7263);
#7262 = CARTESIAN_POINT('',(-0.15,-2.075,-3.));
#7263 = VECTOR('',#7264,1.);
#7264 = DIRECTION('',(1.,0.,0.));
#7265 = PLANE('',#7266);
#7266 = AXIS2_PLACEMENT_3D('',#7267,#7268,#7269);
#7267 = CARTESIAN_POINT('',(-0.15,-2.1125,-2.9625));
#7268 = DIRECTION('',(0.,-0.707106781187,-0.707106781187));
#7269 = DIRECTION('',(-1.,-0.,0.));
#7270 = ADVANCED_FACE('',(#7271),#7282,.F.);
#7271 = FACE_BOUND('',#7272,.F.);
#7272 = EDGE_LOOP('',(#7273,#7274,#7275,#7276));
#7273 = ORIENTED_EDGE('',*,*,#7252,.F.);
#7274 = ORIENTED_EDGE('',*,*,#6507,.T.);
#7275 = ORIENTED_EDGE('',*,*,#7204,.T.);
#7276 = ORIENTED_EDGE('',*,*,#7277,.F.);
#7277 = EDGE_CURVE('',#7253,#7205,#7278,.T.);
#7278 = LINE('',#7279,#7280);
#7279 = CARTESIAN_POINT('',(7.5E-02,-2.15,-3.));
#7280 = VECTOR('',#7281,1.);
#7281 = DIRECTION('',(0.,1.,0.));
#7282 = PLANE('',#7283);
#7283 = AXIS2_PLACEMENT_3D('',#7284,#7285,#7286);
#7284 = CARTESIAN_POINT('',(0.1125,-2.15,-2.9625));
#7285 = DIRECTION('',(-0.707106781187,0.,0.707106781187));
#7286 = DIRECTION('',(0.,1.,0.));
#7287 = ADVANCED_FACE('',(#7288),#7313,.F.);
#7288 = FACE_BOUND('',#7289,.F.);
#7289 = EDGE_LOOP('',(#7290,#7298,#7299,#7307));
#7290 = ORIENTED_EDGE('',*,*,#7291,.F.);
#7291 = EDGE_CURVE('',#6524,#7292,#7294,.T.);
#7292 = VERTEX_POINT('',#7293);
#7293 = CARTESIAN_POINT('',(7.5E-02,-3.075,-3.));
#7294 = LINE('',#7295,#7296);
#7295 = CARTESIAN_POINT('',(7.5E-02,-3.075,-3.));
#7296 = VECTOR('',#7297,1.);
#7297 = DIRECTION('',(-0.57735026919,0.57735026919,-0.57735026919));
#7298 = ORIENTED_EDGE('',*,*,#6531,.T.);
#7299 = ORIENTED_EDGE('',*,*,#7300,.T.);
#7300 = EDGE_CURVE('',#6532,#7301,#7303,.T.);
#7301 = VERTEX_POINT('',#7302);
#7302 = CARTESIAN_POINT('',(7.5E-02,-2.925,-3.));
#7303 = LINE('',#7304,#7305);
#7304 = CARTESIAN_POINT('',(2.5E-02,-2.975,-3.05));
#7305 = VECTOR('',#7306,1.);
#7306 = DIRECTION('',(-0.57735026919,-0.57735026919,-0.57735026919));
#7307 = ORIENTED_EDGE('',*,*,#7308,.F.);
#7308 = EDGE_CURVE('',#7292,#7301,#7309,.T.);
#7309 = LINE('',#7310,#7311);
#7310 = CARTESIAN_POINT('',(7.5E-02,-3.15,-3.));
#7311 = VECTOR('',#7312,1.);
#7312 = DIRECTION('',(0.,1.,0.));
#7313 = PLANE('',#7314);
#7314 = AXIS2_PLACEMENT_3D('',#7315,#7316,#7317);
#7315 = CARTESIAN_POINT('',(0.1125,-3.15,-2.9625));
#7316 = DIRECTION('',(-0.707106781187,0.,0.707106781187));
#7317 = DIRECTION('',(0.,1.,0.));
#7318 = ADVANCED_FACE('',(#7319),#7337,.F.);
#7319 = FACE_BOUND('',#7320,.T.);
#7320 = EDGE_LOOP('',(#7321,#7329,#7330,#7331));
#7321 = ORIENTED_EDGE('',*,*,#7322,.F.);
#7322 = EDGE_CURVE('',#6556,#7323,#7325,.T.);
#7323 = VERTEX_POINT('',#7324);
#7324 = CARTESIAN_POINT('',(-7.5E-02,-2.925,-3.));
#7325 = LINE('',#7326,#7327);
#7326 = CARTESIAN_POINT('',(-7.5E-02,-2.925,-3.));
#7327 = VECTOR('',#7328,1.);
#7328 = DIRECTION('',(0.57735026919,-0.57735026919,-0.57735026919));
#7329 = ORIENTED_EDGE('',*,*,#6555,.T.);
#7330 = ORIENTED_EDGE('',*,*,#7300,.T.);
#7331 = ORIENTED_EDGE('',*,*,#7332,.F.);
#7332 = EDGE_CURVE('',#7323,#7301,#7333,.T.);
#7333 = LINE('',#7334,#7335);
#7334 = CARTESIAN_POINT('',(-0.15,-2.925,-3.));
#7335 = VECTOR('',#7336,1.);
#7336 = DIRECTION('',(1.,0.,0.));
#7337 = PLANE('',#7338);
#7338 = AXIS2_PLACEMENT_3D('',#7339,#7340,#7341);
#7339 = CARTESIAN_POINT('',(-0.15,-2.8875,-2.9625));
#7340 = DIRECTION('',(0.,-0.707106781187,0.707106781187));
#7341 = DIRECTION('',(-1.,0.,0.));
#7342 = ADVANCED_FACE('',(#7343),#7361,.T.);
#7343 = FACE_BOUND('',#7344,.T.);
#7344 = EDGE_LOOP('',(#7345,#7353,#7354,#7355));
#7345 = ORIENTED_EDGE('',*,*,#7346,.F.);
#7346 = EDGE_CURVE('',#6579,#7347,#7349,.T.);
#7347 = VERTEX_POINT('',#7348);
#7348 = CARTESIAN_POINT('',(-7.5E-02,-3.075,-3.));
#7349 = LINE('',#7350,#7351);
#7350 = CARTESIAN_POINT('',(-0.125,-3.125,-2.95));
#7351 = VECTOR('',#7352,1.);
#7352 = DIRECTION('',(0.57735026919,0.57735026919,-0.57735026919));
#7353 = ORIENTED_EDGE('',*,*,#6586,.T.);
#7354 = ORIENTED_EDGE('',*,*,#7322,.T.);
#7355 = ORIENTED_EDGE('',*,*,#7356,.F.);
#7356 = EDGE_CURVE('',#7347,#7323,#7357,.T.);
#7357 = LINE('',#7358,#7359);
#7358 = CARTESIAN_POINT('',(-7.5E-02,-3.15,-3.));
#7359 = VECTOR('',#7360,1.);
#7360 = DIRECTION('',(0.,1.,0.));
#7361 = PLANE('',#7362);
#7362 = AXIS2_PLACEMENT_3D('',#7363,#7364,#7365);
#7363 = CARTESIAN_POINT('',(-0.1125,-3.15,-2.9625));
#7364 = DIRECTION('',(-0.707106781187,0.,-0.707106781187));
#7365 = DIRECTION('',(0.,1.,0.));
#7366 = ADVANCED_FACE('',(#7367),#7378,.T.);
#7367 = FACE_BOUND('',#7368,.F.);
#7368 = EDGE_LOOP('',(#7369,#7370,#7371,#7372));
#7369 = ORIENTED_EDGE('',*,*,#7346,.F.);
#7370 = ORIENTED_EDGE('',*,*,#6603,.T.);
#7371 = ORIENTED_EDGE('',*,*,#7291,.T.);
#7372 = ORIENTED_EDGE('',*,*,#7373,.F.);
#7373 = EDGE_CURVE('',#7347,#7292,#7374,.T.);
#7374 = LINE('',#7375,#7376);
#7375 = CARTESIAN_POINT('',(-0.15,-3.075,-3.));
#7376 = VECTOR('',#7377,1.);
#7377 = DIRECTION('',(1.,0.,0.));
#7378 = PLANE('',#7379);
#7379 = AXIS2_PLACEMENT_3D('',#7380,#7381,#7382);
#7380 = CARTESIAN_POINT('',(-0.15,-3.1125,-2.9625));
#7381 = DIRECTION('',(0.,-0.707106781187,-0.707106781187));
#7382 = DIRECTION('',(-1.,-0.,0.));
#7383 = ADVANCED_FACE('',(#7384),#7409,.F.);
#7384 = FACE_BOUND('',#7385,.F.);
#7385 = EDGE_LOOP('',(#7386,#7394,#7395,#7403));
#7386 = ORIENTED_EDGE('',*,*,#7387,.F.);
#7387 = EDGE_CURVE('',#6620,#7388,#7390,.T.);
#7388 = VERTEX_POINT('',#7389);
#7389 = CARTESIAN_POINT('',(7.5E-02,-7.5E-02,-3.));
#7390 = LINE('',#7391,#7392);
#7391 = CARTESIAN_POINT('',(7.5E-02,-7.5E-02,-3.));
#7392 = VECTOR('',#7393,1.);
#7393 = DIRECTION('',(-0.57735026919,0.57735026919,-0.57735026919));
#7394 = ORIENTED_EDGE('',*,*,#6627,.T.);
#7395 = ORIENTED_EDGE('',*,*,#7396,.T.);
#7396 = EDGE_CURVE('',#6628,#7397,#7399,.T.);
#7397 = VERTEX_POINT('',#7398);
#7398 = CARTESIAN_POINT('',(7.5E-02,7.5E-02,-3.));
#7399 = LINE('',#7400,#7401);
#7400 = CARTESIAN_POINT('',(2.5E-02,2.5E-02,-3.05));
#7401 = VECTOR('',#7402,1.);
#7402 = DIRECTION('',(-0.57735026919,-0.57735026919,-0.57735026919));
#7403 = ORIENTED_EDGE('',*,*,#7404,.F.);
#7404 = EDGE_CURVE('',#7388,#7397,#7405,.T.);
#7405 = LINE('',#7406,#7407);
#7406 = CARTESIAN_POINT('',(7.5E-02,-0.15,-3.));
#7407 = VECTOR('',#7408,1.);
#7408 = DIRECTION('',(0.,1.,0.));
#7409 = PLANE('',#7410);
#7410 = AXIS2_PLACEMENT_3D('',#7411,#7412,#7413);
#7411 = CARTESIAN_POINT('',(0.1125,-0.15,-2.9625));
#7412 = DIRECTION('',(-0.707106781187,0.,0.707106781187));
#7413 = DIRECTION('',(0.,1.,0.));
#7414 = ADVANCED_FACE('',(#7415),#7433,.F.);
#7415 = FACE_BOUND('',#7416,.T.);
#7416 = EDGE_LOOP('',(#7417,#7425,#7426,#7427));
#7417 = ORIENTED_EDGE('',*,*,#7418,.F.);
#7418 = EDGE_CURVE('',#6652,#7419,#7421,.T.);
#7419 = VERTEX_POINT('',#7420);
#7420 = CARTESIAN_POINT('',(-7.5E-02,7.5E-02,-3.));
#7421 = LINE('',#7422,#7423);
#7422 = CARTESIAN_POINT('',(-7.5E-02,7.5E-02,-3.));
#7423 = VECTOR('',#7424,1.);
#7424 = DIRECTION('',(0.57735026919,-0.57735026919,-0.57735026919));
#7425 = ORIENTED_EDGE('',*,*,#6651,.T.);
#7426 = ORIENTED_EDGE('',*,*,#7396,.T.);
#7427 = ORIENTED_EDGE('',*,*,#7428,.F.);
#7428 = EDGE_CURVE('',#7419,#7397,#7429,.T.);
#7429 = LINE('',#7430,#7431);
#7430 = CARTESIAN_POINT('',(-0.15,7.5E-02,-3.));
#7431 = VECTOR('',#7432,1.);
#7432 = DIRECTION('',(1.,0.,0.));
#7433 = PLANE('',#7434);
#7434 = AXIS2_PLACEMENT_3D('',#7435,#7436,#7437);
#7435 = CARTESIAN_POINT('',(-0.15,0.1125,-2.9625));
#7436 = DIRECTION('',(0.,-0.707106781187,0.707106781187));
#7437 = DIRECTION('',(-1.,0.,0.));
#7438 = ADVANCED_FACE('',(#7439),#7457,.T.);
#7439 = FACE_BOUND('',#7440,.T.);
#7440 = EDGE_LOOP('',(#7441,#7449,#7450,#7451));
#7441 = ORIENTED_EDGE('',*,*,#7442,.F.);
#7442 = EDGE_CURVE('',#6675,#7443,#7445,.T.);
#7443 = VERTEX_POINT('',#7444);
#7444 = CARTESIAN_POINT('',(-7.5E-02,-7.5E-02,-3.));
#7445 = LINE('',#7446,#7447);
#7446 = CARTESIAN_POINT('',(-0.125,-0.125,-2.95));
#7447 = VECTOR('',#7448,1.);
#7448 = DIRECTION('',(0.57735026919,0.57735026919,-0.57735026919));
#7449 = ORIENTED_EDGE('',*,*,#6682,.T.);
#7450 = ORIENTED_EDGE('',*,*,#7418,.T.);
#7451 = ORIENTED_EDGE('',*,*,#7452,.F.);
#7452 = EDGE_CURVE('',#7443,#7419,#7453,.T.);
#7453 = LINE('',#7454,#7455);
#7454 = CARTESIAN_POINT('',(-7.5E-02,-0.15,-3.));
#7455 = VECTOR('',#7456,1.);
#7456 = DIRECTION('',(0.,1.,0.));
#7457 = PLANE('',#7458);
#7458 = AXIS2_PLACEMENT_3D('',#7459,#7460,#7461);
#7459 = CARTESIAN_POINT('',(-0.1125,-0.15,-2.9625));
#7460 = DIRECTION('',(-0.707106781187,0.,-0.707106781187));
#7461 = DIRECTION('',(0.,1.,0.));
#7462 = ADVANCED_FACE('',(#7463),#7474,.T.);
#7463 = FACE_BOUND('',#7464,.F.);
#7464 = EDGE_LOOP('',(#7465,#7466,#7467,#7468));
#7465 = ORIENTED_EDGE('',*,*,#7442,.F.);
#7466 = ORIENTED_EDGE('',*,*,#6699,.T.);
#7467 = ORIENTED_EDGE('',*,*,#7387,.T.);
#7468 = ORIENTED_EDGE('',*,*,#7469,.F.);
#7469 = EDGE_CURVE('',#7443,#7388,#7470,.T.);
#7470 = LINE('',#7471,#7472);
#7471 = CARTESIAN_POINT('',(-0.15,-7.5E-02,-3.));
#7472 = VECTOR('',#7473,1.);
#7473 = DIRECTION('',(1.,0.,0.));
#7474 = PLANE('',#7475);
#7475 = AXIS2_PLACEMENT_3D('',#7476,#7477,#7478);
#7476 = CARTESIAN_POINT('',(-0.15,-0.1125,-2.9625));
#7477 = DIRECTION('',(0.,-0.707106781187,-0.707106781187));
#7478 = DIRECTION('',(-1.,-0.,0.));
#7479 = ADVANCED_FACE('',(#7480),#7505,.F.);
#7480 = FACE_BOUND('',#7481,.T.);
#7481 = EDGE_LOOP('',(#7482,#7490,#7491,#7499));
#7482 = ORIENTED_EDGE('',*,*,#7483,.F.);
#7483 = EDGE_CURVE('',#6724,#7484,#7486,.T.);
#7484 = VERTEX_POINT('',#7485);
#7485 = CARTESIAN_POINT('',(-7.5E-02,-0.925,-3.));
#7486 = LINE('',#7487,#7488);
#7487 = CARTESIAN_POINT('',(-7.5E-02,-0.925,-3.));
#7488 = VECTOR('',#7489,1.);
#7489 = DIRECTION('',(0.57735026919,-0.57735026919,-0.57735026919));
#7490 = ORIENTED_EDGE('',*,*,#6723,.T.);
#7491 = ORIENTED_EDGE('',*,*,#7492,.T.);
#7492 = EDGE_CURVE('',#6716,#7493,#7495,.T.);
#7493 = VERTEX_POINT('',#7494);
#7494 = CARTESIAN_POINT('',(7.5E-02,-0.925,-3.));
#7495 = LINE('',#7496,#7497);
#7496 = CARTESIAN_POINT('',(2.5E-02,-0.975,-3.05));
#7497 = VECTOR('',#7498,1.);
#7498 = DIRECTION('',(-0.57735026919,-0.57735026919,-0.57735026919));
#7499 = ORIENTED_EDGE('',*,*,#7500,.F.);
#7500 = EDGE_CURVE('',#7484,#7493,#7501,.T.);
#7501 = LINE('',#7502,#7503);
#7502 = CARTESIAN_POINT('',(-0.15,-0.925,-3.));
#7503 = VECTOR('',#7504,1.);
#7504 = DIRECTION('',(1.,0.,0.));
#7505 = PLANE('',#7506);
#7506 = AXIS2_PLACEMENT_3D('',#7507,#7508,#7509);
#7507 = CARTESIAN_POINT('',(-0.15,-0.8875,-2.9625));
#7508 = DIRECTION('',(0.,-0.707106781187,0.707106781187));
#7509 = DIRECTION('',(-1.,0.,0.));
#7510 = ADVANCED_FACE('',(#7511),#7529,.T.);
#7511 = FACE_BOUND('',#7512,.T.);
#7512 = EDGE_LOOP('',(#7513,#7521,#7522,#7523));
#7513 = ORIENTED_EDGE('',*,*,#7514,.F.);
#7514 = EDGE_CURVE('',#6747,#7515,#7517,.T.);
#7515 = VERTEX_POINT('',#7516);
#7516 = CARTESIAN_POINT('',(-7.5E-02,-1.075,-3.));
#7517 = LINE('',#7518,#7519);
#7518 = CARTESIAN_POINT('',(-0.125,-1.125,-2.95));
#7519 = VECTOR('',#7520,1.);
#7520 = DIRECTION('',(0.57735026919,0.57735026919,-0.57735026919));
#7521 = ORIENTED_EDGE('',*,*,#6754,.T.);
#7522 = ORIENTED_EDGE('',*,*,#7483,.T.);
#7523 = ORIENTED_EDGE('',*,*,#7524,.F.);
#7524 = EDGE_CURVE('',#7515,#7484,#7525,.T.);
#7525 = LINE('',#7526,#7527);
#7526 = CARTESIAN_POINT('',(-7.5E-02,-1.15,-3.));
#7527 = VECTOR('',#7528,1.);
#7528 = DIRECTION('',(0.,1.,0.));
#7529 = PLANE('',#7530);
#7530 = AXIS2_PLACEMENT_3D('',#7531,#7532,#7533);
#7531 = CARTESIAN_POINT('',(-0.1125,-1.15,-2.9625));
#7532 = DIRECTION('',(-0.707106781187,0.,-0.707106781187));
#7533 = DIRECTION('',(0.,1.,0.));
#7534 = ADVANCED_FACE('',(#7535),#7553,.T.);
#7535 = FACE_BOUND('',#7536,.F.);
#7536 = EDGE_LOOP('',(#7537,#7538,#7539,#7547));
#7537 = ORIENTED_EDGE('',*,*,#7514,.F.);
#7538 = ORIENTED_EDGE('',*,*,#6778,.T.);
#7539 = ORIENTED_EDGE('',*,*,#7540,.T.);
#7540 = EDGE_CURVE('',#6771,#7541,#7543,.T.);
#7541 = VERTEX_POINT('',#7542);
#7542 = CARTESIAN_POINT('',(7.5E-02,-1.075,-3.));
#7543 = LINE('',#7544,#7545);
#7544 = CARTESIAN_POINT('',(7.5E-02,-1.075,-3.));
#7545 = VECTOR('',#7546,1.);
#7546 = DIRECTION('',(-0.57735026919,0.57735026919,-0.57735026919));
#7547 = ORIENTED_EDGE('',*,*,#7548,.F.);
#7548 = EDGE_CURVE('',#7515,#7541,#7549,.T.);
#7549 = LINE('',#7550,#7551);
#7550 = CARTESIAN_POINT('',(-0.15,-1.075,-3.));
#7551 = VECTOR('',#7552,1.);
#7552 = DIRECTION('',(1.,0.,0.));
#7553 = PLANE('',#7554);
#7554 = AXIS2_PLACEMENT_3D('',#7555,#7556,#7557);
#7555 = CARTESIAN_POINT('',(-0.15,-1.1125,-2.9625));
#7556 = DIRECTION('',(0.,-0.707106781187,-0.707106781187));
#7557 = DIRECTION('',(-1.,-0.,0.));
#7558 = ADVANCED_FACE('',(#7559),#7570,.F.);
#7559 = FACE_BOUND('',#7560,.F.);
#7560 = EDGE_LOOP('',(#7561,#7562,#7563,#7564));
#7561 = ORIENTED_EDGE('',*,*,#7540,.F.);
#7562 = ORIENTED_EDGE('',*,*,#6795,.T.);
#7563 = ORIENTED_EDGE('',*,*,#7492,.T.);
#7564 = ORIENTED_EDGE('',*,*,#7565,.F.);
#7565 = EDGE_CURVE('',#7541,#7493,#7566,.T.);
#7566 = LINE('',#7567,#7568);
#7567 = CARTESIAN_POINT('',(7.5E-02,-1.15,-3.));
#7568 = VECTOR('',#7569,1.);
#7569 = DIRECTION('',(0.,1.,0.));
#7570 = PLANE('',#7571);
#7571 = AXIS2_PLACEMENT_3D('',#7572,#7573,#7574);
#7572 = CARTESIAN_POINT('',(0.1125,-1.15,-2.9625));
#7573 = DIRECTION('',(-0.707106781187,0.,0.707106781187));
#7574 = DIRECTION('',(0.,1.,0.));
#7575 = ADVANCED_FACE('',(#7576),#7601,.T.);
#7576 = FACE_BOUND('',#7577,.F.);
#7577 = EDGE_LOOP('',(#7578,#7586,#7587,#7595));
#7578 = ORIENTED_EDGE('',*,*,#7579,.F.);
#7579 = EDGE_CURVE('',#6821,#7580,#7582,.T.);
#7580 = VERTEX_POINT('',#7581);
#7581 = CARTESIAN_POINT('',(-7.5E-02,-1.925,4.8));
#7582 = LINE('',#7583,#7584);
#7583 = CARTESIAN_POINT('',(-7.5E-02,-1.925,4.8));
#7584 = VECTOR('',#7585,1.);
#7585 = DIRECTION('',(0.57735026919,-0.57735026919,0.57735026919));
#7586 = ORIENTED_EDGE('',*,*,#6828,.T.);
#7587 = ORIENTED_EDGE('',*,*,#7588,.T.);
#7588 = EDGE_CURVE('',#6812,#7589,#7591,.T.);
#7589 = VERTEX_POINT('',#7590);
#7590 = CARTESIAN_POINT('',(7.5E-02,-1.925,4.8));
#7591 = LINE('',#7592,#7593);
#7592 = CARTESIAN_POINT('',(2.5E-02,-1.975,4.85));
#7593 = VECTOR('',#7594,1.);
#7594 = DIRECTION('',(-0.57735026919,-0.57735026919,0.57735026919));
#7595 = ORIENTED_EDGE('',*,*,#7596,.F.);
#7596 = EDGE_CURVE('',#7580,#7589,#7597,.T.);
#7597 = LINE('',#7598,#7599);
#7598 = CARTESIAN_POINT('',(-0.15,-1.925,4.8));
#7599 = VECTOR('',#7600,1.);
#7600 = DIRECTION('',(1.,0.,0.));
#7601 = PLANE('',#7602);
#7602 = AXIS2_PLACEMENT_3D('',#7603,#7604,#7605);
#7603 = CARTESIAN_POINT('',(-0.15,-1.8875,4.7625));
#7604 = DIRECTION('',(0.,0.707106781187,0.707106781187));
#7605 = DIRECTION('',(-1.,0.,0.));
#7606 = ADVANCED_FACE('',(#7607),#7625,.F.);
#7607 = FACE_BOUND('',#7608,.F.);
#7608 = EDGE_LOOP('',(#7609,#7617,#7618,#7619));
#7609 = ORIENTED_EDGE('',*,*,#7610,.F.);
#7610 = EDGE_CURVE('',#6843,#7611,#7613,.T.);
#7611 = VERTEX_POINT('',#7612);
#7612 = CARTESIAN_POINT('',(-7.5E-02,-2.075,4.8));
#7613 = LINE('',#7614,#7615);
#7614 = CARTESIAN_POINT('',(-0.125,-2.125,4.75));
#7615 = VECTOR('',#7616,1.);
#7616 = DIRECTION('',(0.57735026919,0.57735026919,0.57735026919));
#7617 = ORIENTED_EDGE('',*,*,#6852,.T.);
#7618 = ORIENTED_EDGE('',*,*,#7579,.T.);
#7619 = ORIENTED_EDGE('',*,*,#7620,.F.);
#7620 = EDGE_CURVE('',#7611,#7580,#7621,.T.);
#7621 = LINE('',#7622,#7623);
#7622 = CARTESIAN_POINT('',(-7.5E-02,-2.15,4.8));
#7623 = VECTOR('',#7624,1.);
#7624 = DIRECTION('',(0.,1.,0.));
#7625 = PLANE('',#7626);
#7626 = AXIS2_PLACEMENT_3D('',#7627,#7628,#7629);
#7627 = CARTESIAN_POINT('',(-0.1125,-2.15,4.7625));
#7628 = DIRECTION('',(0.707106781187,0.,-0.707106781187));
#7629 = DIRECTION('',(0.,1.,0.));
#7630 = ADVANCED_FACE('',(#7631),#7649,.F.);
#7631 = FACE_BOUND('',#7632,.T.);
#7632 = EDGE_LOOP('',(#7633,#7634,#7635,#7643));
#7633 = ORIENTED_EDGE('',*,*,#7610,.F.);
#7634 = ORIENTED_EDGE('',*,*,#6876,.T.);
#7635 = ORIENTED_EDGE('',*,*,#7636,.T.);
#7636 = EDGE_CURVE('',#6867,#7637,#7639,.T.);
#7637 = VERTEX_POINT('',#7638);
#7638 = CARTESIAN_POINT('',(7.5E-02,-2.075,4.8));
#7639 = LINE('',#7640,#7641);
#7640 = CARTESIAN_POINT('',(7.5E-02,-2.075,4.8));
#7641 = VECTOR('',#7642,1.);
#7642 = DIRECTION('',(-0.57735026919,0.57735026919,0.57735026919));
#7643 = ORIENTED_EDGE('',*,*,#7644,.F.);
#7644 = EDGE_CURVE('',#7611,#7637,#7645,.T.);
#7645 = LINE('',#7646,#7647);
#7646 = CARTESIAN_POINT('',(-0.15,-2.075,4.8));
#7647 = VECTOR('',#7648,1.);
#7648 = DIRECTION('',(1.,0.,0.));
#7649 = PLANE('',#7650);
#7650 = AXIS2_PLACEMENT_3D('',#7651,#7652,#7653);
#7651 = CARTESIAN_POINT('',(-0.15,-2.1125,4.7625));
#7652 = DIRECTION('',(0.,0.707106781187,-0.707106781187));
#7653 = DIRECTION('',(-1.,0.,-0.));
#7654 = ADVANCED_FACE('',(#7655),#7666,.T.);
#7655 = FACE_BOUND('',#7656,.T.);
#7656 = EDGE_LOOP('',(#7657,#7658,#7659,#7660));
#7657 = ORIENTED_EDGE('',*,*,#7636,.F.);
#7658 = ORIENTED_EDGE('',*,*,#6893,.T.);
#7659 = ORIENTED_EDGE('',*,*,#7588,.T.);
#7660 = ORIENTED_EDGE('',*,*,#7661,.F.);
#7661 = EDGE_CURVE('',#7637,#7589,#7662,.T.);
#7662 = LINE('',#7663,#7664);
#7663 = CARTESIAN_POINT('',(7.5E-02,-2.15,4.8));
#7664 = VECTOR('',#7665,1.);
#7665 = DIRECTION('',(0.,1.,0.));
#7666 = PLANE('',#7667);
#7667 = AXIS2_PLACEMENT_3D('',#7668,#7669,#7670);
#7668 = CARTESIAN_POINT('',(0.1125,-2.15,4.7625));
#7669 = DIRECTION('',(0.707106781187,0.,0.707106781187));
#7670 = DIRECTION('',(-0.,1.,0.));
#7671 = ADVANCED_FACE('',(#7672),#7697,.T.);
#7672 = FACE_BOUND('',#7673,.T.);
#7673 = EDGE_LOOP('',(#7674,#7682,#7683,#7691));
#7674 = ORIENTED_EDGE('',*,*,#7675,.F.);
#7675 = EDGE_CURVE('',#6908,#7676,#7678,.T.);
#7676 = VERTEX_POINT('',#7677);
#7677 = CARTESIAN_POINT('',(7.5E-02,-3.075,4.8));
#7678 = LINE('',#7679,#7680);
#7679 = CARTESIAN_POINT('',(7.5E-02,-3.075,4.8));
#7680 = VECTOR('',#7681,1.);
#7681 = DIRECTION('',(-0.57735026919,0.57735026919,0.57735026919));
#7682 = ORIENTED_EDGE('',*,*,#6924,.T.);
#7683 = ORIENTED_EDGE('',*,*,#7684,.T.);
#7684 = EDGE_CURVE('',#6917,#7685,#7687,.T.);
#7685 = VERTEX_POINT('',#7686);
#7686 = CARTESIAN_POINT('',(7.5E-02,-2.925,4.8));
#7687 = LINE('',#7688,#7689);
#7688 = CARTESIAN_POINT('',(2.5E-02,-2.975,4.85));
#7689 = VECTOR('',#7690,1.);
#7690 = DIRECTION('',(-0.57735026919,-0.57735026919,0.57735026919));
#7691 = ORIENTED_EDGE('',*,*,#7692,.F.);
#7692 = EDGE_CURVE('',#7676,#7685,#7693,.T.);
#7693 = LINE('',#7694,#7695);
#7694 = CARTESIAN_POINT('',(7.5E-02,-3.15,4.8));
#7695 = VECTOR('',#7696,1.);
#7696 = DIRECTION('',(0.,1.,0.));
#7697 = PLANE('',#7698);
#7698 = AXIS2_PLACEMENT_3D('',#7699,#7700,#7701);
#7699 = CARTESIAN_POINT('',(0.1125,-3.15,4.7625));
#7700 = DIRECTION('',(0.707106781187,0.,0.707106781187));
#7701 = DIRECTION('',(-0.,1.,0.));
#7702 = ADVANCED_FACE('',(#7703),#7721,.T.);
#7703 = FACE_BOUND('',#7704,.F.);
#7704 = EDGE_LOOP('',(#7705,#7713,#7714,#7715));
#7705 = ORIENTED_EDGE('',*,*,#7706,.F.);
#7706 = EDGE_CURVE('',#6941,#7707,#7709,.T.);
#7707 = VERTEX_POINT('',#7708);
#7708 = CARTESIAN_POINT('',(-7.5E-02,-2.925,4.8));
#7709 = LINE('',#7710,#7711);
#7710 = CARTESIAN_POINT('',(-7.5E-02,-2.925,4.8));
#7711 = VECTOR('',#7712,1.);
#7712 = DIRECTION('',(0.57735026919,-0.57735026919,0.57735026919));
#7713 = ORIENTED_EDGE('',*,*,#6948,.T.);
#7714 = ORIENTED_EDGE('',*,*,#7684,.T.);
#7715 = ORIENTED_EDGE('',*,*,#7716,.F.);
#7716 = EDGE_CURVE('',#7707,#7685,#7717,.T.);
#7717 = LINE('',#7718,#7719);
#7718 = CARTESIAN_POINT('',(-0.15,-2.925,4.8));
#7719 = VECTOR('',#7720,1.);
#7720 = DIRECTION('',(1.,0.,0.));
#7721 = PLANE('',#7722);
#7722 = AXIS2_PLACEMENT_3D('',#7723,#7724,#7725);
#7723 = CARTESIAN_POINT('',(-0.15,-2.8875,4.7625));
#7724 = DIRECTION('',(0.,0.707106781187,0.707106781187));
#7725 = DIRECTION('',(-1.,0.,0.));
#7726 = ADVANCED_FACE('',(#7727),#7745,.F.);
#7727 = FACE_BOUND('',#7728,.F.);
#7728 = EDGE_LOOP('',(#7729,#7737,#7738,#7739));
#7729 = ORIENTED_EDGE('',*,*,#7730,.F.);
#7730 = EDGE_CURVE('',#6963,#7731,#7733,.T.);
#7731 = VERTEX_POINT('',#7732);
#7732 = CARTESIAN_POINT('',(-7.5E-02,-3.075,4.8));
#7733 = LINE('',#7734,#7735);
#7734 = CARTESIAN_POINT('',(-0.125,-3.125,4.75));
#7735 = VECTOR('',#7736,1.);
#7736 = DIRECTION('',(0.57735026919,0.57735026919,0.57735026919));
#7737 = ORIENTED_EDGE('',*,*,#6972,.T.);
#7738 = ORIENTED_EDGE('',*,*,#7706,.T.);
#7739 = ORIENTED_EDGE('',*,*,#7740,.F.);
#7740 = EDGE_CURVE('',#7731,#7707,#7741,.T.);
#7741 = LINE('',#7742,#7743);
#7742 = CARTESIAN_POINT('',(-7.5E-02,-3.15,4.8));
#7743 = VECTOR('',#7744,1.);
#7744 = DIRECTION('',(0.,1.,0.));
#7745 = PLANE('',#7746);
#7746 = AXIS2_PLACEMENT_3D('',#7747,#7748,#7749);
#7747 = CARTESIAN_POINT('',(-0.1125,-3.15,4.7625));
#7748 = DIRECTION('',(0.707106781187,0.,-0.707106781187));
#7749 = DIRECTION('',(0.,1.,0.));
#7750 = ADVANCED_FACE('',(#7751),#7762,.F.);
#7751 = FACE_BOUND('',#7752,.T.);
#7752 = EDGE_LOOP('',(#7753,#7754,#7755,#7756));
#7753 = ORIENTED_EDGE('',*,*,#7730,.F.);
#7754 = ORIENTED_EDGE('',*,*,#6989,.T.);
#7755 = ORIENTED_EDGE('',*,*,#7675,.T.);
#7756 = ORIENTED_EDGE('',*,*,#7757,.F.);
#7757 = EDGE_CURVE('',#7731,#7676,#7758,.T.);
#7758 = LINE('',#7759,#7760);
#7759 = CARTESIAN_POINT('',(-0.15,-3.075,4.8));
#7760 = VECTOR('',#7761,1.);
#7761 = DIRECTION('',(1.,0.,0.));
#7762 = PLANE('',#7763);
#7763 = AXIS2_PLACEMENT_3D('',#7764,#7765,#7766);
#7764 = CARTESIAN_POINT('',(-0.15,-3.1125,4.7625));
#7765 = DIRECTION('',(0.,0.707106781187,-0.707106781187));
#7766 = DIRECTION('',(-1.,0.,-0.));
#7767 = ADVANCED_FACE('',(#7768),#7793,.T.);
#7768 = FACE_BOUND('',#7769,.T.);
#7769 = EDGE_LOOP('',(#7770,#7778,#7779,#7787));
#7770 = ORIENTED_EDGE('',*,*,#7771,.F.);
#7771 = EDGE_CURVE('',#7004,#7772,#7774,.T.);
#7772 = VERTEX_POINT('',#7773);
#7773 = CARTESIAN_POINT('',(7.5E-02,-7.5E-02,4.8));
#7774 = LINE('',#7775,#7776);
#7775 = CARTESIAN_POINT('',(7.5E-02,-7.5E-02,4.8));
#7776 = VECTOR('',#7777,1.);
#7777 = DIRECTION('',(-0.57735026919,0.57735026919,0.57735026919));
#7778 = ORIENTED_EDGE('',*,*,#7020,.T.);
#7779 = ORIENTED_EDGE('',*,*,#7780,.T.);
#7780 = EDGE_CURVE('',#7013,#7781,#7783,.T.);
#7781 = VERTEX_POINT('',#7782);
#7782 = CARTESIAN_POINT('',(7.5E-02,7.5E-02,4.8));
#7783 = LINE('',#7784,#7785);
#7784 = CARTESIAN_POINT('',(2.5E-02,2.5E-02,4.85));
#7785 = VECTOR('',#7786,1.);
#7786 = DIRECTION('',(-0.57735026919,-0.57735026919,0.57735026919));
#7787 = ORIENTED_EDGE('',*,*,#7788,.F.);
#7788 = EDGE_CURVE('',#7772,#7781,#7789,.T.);
#7789 = LINE('',#7790,#7791);
#7790 = CARTESIAN_POINT('',(7.5E-02,-0.15,4.8));
#7791 = VECTOR('',#7792,1.);
#7792 = DIRECTION('',(0.,1.,0.));
#7793 = PLANE('',#7794);
#7794 = AXIS2_PLACEMENT_3D('',#7795,#7796,#7797);
#7795 = CARTESIAN_POINT('',(0.1125,-0.15,4.7625));
#7796 = DIRECTION('',(0.707106781187,0.,0.707106781187));
#7797 = DIRECTION('',(-0.,1.,0.));
#7798 = ADVANCED_FACE('',(#7799),#7817,.T.);
#7799 = FACE_BOUND('',#7800,.F.);
#7800 = EDGE_LOOP('',(#7801,#7809,#7810,#7811));
#7801 = ORIENTED_EDGE('',*,*,#7802,.F.);
#7802 = EDGE_CURVE('',#7037,#7803,#7805,.T.);
#7803 = VERTEX_POINT('',#7804);
#7804 = CARTESIAN_POINT('',(-7.5E-02,7.5E-02,4.8));
#7805 = LINE('',#7806,#7807);
#7806 = CARTESIAN_POINT('',(-7.5E-02,7.5E-02,4.8));
#7807 = VECTOR('',#7808,1.);
#7808 = DIRECTION('',(0.57735026919,-0.57735026919,0.57735026919));
#7809 = ORIENTED_EDGE('',*,*,#7044,.T.);
#7810 = ORIENTED_EDGE('',*,*,#7780,.T.);
#7811 = ORIENTED_EDGE('',*,*,#7812,.F.);
#7812 = EDGE_CURVE('',#7803,#7781,#7813,.T.);
#7813 = LINE('',#7814,#7815);
#7814 = CARTESIAN_POINT('',(-0.15,7.5E-02,4.8));
#7815 = VECTOR('',#7816,1.);
#7816 = DIRECTION('',(1.,0.,0.));
#7817 = PLANE('',#7818);
#7818 = AXIS2_PLACEMENT_3D('',#7819,#7820,#7821);
#7819 = CARTESIAN_POINT('',(-0.15,0.1125,4.7625));
#7820 = DIRECTION('',(0.,0.707106781187,0.707106781187));
#7821 = DIRECTION('',(-1.,0.,0.));
#7822 = ADVANCED_FACE('',(#7823),#7841,.F.);
#7823 = FACE_BOUND('',#7824,.F.);
#7824 = EDGE_LOOP('',(#7825,#7833,#7834,#7835));
#7825 = ORIENTED_EDGE('',*,*,#7826,.F.);
#7826 = EDGE_CURVE('',#7059,#7827,#7829,.T.);
#7827 = VERTEX_POINT('',#7828);
#7828 = CARTESIAN_POINT('',(-7.5E-02,-7.5E-02,4.8));
#7829 = LINE('',#7830,#7831);
#7830 = CARTESIAN_POINT('',(-0.125,-0.125,4.75));
#7831 = VECTOR('',#7832,1.);
#7832 = DIRECTION('',(0.57735026919,0.57735026919,0.57735026919));
#7833 = ORIENTED_EDGE('',*,*,#7068,.T.);
#7834 = ORIENTED_EDGE('',*,*,#7802,.T.);
#7835 = ORIENTED_EDGE('',*,*,#7836,.F.);
#7836 = EDGE_CURVE('',#7827,#7803,#7837,.T.);
#7837 = LINE('',#7838,#7839);
#7838 = CARTESIAN_POINT('',(-7.5E-02,-0.15,4.8));
#7839 = VECTOR('',#7840,1.);
#7840 = DIRECTION('',(0.,1.,0.));
#7841 = PLANE('',#7842);
#7842 = AXIS2_PLACEMENT_3D('',#7843,#7844,#7845);
#7843 = CARTESIAN_POINT('',(-0.1125,-0.15,4.7625));
#7844 = DIRECTION('',(0.707106781187,0.,-0.707106781187));
#7845 = DIRECTION('',(0.,1.,0.));
#7846 = ADVANCED_FACE('',(#7847),#7858,.F.);
#7847 = FACE_BOUND('',#7848,.T.);
#7848 = EDGE_LOOP('',(#7849,#7850,#7851,#7852));
#7849 = ORIENTED_EDGE('',*,*,#7826,.F.);
#7850 = ORIENTED_EDGE('',*,*,#7085,.T.);
#7851 = ORIENTED_EDGE('',*,*,#7771,.T.);
#7852 = ORIENTED_EDGE('',*,*,#7853,.F.);
#7853 = EDGE_CURVE('',#7827,#7772,#7854,.T.);
#7854 = LINE('',#7855,#7856);
#7855 = CARTESIAN_POINT('',(-0.15,-7.5E-02,4.8));
#7856 = VECTOR('',#7857,1.);
#7857 = DIRECTION('',(1.,0.,0.));
#7858 = PLANE('',#7859);
#7859 = AXIS2_PLACEMENT_3D('',#7860,#7861,#7862);
#7860 = CARTESIAN_POINT('',(-0.15,-0.1125,4.7625));
#7861 = DIRECTION('',(0.,0.707106781187,-0.707106781187));
#7862 = DIRECTION('',(-1.,0.,-0.));
#7863 = ADVANCED_FACE('',(#7864),#7889,.T.);
#7864 = FACE_BOUND('',#7865,.F.);
#7865 = EDGE_LOOP('',(#7866,#7874,#7875,#7883));
#7866 = ORIENTED_EDGE('',*,*,#7867,.F.);
#7867 = EDGE_CURVE('',#7109,#7868,#7870,.T.);
#7868 = VERTEX_POINT('',#7869);
#7869 = CARTESIAN_POINT('',(-7.5E-02,-0.925,4.8));
#7870 = LINE('',#7871,#7872);
#7871 = CARTESIAN_POINT('',(-7.5E-02,-0.925,4.8));
#7872 = VECTOR('',#7873,1.);
#7873 = DIRECTION('',(0.57735026919,-0.57735026919,0.57735026919));
#7874 = ORIENTED_EDGE('',*,*,#7116,.T.);
#7875 = ORIENTED_EDGE('',*,*,#7876,.T.);
#7876 = EDGE_CURVE('',#7100,#7877,#7879,.T.);
#7877 = VERTEX_POINT('',#7878);
#7878 = CARTESIAN_POINT('',(7.5E-02,-0.925,4.8));
#7879 = LINE('',#7880,#7881);
#7880 = CARTESIAN_POINT('',(2.5E-02,-0.975,4.85));
#7881 = VECTOR('',#7882,1.);
#7882 = DIRECTION('',(-0.57735026919,-0.57735026919,0.57735026919));
#7883 = ORIENTED_EDGE('',*,*,#7884,.F.);
#7884 = EDGE_CURVE('',#7868,#7877,#7885,.T.);
#7885 = LINE('',#7886,#7887);
#7886 = CARTESIAN_POINT('',(-0.15,-0.925,4.8));
#7887 = VECTOR('',#7888,1.);
#7888 = DIRECTION('',(1.,0.,0.));
#7889 = PLANE('',#7890);
#7890 = AXIS2_PLACEMENT_3D('',#7891,#7892,#7893);
#7891 = CARTESIAN_POINT('',(-0.15,-0.8875,4.7625));
#7892 = DIRECTION('',(0.,0.707106781187,0.707106781187));
#7893 = DIRECTION('',(-1.,0.,0.));
#7894 = ADVANCED_FACE('',(#7895),#7913,.F.);
#7895 = FACE_BOUND('',#7896,.F.);
#7896 = EDGE_LOOP('',(#7897,#7905,#7906,#7907));
#7897 = ORIENTED_EDGE('',*,*,#7898,.F.);
#7898 = EDGE_CURVE('',#7131,#7899,#7901,.T.);
#7899 = VERTEX_POINT('',#7900);
#7900 = CARTESIAN_POINT('',(-7.5E-02,-1.075,4.8));
#7901 = LINE('',#7902,#7903);
#7902 = CARTESIAN_POINT('',(-0.125,-1.125,4.75));
#7903 = VECTOR('',#7904,1.);
#7904 = DIRECTION('',(0.57735026919,0.57735026919,0.57735026919));
#7905 = ORIENTED_EDGE('',*,*,#7140,.T.);
#7906 = ORIENTED_EDGE('',*,*,#7867,.T.);
#7907 = ORIENTED_EDGE('',*,*,#7908,.F.);
#7908 = EDGE_CURVE('',#7899,#7868,#7909,.T.);
#7909 = LINE('',#7910,#7911);
#7910 = CARTESIAN_POINT('',(-7.5E-02,-1.15,4.8));
#7911 = VECTOR('',#7912,1.);
#7912 = DIRECTION('',(0.,1.,0.));
#7913 = PLANE('',#7914);
#7914 = AXIS2_PLACEMENT_3D('',#7915,#7916,#7917);
#7915 = CARTESIAN_POINT('',(-0.1125,-1.15,4.7625));
#7916 = DIRECTION('',(0.707106781187,0.,-0.707106781187));
#7917 = DIRECTION('',(0.,1.,0.));
#7918 = ADVANCED_FACE('',(#7919),#7937,.F.);
#7919 = FACE_BOUND('',#7920,.T.);
#7920 = EDGE_LOOP('',(#7921,#7922,#7923,#7931));
#7921 = ORIENTED_EDGE('',*,*,#7898,.F.);
#7922 = ORIENTED_EDGE('',*,*,#7164,.T.);
#7923 = ORIENTED_EDGE('',*,*,#7924,.T.);
#7924 = EDGE_CURVE('',#7155,#7925,#7927,.T.);
#7925 = VERTEX_POINT('',#7926);
#7926 = CARTESIAN_POINT('',(7.5E-02,-1.075,4.8));
#7927 = LINE('',#7928,#7929);
#7928 = CARTESIAN_POINT('',(7.5E-02,-1.075,4.8));
#7929 = VECTOR('',#7930,1.);
#7930 = DIRECTION('',(-0.57735026919,0.57735026919,0.57735026919));
#7931 = ORIENTED_EDGE('',*,*,#7932,.F.);
#7932 = EDGE_CURVE('',#7899,#7925,#7933,.T.);
#7933 = LINE('',#7934,#7935);
#7934 = CARTESIAN_POINT('',(-0.15,-1.075,4.8));
#7935 = VECTOR('',#7936,1.);
#7936 = DIRECTION('',(1.,0.,0.));
#7937 = PLANE('',#7938);
#7938 = AXIS2_PLACEMENT_3D('',#7939,#7940,#7941);
#7939 = CARTESIAN_POINT('',(-0.15,-1.1125,4.7625));
#7940 = DIRECTION('',(0.,0.707106781187,-0.707106781187));
#7941 = DIRECTION('',(-1.,0.,-0.));
#7942 = ADVANCED_FACE('',(#7943),#7954,.T.);
#7943 = FACE_BOUND('',#7944,.T.);
#7944 = EDGE_LOOP('',(#7945,#7946,#7947,#7948));
#7945 = ORIENTED_EDGE('',*,*,#7924,.F.);
#7946 = ORIENTED_EDGE('',*,*,#7181,.T.);
#7947 = ORIENTED_EDGE('',*,*,#7876,.T.);
#7948 = ORIENTED_EDGE('',*,*,#7949,.F.);
#7949 = EDGE_CURVE('',#7925,#7877,#7950,.T.);
#7950 = LINE('',#7951,#7952);
#7951 = CARTESIAN_POINT('',(7.5E-02,-1.15,4.8));
#7952 = VECTOR('',#7953,1.);
#7953 = DIRECTION('',(0.,1.,0.));
#7954 = PLANE('',#7955);
#7955 = AXIS2_PLACEMENT_3D('',#7956,#7957,#7958);
#7956 = CARTESIAN_POINT('',(0.1125,-1.15,4.7625));
#7957 = DIRECTION('',(0.707106781187,0.,0.707106781187));
#7958 = DIRECTION('',(-0.,1.,0.));
#7959 = ADVANCED_FACE('',(#7960),#7966,.F.);
#7960 = FACE_BOUND('',#7961,.F.);
#7961 = EDGE_LOOP('',(#7962,#7963,#7964,#7965));
#7962 = ORIENTED_EDGE('',*,*,#7212,.F.);
#7963 = ORIENTED_EDGE('',*,*,#7236,.F.);
#7964 = ORIENTED_EDGE('',*,*,#7260,.T.);
#7965 = ORIENTED_EDGE('',*,*,#7277,.T.);
#7966 = PLANE('',#7967);
#7967 = AXIS2_PLACEMENT_3D('',#7968,#7969,#7970);
#7968 = CARTESIAN_POINT('',(-0.15,-2.15,-3.));
#7969 = DIRECTION('',(0.,0.,1.));
#7970 = DIRECTION('',(1.,0.,-0.));
#7971 = ADVANCED_FACE('',(#7972),#7978,.F.);
#7972 = FACE_BOUND('',#7973,.F.);
#7973 = EDGE_LOOP('',(#7974,#7975,#7976,#7977));
#7974 = ORIENTED_EDGE('',*,*,#7332,.F.);
#7975 = ORIENTED_EDGE('',*,*,#7356,.F.);
#7976 = ORIENTED_EDGE('',*,*,#7373,.T.);
#7977 = ORIENTED_EDGE('',*,*,#7308,.T.);
#7978 = PLANE('',#7979);
#7979 = AXIS2_PLACEMENT_3D('',#7980,#7981,#7982);
#7980 = CARTESIAN_POINT('',(-0.15,-3.15,-3.));
#7981 = DIRECTION('',(0.,0.,1.));
#7982 = DIRECTION('',(1.,0.,-0.));
#7983 = ADVANCED_FACE('',(#7984),#7990,.F.);
#7984 = FACE_BOUND('',#7985,.F.);
#7985 = EDGE_LOOP('',(#7986,#7987,#7988,#7989));
#7986 = ORIENTED_EDGE('',*,*,#7428,.F.);
#7987 = ORIENTED_EDGE('',*,*,#7452,.F.);
#7988 = ORIENTED_EDGE('',*,*,#7469,.T.);
#7989 = ORIENTED_EDGE('',*,*,#7404,.T.);
#7990 = PLANE('',#7991);
#7991 = AXIS2_PLACEMENT_3D('',#7992,#7993,#7994);
#7992 = CARTESIAN_POINT('',(-0.15,-0.15,-3.));
#7993 = DIRECTION('',(0.,0.,1.));
#7994 = DIRECTION('',(1.,0.,-0.));
#7995 = ADVANCED_FACE('',(#7996),#8002,.F.);
#7996 = FACE_BOUND('',#7997,.F.);
#7997 = EDGE_LOOP('',(#7998,#7999,#8000,#8001));
#7998 = ORIENTED_EDGE('',*,*,#7500,.F.);
#7999 = ORIENTED_EDGE('',*,*,#7524,.F.);
#8000 = ORIENTED_EDGE('',*,*,#7548,.T.);
#8001 = ORIENTED_EDGE('',*,*,#7565,.T.);
#8002 = PLANE('',#8003);
#8003 = AXIS2_PLACEMENT_3D('',#8004,#8005,#8006);
#8004 = CARTESIAN_POINT('',(-0.15,-1.15,-3.));
#8005 = DIRECTION('',(0.,0.,1.));
#8006 = DIRECTION('',(1.,0.,-0.));
#8007 = ADVANCED_FACE('',(#8008),#8014,.T.);
#8008 = FACE_BOUND('',#8009,.T.);
#8009 = EDGE_LOOP('',(#8010,#8011,#8012,#8013));
#8010 = ORIENTED_EDGE('',*,*,#7620,.F.);
#8011 = ORIENTED_EDGE('',*,*,#7644,.T.);
#8012 = ORIENTED_EDGE('',*,*,#7661,.T.);
#8013 = ORIENTED_EDGE('',*,*,#7596,.F.);
#8014 = PLANE('',#8015);
#8015 = AXIS2_PLACEMENT_3D('',#8016,#8017,#8018);
#8016 = CARTESIAN_POINT('',(-0.15,-2.15,4.8));
#8017 = DIRECTION('',(0.,0.,1.));
#8018 = DIRECTION('',(1.,0.,-0.));
#8019 = ADVANCED_FACE('',(#8020),#8026,.T.);
#8020 = FACE_BOUND('',#8021,.T.);
#8021 = EDGE_LOOP('',(#8022,#8023,#8024,#8025));
#8022 = ORIENTED_EDGE('',*,*,#7740,.F.);
#8023 = ORIENTED_EDGE('',*,*,#7757,.T.);
#8024 = ORIENTED_EDGE('',*,*,#7692,.T.);
#8025 = ORIENTED_EDGE('',*,*,#7716,.F.);
#8026 = PLANE('',#8027);
#8027 = AXIS2_PLACEMENT_3D('',#8028,#8029,#8030);
#8028 = CARTESIAN_POINT('',(-0.15,-3.15,4.8));
#8029 = DIRECTION('',(0.,0.,1.));
#8030 = DIRECTION('',(1.,0.,-0.));
#8031 = ADVANCED_FACE('',(#8032),#8038,.T.);
#8032 = FACE_BOUND('',#8033,.T.);
#8033 = EDGE_LOOP('',(#8034,#8035,#8036,#8037));
#8034 = ORIENTED_EDGE('',*,*,#7836,.F.);
#8035 = ORIENTED_EDGE('',*,*,#7853,.T.);
#8036 = ORIENTED_EDGE('',*,*,#7788,.T.);
#8037 = ORIENTED_EDGE('',*,*,#7812,.F.);
#8038 = PLANE('',#8039);
#8039 = AXIS2_PLACEMENT_3D('',#8040,#8041,#8042);
#8040 = CARTESIAN_POINT('',(-0.15,-0.15,4.8));
#8041 = DIRECTION('',(0.,0.,1.));
#8042 = DIRECTION('',(1.,0.,-0.));
#8043 = ADVANCED_FACE('',(#8044),#8050,.T.);
#8044 = FACE_BOUND('',#8045,.T.);
#8045 = EDGE_LOOP('',(#8046,#8047,#8048,#8049));
#8046 = ORIENTED_EDGE('',*,*,#7908,.F.);
#8047 = ORIENTED_EDGE('',*,*,#7932,.T.);
#8048 = ORIENTED_EDGE('',*,*,#7949,.T.);
#8049 = ORIENTED_EDGE('',*,*,#7884,.F.);
#8050 = PLANE('',#8051);
#8051 = AXIS2_PLACEMENT_3D('',#8052,#8053,#8054);
#8052 = CARTESIAN_POINT('',(-0.15,-1.15,4.8));
#8053 = DIRECTION('',(0.,0.,1.));
#8054 = DIRECTION('',(1.,0.,-0.));
#8055 = ( GEOMETRIC_REPRESENTATION_CONTEXT(3) 
GLOBAL_UNCERTAINTY_ASSIGNED_CONTEXT((#8059)) 
GLOBAL_UNIT_ASSIGNED_CONTEXT((#8056,#8057,#8058)) REPRESENTATION_CONTEXT
('Context #1','3D Context with UNIT and UNCERTAINTY') );
#8056 = ( LENGTH_UNIT() NAMED_UNIT(*) SI_UNIT(.MILLI.,.METRE.) );
#8057 = ( NAMED_UNIT(*) PLANE_ANGLE_UNIT() SI_UNIT($,.RADIAN.) );
#8058 = ( NAMED_UNIT(*) SI_UNIT($,.STERADIAN.) SOLID_ANGLE_UNIT() );
#8059 = UNCERTAINTY_MEASURE_WITH_UNIT(LENGTH_MEASURE(1.E-07),#8056,
  'distance_accuracy_value','confusion accuracy');
#8060 = CONTEXT_DEPENDENT_SHAPE_REPRESENTATION(#8061,#8063);
#8061 = ( REPRESENTATION_RELATIONSHIP('','',#5274,#5251) 
REPRESENTATION_RELATIONSHIP_WITH_TRANSFORMATION(#8062) 
SHAPE_REPRESENTATION_RELATIONSHIP() );
#8062 = ITEM_DEFINED_TRANSFORMATION('','',#11,#5252);
#8063 = PRODUCT_DEFINITION_SHAPE('Placement','Placement of an item',
  #8064);
#8064 = NEXT_ASSEMBLY_USAGE_OCCURRENCE('8','=>[0:1:1:9]','',#5246,#5269,
  $);
#8065 = PRODUCT_RELATED_PRODUCT_CATEGORY('part',$,(#5271));
#8066 = SHAPE_DEFINITION_REPRESENTATION(#8067,#8073);
#8067 = PRODUCT_DEFINITION_SHAPE('','',#8068);
#8068 = PRODUCT_DEFINITION('design','',#8069,#8072);
#8069 = PRODUCT_DEFINITION_FORMATION('','',#8070);
#8070 = PRODUCT('LED_D3.0mm','LED_D3.0mm','',(#8071));
#8071 = PRODUCT_CONTEXT('',#2,'mechanical');
#8072 = PRODUCT_DEFINITION_CONTEXT('part definition',#2,'design');
#8073 = SHAPE_REPRESENTATION('',(#11,#8074),#8078);
#8074 = AXIS2_PLACEMENT_3D('',#8075,#8076,#8077);
#8075 = CARTESIAN_POINT('',(0.,0.,0.));
#8076 = DIRECTION('',(0.,0.,1.));
#8077 = DIRECTION('',(1.,0.,-0.));
#8078 = ( GEOMETRIC_REPRESENTATION_CONTEXT(3) 
GLOBAL_UNCERTAINTY_ASSIGNED_CONTEXT((#8082)) 
GLOBAL_UNIT_ASSIGNED_CONTEXT((#8079,#8080,#8081)) REPRESENTATION_CONTEXT
('Context #1','3D Context with UNIT and UNCERTAINTY') );
#8079 = ( LENGTH_UNIT() NAMED_UNIT(*) SI_UNIT(.MILLI.,.METRE.) );
#8080 = ( NAMED_UNIT(*) PLANE_ANGLE_UNIT() SI_UNIT($,.RADIAN.) );
#8081 = ( NAMED_UNIT(*) SI_UNIT($,.STERADIAN.) SOLID_ANGLE_UNIT() );
#8082 = UNCERTAINTY_MEASURE_WITH_UNIT(LENGTH_MEASURE(1.E-07),#8079,
  'distance_accuracy_value','confusion accuracy');
#8083 = CONTEXT_DEPENDENT_SHAPE_REPRESENTATION(#8084,#8086);
#8084 = ( REPRESENTATION_RELATIONSHIP('','',#8073,#10) 
REPRESENTATION_RELATIONSHIP_WITH_TRANSFORMATION(#8085) 
SHAPE_REPRESENTATION_RELATIONSHIP() );
#8085 = ITEM_DEFINED_TRANSFORMATION('','',#11,#35);
#8086 = PRODUCT_DEFINITION_SHAPE('Placement','Placement of an item',
  #8087);
#8087 = NEXT_ASSEMBLY_USAGE_OCCURRENCE('11','D1','',#5,#8068,$);
#8088 = PRODUCT_RELATED_PRODUCT_CATEGORY('part',$,(#8070));
#8089 = SHAPE_DEFINITION_REPRESENTATION(#8090,#8096);
#8090 = PRODUCT_DEFINITION_SHAPE('','',#8091);
#8091 = PRODUCT_DEFINITION('design','',#8092,#8095);
#8092 = PRODUCT_DEFINITION_FORMATION('','',#8093);
#8093 = PRODUCT('LED_D3.0mm','LED_D3.0mm','',(#8094));
#8094 = PRODUCT_CONTEXT('',#2,'mechanical');
#8095 = PRODUCT_DEFINITION_CONTEXT('part definition',#2,'design');
#8096 = ADVANCED_BREP_SHAPE_REPRESENTATION('',(#11,#8097),#8560);
#8097 = MANIFOLD_SOLID_BREP('',#8098);
#8098 = CLOSED_SHELL('',(#8099,#8126,#8171,#8215,#8247,#8266,#8344,#8375
    ,#8399,#8423,#8440,#8471,#8495,#8519,#8536,#8548));
#8099 = ADVANCED_FACE('',(#8100),#8121,.T.);
#8100 = FACE_BOUND('',#8101,.T.);
#8101 = EDGE_LOOP('',(#8102,#8113,#8114));
#8102 = ORIENTED_EDGE('',*,*,#8103,.T.);
#8103 = EDGE_CURVE('',#8104,#8106,#8108,.T.);
#8104 = VERTEX_POINT('',#8105);
#8105 = CARTESIAN_POINT('',(2.77,-1.50990331349E-15,6.8));
#8106 = VERTEX_POINT('',#8107);
#8107 = CARTESIAN_POINT('',(1.27,-1.842970220878E-15,8.3));
#8108 = CIRCLE('',#8109,1.5);
#8109 = AXIS2_PLACEMENT_3D('',#8110,#8111,#8112);
#8110 = CARTESIAN_POINT('',(1.27,-1.50990331349E-15,6.8));
#8111 = DIRECTION('',(0.,-1.,-2.22044604925E-16));
#8112 = DIRECTION('',(1.,0.,0.));
#8113 = ORIENTED_EDGE('',*,*,#8103,.F.);
#8114 = ORIENTED_EDGE('',*,*,#8115,.F.);
#8115 = EDGE_CURVE('',#8104,#8104,#8116,.T.);
#8116 = CIRCLE('',#8117,1.5);
#8117 = AXIS2_PLACEMENT_3D('',#8118,#8119,#8120);
#8118 = CARTESIAN_POINT('',(1.27,-1.50990331349E-15,6.8));
#8119 = DIRECTION('',(0.,2.22044604925E-16,-1.));
#8120 = DIRECTION('',(1.,0.,0.));
#8121 = SPHERICAL_SURFACE('',#8122,1.5);
#8122 = AXIS2_PLACEMENT_3D('',#8123,#8124,#8125);
#8123 = CARTESIAN_POINT('',(1.27,-1.50990331349E-15,6.8));
#8124 = DIRECTION('',(0.,-2.22044604925E-16,1.));
#8125 = DIRECTION('',(1.,0.,0.));
#8126 = ADVANCED_FACE('',(#8127),#8166,.T.);
#8127 = FACE_BOUND('',#8128,.T.);
#8128 = EDGE_LOOP('',(#8129,#8137,#8138,#8139,#8148,#8157));
#8129 = ORIENTED_EDGE('',*,*,#8130,.F.);
#8130 = EDGE_CURVE('',#8104,#8131,#8133,.T.);
#8131 = VERTEX_POINT('',#8132);
#8132 = CARTESIAN_POINT('',(2.77,-8.881784197001E-16,4.));
#8133 = LINE('',#8134,#8135);
#8134 = CARTESIAN_POINT('',(2.77,-1.50990331349E-15,6.8));
#8135 = VECTOR('',#8136,1.);
#8136 = DIRECTION('',(0.,2.22044604925E-16,-1.));
#8137 = ORIENTED_EDGE('',*,*,#8115,.T.);
#8138 = ORIENTED_EDGE('',*,*,#8130,.T.);
#8139 = ORIENTED_EDGE('',*,*,#8140,.F.);
#8140 = EDGE_CURVE('',#8141,#8131,#8143,.T.);
#8141 = VERTEX_POINT('',#8142);
#8142 = CARTESIAN_POINT('',(-0.23,-1.091049232099E-15,4.));
#8143 = CIRCLE('',#8144,1.5);
#8144 = AXIS2_PLACEMENT_3D('',#8145,#8146,#8147);
#8145 = CARTESIAN_POINT('',(1.27,-8.881784197001E-16,4.));
#8146 = DIRECTION('',(0.,2.22044604925E-16,-1.));
#8147 = DIRECTION('',(1.,0.,0.));
#8148 = ORIENTED_EDGE('',*,*,#8149,.F.);
#8149 = EDGE_CURVE('',#8150,#8141,#8152,.T.);
#8150 = VERTEX_POINT('',#8151);
#8151 = CARTESIAN_POINT('',(-0.23,-7.823615514024E-09,4.));
#8152 = CIRCLE('',#8153,1.5);
#8153 = AXIS2_PLACEMENT_3D('',#8154,#8155,#8156);
#8154 = CARTESIAN_POINT('',(1.27,-8.881784197001E-16,4.));
#8155 = DIRECTION('',(0.,2.22044604925E-16,-1.));
#8156 = DIRECTION('',(1.,0.,0.));
#8157 = ORIENTED_EDGE('',*,*,#8158,.F.);
#8158 = EDGE_CURVE('',#8131,#8159,#8161,.T.);
#8159 = VERTEX_POINT('',#8160);
#8160 = CARTESIAN_POINT('',(-0.23,-7.823615514024E-09,4.));
#8161 = CIRCLE('',#8162,1.5);
#8162 = AXIS2_PLACEMENT_3D('',#8163,#8164,#8165);
#8163 = CARTESIAN_POINT('',(1.27,-8.881784197001E-16,4.));
#8164 = DIRECTION('',(0.,2.22044604925E-16,-1.));
#8165 = DIRECTION('',(1.,0.,0.));
#8166 = CYLINDRICAL_SURFACE('',#8167,1.5);
#8167 = AXIS2_PLACEMENT_3D('',#8168,#8169,#8170);
#8168 = CARTESIAN_POINT('',(1.27,-1.50990331349E-15,6.8));
#8169 = DIRECTION('',(0.,2.22044604925E-16,-1.));
#8170 = DIRECTION('',(1.,0.,0.));
#8171 = ADVANCED_FACE('',(#8172,#8205),#8210,.F.);
#8172 = FACE_BOUND('',#8173,.F.);
#8173 = EDGE_LOOP('',(#8174,#8185,#8191,#8199));
#8174 = ORIENTED_EDGE('',*,*,#8175,.F.);
#8175 = EDGE_CURVE('',#8176,#8178,#8180,.T.);
#8176 = VERTEX_POINT('',#8177);
#8177 = CARTESIAN_POINT('',(-0.23,-1.16619037897,4.));
#8178 = VERTEX_POINT('',#8179);
#8179 = CARTESIAN_POINT('',(-0.23,1.16619037897,4.));
#8180 = CIRCLE('',#8181,1.9);
#8181 = AXIS2_PLACEMENT_3D('',#8182,#8183,#8184);
#8182 = CARTESIAN_POINT('',(1.27,0.,4.));
#8183 = DIRECTION('',(0.,0.,1.));
#8184 = DIRECTION('',(1.,0.,-0.));
#8185 = ORIENTED_EDGE('',*,*,#8186,.T.);
#8186 = EDGE_CURVE('',#8176,#8150,#8187,.T.);
#8187 = LINE('',#8188,#8189);
#8188 = CARTESIAN_POINT('',(-0.23,-1.16619037897,4.));
#8189 = VECTOR('',#8190,1.);
#8190 = DIRECTION('',(0.,1.,0.));
#8191 = ORIENTED_EDGE('',*,*,#8192,.T.);
#8192 = EDGE_CURVE('',#8150,#8193,#8195,.T.);
#8193 = VERTEX_POINT('',#8194);
#8194 = CARTESIAN_POINT('',(-0.23,-1.091049232099E-15,4.));
#8195 = LINE('',#8196,#8197);
#8196 = CARTESIAN_POINT('',(-0.23,-1.16619037897,4.));
#8197 = VECTOR('',#8198,1.);
#8198 = DIRECTION('',(0.,1.,0.));
#8199 = ORIENTED_EDGE('',*,*,#8200,.T.);
#8200 = EDGE_CURVE('',#8193,#8178,#8201,.T.);
#8201 = LINE('',#8202,#8203);
#8202 = CARTESIAN_POINT('',(-0.23,-1.16619037897,4.));
#8203 = VECTOR('',#8204,1.);
#8204 = DIRECTION('',(0.,1.,0.));
#8205 = FACE_BOUND('',#8206,.F.);
#8206 = EDGE_LOOP('',(#8207,#8208,#8209));
#8207 = ORIENTED_EDGE('',*,*,#8140,.F.);
#8208 = ORIENTED_EDGE('',*,*,#8149,.F.);
#8209 = ORIENTED_EDGE('',*,*,#8158,.F.);
#8210 = PLANE('',#8211);
#8211 = AXIS2_PLACEMENT_3D('',#8212,#8213,#8214);
#8212 = CARTESIAN_POINT('',(-0.23,-1.166190378969,4.));
#8213 = DIRECTION('',(0.,0.,-1.));
#8214 = DIRECTION('',(-1.,0.,0.));
#8215 = ADVANCED_FACE('',(#8216),#8242,.T.);
#8216 = FACE_BOUND('',#8217,.T.);
#8217 = EDGE_LOOP('',(#8218,#8229,#8235,#8236));
#8218 = ORIENTED_EDGE('',*,*,#8219,.T.);
#8219 = EDGE_CURVE('',#8220,#8222,#8224,.T.);
#8220 = VERTEX_POINT('',#8221);
#8221 = CARTESIAN_POINT('',(-0.23,-1.16619037897,3.));
#8222 = VERTEX_POINT('',#8223);
#8223 = CARTESIAN_POINT('',(-0.23,1.16619037897,3.));
#8224 = CIRCLE('',#8225,1.9);
#8225 = AXIS2_PLACEMENT_3D('',#8226,#8227,#8228);
#8226 = CARTESIAN_POINT('',(1.27,0.,3.));
#8227 = DIRECTION('',(0.,0.,1.));
#8228 = DIRECTION('',(1.,0.,-0.));
#8229 = ORIENTED_EDGE('',*,*,#8230,.T.);
#8230 = EDGE_CURVE('',#8222,#8178,#8231,.T.);
#8231 = LINE('',#8232,#8233);
#8232 = CARTESIAN_POINT('',(-0.23,1.16619037897,3.));
#8233 = VECTOR('',#8234,1.);
#8234 = DIRECTION('',(0.,0.,1.));
#8235 = ORIENTED_EDGE('',*,*,#8175,.F.);
#8236 = ORIENTED_EDGE('',*,*,#8237,.F.);
#8237 = EDGE_CURVE('',#8220,#8176,#8238,.T.);
#8238 = LINE('',#8239,#8240);
#8239 = CARTESIAN_POINT('',(-0.23,-1.16619037897,3.));
#8240 = VECTOR('',#8241,1.);
#8241 = DIRECTION('',(0.,0.,1.));
#8242 = CYLINDRICAL_SURFACE('',#8243,1.9);
#8243 = AXIS2_PLACEMENT_3D('',#8244,#8245,#8246);
#8244 = CARTESIAN_POINT('',(1.27,0.,3.));
#8245 = DIRECTION('',(-0.,-0.,-1.));
#8246 = DIRECTION('',(1.,0.,0.));
#8247 = ADVANCED_FACE('',(#8248),#8261,.T.);
#8248 = FACE_BOUND('',#8249,.T.);
#8249 = EDGE_LOOP('',(#8250,#8251,#8252,#8253,#8254,#8255));
#8250 = ORIENTED_EDGE('',*,*,#8237,.T.);
#8251 = ORIENTED_EDGE('',*,*,#8186,.T.);
#8252 = ORIENTED_EDGE('',*,*,#8192,.T.);
#8253 = ORIENTED_EDGE('',*,*,#8200,.T.);
#8254 = ORIENTED_EDGE('',*,*,#8230,.F.);
#8255 = ORIENTED_EDGE('',*,*,#8256,.F.);
#8256 = EDGE_CURVE('',#8220,#8222,#8257,.T.);
#8257 = LINE('',#8258,#8259);
#8258 = CARTESIAN_POINT('',(-0.23,-1.16619037897,3.));
#8259 = VECTOR('',#8260,1.);
#8260 = DIRECTION('',(0.,1.,0.));
#8261 = PLANE('',#8262);
#8262 = AXIS2_PLACEMENT_3D('',#8263,#8264,#8265);
#8263 = CARTESIAN_POINT('',(-0.23,-1.16619037897,3.));
#8264 = DIRECTION('',(-1.,0.,0.));
#8265 = DIRECTION('',(0.,1.,0.));
#8266 = ADVANCED_FACE('',(#8267,#8271,#8305),#8339,.T.);
#8267 = FACE_BOUND('',#8268,.T.);
#8268 = EDGE_LOOP('',(#8269,#8270));
#8269 = ORIENTED_EDGE('',*,*,#8219,.F.);
#8270 = ORIENTED_EDGE('',*,*,#8256,.T.);
#8271 = FACE_BOUND('',#8272,.T.);
#8272 = EDGE_LOOP('',(#8273,#8283,#8291,#8299));
#8273 = ORIENTED_EDGE('',*,*,#8274,.T.);
#8274 = EDGE_CURVE('',#8275,#8277,#8279,.T.);
#8275 = VERTEX_POINT('',#8276);
#8276 = CARTESIAN_POINT('',(0.2,-0.2,3.));
#8277 = VERTEX_POINT('',#8278);
#8278 = CARTESIAN_POINT('',(0.2,0.2,3.));
#8279 = LINE('',#8280,#8281);
#8280 = CARTESIAN_POINT('',(0.2,-0.483095189485,3.));
#8281 = VECTOR('',#8282,1.);
#8282 = DIRECTION('',(0.,1.,0.));
#8283 = ORIENTED_EDGE('',*,*,#8284,.T.);
#8284 = EDGE_CURVE('',#8277,#8285,#8287,.T.);
#8285 = VERTEX_POINT('',#8286);
#8286 = CARTESIAN_POINT('',(-0.2,0.2,3.));
#8287 = LINE('',#8288,#8289);
#8288 = CARTESIAN_POINT('',(-0.215,0.2,3.));
#8289 = VECTOR('',#8290,1.);
#8290 = DIRECTION('',(-1.,-0.,-0.));
#8291 = ORIENTED_EDGE('',*,*,#8292,.T.);
#8292 = EDGE_CURVE('',#8285,#8293,#8295,.T.);
#8293 = VERTEX_POINT('',#8294);
#8294 = CARTESIAN_POINT('',(-0.2,-0.2,3.));
#8295 = LINE('',#8296,#8297);
#8296 = CARTESIAN_POINT('',(-0.2,-0.683095189485,3.));
#8297 = VECTOR('',#8298,1.);
#8298 = DIRECTION('',(0.,-1.,0.));
#8299 = ORIENTED_EDGE('',*,*,#8300,.T.);
#8300 = EDGE_CURVE('',#8293,#8275,#8301,.T.);
#8301 = LINE('',#8302,#8303);
#8302 = CARTESIAN_POINT('',(-1.499999999986E-02,-0.2,3.));
#8303 = VECTOR('',#8304,1.);
#8304 = DIRECTION('',(1.,0.,0.));
#8305 = FACE_BOUND('',#8306,.T.);
#8306 = EDGE_LOOP('',(#8307,#8317,#8325,#8333));
#8307 = ORIENTED_EDGE('',*,*,#8308,.T.);
#8308 = EDGE_CURVE('',#8309,#8311,#8313,.T.);
#8309 = VERTEX_POINT('',#8310);
#8310 = CARTESIAN_POINT('',(2.74,0.2,3.));
#8311 = VERTEX_POINT('',#8312);
#8312 = CARTESIAN_POINT('',(2.34,0.2,3.));
#8313 = LINE('',#8314,#8315);
#8314 = CARTESIAN_POINT('',(1.055,0.2,3.));
#8315 = VECTOR('',#8316,1.);
#8316 = DIRECTION('',(-1.,-0.,-0.));
#8317 = ORIENTED_EDGE('',*,*,#8318,.T.);
#8318 = EDGE_CURVE('',#8311,#8319,#8321,.T.);
#8319 = VERTEX_POINT('',#8320);
#8320 = CARTESIAN_POINT('',(2.34,-0.2,3.));
#8321 = LINE('',#8322,#8323);
#8322 = CARTESIAN_POINT('',(2.34,-0.683095189485,3.));
#8323 = VECTOR('',#8324,1.);
#8324 = DIRECTION('',(0.,-1.,0.));
#8325 = ORIENTED_EDGE('',*,*,#8326,.T.);
#8326 = EDGE_CURVE('',#8319,#8327,#8329,.T.);
#8327 = VERTEX_POINT('',#8328);
#8328 = CARTESIAN_POINT('',(2.74,-0.2,3.));
#8329 = LINE('',#8330,#8331);
#8330 = CARTESIAN_POINT('',(1.255,-0.2,3.));
#8331 = VECTOR('',#8332,1.);
#8332 = DIRECTION('',(1.,0.,0.));
#8333 = ORIENTED_EDGE('',*,*,#8334,.T.);
#8334 = EDGE_CURVE('',#8327,#8309,#8335,.T.);
#8335 = LINE('',#8336,#8337);
#8336 = CARTESIAN_POINT('',(2.74,-0.483095189485,3.));
#8337 = VECTOR('',#8338,1.);
#8338 = DIRECTION('',(0.,1.,0.));
#8339 = PLANE('',#8340);
#8340 = AXIS2_PLACEMENT_3D('',#8341,#8342,#8343);
#8341 = CARTESIAN_POINT('',(-0.23,-1.166190378969,3.));
#8342 = DIRECTION('',(0.,0.,-1.));
#8343 = DIRECTION('',(-1.,0.,0.));
#8344 = ADVANCED_FACE('',(#8345),#8370,.F.);
#8345 = FACE_BOUND('',#8346,.F.);
#8346 = EDGE_LOOP('',(#8347,#8348,#8356,#8364));
#8347 = ORIENTED_EDGE('',*,*,#8274,.T.);
#8348 = ORIENTED_EDGE('',*,*,#8349,.T.);
#8349 = EDGE_CURVE('',#8277,#8350,#8352,.T.);
#8350 = VERTEX_POINT('',#8351);
#8351 = CARTESIAN_POINT('',(0.2,0.2,-2.5));
#8352 = LINE('',#8353,#8354);
#8353 = CARTESIAN_POINT('',(0.2,0.2,3.5));
#8354 = VECTOR('',#8355,1.);
#8355 = DIRECTION('',(-0.,-0.,-1.));
#8356 = ORIENTED_EDGE('',*,*,#8357,.T.);
#8357 = EDGE_CURVE('',#8350,#8358,#8360,.T.);
#8358 = VERTEX_POINT('',#8359);
#8359 = CARTESIAN_POINT('',(0.2,-0.2,-2.5));
#8360 = LINE('',#8361,#8362);
#8361 = CARTESIAN_POINT('',(0.2,0.2,-2.5));
#8362 = VECTOR('',#8363,1.);
#8363 = DIRECTION('',(0.,-1.,0.));
#8364 = ORIENTED_EDGE('',*,*,#8365,.F.);
#8365 = EDGE_CURVE('',#8275,#8358,#8366,.T.);
#8366 = LINE('',#8367,#8368);
#8367 = CARTESIAN_POINT('',(0.2,-0.2,3.5));
#8368 = VECTOR('',#8369,1.);
#8369 = DIRECTION('',(-0.,-0.,-1.));
#8370 = PLANE('',#8371);
#8371 = AXIS2_PLACEMENT_3D('',#8372,#8373,#8374);
#8372 = CARTESIAN_POINT('',(0.2,0.2,3.5));
#8373 = DIRECTION('',(-1.,0.,0.));
#8374 = DIRECTION('',(0.,-1.,0.));
#8375 = ADVANCED_FACE('',(#8376),#8394,.F.);
#8376 = FACE_BOUND('',#8377,.F.);
#8377 = EDGE_LOOP('',(#8378,#8379,#8380,#8388));
#8378 = ORIENTED_EDGE('',*,*,#8300,.T.);
#8379 = ORIENTED_EDGE('',*,*,#8365,.T.);
#8380 = ORIENTED_EDGE('',*,*,#8381,.T.);
#8381 = EDGE_CURVE('',#8358,#8382,#8384,.T.);
#8382 = VERTEX_POINT('',#8383);
#8383 = CARTESIAN_POINT('',(-0.2,-0.2,-2.5));
#8384 = LINE('',#8385,#8386);
#8385 = CARTESIAN_POINT('',(0.2,-0.2,-2.5));
#8386 = VECTOR('',#8387,1.);
#8387 = DIRECTION('',(-1.,0.,0.));
#8388 = ORIENTED_EDGE('',*,*,#8389,.F.);
#8389 = EDGE_CURVE('',#8293,#8382,#8390,.T.);
#8390 = LINE('',#8391,#8392);
#8391 = CARTESIAN_POINT('',(-0.2,-0.2,3.5));
#8392 = VECTOR('',#8393,1.);
#8393 = DIRECTION('',(-0.,-0.,-1.));
#8394 = PLANE('',#8395);
#8395 = AXIS2_PLACEMENT_3D('',#8396,#8397,#8398);
#8396 = CARTESIAN_POINT('',(0.2,-0.2,3.5));
#8397 = DIRECTION('',(0.,1.,0.));
#8398 = DIRECTION('',(-1.,0.,0.));
#8399 = ADVANCED_FACE('',(#8400),#8418,.F.);
#8400 = FACE_BOUND('',#8401,.F.);
#8401 = EDGE_LOOP('',(#8402,#8403,#8404,#8412));
#8402 = ORIENTED_EDGE('',*,*,#8292,.T.);
#8403 = ORIENTED_EDGE('',*,*,#8389,.T.);
#8404 = ORIENTED_EDGE('',*,*,#8405,.T.);
#8405 = EDGE_CURVE('',#8382,#8406,#8408,.T.);
#8406 = VERTEX_POINT('',#8407);
#8407 = CARTESIAN_POINT('',(-0.2,0.2,-2.5));
#8408 = LINE('',#8409,#8410);
#8409 = CARTESIAN_POINT('',(-0.2,-0.2,-2.5));
#8410 = VECTOR('',#8411,1.);
#8411 = DIRECTION('',(0.,1.,0.));
#8412 = ORIENTED_EDGE('',*,*,#8413,.F.);
#8413 = EDGE_CURVE('',#8285,#8406,#8414,.T.);
#8414 = LINE('',#8415,#8416);
#8415 = CARTESIAN_POINT('',(-0.2,0.2,3.5));
#8416 = VECTOR('',#8417,1.);
#8417 = DIRECTION('',(-0.,-0.,-1.));
#8418 = PLANE('',#8419);
#8419 = AXIS2_PLACEMENT_3D('',#8420,#8421,#8422);
#8420 = CARTESIAN_POINT('',(-0.2,-0.2,3.5));
#8421 = DIRECTION('',(1.,0.,0.));
#8422 = DIRECTION('',(-0.,1.,0.));
#8423 = ADVANCED_FACE('',(#8424),#8435,.F.);
#8424 = FACE_BOUND('',#8425,.F.);
#8425 = EDGE_LOOP('',(#8426,#8427,#8428,#8434));
#8426 = ORIENTED_EDGE('',*,*,#8284,.T.);
#8427 = ORIENTED_EDGE('',*,*,#8413,.T.);
#8428 = ORIENTED_EDGE('',*,*,#8429,.T.);
#8429 = EDGE_CURVE('',#8406,#8350,#8430,.T.);
#8430 = LINE('',#8431,#8432);
#8431 = CARTESIAN_POINT('',(-0.2,0.2,-2.5));
#8432 = VECTOR('',#8433,1.);
#8433 = DIRECTION('',(1.,0.,0.));
#8434 = ORIENTED_EDGE('',*,*,#8349,.F.);
#8435 = PLANE('',#8436);
#8436 = AXIS2_PLACEMENT_3D('',#8437,#8438,#8439);
#8437 = CARTESIAN_POINT('',(-0.2,0.2,3.5));
#8438 = DIRECTION('',(0.,-1.,0.));
#8439 = DIRECTION('',(1.,0.,0.));
#8440 = ADVANCED_FACE('',(#8441),#8466,.F.);
#8441 = FACE_BOUND('',#8442,.F.);
#8442 = EDGE_LOOP('',(#8443,#8444,#8452,#8460));
#8443 = ORIENTED_EDGE('',*,*,#8308,.T.);
#8444 = ORIENTED_EDGE('',*,*,#8445,.T.);
#8445 = EDGE_CURVE('',#8311,#8446,#8448,.T.);
#8446 = VERTEX_POINT('',#8447);
#8447 = CARTESIAN_POINT('',(2.34,0.2,-2.5));
#8448 = LINE('',#8449,#8450);
#8449 = CARTESIAN_POINT('',(2.34,0.2,3.5));
#8450 = VECTOR('',#8451,1.);
#8451 = DIRECTION('',(-0.,-0.,-1.));
#8452 = ORIENTED_EDGE('',*,*,#8453,.T.);
#8453 = EDGE_CURVE('',#8446,#8454,#8456,.T.);
#8454 = VERTEX_POINT('',#8455);
#8455 = CARTESIAN_POINT('',(2.74,0.2,-2.5));
#8456 = LINE('',#8457,#8458);
#8457 = CARTESIAN_POINT('',(2.34,0.2,-2.5));
#8458 = VECTOR('',#8459,1.);
#8459 = DIRECTION('',(1.,0.,0.));
#8460 = ORIENTED_EDGE('',*,*,#8461,.F.);
#8461 = EDGE_CURVE('',#8309,#8454,#8462,.T.);
#8462 = LINE('',#8463,#8464);
#8463 = CARTESIAN_POINT('',(2.74,0.2,3.5));
#8464 = VECTOR('',#8465,1.);
#8465 = DIRECTION('',(-0.,-0.,-1.));
#8466 = PLANE('',#8467);
#8467 = AXIS2_PLACEMENT_3D('',#8468,#8469,#8470);
#8468 = CARTESIAN_POINT('',(2.34,0.2,3.5));
#8469 = DIRECTION('',(0.,-1.,0.));
#8470 = DIRECTION('',(1.,0.,0.));
#8471 = ADVANCED_FACE('',(#8472),#8490,.F.);
#8472 = FACE_BOUND('',#8473,.F.);
#8473 = EDGE_LOOP('',(#8474,#8475,#8476,#8484));
#8474 = ORIENTED_EDGE('',*,*,#8334,.T.);
#8475 = ORIENTED_EDGE('',*,*,#8461,.T.);
#8476 = ORIENTED_EDGE('',*,*,#8477,.T.);
#8477 = EDGE_CURVE('',#8454,#8478,#8480,.T.);
#8478 = VERTEX_POINT('',#8479);
#8479 = CARTESIAN_POINT('',(2.74,-0.2,-2.5));
#8480 = LINE('',#8481,#8482);
#8481 = CARTESIAN_POINT('',(2.74,0.2,-2.5));
#8482 = VECTOR('',#8483,1.);
#8483 = DIRECTION('',(0.,-1.,0.));
#8484 = ORIENTED_EDGE('',*,*,#8485,.F.);
#8485 = EDGE_CURVE('',#8327,#8478,#8486,.T.);
#8486 = LINE('',#8487,#8488);
#8487 = CARTESIAN_POINT('',(2.74,-0.2,3.5));
#8488 = VECTOR('',#8489,1.);
#8489 = DIRECTION('',(-0.,-0.,-1.));
#8490 = PLANE('',#8491);
#8491 = AXIS2_PLACEMENT_3D('',#8492,#8493,#8494);
#8492 = CARTESIAN_POINT('',(2.74,0.2,3.5));
#8493 = DIRECTION('',(-1.,0.,0.));
#8494 = DIRECTION('',(0.,-1.,0.));
#8495 = ADVANCED_FACE('',(#8496),#8514,.F.);
#8496 = FACE_BOUND('',#8497,.F.);
#8497 = EDGE_LOOP('',(#8498,#8499,#8500,#8508));
#8498 = ORIENTED_EDGE('',*,*,#8326,.T.);
#8499 = ORIENTED_EDGE('',*,*,#8485,.T.);
#8500 = ORIENTED_EDGE('',*,*,#8501,.T.);
#8501 = EDGE_CURVE('',#8478,#8502,#8504,.T.);
#8502 = VERTEX_POINT('',#8503);
#8503 = CARTESIAN_POINT('',(2.34,-0.2,-2.5));
#8504 = LINE('',#8505,#8506);
#8505 = CARTESIAN_POINT('',(2.74,-0.2,-2.5));
#8506 = VECTOR('',#8507,1.);
#8507 = DIRECTION('',(-1.,0.,0.));
#8508 = ORIENTED_EDGE('',*,*,#8509,.F.);
#8509 = EDGE_CURVE('',#8319,#8502,#8510,.T.);
#8510 = LINE('',#8511,#8512);
#8511 = CARTESIAN_POINT('',(2.34,-0.2,3.5));
#8512 = VECTOR('',#8513,1.);
#8513 = DIRECTION('',(-0.,-0.,-1.));
#8514 = PLANE('',#8515);
#8515 = AXIS2_PLACEMENT_3D('',#8516,#8517,#8518);
#8516 = CARTESIAN_POINT('',(2.74,-0.2,3.5));
#8517 = DIRECTION('',(0.,1.,0.));
#8518 = DIRECTION('',(-1.,0.,0.));
#8519 = ADVANCED_FACE('',(#8520),#8531,.F.);
#8520 = FACE_BOUND('',#8521,.F.);
#8521 = EDGE_LOOP('',(#8522,#8523,#8524,#8530));
#8522 = ORIENTED_EDGE('',*,*,#8318,.T.);
#8523 = ORIENTED_EDGE('',*,*,#8509,.T.);
#8524 = ORIENTED_EDGE('',*,*,#8525,.T.);
#8525 = EDGE_CURVE('',#8502,#8446,#8526,.T.);
#8526 = LINE('',#8527,#8528);
#8527 = CARTESIAN_POINT('',(2.34,-0.2,-2.5));
#8528 = VECTOR('',#8529,1.);
#8529 = DIRECTION('',(0.,1.,0.));
#8530 = ORIENTED_EDGE('',*,*,#8445,.F.);
#8531 = PLANE('',#8532);
#8532 = AXIS2_PLACEMENT_3D('',#8533,#8534,#8535);
#8533 = CARTESIAN_POINT('',(2.34,-0.2,3.5));
#8534 = DIRECTION('',(1.,0.,0.));
#8535 = DIRECTION('',(-0.,1.,0.));
#8536 = ADVANCED_FACE('',(#8537),#8543,.F.);
#8537 = FACE_BOUND('',#8538,.T.);
#8538 = EDGE_LOOP('',(#8539,#8540,#8541,#8542));
#8539 = ORIENTED_EDGE('',*,*,#8429,.T.);
#8540 = ORIENTED_EDGE('',*,*,#8357,.T.);
#8541 = ORIENTED_EDGE('',*,*,#8381,.T.);
#8542 = ORIENTED_EDGE('',*,*,#8405,.T.);
#8543 = PLANE('',#8544);
#8544 = AXIS2_PLACEMENT_3D('',#8545,#8546,#8547);
#8545 = CARTESIAN_POINT('',(-0.2,0.2,-2.5));
#8546 = DIRECTION('',(0.,0.,1.));
#8547 = DIRECTION('',(1.,0.,-0.));
#8548 = ADVANCED_FACE('',(#8549),#8555,.F.);
#8549 = FACE_BOUND('',#8550,.T.);
#8550 = EDGE_LOOP('',(#8551,#8552,#8553,#8554));
#8551 = ORIENTED_EDGE('',*,*,#8453,.T.);
#8552 = ORIENTED_EDGE('',*,*,#8477,.T.);
#8553 = ORIENTED_EDGE('',*,*,#8501,.T.);
#8554 = ORIENTED_EDGE('',*,*,#8525,.T.);
#8555 = PLANE('',#8556);
#8556 = AXIS2_PLACEMENT_3D('',#8557,#8558,#8559);
#8557 = CARTESIAN_POINT('',(2.34,0.2,-2.5));
#8558 = DIRECTION('',(0.,0.,1.));
#8559 = DIRECTION('',(1.,0.,-0.));
#8560 = ( GEOMETRIC_REPRESENTATION_CONTEXT(3) 
GLOBAL_UNCERTAINTY_ASSIGNED_CONTEXT((#8564)) 
GLOBAL_UNIT_ASSIGNED_CONTEXT((#8561,#8562,#8563)) REPRESENTATION_CONTEXT
('Context #1','3D Context with UNIT and UNCERTAINTY') );
#8561 = ( LENGTH_UNIT() NAMED_UNIT(*) SI_UNIT(.MILLI.,.METRE.) );
#8562 = ( NAMED_UNIT(*) PLANE_ANGLE_UNIT() SI_UNIT($,.RADIAN.) );
#8563 = ( NAMED_UNIT(*) SI_UNIT($,.STERADIAN.) SOLID_ANGLE_UNIT() );
#8564 = UNCERTAINTY_MEASURE_WITH_UNIT(LENGTH_MEASURE(1.E-07),#8561,
  'distance_accuracy_value','confusion accuracy');
#8565 = CONTEXT_DEPENDENT_SHAPE_REPRESENTATION(#8566,#8568);
#8566 = ( REPRESENTATION_RELATIONSHIP('','',#8096,#8073) 
REPRESENTATION_RELATIONSHIP_WITH_TRANSFORMATION(#8567) 
SHAPE_REPRESENTATION_RELATIONSHIP() );
#8567 = ITEM_DEFINED_TRANSFORMATION('','',#11,#8074);
#8568 = PRODUCT_DEFINITION_SHAPE('Placement','Placement of an item',
  #8569);
#8569 = NEXT_ASSEMBLY_USAGE_OCCURRENCE('10','=>[0:1:1:11]','',#8068,
  #8091,$);
#8570 = PRODUCT_RELATED_PRODUCT_CATEGORY('part',$,(#8093));
#8571 = CONTEXT_DEPENDENT_SHAPE_REPRESENTATION(#8572,#8574);
#8572 = ( REPRESENTATION_RELATIONSHIP('','',#501,#10) 
REPRESENTATION_RELATIONSHIP_WITH_TRANSFORMATION(#8573) 
SHAPE_REPRESENTATION_RELATIONSHIP() );
#8573 = ITEM_DEFINED_TRANSFORMATION('','',#11,#39);
#8574 = PRODUCT_DEFINITION_SHAPE('Placement','Placement of an item',
  #8575);
#8575 = NEXT_ASSEMBLY_USAGE_OCCURRENCE('12','C3','',#5,#496,$);
#8576 = CONTEXT_DEPENDENT_SHAPE_REPRESENTATION(#8577,#8579);
#8577 = ( REPRESENTATION_RELATIONSHIP('','',#5251,#10) 
REPRESENTATION_RELATIONSHIP_WITH_TRANSFORMATION(#8578) 
SHAPE_REPRESENTATION_RELATIONSHIP() );
#8578 = ITEM_DEFINED_TRANSFORMATION('','',#11,#43);
#8579 = PRODUCT_DEFINITION_SHAPE('Placement','Placement of an item',
  #8580);
#8580 = NEXT_ASSEMBLY_USAGE_OCCURRENCE('13','J4','',#5,#5246,$);
#8581 = CONTEXT_DEPENDENT_SHAPE_REPRESENTATION(#8582,#8584);
#8582 = ( REPRESENTATION_RELATIONSHIP('','',#8073,#10) 
REPRESENTATION_RELATIONSHIP_WITH_TRANSFORMATION(#8583) 
SHAPE_REPRESENTATION_RELATIONSHIP() );
#8583 = ITEM_DEFINED_TRANSFORMATION('','',#11,#47);
#8584 = PRODUCT_DEFINITION_SHAPE('Placement','Placement of an item',
  #8585);
#8585 = NEXT_ASSEMBLY_USAGE_OCCURRENCE('14','D2','',#5,#8068,$);
#8586 = CONTEXT_DEPENDENT_SHAPE_REPRESENTATION(#8587,#8589);
#8587 = ( REPRESENTATION_RELATIONSHIP('','',#2583,#10) 
REPRESENTATION_RELATIONSHIP_WITH_TRANSFORMATION(#8588) 
SHAPE_REPRESENTATION_RELATIONSHIP() );
#8588 = ITEM_DEFINED_TRANSFORMATION('','',#11,#51);
#8589 = PRODUCT_DEFINITION_SHAPE('Placement','Placement of an item',
  #8590);
#8590 = NEXT_ASSEMBLY_USAGE_OCCURRENCE('15','J3','',#5,#2578,$);
#8591 = SHAPE_DEFINITION_REPRESENTATION(#8592,#8598);
#8592 = PRODUCT_DEFINITION_SHAPE('','',#8593);
#8593 = PRODUCT_DEFINITION('design','',#8594,#8597);
#8594 = PRODUCT_DEFINITION_FORMATION('','',#8595);
#8595 = PRODUCT('KICAD DESIGN_PCB','KICAD DESIGN_PCB','',(#8596));
#8596 = PRODUCT_CONTEXT('',#2,'mechanical');
#8597 = PRODUCT_DEFINITION_CONTEXT('part definition',#2,'design');
#8598 = ADVANCED_BREP_SHAPE_REPRESENTATION('',(#11,#8599),#12688);
#8599 = MANIFOLD_SOLID_BREP('',#8600);
#8600 = CLOSED_SHELL('',(#8601,#8641,#8672,#8703,#9831,#10959,#10971,
    #10988,#11005,#11022,#11039,#11056,#11073,#11090,#11107,#11124,
    #11141,#11158,#11175,#11192,#11209,#11226,#11243,#11260,#11277,
    #11294,#11311,#11328,#11345,#11362,#11379,#11396,#11413,#11430,
    #11447,#11464,#11481,#11498,#11515,#11532,#11549,#11566,#11583,
    #11600,#11617,#11634,#11651,#11668,#11685,#11702,#11719,#11736,
    #11753,#11770,#11787,#11804,#11821,#11838,#11855,#11872,#11889,
    #11906,#11923,#11940,#11957,#11974,#11991,#12008,#12025,#12042,
    #12059,#12076,#12093,#12110,#12127,#12144,#12161,#12178,#12195,
    #12212,#12229,#12246,#12263,#12280,#12297,#12314,#12331,#12348,
    #12365,#12382,#12399,#12416,#12433,#12450,#12467,#12484,#12501,
    #12518,#12535,#12552,#12569,#12586,#12603,#12620,#12637,#12654,
    #12671));
#8601 = ADVANCED_FACE('',(#8602),#8636,.T.);
#8602 = FACE_BOUND('',#8603,.T.);
#8603 = EDGE_LOOP('',(#8604,#8614,#8622,#8630));
#8604 = ORIENTED_EDGE('',*,*,#8605,.T.);
#8605 = EDGE_CURVE('',#8606,#8608,#8610,.T.);
#8606 = VERTEX_POINT('',#8607);
#8607 = CARTESIAN_POINT('',(189.3,-111.6,0.));
#8608 = VERTEX_POINT('',#8609);
#8609 = CARTESIAN_POINT('',(189.3,-111.6,1.51));
#8610 = LINE('',#8611,#8612);
#8611 = CARTESIAN_POINT('',(189.3,-111.6,0.));
#8612 = VECTOR('',#8613,1.);
#8613 = DIRECTION('',(0.,0.,1.));
#8614 = ORIENTED_EDGE('',*,*,#8615,.T.);
#8615 = EDGE_CURVE('',#8608,#8616,#8618,.T.);
#8616 = VERTEX_POINT('',#8617);
#8617 = CARTESIAN_POINT('',(111.6,-111.6,1.51));
#8618 = LINE('',#8619,#8620);
#8619 = CARTESIAN_POINT('',(189.3,-111.6,1.51));
#8620 = VECTOR('',#8621,1.);
#8621 = DIRECTION('',(-1.,0.,0.));
#8622 = ORIENTED_EDGE('',*,*,#8623,.F.);
#8623 = EDGE_CURVE('',#8624,#8616,#8626,.T.);
#8624 = VERTEX_POINT('',#8625);
#8625 = CARTESIAN_POINT('',(111.6,-111.6,0.));
#8626 = LINE('',#8627,#8628);
#8627 = CARTESIAN_POINT('',(111.6,-111.6,0.));
#8628 = VECTOR('',#8629,1.);
#8629 = DIRECTION('',(0.,0.,1.));
#8630 = ORIENTED_EDGE('',*,*,#8631,.F.);
#8631 = EDGE_CURVE('',#8606,#8624,#8632,.T.);
#8632 = LINE('',#8633,#8634);
#8633 = CARTESIAN_POINT('',(189.3,-111.6,0.));
#8634 = VECTOR('',#8635,1.);
#8635 = DIRECTION('',(-1.,0.,0.));
#8636 = PLANE('',#8637);
#8637 = AXIS2_PLACEMENT_3D('',#8638,#8639,#8640);
#8638 = CARTESIAN_POINT('',(189.3,-111.6,0.));
#8639 = DIRECTION('',(0.,-1.,0.));
#8640 = DIRECTION('',(-1.,0.,0.));
#8641 = ADVANCED_FACE('',(#8642),#8667,.T.);
#8642 = FACE_BOUND('',#8643,.T.);
#8643 = EDGE_LOOP('',(#8644,#8654,#8660,#8661));
#8644 = ORIENTED_EDGE('',*,*,#8645,.T.);
#8645 = EDGE_CURVE('',#8646,#8648,#8650,.T.);
#8646 = VERTEX_POINT('',#8647);
#8647 = CARTESIAN_POINT('',(189.3,-51.2,0.));
#8648 = VERTEX_POINT('',#8649);
#8649 = CARTESIAN_POINT('',(189.3,-51.2,1.51));
#8650 = LINE('',#8651,#8652);
#8651 = CARTESIAN_POINT('',(189.3,-51.2,0.));
#8652 = VECTOR('',#8653,1.);
#8653 = DIRECTION('',(0.,0.,1.));
#8654 = ORIENTED_EDGE('',*,*,#8655,.T.);
#8655 = EDGE_CURVE('',#8648,#8608,#8656,.T.);
#8656 = LINE('',#8657,#8658);
#8657 = CARTESIAN_POINT('',(189.3,-51.2,1.51));
#8658 = VECTOR('',#8659,1.);
#8659 = DIRECTION('',(0.,-1.,0.));
#8660 = ORIENTED_EDGE('',*,*,#8605,.F.);
#8661 = ORIENTED_EDGE('',*,*,#8662,.F.);
#8662 = EDGE_CURVE('',#8646,#8606,#8663,.T.);
#8663 = LINE('',#8664,#8665);
#8664 = CARTESIAN_POINT('',(189.3,-51.2,0.));
#8665 = VECTOR('',#8666,1.);
#8666 = DIRECTION('',(0.,-1.,0.));
#8667 = PLANE('',#8668);
#8668 = AXIS2_PLACEMENT_3D('',#8669,#8670,#8671);
#8669 = CARTESIAN_POINT('',(189.3,-51.2,0.));
#8670 = DIRECTION('',(1.,0.,-0.));
#8671 = DIRECTION('',(0.,-1.,0.));
#8672 = ADVANCED_FACE('',(#8673),#8698,.T.);
#8673 = FACE_BOUND('',#8674,.T.);
#8674 = EDGE_LOOP('',(#8675,#8676,#8684,#8692));
#8675 = ORIENTED_EDGE('',*,*,#8623,.T.);
#8676 = ORIENTED_EDGE('',*,*,#8677,.T.);
#8677 = EDGE_CURVE('',#8616,#8678,#8680,.T.);
#8678 = VERTEX_POINT('',#8679);
#8679 = CARTESIAN_POINT('',(111.6,-51.2,1.51));
#8680 = LINE('',#8681,#8682);
#8681 = CARTESIAN_POINT('',(111.6,-111.6,1.51));
#8682 = VECTOR('',#8683,1.);
#8683 = DIRECTION('',(0.,1.,0.));
#8684 = ORIENTED_EDGE('',*,*,#8685,.F.);
#8685 = EDGE_CURVE('',#8686,#8678,#8688,.T.);
#8686 = VERTEX_POINT('',#8687);
#8687 = CARTESIAN_POINT('',(111.6,-51.2,0.));
#8688 = LINE('',#8689,#8690);
#8689 = CARTESIAN_POINT('',(111.6,-51.2,0.));
#8690 = VECTOR('',#8691,1.);
#8691 = DIRECTION('',(0.,0.,1.));
#8692 = ORIENTED_EDGE('',*,*,#8693,.F.);
#8693 = EDGE_CURVE('',#8624,#8686,#8694,.T.);
#8694 = LINE('',#8695,#8696);
#8695 = CARTESIAN_POINT('',(111.6,-111.6,0.));
#8696 = VECTOR('',#8697,1.);
#8697 = DIRECTION('',(0.,1.,0.));
#8698 = PLANE('',#8699);
#8699 = AXIS2_PLACEMENT_3D('',#8700,#8701,#8702);
#8700 = CARTESIAN_POINT('',(111.6,-111.6,0.));
#8701 = DIRECTION('',(-1.,0.,0.));
#8702 = DIRECTION('',(0.,1.,0.));
#8703 = ADVANCED_FACE('',(#8704,#8715,#8726,#8737,#8748,#8759,#8770,
    #8781,#8792,#8803,#8814,#8825,#8836,#8847,#8858,#8869,#8880,#8891,
    #8902,#8913,#8924,#8935,#8946,#8957,#8968,#8979,#8990,#9001,#9012,
    #9023,#9034,#9045,#9056,#9067,#9078,#9089,#9100,#9111,#9122,#9133,
    #9144,#9155,#9166,#9177,#9188,#9199,#9210,#9221,#9232,#9243,#9254,
    #9265,#9276,#9287,#9298,#9309,#9320,#9331,#9342,#9353,#9364,#9375,
    #9386,#9397,#9408,#9419,#9430,#9441,#9452,#9463,#9474,#9485,#9496,
    #9507,#9518,#9529,#9540,#9551,#9562,#9573,#9584,#9595,#9606,#9617,
    #9628,#9639,#9650,#9661,#9672,#9683,#9694,#9705,#9716,#9727,#9738,
    #9749,#9760,#9771,#9782,#9793,#9804,#9815),#9826,.F.);
#8704 = FACE_BOUND('',#8705,.F.);
#8705 = EDGE_LOOP('',(#8706,#8707,#8708,#8714));
#8706 = ORIENTED_EDGE('',*,*,#8631,.F.);
#8707 = ORIENTED_EDGE('',*,*,#8662,.F.);
#8708 = ORIENTED_EDGE('',*,*,#8709,.F.);
#8709 = EDGE_CURVE('',#8686,#8646,#8710,.T.);
#8710 = LINE('',#8711,#8712);
#8711 = CARTESIAN_POINT('',(111.6,-51.2,0.));
#8712 = VECTOR('',#8713,1.);
#8713 = DIRECTION('',(1.,0.,0.));
#8714 = ORIENTED_EDGE('',*,*,#8693,.F.);
#8715 = FACE_BOUND('',#8716,.F.);
#8716 = EDGE_LOOP('',(#8717));
#8717 = ORIENTED_EDGE('',*,*,#8718,.T.);
#8718 = EDGE_CURVE('',#8719,#8719,#8721,.T.);
#8719 = VERTEX_POINT('',#8720);
#8720 = CARTESIAN_POINT('',(118.8275,-106.15,0.));
#8721 = CIRCLE('',#8722,0.65);
#8722 = AXIS2_PLACEMENT_3D('',#8723,#8724,#8725);
#8723 = CARTESIAN_POINT('',(118.8275,-105.5,0.));
#8724 = DIRECTION('',(-0.,0.,-1.));
#8725 = DIRECTION('',(-0.,-1.,0.));
#8726 = FACE_BOUND('',#8727,.F.);
#8727 = EDGE_LOOP('',(#8728));
#8728 = ORIENTED_EDGE('',*,*,#8729,.T.);
#8729 = EDGE_CURVE('',#8730,#8730,#8732,.T.);
#8730 = VERTEX_POINT('',#8731);
#8731 = CARTESIAN_POINT('',(132.5,-108.345,0.));
#8732 = CIRCLE('',#8733,0.35);
#8733 = AXIS2_PLACEMENT_3D('',#8734,#8735,#8736);
#8734 = CARTESIAN_POINT('',(132.5,-107.995,0.));
#8735 = DIRECTION('',(-0.,0.,-1.));
#8736 = DIRECTION('',(-0.,-1.,0.));
#8737 = FACE_BOUND('',#8738,.F.);
#8738 = EDGE_LOOP('',(#8739));
#8739 = ORIENTED_EDGE('',*,*,#8740,.T.);
#8740 = EDGE_CURVE('',#8741,#8741,#8743,.T.);
#8741 = VERTEX_POINT('',#8742);
#8742 = CARTESIAN_POINT('',(132.5,-106.445,0.));
#8743 = CIRCLE('',#8744,0.35);
#8744 = AXIS2_PLACEMENT_3D('',#8745,#8746,#8747);
#8745 = CARTESIAN_POINT('',(132.5,-106.095,0.));
#8746 = DIRECTION('',(-0.,0.,-1.));
#8747 = DIRECTION('',(-0.,-1.,0.));
#8748 = FACE_BOUND('',#8749,.F.);
#8749 = EDGE_LOOP('',(#8750));
#8750 = ORIENTED_EDGE('',*,*,#8751,.T.);
#8751 = EDGE_CURVE('',#8752,#8752,#8754,.T.);
#8752 = VERTEX_POINT('',#8753);
#8753 = CARTESIAN_POINT('',(127.5,-103.9,0.));
#8754 = CIRCLE('',#8755,0.4);
#8755 = AXIS2_PLACEMENT_3D('',#8756,#8757,#8758);
#8756 = CARTESIAN_POINT('',(127.5,-103.5,0.));
#8757 = DIRECTION('',(-0.,0.,-1.));
#8758 = DIRECTION('',(-0.,-1.,0.));
#8759 = FACE_BOUND('',#8760,.F.);
#8760 = EDGE_LOOP('',(#8761));
#8761 = ORIENTED_EDGE('',*,*,#8762,.T.);
#8762 = EDGE_CURVE('',#8763,#8763,#8765,.T.);
#8763 = VERTEX_POINT('',#8764);
#8764 = CARTESIAN_POINT('',(132.6,-103.35,0.));
#8765 = CIRCLE('',#8766,0.45);
#8766 = AXIS2_PLACEMENT_3D('',#8767,#8768,#8769);
#8767 = CARTESIAN_POINT('',(132.6,-102.9,0.));
#8768 = DIRECTION('',(-0.,0.,-1.));
#8769 = DIRECTION('',(-6.315935428979E-14,-1.,0.));
#8770 = FACE_BOUND('',#8771,.F.);
#8771 = EDGE_LOOP('',(#8772));
#8772 = ORIENTED_EDGE('',*,*,#8773,.T.);
#8773 = EDGE_CURVE('',#8774,#8774,#8776,.T.);
#8774 = VERTEX_POINT('',#8775);
#8775 = CARTESIAN_POINT('',(118.8275,-101.15,0.));
#8776 = CIRCLE('',#8777,0.65);
#8777 = AXIS2_PLACEMENT_3D('',#8778,#8779,#8780);
#8778 = CARTESIAN_POINT('',(118.8275,-100.5,0.));
#8779 = DIRECTION('',(-0.,0.,-1.));
#8780 = DIRECTION('',(-0.,-1.,0.));
#8781 = FACE_BOUND('',#8782,.F.);
#8782 = EDGE_LOOP('',(#8783));
#8783 = ORIENTED_EDGE('',*,*,#8784,.T.);
#8784 = EDGE_CURVE('',#8785,#8785,#8787,.T.);
#8785 = VERTEX_POINT('',#8786);
#8786 = CARTESIAN_POINT('',(127.5,-101.9,0.));
#8787 = CIRCLE('',#8788,0.4);
#8788 = AXIS2_PLACEMENT_3D('',#8789,#8790,#8791);
#8789 = CARTESIAN_POINT('',(127.5,-101.5,0.));
#8790 = DIRECTION('',(-0.,0.,-1.));
#8791 = DIRECTION('',(-0.,-1.,0.));
#8792 = FACE_BOUND('',#8793,.F.);
#8793 = EDGE_LOOP('',(#8794));
#8794 = ORIENTED_EDGE('',*,*,#8795,.T.);
#8795 = EDGE_CURVE('',#8796,#8796,#8798,.T.);
#8796 = VERTEX_POINT('',#8797);
#8797 = CARTESIAN_POINT('',(132.6,-100.81,0.));
#8798 = CIRCLE('',#8799,0.45);
#8799 = AXIS2_PLACEMENT_3D('',#8800,#8801,#8802);
#8800 = CARTESIAN_POINT('',(132.6,-100.36,0.));
#8801 = DIRECTION('',(-0.,0.,-1.));
#8802 = DIRECTION('',(-6.315935428979E-14,-1.,0.));
#8803 = FACE_BOUND('',#8804,.F.);
#8804 = EDGE_LOOP('',(#8805));
#8805 = ORIENTED_EDGE('',*,*,#8806,.T.);
#8806 = EDGE_CURVE('',#8807,#8807,#8809,.T.);
#8807 = VERTEX_POINT('',#8808);
#8808 = CARTESIAN_POINT('',(132.8,-95.345,0.));
#8809 = CIRCLE('',#8810,0.35);
#8810 = AXIS2_PLACEMENT_3D('',#8811,#8812,#8813);
#8811 = CARTESIAN_POINT('',(132.8,-94.995,0.));
#8812 = DIRECTION('',(-0.,0.,-1.));
#8813 = DIRECTION('',(-0.,-1.,0.));
#8814 = FACE_BOUND('',#8815,.F.);
#8815 = EDGE_LOOP('',(#8816));
#8816 = ORIENTED_EDGE('',*,*,#8817,.T.);
#8817 = EDGE_CURVE('',#8818,#8818,#8820,.T.);
#8818 = VERTEX_POINT('',#8819);
#8819 = CARTESIAN_POINT('',(137.1,-107.53,0.));
#8820 = CIRCLE('',#8821,0.51);
#8821 = AXIS2_PLACEMENT_3D('',#8822,#8823,#8824);
#8822 = CARTESIAN_POINT('',(137.1,-107.02,0.));
#8823 = DIRECTION('',(-0.,0.,-1.));
#8824 = DIRECTION('',(-5.57288420204E-14,-1.,0.));
#8825 = FACE_BOUND('',#8826,.F.);
#8826 = EDGE_LOOP('',(#8827));
#8827 = ORIENTED_EDGE('',*,*,#8828,.T.);
#8828 = EDGE_CURVE('',#8829,#8829,#8831,.T.);
#8829 = VERTEX_POINT('',#8830);
#8830 = CARTESIAN_POINT('',(137.1,-104.99,0.));
#8831 = CIRCLE('',#8832,0.51);
#8832 = AXIS2_PLACEMENT_3D('',#8833,#8834,#8835);
#8833 = CARTESIAN_POINT('',(137.1,-104.48,0.));
#8834 = DIRECTION('',(-0.,0.,-1.));
#8835 = DIRECTION('',(-5.57288420204E-14,-1.,0.));
#8836 = FACE_BOUND('',#8837,.F.);
#8837 = EDGE_LOOP('',(#8838));
#8838 = ORIENTED_EDGE('',*,*,#8839,.T.);
#8839 = EDGE_CURVE('',#8840,#8840,#8842,.T.);
#8840 = VERTEX_POINT('',#8841);
#8841 = CARTESIAN_POINT('',(137.1,-102.45,0.));
#8842 = CIRCLE('',#8843,0.51);
#8843 = AXIS2_PLACEMENT_3D('',#8844,#8845,#8846);
#8844 = CARTESIAN_POINT('',(137.1,-101.94,0.));
#8845 = DIRECTION('',(-0.,0.,-1.));
#8846 = DIRECTION('',(-5.57288420204E-14,-1.,0.));
#8847 = FACE_BOUND('',#8848,.F.);
#8848 = EDGE_LOOP('',(#8849));
#8849 = ORIENTED_EDGE('',*,*,#8850,.T.);
#8850 = EDGE_CURVE('',#8851,#8851,#8853,.T.);
#8851 = VERTEX_POINT('',#8852);
#8852 = CARTESIAN_POINT('',(137.1,-99.91,0.));
#8853 = CIRCLE('',#8854,0.51);
#8854 = AXIS2_PLACEMENT_3D('',#8855,#8856,#8857);
#8855 = CARTESIAN_POINT('',(137.1,-99.4,0.));
#8856 = DIRECTION('',(-0.,0.,-1.));
#8857 = DIRECTION('',(-5.57288420204E-14,-1.,0.));
#8858 = FACE_BOUND('',#8859,.F.);
#8859 = EDGE_LOOP('',(#8860));
#8860 = ORIENTED_EDGE('',*,*,#8861,.T.);
#8861 = EDGE_CURVE('',#8862,#8862,#8864,.T.);
#8862 = VERTEX_POINT('',#8863);
#8863 = CARTESIAN_POINT('',(137.1,-97.37,0.));
#8864 = CIRCLE('',#8865,0.51);
#8865 = AXIS2_PLACEMENT_3D('',#8866,#8867,#8868);
#8866 = CARTESIAN_POINT('',(137.1,-96.86,0.));
#8867 = DIRECTION('',(-0.,0.,-1.));
#8868 = DIRECTION('',(-5.57288420204E-14,-1.,0.));
#8869 = FACE_BOUND('',#8870,.F.);
#8870 = EDGE_LOOP('',(#8871));
#8871 = ORIENTED_EDGE('',*,*,#8872,.T.);
#8872 = EDGE_CURVE('',#8873,#8873,#8875,.T.);
#8873 = VERTEX_POINT('',#8874);
#8874 = CARTESIAN_POINT('',(118.8275,-92.65,0.));
#8875 = CIRCLE('',#8876,0.65);
#8876 = AXIS2_PLACEMENT_3D('',#8877,#8878,#8879);
#8877 = CARTESIAN_POINT('',(118.8275,-92.,0.));
#8878 = DIRECTION('',(-0.,0.,-1.));
#8879 = DIRECTION('',(-0.,-1.,0.));
#8880 = FACE_BOUND('',#8881,.F.);
#8881 = EDGE_LOOP('',(#8882));
#8882 = ORIENTED_EDGE('',*,*,#8883,.T.);
#8883 = EDGE_CURVE('',#8884,#8884,#8886,.T.);
#8884 = VERTEX_POINT('',#8885);
#8885 = CARTESIAN_POINT('',(132.8,-93.445,0.));
#8886 = CIRCLE('',#8887,0.35);
#8887 = AXIS2_PLACEMENT_3D('',#8888,#8889,#8890);
#8888 = CARTESIAN_POINT('',(132.8,-93.095,0.));
#8889 = DIRECTION('',(-0.,0.,-1.));
#8890 = DIRECTION('',(-0.,-1.,0.));
#8891 = FACE_BOUND('',#8892,.F.);
#8892 = EDGE_LOOP('',(#8893));
#8893 = ORIENTED_EDGE('',*,*,#8894,.T.);
#8894 = EDGE_CURVE('',#8895,#8895,#8897,.T.);
#8895 = VERTEX_POINT('',#8896);
#8896 = CARTESIAN_POINT('',(127.5,-90.9,0.));
#8897 = CIRCLE('',#8898,0.4);
#8898 = AXIS2_PLACEMENT_3D('',#8899,#8900,#8901);
#8899 = CARTESIAN_POINT('',(127.5,-90.5,0.));
#8900 = DIRECTION('',(-0.,0.,-1.));
#8901 = DIRECTION('',(-0.,-1.,0.));
#8902 = FACE_BOUND('',#8903,.F.);
#8903 = EDGE_LOOP('',(#8904));
#8904 = ORIENTED_EDGE('',*,*,#8905,.T.);
#8905 = EDGE_CURVE('',#8906,#8906,#8908,.T.);
#8906 = VERTEX_POINT('',#8907);
#8907 = CARTESIAN_POINT('',(127.5,-88.9,0.));
#8908 = CIRCLE('',#8909,0.4);
#8909 = AXIS2_PLACEMENT_3D('',#8910,#8911,#8912);
#8910 = CARTESIAN_POINT('',(127.5,-88.5,0.));
#8911 = DIRECTION('',(-0.,0.,-1.));
#8912 = DIRECTION('',(-0.,-1.,0.));
#8913 = FACE_BOUND('',#8914,.F.);
#8914 = EDGE_LOOP('',(#8915));
#8915 = ORIENTED_EDGE('',*,*,#8916,.T.);
#8916 = EDGE_CURVE('',#8917,#8917,#8919,.T.);
#8917 = VERTEX_POINT('',#8918);
#8918 = CARTESIAN_POINT('',(132.8,-90.95,0.));
#8919 = CIRCLE('',#8920,0.45);
#8920 = AXIS2_PLACEMENT_3D('',#8921,#8922,#8923);
#8921 = CARTESIAN_POINT('',(132.8,-90.5,0.));
#8922 = DIRECTION('',(-0.,0.,-1.));
#8923 = DIRECTION('',(-0.,-1.,0.));
#8924 = FACE_BOUND('',#8925,.F.);
#8925 = EDGE_LOOP('',(#8926));
#8926 = ORIENTED_EDGE('',*,*,#8927,.T.);
#8927 = EDGE_CURVE('',#8928,#8928,#8930,.T.);
#8928 = VERTEX_POINT('',#8929);
#8929 = CARTESIAN_POINT('',(118.8275,-87.65,0.));
#8930 = CIRCLE('',#8931,0.65);
#8931 = AXIS2_PLACEMENT_3D('',#8932,#8933,#8934);
#8932 = CARTESIAN_POINT('',(118.8275,-87.,0.));
#8933 = DIRECTION('',(-0.,0.,-1.));
#8934 = DIRECTION('',(-0.,-1.,0.));
#8935 = FACE_BOUND('',#8936,.F.);
#8936 = EDGE_LOOP('',(#8937));
#8937 = ORIENTED_EDGE('',*,*,#8938,.T.);
#8938 = EDGE_CURVE('',#8939,#8939,#8941,.T.);
#8939 = VERTEX_POINT('',#8940);
#8940 = CARTESIAN_POINT('',(132.8,-88.41,0.));
#8941 = CIRCLE('',#8942,0.45);
#8942 = AXIS2_PLACEMENT_3D('',#8943,#8944,#8945);
#8943 = CARTESIAN_POINT('',(132.8,-87.96,0.));
#8944 = DIRECTION('',(-0.,0.,-1.));
#8945 = DIRECTION('',(-0.,-1.,0.));
#8946 = FACE_BOUND('',#8947,.F.);
#8947 = EDGE_LOOP('',(#8948));
#8948 = ORIENTED_EDGE('',*,*,#8949,.T.);
#8949 = EDGE_CURVE('',#8950,#8950,#8952,.T.);
#8950 = VERTEX_POINT('',#8951);
#8951 = CARTESIAN_POINT('',(137.1,-94.83,0.));
#8952 = CIRCLE('',#8953,0.51);
#8953 = AXIS2_PLACEMENT_3D('',#8954,#8955,#8956);
#8954 = CARTESIAN_POINT('',(137.1,-94.32,0.));
#8955 = DIRECTION('',(-0.,0.,-1.));
#8956 = DIRECTION('',(-5.57288420204E-14,-1.,0.));
#8957 = FACE_BOUND('',#8958,.F.);
#8958 = EDGE_LOOP('',(#8959));
#8959 = ORIENTED_EDGE('',*,*,#8960,.T.);
#8960 = EDGE_CURVE('',#8961,#8961,#8963,.T.);
#8961 = VERTEX_POINT('',#8962);
#8962 = CARTESIAN_POINT('',(137.1,-92.29,0.));
#8963 = CIRCLE('',#8964,0.51);
#8964 = AXIS2_PLACEMENT_3D('',#8965,#8966,#8967);
#8965 = CARTESIAN_POINT('',(137.1,-91.78,0.));
#8966 = DIRECTION('',(-0.,0.,-1.));
#8967 = DIRECTION('',(-5.57288420204E-14,-1.,0.));
#8968 = FACE_BOUND('',#8969,.F.);
#8969 = EDGE_LOOP('',(#8970));
#8970 = ORIENTED_EDGE('',*,*,#8971,.T.);
#8971 = EDGE_CURVE('',#8972,#8972,#8974,.T.);
#8972 = VERTEX_POINT('',#8973);
#8973 = CARTESIAN_POINT('',(137.1,-89.75,0.));
#8974 = CIRCLE('',#8975,0.51);
#8975 = AXIS2_PLACEMENT_3D('',#8976,#8977,#8978);
#8976 = CARTESIAN_POINT('',(137.1,-89.24,0.));
#8977 = DIRECTION('',(-0.,0.,-1.));
#8978 = DIRECTION('',(-5.57288420204E-14,-1.,0.));
#8979 = FACE_BOUND('',#8980,.F.);
#8980 = EDGE_LOOP('',(#8981));
#8981 = ORIENTED_EDGE('',*,*,#8982,.T.);
#8982 = EDGE_CURVE('',#8983,#8983,#8985,.T.);
#8983 = VERTEX_POINT('',#8984);
#8984 = CARTESIAN_POINT('',(137.1,-87.21,0.));
#8985 = CIRCLE('',#8986,0.51);
#8986 = AXIS2_PLACEMENT_3D('',#8987,#8988,#8989);
#8987 = CARTESIAN_POINT('',(137.1,-86.7,0.));
#8988 = DIRECTION('',(-0.,0.,-1.));
#8989 = DIRECTION('',(-5.57288420204E-14,-1.,0.));
#8990 = FACE_BOUND('',#8991,.F.);
#8991 = EDGE_LOOP('',(#8992));
#8992 = ORIENTED_EDGE('',*,*,#8993,.T.);
#8993 = EDGE_CURVE('',#8994,#8994,#8996,.T.);
#8994 = VERTEX_POINT('',#8995);
#8995 = CARTESIAN_POINT('',(137.1,-84.67,0.));
#8996 = CIRCLE('',#8997,0.51);
#8997 = AXIS2_PLACEMENT_3D('',#8998,#8999,#9000);
#8998 = CARTESIAN_POINT('',(137.1,-84.16,0.));
#8999 = DIRECTION('',(-0.,0.,-1.));
#9000 = DIRECTION('',(-5.57288420204E-14,-1.,0.));
#9001 = FACE_BOUND('',#9002,.F.);
#9002 = EDGE_LOOP('',(#9003));
#9003 = ORIENTED_EDGE('',*,*,#9004,.T.);
#9004 = EDGE_CURVE('',#9005,#9005,#9007,.T.);
#9005 = VERTEX_POINT('',#9006);
#9006 = CARTESIAN_POINT('',(137.1,-82.13,0.));
#9007 = CIRCLE('',#9008,0.51);
#9008 = AXIS2_PLACEMENT_3D('',#9009,#9010,#9011);
#9009 = CARTESIAN_POINT('',(137.1,-81.62,0.));
#9010 = DIRECTION('',(-0.,0.,-1.));
#9011 = DIRECTION('',(-5.57288420204E-14,-1.,0.));
#9012 = FACE_BOUND('',#9013,.F.);
#9013 = EDGE_LOOP('',(#9014));
#9014 = ORIENTED_EDGE('',*,*,#9015,.T.);
#9015 = EDGE_CURVE('',#9016,#9016,#9018,.T.);
#9016 = VERTEX_POINT('',#9017);
#9017 = CARTESIAN_POINT('',(162.5,-107.53,0.));
#9018 = CIRCLE('',#9019,0.51);
#9019 = AXIS2_PLACEMENT_3D('',#9020,#9021,#9022);
#9020 = CARTESIAN_POINT('',(162.5,-107.02,0.));
#9021 = DIRECTION('',(-0.,0.,-1.));
#9022 = DIRECTION('',(-0.,-1.,0.));
#9023 = FACE_BOUND('',#9024,.F.);
#9024 = EDGE_LOOP('',(#9025));
#9025 = ORIENTED_EDGE('',*,*,#9026,.T.);
#9026 = EDGE_CURVE('',#9027,#9027,#9029,.T.);
#9027 = VERTEX_POINT('',#9028);
#9028 = CARTESIAN_POINT('',(162.5,-104.99,0.));
#9029 = CIRCLE('',#9030,0.51);
#9030 = AXIS2_PLACEMENT_3D('',#9031,#9032,#9033);
#9031 = CARTESIAN_POINT('',(162.5,-104.48,0.));
#9032 = DIRECTION('',(-0.,0.,-1.));
#9033 = DIRECTION('',(-0.,-1.,0.));
#9034 = FACE_BOUND('',#9035,.F.);
#9035 = EDGE_LOOP('',(#9036));
#9036 = ORIENTED_EDGE('',*,*,#9037,.T.);
#9037 = EDGE_CURVE('',#9038,#9038,#9040,.T.);
#9038 = VERTEX_POINT('',#9039);
#9039 = CARTESIAN_POINT('',(162.5,-102.45,0.));
#9040 = CIRCLE('',#9041,0.51);
#9041 = AXIS2_PLACEMENT_3D('',#9042,#9043,#9044);
#9042 = CARTESIAN_POINT('',(162.5,-101.94,0.));
#9043 = DIRECTION('',(-0.,0.,-1.));
#9044 = DIRECTION('',(-0.,-1.,0.));
#9045 = FACE_BOUND('',#9046,.F.);
#9046 = EDGE_LOOP('',(#9047));
#9047 = ORIENTED_EDGE('',*,*,#9048,.T.);
#9048 = EDGE_CURVE('',#9049,#9049,#9051,.T.);
#9049 = VERTEX_POINT('',#9050);
#9050 = CARTESIAN_POINT('',(162.5,-99.91,0.));
#9051 = CIRCLE('',#9052,0.51);
#9052 = AXIS2_PLACEMENT_3D('',#9053,#9054,#9055);
#9053 = CARTESIAN_POINT('',(162.5,-99.4,0.));
#9054 = DIRECTION('',(-0.,0.,-1.));
#9055 = DIRECTION('',(-0.,-1.,0.));
#9056 = FACE_BOUND('',#9057,.F.);
#9057 = EDGE_LOOP('',(#9058));
#9058 = ORIENTED_EDGE('',*,*,#9059,.T.);
#9059 = EDGE_CURVE('',#9060,#9060,#9062,.T.);
#9060 = VERTEX_POINT('',#9061);
#9061 = CARTESIAN_POINT('',(162.5,-97.37,0.));
#9062 = CIRCLE('',#9063,0.51);
#9063 = AXIS2_PLACEMENT_3D('',#9064,#9065,#9066);
#9064 = CARTESIAN_POINT('',(162.5,-96.86,0.));
#9065 = DIRECTION('',(-0.,0.,-1.));
#9066 = DIRECTION('',(-0.,-1.,0.));
#9067 = FACE_BOUND('',#9068,.F.);
#9068 = EDGE_LOOP('',(#9069));
#9069 = ORIENTED_EDGE('',*,*,#9070,.T.);
#9070 = EDGE_CURVE('',#9071,#9071,#9073,.T.);
#9071 = VERTEX_POINT('',#9072);
#9072 = CARTESIAN_POINT('',(183.7,-107.05,0.));
#9073 = CIRCLE('',#9074,1.05);
#9074 = AXIS2_PLACEMENT_3D('',#9075,#9076,#9077);
#9075 = CARTESIAN_POINT('',(183.7,-106.,0.));
#9076 = DIRECTION('',(-0.,0.,-1.));
#9077 = DIRECTION('',(-0.,-1.,0.));
#9078 = FACE_BOUND('',#9079,.F.);
#9079 = EDGE_LOOP('',(#9080));
#9080 = ORIENTED_EDGE('',*,*,#9081,.T.);
#9081 = EDGE_CURVE('',#9082,#9082,#9084,.T.);
#9082 = VERTEX_POINT('',#9083);
#9083 = CARTESIAN_POINT('',(168.74,-95.59,0.));
#9084 = CIRCLE('',#9085,0.4);
#9085 = AXIS2_PLACEMENT_3D('',#9086,#9087,#9088);
#9086 = CARTESIAN_POINT('',(168.74,-95.19,0.));
#9087 = DIRECTION('',(-0.,0.,-1.));
#9088 = DIRECTION('',(-0.,-1.,0.));
#9089 = FACE_BOUND('',#9090,.F.);
#9090 = EDGE_LOOP('',(#9091));
#9091 = ORIENTED_EDGE('',*,*,#9092,.T.);
#9092 = EDGE_CURVE('',#9093,#9093,#9095,.T.);
#9093 = VERTEX_POINT('',#9094);
#9094 = CARTESIAN_POINT('',(181.44,-95.59,0.));
#9095 = CIRCLE('',#9096,0.4);
#9096 = AXIS2_PLACEMENT_3D('',#9097,#9098,#9099);
#9097 = CARTESIAN_POINT('',(181.44,-95.19,0.));
#9098 = DIRECTION('',(-0.,0.,-1.));
#9099 = DIRECTION('',(-0.,-1.,0.));
#9100 = FACE_BOUND('',#9101,.F.);
#9101 = EDGE_LOOP('',(#9102));
#9102 = ORIENTED_EDGE('',*,*,#9103,.T.);
#9103 = EDGE_CURVE('',#9104,#9104,#9106,.T.);
#9104 = VERTEX_POINT('',#9105);
#9105 = CARTESIAN_POINT('',(162.5,-94.83,0.));
#9106 = CIRCLE('',#9107,0.51);
#9107 = AXIS2_PLACEMENT_3D('',#9108,#9109,#9110);
#9108 = CARTESIAN_POINT('',(162.5,-94.32,0.));
#9109 = DIRECTION('',(-0.,0.,-1.));
#9110 = DIRECTION('',(-0.,-1.,0.));
#9111 = FACE_BOUND('',#9112,.F.);
#9112 = EDGE_LOOP('',(#9113));
#9113 = ORIENTED_EDGE('',*,*,#9114,.T.);
#9114 = EDGE_CURVE('',#9115,#9115,#9117,.T.);
#9115 = VERTEX_POINT('',#9116);
#9116 = CARTESIAN_POINT('',(162.5,-92.29,0.));
#9117 = CIRCLE('',#9118,0.51);
#9118 = AXIS2_PLACEMENT_3D('',#9119,#9120,#9121);
#9119 = CARTESIAN_POINT('',(162.5,-91.78,0.));
#9120 = DIRECTION('',(-0.,0.,-1.));
#9121 = DIRECTION('',(-0.,-1.,0.));
#9122 = FACE_BOUND('',#9123,.F.);
#9123 = EDGE_LOOP('',(#9124));
#9124 = ORIENTED_EDGE('',*,*,#9125,.T.);
#9125 = EDGE_CURVE('',#9126,#9126,#9128,.T.);
#9126 = VERTEX_POINT('',#9127);
#9127 = CARTESIAN_POINT('',(162.5,-89.75,0.));
#9128 = CIRCLE('',#9129,0.51);
#9129 = AXIS2_PLACEMENT_3D('',#9130,#9131,#9132);
#9130 = CARTESIAN_POINT('',(162.5,-89.24,0.));
#9131 = DIRECTION('',(-0.,0.,-1.));
#9132 = DIRECTION('',(-0.,-1.,0.));
#9133 = FACE_BOUND('',#9134,.F.);
#9134 = EDGE_LOOP('',(#9135));
#9135 = ORIENTED_EDGE('',*,*,#9136,.T.);
#9136 = EDGE_CURVE('',#9137,#9137,#9139,.T.);
#9137 = VERTEX_POINT('',#9138);
#9138 = CARTESIAN_POINT('',(162.5,-87.21,0.));
#9139 = CIRCLE('',#9140,0.51);
#9140 = AXIS2_PLACEMENT_3D('',#9141,#9142,#9143);
#9141 = CARTESIAN_POINT('',(162.5,-86.7,0.));
#9142 = DIRECTION('',(-0.,0.,-1.));
#9143 = DIRECTION('',(-0.,-1.,0.));
#9144 = FACE_BOUND('',#9145,.F.);
#9145 = EDGE_LOOP('',(#9146));
#9146 = ORIENTED_EDGE('',*,*,#9147,.T.);
#9147 = EDGE_CURVE('',#9148,#9148,#9150,.T.);
#9148 = VERTEX_POINT('',#9149);
#9149 = CARTESIAN_POINT('',(162.5,-84.67,0.));
#9150 = CIRCLE('',#9151,0.51);
#9151 = AXIS2_PLACEMENT_3D('',#9152,#9153,#9154);
#9152 = CARTESIAN_POINT('',(162.5,-84.16,0.));
#9153 = DIRECTION('',(-0.,0.,-1.));
#9154 = DIRECTION('',(-0.,-1.,0.));
#9155 = FACE_BOUND('',#9156,.F.);
#9156 = EDGE_LOOP('',(#9157));
#9157 = ORIENTED_EDGE('',*,*,#9158,.T.);
#9158 = EDGE_CURVE('',#9159,#9159,#9161,.T.);
#9159 = VERTEX_POINT('',#9160);
#9160 = CARTESIAN_POINT('',(162.5,-82.13,0.));
#9161 = CIRCLE('',#9162,0.51);
#9162 = AXIS2_PLACEMENT_3D('',#9163,#9164,#9165);
#9163 = CARTESIAN_POINT('',(162.5,-81.62,0.));
#9164 = DIRECTION('',(-0.,0.,-1.));
#9165 = DIRECTION('',(-0.,-1.,0.));
#9166 = FACE_BOUND('',#9167,.F.);
#9167 = EDGE_LOOP('',(#9168));
#9168 = ORIENTED_EDGE('',*,*,#9169,.T.);
#9169 = EDGE_CURVE('',#9170,#9170,#9172,.T.);
#9170 = VERTEX_POINT('',#9171);
#9171 = CARTESIAN_POINT('',(168.74,-93.05,0.));
#9172 = CIRCLE('',#9173,0.4);
#9173 = AXIS2_PLACEMENT_3D('',#9174,#9175,#9176);
#9174 = CARTESIAN_POINT('',(168.74,-92.65,0.));
#9175 = DIRECTION('',(-0.,0.,-1.));
#9176 = DIRECTION('',(-0.,-1.,0.));
#9177 = FACE_BOUND('',#9178,.F.);
#9178 = EDGE_LOOP('',(#9179));
#9179 = ORIENTED_EDGE('',*,*,#9180,.T.);
#9180 = EDGE_CURVE('',#9181,#9181,#9183,.T.);
#9181 = VERTEX_POINT('',#9182);
#9182 = CARTESIAN_POINT('',(168.74,-90.51,0.));
#9183 = CIRCLE('',#9184,0.4);
#9184 = AXIS2_PLACEMENT_3D('',#9185,#9186,#9187);
#9185 = CARTESIAN_POINT('',(168.74,-90.11,0.));
#9186 = DIRECTION('',(-0.,0.,-1.));
#9187 = DIRECTION('',(-0.,-1.,0.));
#9188 = FACE_BOUND('',#9189,.F.);
#9189 = EDGE_LOOP('',(#9190));
#9190 = ORIENTED_EDGE('',*,*,#9191,.T.);
#9191 = EDGE_CURVE('',#9192,#9192,#9194,.T.);
#9192 = VERTEX_POINT('',#9193);
#9193 = CARTESIAN_POINT('',(181.44,-93.05,0.));
#9194 = CIRCLE('',#9195,0.4);
#9195 = AXIS2_PLACEMENT_3D('',#9196,#9197,#9198);
#9196 = CARTESIAN_POINT('',(181.44,-92.65,0.));
#9197 = DIRECTION('',(-0.,0.,-1.));
#9198 = DIRECTION('',(-0.,-1.,0.));
#9199 = FACE_BOUND('',#9200,.F.);
#9200 = EDGE_LOOP('',(#9201));
#9201 = ORIENTED_EDGE('',*,*,#9202,.T.);
#9202 = EDGE_CURVE('',#9203,#9203,#9205,.T.);
#9203 = VERTEX_POINT('',#9204);
#9204 = CARTESIAN_POINT('',(181.44,-90.51,0.));
#9205 = CIRCLE('',#9206,0.4);
#9206 = AXIS2_PLACEMENT_3D('',#9207,#9208,#9209);
#9207 = CARTESIAN_POINT('',(181.44,-90.11,0.));
#9208 = DIRECTION('',(-0.,0.,-1.));
#9209 = DIRECTION('',(-0.,-1.,0.));
#9210 = FACE_BOUND('',#9211,.F.);
#9211 = EDGE_LOOP('',(#9212));
#9212 = ORIENTED_EDGE('',*,*,#9213,.T.);
#9213 = EDGE_CURVE('',#9214,#9214,#9216,.T.);
#9214 = VERTEX_POINT('',#9215);
#9215 = CARTESIAN_POINT('',(168.74,-87.97,0.));
#9216 = CIRCLE('',#9217,0.4);
#9217 = AXIS2_PLACEMENT_3D('',#9218,#9219,#9220);
#9218 = CARTESIAN_POINT('',(168.74,-87.57,0.));
#9219 = DIRECTION('',(-0.,0.,-1.));
#9220 = DIRECTION('',(-0.,-1.,0.));
#9221 = FACE_BOUND('',#9222,.F.);
#9222 = EDGE_LOOP('',(#9223));
#9223 = ORIENTED_EDGE('',*,*,#9224,.T.);
#9224 = EDGE_CURVE('',#9225,#9225,#9227,.T.);
#9225 = VERTEX_POINT('',#9226);
#9226 = CARTESIAN_POINT('',(168.74,-85.43,0.));
#9227 = CIRCLE('',#9228,0.4);
#9228 = AXIS2_PLACEMENT_3D('',#9229,#9230,#9231);
#9229 = CARTESIAN_POINT('',(168.74,-85.03,0.));
#9230 = DIRECTION('',(-0.,0.,-1.));
#9231 = DIRECTION('',(-0.,-1.,0.));
#9232 = FACE_BOUND('',#9233,.F.);
#9233 = EDGE_LOOP('',(#9234));
#9234 = ORIENTED_EDGE('',*,*,#9235,.T.);
#9235 = EDGE_CURVE('',#9236,#9236,#9238,.T.);
#9236 = VERTEX_POINT('',#9237);
#9237 = CARTESIAN_POINT('',(168.74,-82.89,0.));
#9238 = CIRCLE('',#9239,0.4);
#9239 = AXIS2_PLACEMENT_3D('',#9240,#9241,#9242);
#9240 = CARTESIAN_POINT('',(168.74,-82.49,0.));
#9241 = DIRECTION('',(-0.,0.,-1.));
#9242 = DIRECTION('',(-0.,-1.,0.));
#9243 = FACE_BOUND('',#9244,.F.);
#9244 = EDGE_LOOP('',(#9245));
#9245 = ORIENTED_EDGE('',*,*,#9246,.T.);
#9246 = EDGE_CURVE('',#9247,#9247,#9249,.T.);
#9247 = VERTEX_POINT('',#9248);
#9248 = CARTESIAN_POINT('',(181.44,-87.97,0.));
#9249 = CIRCLE('',#9250,0.4);
#9250 = AXIS2_PLACEMENT_3D('',#9251,#9252,#9253);
#9251 = CARTESIAN_POINT('',(181.44,-87.57,0.));
#9252 = DIRECTION('',(-0.,0.,-1.));
#9253 = DIRECTION('',(-0.,-1.,0.));
#9254 = FACE_BOUND('',#9255,.F.);
#9255 = EDGE_LOOP('',(#9256));
#9256 = ORIENTED_EDGE('',*,*,#9257,.T.);
#9257 = EDGE_CURVE('',#9258,#9258,#9260,.T.);
#9258 = VERTEX_POINT('',#9259);
#9259 = CARTESIAN_POINT('',(185.4,-87.65,0.));
#9260 = CIRCLE('',#9261,0.25);
#9261 = AXIS2_PLACEMENT_3D('',#9262,#9263,#9264);
#9262 = CARTESIAN_POINT('',(185.4,-87.4,0.));
#9263 = DIRECTION('',(-0.,0.,-1.));
#9264 = DIRECTION('',(-0.,-1.,0.));
#9265 = FACE_BOUND('',#9266,.F.);
#9266 = EDGE_LOOP('',(#9267));
#9267 = ORIENTED_EDGE('',*,*,#9268,.T.);
#9268 = EDGE_CURVE('',#9269,#9269,#9271,.T.);
#9269 = VERTEX_POINT('',#9270);
#9270 = CARTESIAN_POINT('',(181.44,-85.43,0.));
#9271 = CIRCLE('',#9272,0.4);
#9272 = AXIS2_PLACEMENT_3D('',#9273,#9274,#9275);
#9273 = CARTESIAN_POINT('',(181.44,-85.03,0.));
#9274 = DIRECTION('',(-0.,0.,-1.));
#9275 = DIRECTION('',(-0.,-1.,0.));
#9276 = FACE_BOUND('',#9277,.F.);
#9277 = EDGE_LOOP('',(#9278));
#9278 = ORIENTED_EDGE('',*,*,#9279,.T.);
#9279 = EDGE_CURVE('',#9280,#9280,#9282,.T.);
#9280 = VERTEX_POINT('',#9281);
#9281 = CARTESIAN_POINT('',(185.4,-86.65,0.));
#9282 = CIRCLE('',#9283,0.25);
#9283 = AXIS2_PLACEMENT_3D('',#9284,#9285,#9286);
#9284 = CARTESIAN_POINT('',(185.4,-86.4,0.));
#9285 = DIRECTION('',(-0.,0.,-1.));
#9286 = DIRECTION('',(-0.,-1.,0.));
#9287 = FACE_BOUND('',#9288,.F.);
#9288 = EDGE_LOOP('',(#9289));
#9289 = ORIENTED_EDGE('',*,*,#9290,.T.);
#9290 = EDGE_CURVE('',#9291,#9291,#9293,.T.);
#9291 = VERTEX_POINT('',#9292);
#9292 = CARTESIAN_POINT('',(185.4,-85.65,0.));
#9293 = CIRCLE('',#9294,0.25);
#9294 = AXIS2_PLACEMENT_3D('',#9295,#9296,#9297);
#9295 = CARTESIAN_POINT('',(185.4,-85.4,0.));
#9296 = DIRECTION('',(-0.,0.,-1.));
#9297 = DIRECTION('',(-0.,-1.,0.));
#9298 = FACE_BOUND('',#9299,.F.);
#9299 = EDGE_LOOP('',(#9300));
#9300 = ORIENTED_EDGE('',*,*,#9301,.T.);
#9301 = EDGE_CURVE('',#9302,#9302,#9304,.T.);
#9302 = VERTEX_POINT('',#9303);
#9303 = CARTESIAN_POINT('',(185.4,-84.65,0.));
#9304 = CIRCLE('',#9305,0.25);
#9305 = AXIS2_PLACEMENT_3D('',#9306,#9307,#9308);
#9306 = CARTESIAN_POINT('',(185.4,-84.4,0.));
#9307 = DIRECTION('',(-0.,0.,-1.));
#9308 = DIRECTION('',(-0.,-1.,0.));
#9309 = FACE_BOUND('',#9310,.F.);
#9310 = EDGE_LOOP('',(#9311));
#9311 = ORIENTED_EDGE('',*,*,#9312,.T.);
#9312 = EDGE_CURVE('',#9313,#9313,#9315,.T.);
#9313 = VERTEX_POINT('',#9314);
#9314 = CARTESIAN_POINT('',(181.44,-82.89,0.));
#9315 = CIRCLE('',#9316,0.4);
#9316 = AXIS2_PLACEMENT_3D('',#9317,#9318,#9319);
#9317 = CARTESIAN_POINT('',(181.44,-82.49,0.));
#9318 = DIRECTION('',(-0.,0.,-1.));
#9319 = DIRECTION('',(-0.,-1.,0.));
#9320 = FACE_BOUND('',#9321,.F.);
#9321 = EDGE_LOOP('',(#9322));
#9322 = ORIENTED_EDGE('',*,*,#9323,.T.);
#9323 = EDGE_CURVE('',#9324,#9324,#9326,.T.);
#9324 = VERTEX_POINT('',#9325);
#9325 = CARTESIAN_POINT('',(117.7,-77.84,0.));
#9326 = CIRCLE('',#9327,0.6);
#9327 = AXIS2_PLACEMENT_3D('',#9328,#9329,#9330);
#9328 = CARTESIAN_POINT('',(117.7,-77.24,0.));
#9329 = DIRECTION('',(-0.,0.,-1.));
#9330 = DIRECTION('',(2.368475785867E-14,-1.,-0.));
#9331 = FACE_BOUND('',#9332,.F.);
#9332 = EDGE_LOOP('',(#9333));
#9333 = ORIENTED_EDGE('',*,*,#9334,.T.);
#9334 = EDGE_CURVE('',#9335,#9335,#9337,.T.);
#9335 = VERTEX_POINT('',#9336);
#9336 = CARTESIAN_POINT('',(117.7,-75.3,0.));
#9337 = CIRCLE('',#9338,0.6);
#9338 = AXIS2_PLACEMENT_3D('',#9339,#9340,#9341);
#9339 = CARTESIAN_POINT('',(117.7,-74.7,0.));
#9340 = DIRECTION('',(-0.,0.,-1.));
#9341 = DIRECTION('',(2.368475785867E-14,-1.,-0.));
#9342 = FACE_BOUND('',#9343,.F.);
#9343 = EDGE_LOOP('',(#9344));
#9344 = ORIENTED_EDGE('',*,*,#9345,.T.);
#9345 = EDGE_CURVE('',#9346,#9346,#9348,.T.);
#9346 = VERTEX_POINT('',#9347);
#9347 = CARTESIAN_POINT('',(117.7,-72.76,0.));
#9348 = CIRCLE('',#9349,0.6);
#9349 = AXIS2_PLACEMENT_3D('',#9350,#9351,#9352);
#9350 = CARTESIAN_POINT('',(117.7,-72.16,0.));
#9351 = DIRECTION('',(-0.,0.,-1.));
#9352 = DIRECTION('',(2.368475785867E-14,-1.,-0.));
#9353 = FACE_BOUND('',#9354,.F.);
#9354 = EDGE_LOOP('',(#9355));
#9355 = ORIENTED_EDGE('',*,*,#9356,.T.);
#9356 = EDGE_CURVE('',#9357,#9357,#9359,.T.);
#9357 = VERTEX_POINT('',#9358);
#9358 = CARTESIAN_POINT('',(117.7,-70.22,0.));
#9359 = CIRCLE('',#9360,0.6);
#9360 = AXIS2_PLACEMENT_3D('',#9361,#9362,#9363);
#9361 = CARTESIAN_POINT('',(117.7,-69.62,0.));
#9362 = DIRECTION('',(-0.,0.,-1.));
#9363 = DIRECTION('',(2.368475785867E-14,-1.,-0.));
#9364 = FACE_BOUND('',#9365,.F.);
#9365 = EDGE_LOOP('',(#9366));
#9366 = ORIENTED_EDGE('',*,*,#9367,.T.);
#9367 = EDGE_CURVE('',#9368,#9368,#9370,.T.);
#9368 = VERTEX_POINT('',#9369);
#9369 = CARTESIAN_POINT('',(137.1,-79.59,0.));
#9370 = CIRCLE('',#9371,0.51);
#9371 = AXIS2_PLACEMENT_3D('',#9372,#9373,#9374);
#9372 = CARTESIAN_POINT('',(137.1,-79.08,0.));
#9373 = DIRECTION('',(-0.,0.,-1.));
#9374 = DIRECTION('',(-5.57288420204E-14,-1.,0.));
#9375 = FACE_BOUND('',#9376,.F.);
#9376 = EDGE_LOOP('',(#9377));
#9377 = ORIENTED_EDGE('',*,*,#9378,.T.);
#9378 = EDGE_CURVE('',#9379,#9379,#9381,.T.);
#9379 = VERTEX_POINT('',#9380);
#9380 = CARTESIAN_POINT('',(137.1,-77.05,0.));
#9381 = CIRCLE('',#9382,0.51);
#9382 = AXIS2_PLACEMENT_3D('',#9383,#9384,#9385);
#9383 = CARTESIAN_POINT('',(137.1,-76.54,0.));
#9384 = DIRECTION('',(-0.,0.,-1.));
#9385 = DIRECTION('',(-5.57288420204E-14,-1.,0.));
#9386 = FACE_BOUND('',#9387,.F.);
#9387 = EDGE_LOOP('',(#9388));
#9388 = ORIENTED_EDGE('',*,*,#9389,.T.);
#9389 = EDGE_CURVE('',#9390,#9390,#9392,.T.);
#9390 = VERTEX_POINT('',#9391);
#9391 = CARTESIAN_POINT('',(137.1,-74.51,0.));
#9392 = CIRCLE('',#9393,0.51);
#9393 = AXIS2_PLACEMENT_3D('',#9394,#9395,#9396);
#9394 = CARTESIAN_POINT('',(137.1,-74.,0.));
#9395 = DIRECTION('',(-0.,0.,-1.));
#9396 = DIRECTION('',(-5.57288420204E-14,-1.,0.));
#9397 = FACE_BOUND('',#9398,.F.);
#9398 = EDGE_LOOP('',(#9399));
#9399 = ORIENTED_EDGE('',*,*,#9400,.T.);
#9400 = EDGE_CURVE('',#9401,#9401,#9403,.T.);
#9401 = VERTEX_POINT('',#9402);
#9402 = CARTESIAN_POINT('',(137.1,-71.97,0.));
#9403 = CIRCLE('',#9404,0.51);
#9404 = AXIS2_PLACEMENT_3D('',#9405,#9406,#9407);
#9405 = CARTESIAN_POINT('',(137.1,-71.46,0.));
#9406 = DIRECTION('',(-0.,0.,-1.));
#9407 = DIRECTION('',(-5.57288420204E-14,-1.,0.));
#9408 = FACE_BOUND('',#9409,.F.);
#9409 = EDGE_LOOP('',(#9410));
#9410 = ORIENTED_EDGE('',*,*,#9411,.T.);
#9411 = EDGE_CURVE('',#9412,#9412,#9414,.T.);
#9412 = VERTEX_POINT('',#9413);
#9413 = CARTESIAN_POINT('',(137.1,-69.43,0.));
#9414 = CIRCLE('',#9415,0.51);
#9415 = AXIS2_PLACEMENT_3D('',#9416,#9417,#9418);
#9416 = CARTESIAN_POINT('',(137.1,-68.92,0.));
#9417 = DIRECTION('',(-0.,0.,-1.));
#9418 = DIRECTION('',(-5.57288420204E-14,-1.,0.));
#9419 = FACE_BOUND('',#9420,.F.);
#9420 = EDGE_LOOP('',(#9421));
#9421 = ORIENTED_EDGE('',*,*,#9422,.T.);
#9422 = EDGE_CURVE('',#9423,#9423,#9425,.T.);
#9423 = VERTEX_POINT('',#9424);
#9424 = CARTESIAN_POINT('',(117.7,-67.68,0.));
#9425 = CIRCLE('',#9426,0.6);
#9426 = AXIS2_PLACEMENT_3D('',#9427,#9428,#9429);
#9427 = CARTESIAN_POINT('',(117.7,-67.08,0.));
#9428 = DIRECTION('',(-0.,0.,-1.));
#9429 = DIRECTION('',(2.368475785867E-14,-1.,-0.));
#9430 = FACE_BOUND('',#9431,.F.);
#9431 = EDGE_LOOP('',(#9432));
#9432 = ORIENTED_EDGE('',*,*,#9433,.T.);
#9433 = EDGE_CURVE('',#9434,#9434,#9436,.T.);
#9434 = VERTEX_POINT('',#9435);
#9435 = CARTESIAN_POINT('',(116.6,-57.15,0.));
#9436 = CIRCLE('',#9437,1.05);
#9437 = AXIS2_PLACEMENT_3D('',#9438,#9439,#9440);
#9438 = CARTESIAN_POINT('',(116.6,-56.1,0.));
#9439 = DIRECTION('',(-0.,0.,-1.));
#9440 = DIRECTION('',(-0.,-1.,0.));
#9441 = FACE_BOUND('',#9442,.F.);
#9442 = EDGE_LOOP('',(#9443));
#9443 = ORIENTED_EDGE('',*,*,#9444,.T.);
#9444 = EDGE_CURVE('',#9445,#9445,#9447,.T.);
#9445 = VERTEX_POINT('',#9446);
#9446 = CARTESIAN_POINT('',(137.1,-66.89,0.));
#9447 = CIRCLE('',#9448,0.51);
#9448 = AXIS2_PLACEMENT_3D('',#9449,#9450,#9451);
#9449 = CARTESIAN_POINT('',(137.1,-66.38,0.));
#9450 = DIRECTION('',(-0.,0.,-1.));
#9451 = DIRECTION('',(-5.57288420204E-14,-1.,0.));
#9452 = FACE_BOUND('',#9453,.F.);
#9453 = EDGE_LOOP('',(#9454));
#9454 = ORIENTED_EDGE('',*,*,#9455,.T.);
#9455 = EDGE_CURVE('',#9456,#9456,#9458,.T.);
#9456 = VERTEX_POINT('',#9457);
#9457 = CARTESIAN_POINT('',(137.1,-64.35,0.));
#9458 = CIRCLE('',#9459,0.51);
#9459 = AXIS2_PLACEMENT_3D('',#9460,#9461,#9462);
#9460 = CARTESIAN_POINT('',(137.1,-63.84,0.));
#9461 = DIRECTION('',(-0.,0.,-1.));
#9462 = DIRECTION('',(-5.57288420204E-14,-1.,0.));
#9463 = FACE_BOUND('',#9464,.F.);
#9464 = EDGE_LOOP('',(#9465));
#9465 = ORIENTED_EDGE('',*,*,#9466,.T.);
#9466 = EDGE_CURVE('',#9467,#9467,#9469,.T.);
#9467 = VERTEX_POINT('',#9468);
#9468 = CARTESIAN_POINT('',(137.1,-61.81,0.));
#9469 = CIRCLE('',#9470,0.51);
#9470 = AXIS2_PLACEMENT_3D('',#9471,#9472,#9473);
#9471 = CARTESIAN_POINT('',(137.1,-61.3,0.));
#9472 = DIRECTION('',(-0.,0.,-1.));
#9473 = DIRECTION('',(-5.57288420204E-14,-1.,0.));
#9474 = FACE_BOUND('',#9475,.F.);
#9475 = EDGE_LOOP('',(#9476));
#9476 = ORIENTED_EDGE('',*,*,#9477,.T.);
#9477 = EDGE_CURVE('',#9478,#9478,#9480,.T.);
#9478 = VERTEX_POINT('',#9479);
#9479 = CARTESIAN_POINT('',(162.5,-79.59,0.));
#9480 = CIRCLE('',#9481,0.51);
#9481 = AXIS2_PLACEMENT_3D('',#9482,#9483,#9484);
#9482 = CARTESIAN_POINT('',(162.5,-79.08,0.));
#9483 = DIRECTION('',(-0.,0.,-1.));
#9484 = DIRECTION('',(-0.,-1.,0.));
#9485 = FACE_BOUND('',#9486,.F.);
#9486 = EDGE_LOOP('',(#9487));
#9487 = ORIENTED_EDGE('',*,*,#9488,.T.);
#9488 = EDGE_CURVE('',#9489,#9489,#9491,.T.);
#9489 = VERTEX_POINT('',#9490);
#9490 = CARTESIAN_POINT('',(162.5,-77.05,0.));
#9491 = CIRCLE('',#9492,0.51);
#9492 = AXIS2_PLACEMENT_3D('',#9493,#9494,#9495);
#9493 = CARTESIAN_POINT('',(162.5,-76.54,0.));
#9494 = DIRECTION('',(-0.,0.,-1.));
#9495 = DIRECTION('',(-0.,-1.,0.));
#9496 = FACE_BOUND('',#9497,.F.);
#9497 = EDGE_LOOP('',(#9498));
#9498 = ORIENTED_EDGE('',*,*,#9499,.T.);
#9499 = EDGE_CURVE('',#9500,#9500,#9502,.T.);
#9500 = VERTEX_POINT('',#9501);
#9501 = CARTESIAN_POINT('',(162.5,-74.51,0.));
#9502 = CIRCLE('',#9503,0.51);
#9503 = AXIS2_PLACEMENT_3D('',#9504,#9505,#9506);
#9504 = CARTESIAN_POINT('',(162.5,-74.,0.));
#9505 = DIRECTION('',(-0.,0.,-1.));
#9506 = DIRECTION('',(-0.,-1.,0.));
#9507 = FACE_BOUND('',#9508,.F.);
#9508 = EDGE_LOOP('',(#9509));
#9509 = ORIENTED_EDGE('',*,*,#9510,.T.);
#9510 = EDGE_CURVE('',#9511,#9511,#9513,.T.);
#9511 = VERTEX_POINT('',#9512);
#9512 = CARTESIAN_POINT('',(162.5,-71.97,0.));
#9513 = CIRCLE('',#9514,0.51);
#9514 = AXIS2_PLACEMENT_3D('',#9515,#9516,#9517);
#9515 = CARTESIAN_POINT('',(162.5,-71.46,0.));
#9516 = DIRECTION('',(-0.,0.,-1.));
#9517 = DIRECTION('',(-0.,-1.,0.));
#9518 = FACE_BOUND('',#9519,.F.);
#9519 = EDGE_LOOP('',(#9520));
#9520 = ORIENTED_EDGE('',*,*,#9521,.T.);
#9521 = EDGE_CURVE('',#9522,#9522,#9524,.T.);
#9522 = VERTEX_POINT('',#9523);
#9523 = CARTESIAN_POINT('',(162.5,-69.43,0.));
#9524 = CIRCLE('',#9525,0.51);
#9525 = AXIS2_PLACEMENT_3D('',#9526,#9527,#9528);
#9526 = CARTESIAN_POINT('',(162.5,-68.92,0.));
#9527 = DIRECTION('',(-0.,0.,-1.));
#9528 = DIRECTION('',(-0.,-1.,0.));
#9529 = FACE_BOUND('',#9530,.F.);
#9530 = EDGE_LOOP('',(#9531));
#9531 = ORIENTED_EDGE('',*,*,#9532,.T.);
#9532 = EDGE_CURVE('',#9533,#9533,#9535,.T.);
#9533 = VERTEX_POINT('',#9534);
#9534 = CARTESIAN_POINT('',(168.74,-80.35,0.));
#9535 = CIRCLE('',#9536,0.4);
#9536 = AXIS2_PLACEMENT_3D('',#9537,#9538,#9539);
#9537 = CARTESIAN_POINT('',(168.74,-79.95,0.));
#9538 = DIRECTION('',(-0.,0.,-1.));
#9539 = DIRECTION('',(-0.,-1.,0.));
#9540 = FACE_BOUND('',#9541,.F.);
#9541 = EDGE_LOOP('',(#9542));
#9542 = ORIENTED_EDGE('',*,*,#9543,.T.);
#9543 = EDGE_CURVE('',#9544,#9544,#9546,.T.);
#9544 = VERTEX_POINT('',#9545);
#9545 = CARTESIAN_POINT('',(168.74,-77.81,0.));
#9546 = CIRCLE('',#9547,0.4);
#9547 = AXIS2_PLACEMENT_3D('',#9548,#9549,#9550);
#9548 = CARTESIAN_POINT('',(168.74,-77.41,0.));
#9549 = DIRECTION('',(-0.,0.,-1.));
#9550 = DIRECTION('',(-0.,-1.,0.));
#9551 = FACE_BOUND('',#9552,.F.);
#9552 = EDGE_LOOP('',(#9553));
#9553 = ORIENTED_EDGE('',*,*,#9554,.T.);
#9554 = EDGE_CURVE('',#9555,#9555,#9557,.T.);
#9555 = VERTEX_POINT('',#9556);
#9556 = CARTESIAN_POINT('',(181.44,-80.35,0.));
#9557 = CIRCLE('',#9558,0.4);
#9558 = AXIS2_PLACEMENT_3D('',#9559,#9560,#9561);
#9559 = CARTESIAN_POINT('',(181.44,-79.95,0.));
#9560 = DIRECTION('',(-0.,0.,-1.));
#9561 = DIRECTION('',(-0.,-1.,0.));
#9562 = FACE_BOUND('',#9563,.F.);
#9563 = EDGE_LOOP('',(#9564));
#9564 = ORIENTED_EDGE('',*,*,#9565,.T.);
#9565 = EDGE_CURVE('',#9566,#9566,#9568,.T.);
#9566 = VERTEX_POINT('',#9567);
#9567 = CARTESIAN_POINT('',(181.44,-77.81,0.));
#9568 = CIRCLE('',#9569,0.4);
#9569 = AXIS2_PLACEMENT_3D('',#9570,#9571,#9572);
#9570 = CARTESIAN_POINT('',(181.44,-77.41,0.));
#9571 = DIRECTION('',(-0.,0.,-1.));
#9572 = DIRECTION('',(-0.,-1.,0.));
#9573 = FACE_BOUND('',#9574,.F.);
#9574 = EDGE_LOOP('',(#9575));
#9575 = ORIENTED_EDGE('',*,*,#9576,.T.);
#9576 = EDGE_CURVE('',#9577,#9577,#9579,.T.);
#9577 = VERTEX_POINT('',#9578);
#9578 = CARTESIAN_POINT('',(168.7,-73.2,0.));
#9579 = CIRCLE('',#9580,0.4);
#9580 = AXIS2_PLACEMENT_3D('',#9581,#9582,#9583);
#9581 = CARTESIAN_POINT('',(168.7,-72.8,0.));
#9582 = DIRECTION('',(-0.,0.,-1.));
#9583 = DIRECTION('',(-0.,-1.,0.));
#9584 = FACE_BOUND('',#9585,.F.);
#9585 = EDGE_LOOP('',(#9586));
#9586 = ORIENTED_EDGE('',*,*,#9587,.T.);
#9587 = EDGE_CURVE('',#9588,#9588,#9590,.T.);
#9588 = VERTEX_POINT('',#9589);
#9589 = CARTESIAN_POINT('',(168.7,-70.66,0.));
#9590 = CIRCLE('',#9591,0.4);
#9591 = AXIS2_PLACEMENT_3D('',#9592,#9593,#9594);
#9592 = CARTESIAN_POINT('',(168.7,-70.26,0.));
#9593 = DIRECTION('',(-0.,0.,-1.));
#9594 = DIRECTION('',(-0.,-1.,0.));
#9595 = FACE_BOUND('',#9596,.F.);
#9596 = EDGE_LOOP('',(#9597));
#9597 = ORIENTED_EDGE('',*,*,#9598,.T.);
#9598 = EDGE_CURVE('',#9599,#9599,#9601,.T.);
#9599 = VERTEX_POINT('',#9600);
#9600 = CARTESIAN_POINT('',(181.4,-73.2,0.));
#9601 = CIRCLE('',#9602,0.4);
#9602 = AXIS2_PLACEMENT_3D('',#9603,#9604,#9605);
#9603 = CARTESIAN_POINT('',(181.4,-72.8,0.));
#9604 = DIRECTION('',(-0.,0.,-1.));
#9605 = DIRECTION('',(-0.,-1.,0.));
#9606 = FACE_BOUND('',#9607,.F.);
#9607 = EDGE_LOOP('',(#9608));
#9608 = ORIENTED_EDGE('',*,*,#9609,.T.);
#9609 = EDGE_CURVE('',#9610,#9610,#9612,.T.);
#9610 = VERTEX_POINT('',#9611);
#9611 = CARTESIAN_POINT('',(181.4,-70.66,0.));
#9612 = CIRCLE('',#9613,0.4);
#9613 = AXIS2_PLACEMENT_3D('',#9614,#9615,#9616);
#9614 = CARTESIAN_POINT('',(181.4,-70.26,0.));
#9615 = DIRECTION('',(-0.,0.,-1.));
#9616 = DIRECTION('',(-0.,-1.,0.));
#9617 = FACE_BOUND('',#9618,.F.);
#9618 = EDGE_LOOP('',(#9619));
#9619 = ORIENTED_EDGE('',*,*,#9620,.T.);
#9620 = EDGE_CURVE('',#9621,#9621,#9623,.T.);
#9621 = VERTEX_POINT('',#9622);
#9622 = CARTESIAN_POINT('',(162.5,-66.89,0.));
#9623 = CIRCLE('',#9624,0.51);
#9624 = AXIS2_PLACEMENT_3D('',#9625,#9626,#9627);
#9625 = CARTESIAN_POINT('',(162.5,-66.38,0.));
#9626 = DIRECTION('',(-0.,0.,-1.));
#9627 = DIRECTION('',(-0.,-1.,0.));
#9628 = FACE_BOUND('',#9629,.F.);
#9629 = EDGE_LOOP('',(#9630));
#9630 = ORIENTED_EDGE('',*,*,#9631,.T.);
#9631 = EDGE_CURVE('',#9632,#9632,#9634,.T.);
#9632 = VERTEX_POINT('',#9633);
#9633 = CARTESIAN_POINT('',(162.5,-64.35,0.));
#9634 = CIRCLE('',#9635,0.51);
#9635 = AXIS2_PLACEMENT_3D('',#9636,#9637,#9638);
#9636 = CARTESIAN_POINT('',(162.5,-63.84,0.));
#9637 = DIRECTION('',(-0.,0.,-1.));
#9638 = DIRECTION('',(-0.,-1.,0.));
#9639 = FACE_BOUND('',#9640,.F.);
#9640 = EDGE_LOOP('',(#9641));
#9641 = ORIENTED_EDGE('',*,*,#9642,.T.);
#9642 = EDGE_CURVE('',#9643,#9643,#9645,.T.);
#9643 = VERTEX_POINT('',#9644);
#9644 = CARTESIAN_POINT('',(162.5,-61.81,0.));
#9645 = CIRCLE('',#9646,0.51);
#9646 = AXIS2_PLACEMENT_3D('',#9647,#9648,#9649);
#9647 = CARTESIAN_POINT('',(162.5,-61.3,0.));
#9648 = DIRECTION('',(-0.,0.,-1.));
#9649 = DIRECTION('',(-0.,-1.,0.));
#9650 = FACE_BOUND('',#9651,.F.);
#9651 = EDGE_LOOP('',(#9652));
#9652 = ORIENTED_EDGE('',*,*,#9653,.T.);
#9653 = EDGE_CURVE('',#9654,#9654,#9656,.T.);
#9654 = VERTEX_POINT('',#9655);
#9655 = CARTESIAN_POINT('',(168.7,-68.12,0.));
#9656 = CIRCLE('',#9657,0.4);
#9657 = AXIS2_PLACEMENT_3D('',#9658,#9659,#9660);
#9658 = CARTESIAN_POINT('',(168.7,-67.72,0.));
#9659 = DIRECTION('',(-0.,0.,-1.));
#9660 = DIRECTION('',(-0.,-1.,0.));
#9661 = FACE_BOUND('',#9662,.F.);
#9662 = EDGE_LOOP('',(#9663));
#9663 = ORIENTED_EDGE('',*,*,#9664,.T.);
#9664 = EDGE_CURVE('',#9665,#9665,#9667,.T.);
#9665 = VERTEX_POINT('',#9666);
#9666 = CARTESIAN_POINT('',(168.7,-65.58,0.));
#9667 = CIRCLE('',#9668,0.4);
#9668 = AXIS2_PLACEMENT_3D('',#9669,#9670,#9671);
#9669 = CARTESIAN_POINT('',(168.7,-65.18,0.));
#9670 = DIRECTION('',(-0.,0.,-1.));
#9671 = DIRECTION('',(-0.,-1.,0.));
#9672 = FACE_BOUND('',#9673,.F.);
#9673 = EDGE_LOOP('',(#9674));
#9674 = ORIENTED_EDGE('',*,*,#9675,.T.);
#9675 = EDGE_CURVE('',#9676,#9676,#9678,.T.);
#9676 = VERTEX_POINT('',#9677);
#9677 = CARTESIAN_POINT('',(168.7,-63.04,0.));
#9678 = CIRCLE('',#9679,0.4);
#9679 = AXIS2_PLACEMENT_3D('',#9680,#9681,#9682);
#9680 = CARTESIAN_POINT('',(168.7,-62.64,0.));
#9681 = DIRECTION('',(-0.,0.,-1.));
#9682 = DIRECTION('',(-0.,-1.,0.));
#9683 = FACE_BOUND('',#9684,.F.);
#9684 = EDGE_LOOP('',(#9685));
#9685 = ORIENTED_EDGE('',*,*,#9686,.T.);
#9686 = EDGE_CURVE('',#9687,#9687,#9689,.T.);
#9687 = VERTEX_POINT('',#9688);
#9688 = CARTESIAN_POINT('',(181.4,-68.12,0.));
#9689 = CIRCLE('',#9690,0.4);
#9690 = AXIS2_PLACEMENT_3D('',#9691,#9692,#9693);
#9691 = CARTESIAN_POINT('',(181.4,-67.72,0.));
#9692 = DIRECTION('',(-0.,0.,-1.));
#9693 = DIRECTION('',(-0.,-1.,0.));
#9694 = FACE_BOUND('',#9695,.F.);
#9695 = EDGE_LOOP('',(#9696));
#9696 = ORIENTED_EDGE('',*,*,#9697,.T.);
#9697 = EDGE_CURVE('',#9698,#9698,#9700,.T.);
#9698 = VERTEX_POINT('',#9699);
#9699 = CARTESIAN_POINT('',(181.4,-65.58,0.));
#9700 = CIRCLE('',#9701,0.4);
#9701 = AXIS2_PLACEMENT_3D('',#9702,#9703,#9704);
#9702 = CARTESIAN_POINT('',(181.4,-65.18,0.));
#9703 = DIRECTION('',(-0.,0.,-1.));
#9704 = DIRECTION('',(-0.,-1.,0.));
#9705 = FACE_BOUND('',#9706,.F.);
#9706 = EDGE_LOOP('',(#9707));
#9707 = ORIENTED_EDGE('',*,*,#9708,.T.);
#9708 = EDGE_CURVE('',#9709,#9709,#9711,.T.);
#9709 = VERTEX_POINT('',#9710);
#9710 = CARTESIAN_POINT('',(185.3,-64.75,0.));
#9711 = CIRCLE('',#9712,0.25);
#9712 = AXIS2_PLACEMENT_3D('',#9713,#9714,#9715);
#9713 = CARTESIAN_POINT('',(185.3,-64.5,0.));
#9714 = DIRECTION('',(-0.,0.,-1.));
#9715 = DIRECTION('',(-0.,-1.,0.));
#9716 = FACE_BOUND('',#9717,.F.);
#9717 = EDGE_LOOP('',(#9718));
#9718 = ORIENTED_EDGE('',*,*,#9719,.T.);
#9719 = EDGE_CURVE('',#9720,#9720,#9722,.T.);
#9720 = VERTEX_POINT('',#9721);
#9721 = CARTESIAN_POINT('',(185.3,-63.75,0.));
#9722 = CIRCLE('',#9723,0.25);
#9723 = AXIS2_PLACEMENT_3D('',#9724,#9725,#9726);
#9724 = CARTESIAN_POINT('',(185.3,-63.5,0.));
#9725 = DIRECTION('',(-0.,0.,-1.));
#9726 = DIRECTION('',(-0.,-1.,0.));
#9727 = FACE_BOUND('',#9728,.F.);
#9728 = EDGE_LOOP('',(#9729));
#9729 = ORIENTED_EDGE('',*,*,#9730,.T.);
#9730 = EDGE_CURVE('',#9731,#9731,#9733,.T.);
#9731 = VERTEX_POINT('',#9732);
#9732 = CARTESIAN_POINT('',(181.4,-63.04,0.));
#9733 = CIRCLE('',#9734,0.4);
#9734 = AXIS2_PLACEMENT_3D('',#9735,#9736,#9737);
#9735 = CARTESIAN_POINT('',(181.4,-62.64,0.));
#9736 = DIRECTION('',(-0.,0.,-1.));
#9737 = DIRECTION('',(-0.,-1.,0.));
#9738 = FACE_BOUND('',#9739,.F.);
#9739 = EDGE_LOOP('',(#9740));
#9740 = ORIENTED_EDGE('',*,*,#9741,.T.);
#9741 = EDGE_CURVE('',#9742,#9742,#9744,.T.);
#9742 = VERTEX_POINT('',#9743);
#9743 = CARTESIAN_POINT('',(185.3,-62.75,0.));
#9744 = CIRCLE('',#9745,0.25);
#9745 = AXIS2_PLACEMENT_3D('',#9746,#9747,#9748);
#9746 = CARTESIAN_POINT('',(185.3,-62.5,0.));
#9747 = DIRECTION('',(-0.,0.,-1.));
#9748 = DIRECTION('',(-0.,-1.,0.));
#9749 = FACE_BOUND('',#9750,.F.);
#9750 = EDGE_LOOP('',(#9751));
#9751 = ORIENTED_EDGE('',*,*,#9752,.T.);
#9752 = EDGE_CURVE('',#9753,#9753,#9755,.T.);
#9753 = VERTEX_POINT('',#9754);
#9754 = CARTESIAN_POINT('',(185.3,-61.75,0.));
#9755 = CIRCLE('',#9756,0.25);
#9756 = AXIS2_PLACEMENT_3D('',#9757,#9758,#9759);
#9757 = CARTESIAN_POINT('',(185.3,-61.5,0.));
#9758 = DIRECTION('',(-0.,0.,-1.));
#9759 = DIRECTION('',(-0.,-1.,0.));
#9760 = FACE_BOUND('',#9761,.F.);
#9761 = EDGE_LOOP('',(#9762));
#9762 = ORIENTED_EDGE('',*,*,#9763,.T.);
#9763 = EDGE_CURVE('',#9764,#9764,#9766,.T.);
#9764 = VERTEX_POINT('',#9765);
#9765 = CARTESIAN_POINT('',(168.7,-60.5,0.));
#9766 = CIRCLE('',#9767,0.4);
#9767 = AXIS2_PLACEMENT_3D('',#9768,#9769,#9770);
#9768 = CARTESIAN_POINT('',(168.7,-60.1,0.));
#9769 = DIRECTION('',(-0.,0.,-1.));
#9770 = DIRECTION('',(-0.,-1.,0.));
#9771 = FACE_BOUND('',#9772,.F.);
#9772 = EDGE_LOOP('',(#9773));
#9773 = ORIENTED_EDGE('',*,*,#9774,.T.);
#9774 = EDGE_CURVE('',#9775,#9775,#9777,.T.);
#9775 = VERTEX_POINT('',#9776);
#9776 = CARTESIAN_POINT('',(168.7,-57.96,0.));
#9777 = CIRCLE('',#9778,0.4);
#9778 = AXIS2_PLACEMENT_3D('',#9779,#9780,#9781);
#9779 = CARTESIAN_POINT('',(168.7,-57.56,0.));
#9780 = DIRECTION('',(-0.,0.,-1.));
#9781 = DIRECTION('',(-0.,-1.,0.));
#9782 = FACE_BOUND('',#9783,.F.);
#9783 = EDGE_LOOP('',(#9784));
#9784 = ORIENTED_EDGE('',*,*,#9785,.T.);
#9785 = EDGE_CURVE('',#9786,#9786,#9788,.T.);
#9786 = VERTEX_POINT('',#9787);
#9787 = CARTESIAN_POINT('',(168.7,-55.42,0.));
#9788 = CIRCLE('',#9789,0.4);
#9789 = AXIS2_PLACEMENT_3D('',#9790,#9791,#9792);
#9790 = CARTESIAN_POINT('',(168.7,-55.02,0.));
#9791 = DIRECTION('',(-0.,0.,-1.));
#9792 = DIRECTION('',(-0.,-1.,0.));
#9793 = FACE_BOUND('',#9794,.F.);
#9794 = EDGE_LOOP('',(#9795));
#9795 = ORIENTED_EDGE('',*,*,#9796,.T.);
#9796 = EDGE_CURVE('',#9797,#9797,#9799,.T.);
#9797 = VERTEX_POINT('',#9798);
#9798 = CARTESIAN_POINT('',(181.4,-60.5,0.));
#9799 = CIRCLE('',#9800,0.4);
#9800 = AXIS2_PLACEMENT_3D('',#9801,#9802,#9803);
#9801 = CARTESIAN_POINT('',(181.4,-60.1,0.));
#9802 = DIRECTION('',(-0.,0.,-1.));
#9803 = DIRECTION('',(-0.,-1.,0.));
#9804 = FACE_BOUND('',#9805,.F.);
#9805 = EDGE_LOOP('',(#9806));
#9806 = ORIENTED_EDGE('',*,*,#9807,.T.);
#9807 = EDGE_CURVE('',#9808,#9808,#9810,.T.);
#9808 = VERTEX_POINT('',#9809);
#9809 = CARTESIAN_POINT('',(181.4,-57.96,0.));
#9810 = CIRCLE('',#9811,0.4);
#9811 = AXIS2_PLACEMENT_3D('',#9812,#9813,#9814);
#9812 = CARTESIAN_POINT('',(181.4,-57.56,0.));
#9813 = DIRECTION('',(-0.,0.,-1.));
#9814 = DIRECTION('',(-0.,-1.,0.));
#9815 = FACE_BOUND('',#9816,.F.);
#9816 = EDGE_LOOP('',(#9817));
#9817 = ORIENTED_EDGE('',*,*,#9818,.T.);
#9818 = EDGE_CURVE('',#9819,#9819,#9821,.T.);
#9819 = VERTEX_POINT('',#9820);
#9820 = CARTESIAN_POINT('',(181.4,-55.42,0.));
#9821 = CIRCLE('',#9822,0.4);
#9822 = AXIS2_PLACEMENT_3D('',#9823,#9824,#9825);
#9823 = CARTESIAN_POINT('',(181.4,-55.02,0.));
#9824 = DIRECTION('',(-0.,0.,-1.));
#9825 = DIRECTION('',(-0.,-1.,0.));
#9826 = PLANE('',#9827);
#9827 = AXIS2_PLACEMENT_3D('',#9828,#9829,#9830);
#9828 = CARTESIAN_POINT('',(0.,0.,0.));
#9829 = DIRECTION('',(0.,0.,1.));
#9830 = DIRECTION('',(1.,0.,-0.));
#9831 = ADVANCED_FACE('',(#9832,#9843,#9854,#9865,#9876,#9887,#9898,
    #9909,#9920,#9931,#9942,#9953,#9964,#9975,#9986,#9997,#10008,#10019,
    #10030,#10041,#10052,#10063,#10074,#10085,#10096,#10107,#10118,
    #10129,#10140,#10151,#10162,#10173,#10184,#10195,#10206,#10217,
    #10228,#10239,#10250,#10261,#10272,#10283,#10294,#10305,#10316,
    #10327,#10338,#10349,#10360,#10371,#10382,#10393,#10404,#10415,
    #10426,#10437,#10448,#10459,#10470,#10481,#10492,#10503,#10514,
    #10525,#10536,#10547,#10558,#10569,#10580,#10591,#10602,#10613,
    #10624,#10635,#10646,#10657,#10668,#10679,#10690,#10701,#10712,
    #10723,#10734,#10745,#10756,#10767,#10778,#10789,#10800,#10811,
    #10822,#10833,#10844,#10855,#10866,#10877,#10888,#10899,#10910,
    #10921,#10932,#10943),#10954,.T.);
#9832 = FACE_BOUND('',#9833,.T.);
#9833 = EDGE_LOOP('',(#9834,#9835,#9836,#9842));
#9834 = ORIENTED_EDGE('',*,*,#8615,.F.);
#9835 = ORIENTED_EDGE('',*,*,#8655,.F.);
#9836 = ORIENTED_EDGE('',*,*,#9837,.F.);
#9837 = EDGE_CURVE('',#8678,#8648,#9838,.T.);
#9838 = LINE('',#9839,#9840);
#9839 = CARTESIAN_POINT('',(111.6,-51.2,1.51));
#9840 = VECTOR('',#9841,1.);
#9841 = DIRECTION('',(1.,0.,0.));
#9842 = ORIENTED_EDGE('',*,*,#8677,.F.);
#9843 = FACE_BOUND('',#9844,.T.);
#9844 = EDGE_LOOP('',(#9845));
#9845 = ORIENTED_EDGE('',*,*,#9846,.T.);
#9846 = EDGE_CURVE('',#9847,#9847,#9849,.T.);
#9847 = VERTEX_POINT('',#9848);
#9848 = CARTESIAN_POINT('',(118.8275,-106.15,1.51));
#9849 = CIRCLE('',#9850,0.65);
#9850 = AXIS2_PLACEMENT_3D('',#9851,#9852,#9853);
#9851 = CARTESIAN_POINT('',(118.8275,-105.5,1.51));
#9852 = DIRECTION('',(-0.,0.,-1.));
#9853 = DIRECTION('',(-0.,-1.,0.));
#9854 = FACE_BOUND('',#9855,.T.);
#9855 = EDGE_LOOP('',(#9856));
#9856 = ORIENTED_EDGE('',*,*,#9857,.T.);
#9857 = EDGE_CURVE('',#9858,#9858,#9860,.T.);
#9858 = VERTEX_POINT('',#9859);
#9859 = CARTESIAN_POINT('',(132.5,-108.345,1.51));
#9860 = CIRCLE('',#9861,0.35);
#9861 = AXIS2_PLACEMENT_3D('',#9862,#9863,#9864);
#9862 = CARTESIAN_POINT('',(132.5,-107.995,1.51));
#9863 = DIRECTION('',(-0.,0.,-1.));
#9864 = DIRECTION('',(-0.,-1.,0.));
#9865 = FACE_BOUND('',#9866,.T.);
#9866 = EDGE_LOOP('',(#9867));
#9867 = ORIENTED_EDGE('',*,*,#9868,.T.);
#9868 = EDGE_CURVE('',#9869,#9869,#9871,.T.);
#9869 = VERTEX_POINT('',#9870);
#9870 = CARTESIAN_POINT('',(132.5,-106.445,1.51));
#9871 = CIRCLE('',#9872,0.35);
#9872 = AXIS2_PLACEMENT_3D('',#9873,#9874,#9875);
#9873 = CARTESIAN_POINT('',(132.5,-106.095,1.51));
#9874 = DIRECTION('',(-0.,0.,-1.));
#9875 = DIRECTION('',(-0.,-1.,0.));
#9876 = FACE_BOUND('',#9877,.T.);
#9877 = EDGE_LOOP('',(#9878));
#9878 = ORIENTED_EDGE('',*,*,#9879,.T.);
#9879 = EDGE_CURVE('',#9880,#9880,#9882,.T.);
#9880 = VERTEX_POINT('',#9881);
#9881 = CARTESIAN_POINT('',(127.5,-103.9,1.51));
#9882 = CIRCLE('',#9883,0.4);
#9883 = AXIS2_PLACEMENT_3D('',#9884,#9885,#9886);
#9884 = CARTESIAN_POINT('',(127.5,-103.5,1.51));
#9885 = DIRECTION('',(-0.,0.,-1.));
#9886 = DIRECTION('',(-0.,-1.,0.));
#9887 = FACE_BOUND('',#9888,.T.);
#9888 = EDGE_LOOP('',(#9889));
#9889 = ORIENTED_EDGE('',*,*,#9890,.T.);
#9890 = EDGE_CURVE('',#9891,#9891,#9893,.T.);
#9891 = VERTEX_POINT('',#9892);
#9892 = CARTESIAN_POINT('',(132.6,-103.35,1.51));
#9893 = CIRCLE('',#9894,0.45);
#9894 = AXIS2_PLACEMENT_3D('',#9895,#9896,#9897);
#9895 = CARTESIAN_POINT('',(132.6,-102.9,1.51));
#9896 = DIRECTION('',(-0.,0.,-1.));
#9897 = DIRECTION('',(-6.315935428979E-14,-1.,0.));
#9898 = FACE_BOUND('',#9899,.T.);
#9899 = EDGE_LOOP('',(#9900));
#9900 = ORIENTED_EDGE('',*,*,#9901,.T.);
#9901 = EDGE_CURVE('',#9902,#9902,#9904,.T.);
#9902 = VERTEX_POINT('',#9903);
#9903 = CARTESIAN_POINT('',(118.8275,-101.15,1.51));
#9904 = CIRCLE('',#9905,0.65);
#9905 = AXIS2_PLACEMENT_3D('',#9906,#9907,#9908);
#9906 = CARTESIAN_POINT('',(118.8275,-100.5,1.51));
#9907 = DIRECTION('',(-0.,0.,-1.));
#9908 = DIRECTION('',(-0.,-1.,0.));
#9909 = FACE_BOUND('',#9910,.T.);
#9910 = EDGE_LOOP('',(#9911));
#9911 = ORIENTED_EDGE('',*,*,#9912,.T.);
#9912 = EDGE_CURVE('',#9913,#9913,#9915,.T.);
#9913 = VERTEX_POINT('',#9914);
#9914 = CARTESIAN_POINT('',(127.5,-101.9,1.51));
#9915 = CIRCLE('',#9916,0.4);
#9916 = AXIS2_PLACEMENT_3D('',#9917,#9918,#9919);
#9917 = CARTESIAN_POINT('',(127.5,-101.5,1.51));
#9918 = DIRECTION('',(-0.,0.,-1.));
#9919 = DIRECTION('',(-0.,-1.,0.));
#9920 = FACE_BOUND('',#9921,.T.);
#9921 = EDGE_LOOP('',(#9922));
#9922 = ORIENTED_EDGE('',*,*,#9923,.T.);
#9923 = EDGE_CURVE('',#9924,#9924,#9926,.T.);
#9924 = VERTEX_POINT('',#9925);
#9925 = CARTESIAN_POINT('',(132.6,-100.81,1.51));
#9926 = CIRCLE('',#9927,0.45);
#9927 = AXIS2_PLACEMENT_3D('',#9928,#9929,#9930);
#9928 = CARTESIAN_POINT('',(132.6,-100.36,1.51));
#9929 = DIRECTION('',(-0.,0.,-1.));
#9930 = DIRECTION('',(-6.315935428979E-14,-1.,0.));
#9931 = FACE_BOUND('',#9932,.T.);
#9932 = EDGE_LOOP('',(#9933));
#9933 = ORIENTED_EDGE('',*,*,#9934,.T.);
#9934 = EDGE_CURVE('',#9935,#9935,#9937,.T.);
#9935 = VERTEX_POINT('',#9936);
#9936 = CARTESIAN_POINT('',(132.8,-95.345,1.51));
#9937 = CIRCLE('',#9938,0.35);
#9938 = AXIS2_PLACEMENT_3D('',#9939,#9940,#9941);
#9939 = CARTESIAN_POINT('',(132.8,-94.995,1.51));
#9940 = DIRECTION('',(-0.,0.,-1.));
#9941 = DIRECTION('',(-0.,-1.,0.));
#9942 = FACE_BOUND('',#9943,.T.);
#9943 = EDGE_LOOP('',(#9944));
#9944 = ORIENTED_EDGE('',*,*,#9945,.T.);
#9945 = EDGE_CURVE('',#9946,#9946,#9948,.T.);
#9946 = VERTEX_POINT('',#9947);
#9947 = CARTESIAN_POINT('',(137.1,-107.53,1.51));
#9948 = CIRCLE('',#9949,0.51);
#9949 = AXIS2_PLACEMENT_3D('',#9950,#9951,#9952);
#9950 = CARTESIAN_POINT('',(137.1,-107.02,1.51));
#9951 = DIRECTION('',(-0.,0.,-1.));
#9952 = DIRECTION('',(-5.57288420204E-14,-1.,0.));
#9953 = FACE_BOUND('',#9954,.T.);
#9954 = EDGE_LOOP('',(#9955));
#9955 = ORIENTED_EDGE('',*,*,#9956,.T.);
#9956 = EDGE_CURVE('',#9957,#9957,#9959,.T.);
#9957 = VERTEX_POINT('',#9958);
#9958 = CARTESIAN_POINT('',(137.1,-104.99,1.51));
#9959 = CIRCLE('',#9960,0.51);
#9960 = AXIS2_PLACEMENT_3D('',#9961,#9962,#9963);
#9961 = CARTESIAN_POINT('',(137.1,-104.48,1.51));
#9962 = DIRECTION('',(-0.,0.,-1.));
#9963 = DIRECTION('',(-5.57288420204E-14,-1.,0.));
#9964 = FACE_BOUND('',#9965,.T.);
#9965 = EDGE_LOOP('',(#9966));
#9966 = ORIENTED_EDGE('',*,*,#9967,.T.);
#9967 = EDGE_CURVE('',#9968,#9968,#9970,.T.);
#9968 = VERTEX_POINT('',#9969);
#9969 = CARTESIAN_POINT('',(137.1,-102.45,1.51));
#9970 = CIRCLE('',#9971,0.51);
#9971 = AXIS2_PLACEMENT_3D('',#9972,#9973,#9974);
#9972 = CARTESIAN_POINT('',(137.1,-101.94,1.51));
#9973 = DIRECTION('',(-0.,0.,-1.));
#9974 = DIRECTION('',(-5.57288420204E-14,-1.,0.));
#9975 = FACE_BOUND('',#9976,.T.);
#9976 = EDGE_LOOP('',(#9977));
#9977 = ORIENTED_EDGE('',*,*,#9978,.T.);
#9978 = EDGE_CURVE('',#9979,#9979,#9981,.T.);
#9979 = VERTEX_POINT('',#9980);
#9980 = CARTESIAN_POINT('',(137.1,-99.91,1.51));
#9981 = CIRCLE('',#9982,0.51);
#9982 = AXIS2_PLACEMENT_3D('',#9983,#9984,#9985);
#9983 = CARTESIAN_POINT('',(137.1,-99.4,1.51));
#9984 = DIRECTION('',(-0.,0.,-1.));
#9985 = DIRECTION('',(-5.57288420204E-14,-1.,0.));
#9986 = FACE_BOUND('',#9987,.T.);
#9987 = EDGE_LOOP('',(#9988));
#9988 = ORIENTED_EDGE('',*,*,#9989,.T.);
#9989 = EDGE_CURVE('',#9990,#9990,#9992,.T.);
#9990 = VERTEX_POINT('',#9991);
#9991 = CARTESIAN_POINT('',(137.1,-97.37,1.51));
#9992 = CIRCLE('',#9993,0.51);
#9993 = AXIS2_PLACEMENT_3D('',#9994,#9995,#9996);
#9994 = CARTESIAN_POINT('',(137.1,-96.86,1.51));
#9995 = DIRECTION('',(-0.,0.,-1.));
#9996 = DIRECTION('',(-5.57288420204E-14,-1.,0.));
#9997 = FACE_BOUND('',#9998,.T.);
#9998 = EDGE_LOOP('',(#9999));
#9999 = ORIENTED_EDGE('',*,*,#10000,.T.);
#10000 = EDGE_CURVE('',#10001,#10001,#10003,.T.);
#10001 = VERTEX_POINT('',#10002);
#10002 = CARTESIAN_POINT('',(118.8275,-92.65,1.51));
#10003 = CIRCLE('',#10004,0.65);
#10004 = AXIS2_PLACEMENT_3D('',#10005,#10006,#10007);
#10005 = CARTESIAN_POINT('',(118.8275,-92.,1.51));
#10006 = DIRECTION('',(-0.,0.,-1.));
#10007 = DIRECTION('',(-0.,-1.,0.));
#10008 = FACE_BOUND('',#10009,.T.);
#10009 = EDGE_LOOP('',(#10010));
#10010 = ORIENTED_EDGE('',*,*,#10011,.T.);
#10011 = EDGE_CURVE('',#10012,#10012,#10014,.T.);
#10012 = VERTEX_POINT('',#10013);
#10013 = CARTESIAN_POINT('',(132.8,-93.445,1.51));
#10014 = CIRCLE('',#10015,0.35);
#10015 = AXIS2_PLACEMENT_3D('',#10016,#10017,#10018);
#10016 = CARTESIAN_POINT('',(132.8,-93.095,1.51));
#10017 = DIRECTION('',(-0.,0.,-1.));
#10018 = DIRECTION('',(-0.,-1.,0.));
#10019 = FACE_BOUND('',#10020,.T.);
#10020 = EDGE_LOOP('',(#10021));
#10021 = ORIENTED_EDGE('',*,*,#10022,.T.);
#10022 = EDGE_CURVE('',#10023,#10023,#10025,.T.);
#10023 = VERTEX_POINT('',#10024);
#10024 = CARTESIAN_POINT('',(127.5,-90.9,1.51));
#10025 = CIRCLE('',#10026,0.4);
#10026 = AXIS2_PLACEMENT_3D('',#10027,#10028,#10029);
#10027 = CARTESIAN_POINT('',(127.5,-90.5,1.51));
#10028 = DIRECTION('',(-0.,0.,-1.));
#10029 = DIRECTION('',(-0.,-1.,0.));
#10030 = FACE_BOUND('',#10031,.T.);
#10031 = EDGE_LOOP('',(#10032));
#10032 = ORIENTED_EDGE('',*,*,#10033,.T.);
#10033 = EDGE_CURVE('',#10034,#10034,#10036,.T.);
#10034 = VERTEX_POINT('',#10035);
#10035 = CARTESIAN_POINT('',(127.5,-88.9,1.51));
#10036 = CIRCLE('',#10037,0.4);
#10037 = AXIS2_PLACEMENT_3D('',#10038,#10039,#10040);
#10038 = CARTESIAN_POINT('',(127.5,-88.5,1.51));
#10039 = DIRECTION('',(-0.,0.,-1.));
#10040 = DIRECTION('',(-0.,-1.,0.));
#10041 = FACE_BOUND('',#10042,.T.);
#10042 = EDGE_LOOP('',(#10043));
#10043 = ORIENTED_EDGE('',*,*,#10044,.T.);
#10044 = EDGE_CURVE('',#10045,#10045,#10047,.T.);
#10045 = VERTEX_POINT('',#10046);
#10046 = CARTESIAN_POINT('',(132.8,-90.95,1.51));
#10047 = CIRCLE('',#10048,0.45);
#10048 = AXIS2_PLACEMENT_3D('',#10049,#10050,#10051);
#10049 = CARTESIAN_POINT('',(132.8,-90.5,1.51));
#10050 = DIRECTION('',(-0.,0.,-1.));
#10051 = DIRECTION('',(-0.,-1.,0.));
#10052 = FACE_BOUND('',#10053,.T.);
#10053 = EDGE_LOOP('',(#10054));
#10054 = ORIENTED_EDGE('',*,*,#10055,.T.);
#10055 = EDGE_CURVE('',#10056,#10056,#10058,.T.);
#10056 = VERTEX_POINT('',#10057);
#10057 = CARTESIAN_POINT('',(118.8275,-87.65,1.51));
#10058 = CIRCLE('',#10059,0.65);
#10059 = AXIS2_PLACEMENT_3D('',#10060,#10061,#10062);
#10060 = CARTESIAN_POINT('',(118.8275,-87.,1.51));
#10061 = DIRECTION('',(-0.,0.,-1.));
#10062 = DIRECTION('',(-0.,-1.,0.));
#10063 = FACE_BOUND('',#10064,.T.);
#10064 = EDGE_LOOP('',(#10065));
#10065 = ORIENTED_EDGE('',*,*,#10066,.T.);
#10066 = EDGE_CURVE('',#10067,#10067,#10069,.T.);
#10067 = VERTEX_POINT('',#10068);
#10068 = CARTESIAN_POINT('',(132.8,-88.41,1.51));
#10069 = CIRCLE('',#10070,0.45);
#10070 = AXIS2_PLACEMENT_3D('',#10071,#10072,#10073);
#10071 = CARTESIAN_POINT('',(132.8,-87.96,1.51));
#10072 = DIRECTION('',(-0.,0.,-1.));
#10073 = DIRECTION('',(-0.,-1.,0.));
#10074 = FACE_BOUND('',#10075,.T.);
#10075 = EDGE_LOOP('',(#10076));
#10076 = ORIENTED_EDGE('',*,*,#10077,.T.);
#10077 = EDGE_CURVE('',#10078,#10078,#10080,.T.);
#10078 = VERTEX_POINT('',#10079);
#10079 = CARTESIAN_POINT('',(137.1,-94.83,1.51));
#10080 = CIRCLE('',#10081,0.51);
#10081 = AXIS2_PLACEMENT_3D('',#10082,#10083,#10084);
#10082 = CARTESIAN_POINT('',(137.1,-94.32,1.51));
#10083 = DIRECTION('',(-0.,0.,-1.));
#10084 = DIRECTION('',(-5.57288420204E-14,-1.,0.));
#10085 = FACE_BOUND('',#10086,.T.);
#10086 = EDGE_LOOP('',(#10087));
#10087 = ORIENTED_EDGE('',*,*,#10088,.T.);
#10088 = EDGE_CURVE('',#10089,#10089,#10091,.T.);
#10089 = VERTEX_POINT('',#10090);
#10090 = CARTESIAN_POINT('',(137.1,-92.29,1.51));
#10091 = CIRCLE('',#10092,0.51);
#10092 = AXIS2_PLACEMENT_3D('',#10093,#10094,#10095);
#10093 = CARTESIAN_POINT('',(137.1,-91.78,1.51));
#10094 = DIRECTION('',(-0.,0.,-1.));
#10095 = DIRECTION('',(-5.57288420204E-14,-1.,0.));
#10096 = FACE_BOUND('',#10097,.T.);
#10097 = EDGE_LOOP('',(#10098));
#10098 = ORIENTED_EDGE('',*,*,#10099,.T.);
#10099 = EDGE_CURVE('',#10100,#10100,#10102,.T.);
#10100 = VERTEX_POINT('',#10101);
#10101 = CARTESIAN_POINT('',(137.1,-89.75,1.51));
#10102 = CIRCLE('',#10103,0.51);
#10103 = AXIS2_PLACEMENT_3D('',#10104,#10105,#10106);
#10104 = CARTESIAN_POINT('',(137.1,-89.24,1.51));
#10105 = DIRECTION('',(-0.,0.,-1.));
#10106 = DIRECTION('',(-5.57288420204E-14,-1.,0.));
#10107 = FACE_BOUND('',#10108,.T.);
#10108 = EDGE_LOOP('',(#10109));
#10109 = ORIENTED_EDGE('',*,*,#10110,.T.);
#10110 = EDGE_CURVE('',#10111,#10111,#10113,.T.);
#10111 = VERTEX_POINT('',#10112);
#10112 = CARTESIAN_POINT('',(137.1,-87.21,1.51));
#10113 = CIRCLE('',#10114,0.51);
#10114 = AXIS2_PLACEMENT_3D('',#10115,#10116,#10117);
#10115 = CARTESIAN_POINT('',(137.1,-86.7,1.51));
#10116 = DIRECTION('',(-0.,0.,-1.));
#10117 = DIRECTION('',(-5.57288420204E-14,-1.,0.));
#10118 = FACE_BOUND('',#10119,.T.);
#10119 = EDGE_LOOP('',(#10120));
#10120 = ORIENTED_EDGE('',*,*,#10121,.T.);
#10121 = EDGE_CURVE('',#10122,#10122,#10124,.T.);
#10122 = VERTEX_POINT('',#10123);
#10123 = CARTESIAN_POINT('',(137.1,-84.67,1.51));
#10124 = CIRCLE('',#10125,0.51);
#10125 = AXIS2_PLACEMENT_3D('',#10126,#10127,#10128);
#10126 = CARTESIAN_POINT('',(137.1,-84.16,1.51));
#10127 = DIRECTION('',(-0.,0.,-1.));
#10128 = DIRECTION('',(-5.57288420204E-14,-1.,0.));
#10129 = FACE_BOUND('',#10130,.T.);
#10130 = EDGE_LOOP('',(#10131));
#10131 = ORIENTED_EDGE('',*,*,#10132,.T.);
#10132 = EDGE_CURVE('',#10133,#10133,#10135,.T.);
#10133 = VERTEX_POINT('',#10134);
#10134 = CARTESIAN_POINT('',(137.1,-82.13,1.51));
#10135 = CIRCLE('',#10136,0.51);
#10136 = AXIS2_PLACEMENT_3D('',#10137,#10138,#10139);
#10137 = CARTESIAN_POINT('',(137.1,-81.62,1.51));
#10138 = DIRECTION('',(-0.,0.,-1.));
#10139 = DIRECTION('',(-5.57288420204E-14,-1.,0.));
#10140 = FACE_BOUND('',#10141,.T.);
#10141 = EDGE_LOOP('',(#10142));
#10142 = ORIENTED_EDGE('',*,*,#10143,.T.);
#10143 = EDGE_CURVE('',#10144,#10144,#10146,.T.);
#10144 = VERTEX_POINT('',#10145);
#10145 = CARTESIAN_POINT('',(162.5,-107.53,1.51));
#10146 = CIRCLE('',#10147,0.51);
#10147 = AXIS2_PLACEMENT_3D('',#10148,#10149,#10150);
#10148 = CARTESIAN_POINT('',(162.5,-107.02,1.51));
#10149 = DIRECTION('',(-0.,0.,-1.));
#10150 = DIRECTION('',(-0.,-1.,0.));
#10151 = FACE_BOUND('',#10152,.T.);
#10152 = EDGE_LOOP('',(#10153));
#10153 = ORIENTED_EDGE('',*,*,#10154,.T.);
#10154 = EDGE_CURVE('',#10155,#10155,#10157,.T.);
#10155 = VERTEX_POINT('',#10156);
#10156 = CARTESIAN_POINT('',(162.5,-104.99,1.51));
#10157 = CIRCLE('',#10158,0.51);
#10158 = AXIS2_PLACEMENT_3D('',#10159,#10160,#10161);
#10159 = CARTESIAN_POINT('',(162.5,-104.48,1.51));
#10160 = DIRECTION('',(-0.,0.,-1.));
#10161 = DIRECTION('',(-0.,-1.,0.));
#10162 = FACE_BOUND('',#10163,.T.);
#10163 = EDGE_LOOP('',(#10164));
#10164 = ORIENTED_EDGE('',*,*,#10165,.T.);
#10165 = EDGE_CURVE('',#10166,#10166,#10168,.T.);
#10166 = VERTEX_POINT('',#10167);
#10167 = CARTESIAN_POINT('',(162.5,-102.45,1.51));
#10168 = CIRCLE('',#10169,0.51);
#10169 = AXIS2_PLACEMENT_3D('',#10170,#10171,#10172);
#10170 = CARTESIAN_POINT('',(162.5,-101.94,1.51));
#10171 = DIRECTION('',(-0.,0.,-1.));
#10172 = DIRECTION('',(-0.,-1.,0.));
#10173 = FACE_BOUND('',#10174,.T.);
#10174 = EDGE_LOOP('',(#10175));
#10175 = ORIENTED_EDGE('',*,*,#10176,.T.);
#10176 = EDGE_CURVE('',#10177,#10177,#10179,.T.);
#10177 = VERTEX_POINT('',#10178);
#10178 = CARTESIAN_POINT('',(162.5,-99.91,1.51));
#10179 = CIRCLE('',#10180,0.51);
#10180 = AXIS2_PLACEMENT_3D('',#10181,#10182,#10183);
#10181 = CARTESIAN_POINT('',(162.5,-99.4,1.51));
#10182 = DIRECTION('',(-0.,0.,-1.));
#10183 = DIRECTION('',(-0.,-1.,0.));
#10184 = FACE_BOUND('',#10185,.T.);
#10185 = EDGE_LOOP('',(#10186));
#10186 = ORIENTED_EDGE('',*,*,#10187,.T.);
#10187 = EDGE_CURVE('',#10188,#10188,#10190,.T.);
#10188 = VERTEX_POINT('',#10189);
#10189 = CARTESIAN_POINT('',(162.5,-97.37,1.51));
#10190 = CIRCLE('',#10191,0.51);
#10191 = AXIS2_PLACEMENT_3D('',#10192,#10193,#10194);
#10192 = CARTESIAN_POINT('',(162.5,-96.86,1.51));
#10193 = DIRECTION('',(-0.,0.,-1.));
#10194 = DIRECTION('',(-0.,-1.,0.));
#10195 = FACE_BOUND('',#10196,.T.);
#10196 = EDGE_LOOP('',(#10197));
#10197 = ORIENTED_EDGE('',*,*,#10198,.T.);
#10198 = EDGE_CURVE('',#10199,#10199,#10201,.T.);
#10199 = VERTEX_POINT('',#10200);
#10200 = CARTESIAN_POINT('',(183.7,-107.05,1.51));
#10201 = CIRCLE('',#10202,1.05);
#10202 = AXIS2_PLACEMENT_3D('',#10203,#10204,#10205);
#10203 = CARTESIAN_POINT('',(183.7,-106.,1.51));
#10204 = DIRECTION('',(-0.,0.,-1.));
#10205 = DIRECTION('',(-0.,-1.,0.));
#10206 = FACE_BOUND('',#10207,.T.);
#10207 = EDGE_LOOP('',(#10208));
#10208 = ORIENTED_EDGE('',*,*,#10209,.T.);
#10209 = EDGE_CURVE('',#10210,#10210,#10212,.T.);
#10210 = VERTEX_POINT('',#10211);
#10211 = CARTESIAN_POINT('',(168.74,-95.59,1.51));
#10212 = CIRCLE('',#10213,0.4);
#10213 = AXIS2_PLACEMENT_3D('',#10214,#10215,#10216);
#10214 = CARTESIAN_POINT('',(168.74,-95.19,1.51));
#10215 = DIRECTION('',(-0.,0.,-1.));
#10216 = DIRECTION('',(-0.,-1.,0.));
#10217 = FACE_BOUND('',#10218,.T.);
#10218 = EDGE_LOOP('',(#10219));
#10219 = ORIENTED_EDGE('',*,*,#10220,.T.);
#10220 = EDGE_CURVE('',#10221,#10221,#10223,.T.);
#10221 = VERTEX_POINT('',#10222);
#10222 = CARTESIAN_POINT('',(181.44,-95.59,1.51));
#10223 = CIRCLE('',#10224,0.4);
#10224 = AXIS2_PLACEMENT_3D('',#10225,#10226,#10227);
#10225 = CARTESIAN_POINT('',(181.44,-95.19,1.51));
#10226 = DIRECTION('',(-0.,0.,-1.));
#10227 = DIRECTION('',(-0.,-1.,0.));
#10228 = FACE_BOUND('',#10229,.T.);
#10229 = EDGE_LOOP('',(#10230));
#10230 = ORIENTED_EDGE('',*,*,#10231,.T.);
#10231 = EDGE_CURVE('',#10232,#10232,#10234,.T.);
#10232 = VERTEX_POINT('',#10233);
#10233 = CARTESIAN_POINT('',(162.5,-94.83,1.51));
#10234 = CIRCLE('',#10235,0.51);
#10235 = AXIS2_PLACEMENT_3D('',#10236,#10237,#10238);
#10236 = CARTESIAN_POINT('',(162.5,-94.32,1.51));
#10237 = DIRECTION('',(-0.,0.,-1.));
#10238 = DIRECTION('',(-0.,-1.,0.));
#10239 = FACE_BOUND('',#10240,.T.);
#10240 = EDGE_LOOP('',(#10241));
#10241 = ORIENTED_EDGE('',*,*,#10242,.T.);
#10242 = EDGE_CURVE('',#10243,#10243,#10245,.T.);
#10243 = VERTEX_POINT('',#10244);
#10244 = CARTESIAN_POINT('',(162.5,-92.29,1.51));
#10245 = CIRCLE('',#10246,0.51);
#10246 = AXIS2_PLACEMENT_3D('',#10247,#10248,#10249);
#10247 = CARTESIAN_POINT('',(162.5,-91.78,1.51));
#10248 = DIRECTION('',(-0.,0.,-1.));
#10249 = DIRECTION('',(-0.,-1.,0.));
#10250 = FACE_BOUND('',#10251,.T.);
#10251 = EDGE_LOOP('',(#10252));
#10252 = ORIENTED_EDGE('',*,*,#10253,.T.);
#10253 = EDGE_CURVE('',#10254,#10254,#10256,.T.);
#10254 = VERTEX_POINT('',#10255);
#10255 = CARTESIAN_POINT('',(162.5,-89.75,1.51));
#10256 = CIRCLE('',#10257,0.51);
#10257 = AXIS2_PLACEMENT_3D('',#10258,#10259,#10260);
#10258 = CARTESIAN_POINT('',(162.5,-89.24,1.51));
#10259 = DIRECTION('',(-0.,0.,-1.));
#10260 = DIRECTION('',(-0.,-1.,0.));
#10261 = FACE_BOUND('',#10262,.T.);
#10262 = EDGE_LOOP('',(#10263));
#10263 = ORIENTED_EDGE('',*,*,#10264,.T.);
#10264 = EDGE_CURVE('',#10265,#10265,#10267,.T.);
#10265 = VERTEX_POINT('',#10266);
#10266 = CARTESIAN_POINT('',(162.5,-87.21,1.51));
#10267 = CIRCLE('',#10268,0.51);
#10268 = AXIS2_PLACEMENT_3D('',#10269,#10270,#10271);
#10269 = CARTESIAN_POINT('',(162.5,-86.7,1.51));
#10270 = DIRECTION('',(-0.,0.,-1.));
#10271 = DIRECTION('',(-0.,-1.,0.));
#10272 = FACE_BOUND('',#10273,.T.);
#10273 = EDGE_LOOP('',(#10274));
#10274 = ORIENTED_EDGE('',*,*,#10275,.T.);
#10275 = EDGE_CURVE('',#10276,#10276,#10278,.T.);
#10276 = VERTEX_POINT('',#10277);
#10277 = CARTESIAN_POINT('',(162.5,-84.67,1.51));
#10278 = CIRCLE('',#10279,0.51);
#10279 = AXIS2_PLACEMENT_3D('',#10280,#10281,#10282);
#10280 = CARTESIAN_POINT('',(162.5,-84.16,1.51));
#10281 = DIRECTION('',(-0.,0.,-1.));
#10282 = DIRECTION('',(-0.,-1.,0.));
#10283 = FACE_BOUND('',#10284,.T.);
#10284 = EDGE_LOOP('',(#10285));
#10285 = ORIENTED_EDGE('',*,*,#10286,.T.);
#10286 = EDGE_CURVE('',#10287,#10287,#10289,.T.);
#10287 = VERTEX_POINT('',#10288);
#10288 = CARTESIAN_POINT('',(162.5,-82.13,1.51));
#10289 = CIRCLE('',#10290,0.51);
#10290 = AXIS2_PLACEMENT_3D('',#10291,#10292,#10293);
#10291 = CARTESIAN_POINT('',(162.5,-81.62,1.51));
#10292 = DIRECTION('',(-0.,0.,-1.));
#10293 = DIRECTION('',(-0.,-1.,0.));
#10294 = FACE_BOUND('',#10295,.T.);
#10295 = EDGE_LOOP('',(#10296));
#10296 = ORIENTED_EDGE('',*,*,#10297,.T.);
#10297 = EDGE_CURVE('',#10298,#10298,#10300,.T.);
#10298 = VERTEX_POINT('',#10299);
#10299 = CARTESIAN_POINT('',(168.74,-93.05,1.51));
#10300 = CIRCLE('',#10301,0.4);
#10301 = AXIS2_PLACEMENT_3D('',#10302,#10303,#10304);
#10302 = CARTESIAN_POINT('',(168.74,-92.65,1.51));
#10303 = DIRECTION('',(-0.,0.,-1.));
#10304 = DIRECTION('',(-0.,-1.,0.));
#10305 = FACE_BOUND('',#10306,.T.);
#10306 = EDGE_LOOP('',(#10307));
#10307 = ORIENTED_EDGE('',*,*,#10308,.T.);
#10308 = EDGE_CURVE('',#10309,#10309,#10311,.T.);
#10309 = VERTEX_POINT('',#10310);
#10310 = CARTESIAN_POINT('',(168.74,-90.51,1.51));
#10311 = CIRCLE('',#10312,0.4);
#10312 = AXIS2_PLACEMENT_3D('',#10313,#10314,#10315);
#10313 = CARTESIAN_POINT('',(168.74,-90.11,1.51));
#10314 = DIRECTION('',(-0.,0.,-1.));
#10315 = DIRECTION('',(-0.,-1.,0.));
#10316 = FACE_BOUND('',#10317,.T.);
#10317 = EDGE_LOOP('',(#10318));
#10318 = ORIENTED_EDGE('',*,*,#10319,.T.);
#10319 = EDGE_CURVE('',#10320,#10320,#10322,.T.);
#10320 = VERTEX_POINT('',#10321);
#10321 = CARTESIAN_POINT('',(181.44,-93.05,1.51));
#10322 = CIRCLE('',#10323,0.4);
#10323 = AXIS2_PLACEMENT_3D('',#10324,#10325,#10326);
#10324 = CARTESIAN_POINT('',(181.44,-92.65,1.51));
#10325 = DIRECTION('',(-0.,0.,-1.));
#10326 = DIRECTION('',(-0.,-1.,0.));
#10327 = FACE_BOUND('',#10328,.T.);
#10328 = EDGE_LOOP('',(#10329));
#10329 = ORIENTED_EDGE('',*,*,#10330,.T.);
#10330 = EDGE_CURVE('',#10331,#10331,#10333,.T.);
#10331 = VERTEX_POINT('',#10332);
#10332 = CARTESIAN_POINT('',(181.44,-90.51,1.51));
#10333 = CIRCLE('',#10334,0.4);
#10334 = AXIS2_PLACEMENT_3D('',#10335,#10336,#10337);
#10335 = CARTESIAN_POINT('',(181.44,-90.11,1.51));
#10336 = DIRECTION('',(-0.,0.,-1.));
#10337 = DIRECTION('',(-0.,-1.,0.));
#10338 = FACE_BOUND('',#10339,.T.);
#10339 = EDGE_LOOP('',(#10340));
#10340 = ORIENTED_EDGE('',*,*,#10341,.T.);
#10341 = EDGE_CURVE('',#10342,#10342,#10344,.T.);
#10342 = VERTEX_POINT('',#10343);
#10343 = CARTESIAN_POINT('',(168.74,-87.97,1.51));
#10344 = CIRCLE('',#10345,0.4);
#10345 = AXIS2_PLACEMENT_3D('',#10346,#10347,#10348);
#10346 = CARTESIAN_POINT('',(168.74,-87.57,1.51));
#10347 = DIRECTION('',(-0.,0.,-1.));
#10348 = DIRECTION('',(-0.,-1.,0.));
#10349 = FACE_BOUND('',#10350,.T.);
#10350 = EDGE_LOOP('',(#10351));
#10351 = ORIENTED_EDGE('',*,*,#10352,.T.);
#10352 = EDGE_CURVE('',#10353,#10353,#10355,.T.);
#10353 = VERTEX_POINT('',#10354);
#10354 = CARTESIAN_POINT('',(168.74,-85.43,1.51));
#10355 = CIRCLE('',#10356,0.4);
#10356 = AXIS2_PLACEMENT_3D('',#10357,#10358,#10359);
#10357 = CARTESIAN_POINT('',(168.74,-85.03,1.51));
#10358 = DIRECTION('',(-0.,0.,-1.));
#10359 = DIRECTION('',(-0.,-1.,0.));
#10360 = FACE_BOUND('',#10361,.T.);
#10361 = EDGE_LOOP('',(#10362));
#10362 = ORIENTED_EDGE('',*,*,#10363,.T.);
#10363 = EDGE_CURVE('',#10364,#10364,#10366,.T.);
#10364 = VERTEX_POINT('',#10365);
#10365 = CARTESIAN_POINT('',(168.74,-82.89,1.51));
#10366 = CIRCLE('',#10367,0.4);
#10367 = AXIS2_PLACEMENT_3D('',#10368,#10369,#10370);
#10368 = CARTESIAN_POINT('',(168.74,-82.49,1.51));
#10369 = DIRECTION('',(-0.,0.,-1.));
#10370 = DIRECTION('',(-0.,-1.,0.));
#10371 = FACE_BOUND('',#10372,.T.);
#10372 = EDGE_LOOP('',(#10373));
#10373 = ORIENTED_EDGE('',*,*,#10374,.T.);
#10374 = EDGE_CURVE('',#10375,#10375,#10377,.T.);
#10375 = VERTEX_POINT('',#10376);
#10376 = CARTESIAN_POINT('',(181.44,-87.97,1.51));
#10377 = CIRCLE('',#10378,0.4);
#10378 = AXIS2_PLACEMENT_3D('',#10379,#10380,#10381);
#10379 = CARTESIAN_POINT('',(181.44,-87.57,1.51));
#10380 = DIRECTION('',(-0.,0.,-1.));
#10381 = DIRECTION('',(-0.,-1.,0.));
#10382 = FACE_BOUND('',#10383,.T.);
#10383 = EDGE_LOOP('',(#10384));
#10384 = ORIENTED_EDGE('',*,*,#10385,.T.);
#10385 = EDGE_CURVE('',#10386,#10386,#10388,.T.);
#10386 = VERTEX_POINT('',#10387);
#10387 = CARTESIAN_POINT('',(185.4,-87.65,1.51));
#10388 = CIRCLE('',#10389,0.25);
#10389 = AXIS2_PLACEMENT_3D('',#10390,#10391,#10392);
#10390 = CARTESIAN_POINT('',(185.4,-87.4,1.51));
#10391 = DIRECTION('',(-0.,0.,-1.));
#10392 = DIRECTION('',(-0.,-1.,0.));
#10393 = FACE_BOUND('',#10394,.T.);
#10394 = EDGE_LOOP('',(#10395));
#10395 = ORIENTED_EDGE('',*,*,#10396,.T.);
#10396 = EDGE_CURVE('',#10397,#10397,#10399,.T.);
#10397 = VERTEX_POINT('',#10398);
#10398 = CARTESIAN_POINT('',(181.44,-85.43,1.51));
#10399 = CIRCLE('',#10400,0.4);
#10400 = AXIS2_PLACEMENT_3D('',#10401,#10402,#10403);
#10401 = CARTESIAN_POINT('',(181.44,-85.03,1.51));
#10402 = DIRECTION('',(-0.,0.,-1.));
#10403 = DIRECTION('',(-0.,-1.,0.));
#10404 = FACE_BOUND('',#10405,.T.);
#10405 = EDGE_LOOP('',(#10406));
#10406 = ORIENTED_EDGE('',*,*,#10407,.T.);
#10407 = EDGE_CURVE('',#10408,#10408,#10410,.T.);
#10408 = VERTEX_POINT('',#10409);
#10409 = CARTESIAN_POINT('',(185.4,-86.65,1.51));
#10410 = CIRCLE('',#10411,0.25);
#10411 = AXIS2_PLACEMENT_3D('',#10412,#10413,#10414);
#10412 = CARTESIAN_POINT('',(185.4,-86.4,1.51));
#10413 = DIRECTION('',(-0.,0.,-1.));
#10414 = DIRECTION('',(-0.,-1.,0.));
#10415 = FACE_BOUND('',#10416,.T.);
#10416 = EDGE_LOOP('',(#10417));
#10417 = ORIENTED_EDGE('',*,*,#10418,.T.);
#10418 = EDGE_CURVE('',#10419,#10419,#10421,.T.);
#10419 = VERTEX_POINT('',#10420);
#10420 = CARTESIAN_POINT('',(185.4,-85.65,1.51));
#10421 = CIRCLE('',#10422,0.25);
#10422 = AXIS2_PLACEMENT_3D('',#10423,#10424,#10425);
#10423 = CARTESIAN_POINT('',(185.4,-85.4,1.51));
#10424 = DIRECTION('',(-0.,0.,-1.));
#10425 = DIRECTION('',(-0.,-1.,0.));
#10426 = FACE_BOUND('',#10427,.T.);
#10427 = EDGE_LOOP('',(#10428));
#10428 = ORIENTED_EDGE('',*,*,#10429,.T.);
#10429 = EDGE_CURVE('',#10430,#10430,#10432,.T.);
#10430 = VERTEX_POINT('',#10431);
#10431 = CARTESIAN_POINT('',(185.4,-84.65,1.51));
#10432 = CIRCLE('',#10433,0.25);
#10433 = AXIS2_PLACEMENT_3D('',#10434,#10435,#10436);
#10434 = CARTESIAN_POINT('',(185.4,-84.4,1.51));
#10435 = DIRECTION('',(-0.,0.,-1.));
#10436 = DIRECTION('',(-0.,-1.,0.));
#10437 = FACE_BOUND('',#10438,.T.);
#10438 = EDGE_LOOP('',(#10439));
#10439 = ORIENTED_EDGE('',*,*,#10440,.T.);
#10440 = EDGE_CURVE('',#10441,#10441,#10443,.T.);
#10441 = VERTEX_POINT('',#10442);
#10442 = CARTESIAN_POINT('',(181.44,-82.89,1.51));
#10443 = CIRCLE('',#10444,0.4);
#10444 = AXIS2_PLACEMENT_3D('',#10445,#10446,#10447);
#10445 = CARTESIAN_POINT('',(181.44,-82.49,1.51));
#10446 = DIRECTION('',(-0.,0.,-1.));
#10447 = DIRECTION('',(-0.,-1.,0.));
#10448 = FACE_BOUND('',#10449,.T.);
#10449 = EDGE_LOOP('',(#10450));
#10450 = ORIENTED_EDGE('',*,*,#10451,.T.);
#10451 = EDGE_CURVE('',#10452,#10452,#10454,.T.);
#10452 = VERTEX_POINT('',#10453);
#10453 = CARTESIAN_POINT('',(117.7,-77.84,1.51));
#10454 = CIRCLE('',#10455,0.6);
#10455 = AXIS2_PLACEMENT_3D('',#10456,#10457,#10458);
#10456 = CARTESIAN_POINT('',(117.7,-77.24,1.51));
#10457 = DIRECTION('',(-0.,0.,-1.));
#10458 = DIRECTION('',(2.368475785867E-14,-1.,-0.));
#10459 = FACE_BOUND('',#10460,.T.);
#10460 = EDGE_LOOP('',(#10461));
#10461 = ORIENTED_EDGE('',*,*,#10462,.T.);
#10462 = EDGE_CURVE('',#10463,#10463,#10465,.T.);
#10463 = VERTEX_POINT('',#10464);
#10464 = CARTESIAN_POINT('',(117.7,-75.3,1.51));
#10465 = CIRCLE('',#10466,0.6);
#10466 = AXIS2_PLACEMENT_3D('',#10467,#10468,#10469);
#10467 = CARTESIAN_POINT('',(117.7,-74.7,1.51));
#10468 = DIRECTION('',(-0.,0.,-1.));
#10469 = DIRECTION('',(2.368475785867E-14,-1.,-0.));
#10470 = FACE_BOUND('',#10471,.T.);
#10471 = EDGE_LOOP('',(#10472));
#10472 = ORIENTED_EDGE('',*,*,#10473,.T.);
#10473 = EDGE_CURVE('',#10474,#10474,#10476,.T.);
#10474 = VERTEX_POINT('',#10475);
#10475 = CARTESIAN_POINT('',(117.7,-72.76,1.51));
#10476 = CIRCLE('',#10477,0.6);
#10477 = AXIS2_PLACEMENT_3D('',#10478,#10479,#10480);
#10478 = CARTESIAN_POINT('',(117.7,-72.16,1.51));
#10479 = DIRECTION('',(-0.,0.,-1.));
#10480 = DIRECTION('',(2.368475785867E-14,-1.,-0.));
#10481 = FACE_BOUND('',#10482,.T.);
#10482 = EDGE_LOOP('',(#10483));
#10483 = ORIENTED_EDGE('',*,*,#10484,.T.);
#10484 = EDGE_CURVE('',#10485,#10485,#10487,.T.);
#10485 = VERTEX_POINT('',#10486);
#10486 = CARTESIAN_POINT('',(117.7,-70.22,1.51));
#10487 = CIRCLE('',#10488,0.6);
#10488 = AXIS2_PLACEMENT_3D('',#10489,#10490,#10491);
#10489 = CARTESIAN_POINT('',(117.7,-69.62,1.51));
#10490 = DIRECTION('',(-0.,0.,-1.));
#10491 = DIRECTION('',(2.368475785867E-14,-1.,-0.));
#10492 = FACE_BOUND('',#10493,.T.);
#10493 = EDGE_LOOP('',(#10494));
#10494 = ORIENTED_EDGE('',*,*,#10495,.T.);
#10495 = EDGE_CURVE('',#10496,#10496,#10498,.T.);
#10496 = VERTEX_POINT('',#10497);
#10497 = CARTESIAN_POINT('',(137.1,-79.59,1.51));
#10498 = CIRCLE('',#10499,0.51);
#10499 = AXIS2_PLACEMENT_3D('',#10500,#10501,#10502);
#10500 = CARTESIAN_POINT('',(137.1,-79.08,1.51));
#10501 = DIRECTION('',(-0.,0.,-1.));
#10502 = DIRECTION('',(-5.57288420204E-14,-1.,0.));
#10503 = FACE_BOUND('',#10504,.T.);
#10504 = EDGE_LOOP('',(#10505));
#10505 = ORIENTED_EDGE('',*,*,#10506,.T.);
#10506 = EDGE_CURVE('',#10507,#10507,#10509,.T.);
#10507 = VERTEX_POINT('',#10508);
#10508 = CARTESIAN_POINT('',(137.1,-77.05,1.51));
#10509 = CIRCLE('',#10510,0.51);
#10510 = AXIS2_PLACEMENT_3D('',#10511,#10512,#10513);
#10511 = CARTESIAN_POINT('',(137.1,-76.54,1.51));
#10512 = DIRECTION('',(-0.,0.,-1.));
#10513 = DIRECTION('',(-5.57288420204E-14,-1.,0.));
#10514 = FACE_BOUND('',#10515,.T.);
#10515 = EDGE_LOOP('',(#10516));
#10516 = ORIENTED_EDGE('',*,*,#10517,.T.);
#10517 = EDGE_CURVE('',#10518,#10518,#10520,.T.);
#10518 = VERTEX_POINT('',#10519);
#10519 = CARTESIAN_POINT('',(137.1,-74.51,1.51));
#10520 = CIRCLE('',#10521,0.51);
#10521 = AXIS2_PLACEMENT_3D('',#10522,#10523,#10524);
#10522 = CARTESIAN_POINT('',(137.1,-74.,1.51));
#10523 = DIRECTION('',(-0.,0.,-1.));
#10524 = DIRECTION('',(-5.57288420204E-14,-1.,0.));
#10525 = FACE_BOUND('',#10526,.T.);
#10526 = EDGE_LOOP('',(#10527));
#10527 = ORIENTED_EDGE('',*,*,#10528,.T.);
#10528 = EDGE_CURVE('',#10529,#10529,#10531,.T.);
#10529 = VERTEX_POINT('',#10530);
#10530 = CARTESIAN_POINT('',(137.1,-71.97,1.51));
#10531 = CIRCLE('',#10532,0.51);
#10532 = AXIS2_PLACEMENT_3D('',#10533,#10534,#10535);
#10533 = CARTESIAN_POINT('',(137.1,-71.46,1.51));
#10534 = DIRECTION('',(-0.,0.,-1.));
#10535 = DIRECTION('',(-5.57288420204E-14,-1.,0.));
#10536 = FACE_BOUND('',#10537,.T.);
#10537 = EDGE_LOOP('',(#10538));
#10538 = ORIENTED_EDGE('',*,*,#10539,.T.);
#10539 = EDGE_CURVE('',#10540,#10540,#10542,.T.);
#10540 = VERTEX_POINT('',#10541);
#10541 = CARTESIAN_POINT('',(137.1,-69.43,1.51));
#10542 = CIRCLE('',#10543,0.51);
#10543 = AXIS2_PLACEMENT_3D('',#10544,#10545,#10546);
#10544 = CARTESIAN_POINT('',(137.1,-68.92,1.51));
#10545 = DIRECTION('',(-0.,0.,-1.));
#10546 = DIRECTION('',(-5.57288420204E-14,-1.,0.));
#10547 = FACE_BOUND('',#10548,.T.);
#10548 = EDGE_LOOP('',(#10549));
#10549 = ORIENTED_EDGE('',*,*,#10550,.T.);
#10550 = EDGE_CURVE('',#10551,#10551,#10553,.T.);
#10551 = VERTEX_POINT('',#10552);
#10552 = CARTESIAN_POINT('',(117.7,-67.68,1.51));
#10553 = CIRCLE('',#10554,0.6);
#10554 = AXIS2_PLACEMENT_3D('',#10555,#10556,#10557);
#10555 = CARTESIAN_POINT('',(117.7,-67.08,1.51));
#10556 = DIRECTION('',(-0.,0.,-1.));
#10557 = DIRECTION('',(2.368475785867E-14,-1.,-0.));
#10558 = FACE_BOUND('',#10559,.T.);
#10559 = EDGE_LOOP('',(#10560));
#10560 = ORIENTED_EDGE('',*,*,#10561,.T.);
#10561 = EDGE_CURVE('',#10562,#10562,#10564,.T.);
#10562 = VERTEX_POINT('',#10563);
#10563 = CARTESIAN_POINT('',(116.6,-57.15,1.51));
#10564 = CIRCLE('',#10565,1.05);
#10565 = AXIS2_PLACEMENT_3D('',#10566,#10567,#10568);
#10566 = CARTESIAN_POINT('',(116.6,-56.1,1.51));
#10567 = DIRECTION('',(-0.,0.,-1.));
#10568 = DIRECTION('',(-0.,-1.,0.));
#10569 = FACE_BOUND('',#10570,.T.);
#10570 = EDGE_LOOP('',(#10571));
#10571 = ORIENTED_EDGE('',*,*,#10572,.T.);
#10572 = EDGE_CURVE('',#10573,#10573,#10575,.T.);
#10573 = VERTEX_POINT('',#10574);
#10574 = CARTESIAN_POINT('',(137.1,-66.89,1.51));
#10575 = CIRCLE('',#10576,0.51);
#10576 = AXIS2_PLACEMENT_3D('',#10577,#10578,#10579);
#10577 = CARTESIAN_POINT('',(137.1,-66.38,1.51));
#10578 = DIRECTION('',(-0.,0.,-1.));
#10579 = DIRECTION('',(-5.57288420204E-14,-1.,0.));
#10580 = FACE_BOUND('',#10581,.T.);
#10581 = EDGE_LOOP('',(#10582));
#10582 = ORIENTED_EDGE('',*,*,#10583,.T.);
#10583 = EDGE_CURVE('',#10584,#10584,#10586,.T.);
#10584 = VERTEX_POINT('',#10585);
#10585 = CARTESIAN_POINT('',(137.1,-64.35,1.51));
#10586 = CIRCLE('',#10587,0.51);
#10587 = AXIS2_PLACEMENT_3D('',#10588,#10589,#10590);
#10588 = CARTESIAN_POINT('',(137.1,-63.84,1.51));
#10589 = DIRECTION('',(-0.,0.,-1.));
#10590 = DIRECTION('',(-5.57288420204E-14,-1.,0.));
#10591 = FACE_BOUND('',#10592,.T.);
#10592 = EDGE_LOOP('',(#10593));
#10593 = ORIENTED_EDGE('',*,*,#10594,.T.);
#10594 = EDGE_CURVE('',#10595,#10595,#10597,.T.);
#10595 = VERTEX_POINT('',#10596);
#10596 = CARTESIAN_POINT('',(137.1,-61.81,1.51));
#10597 = CIRCLE('',#10598,0.51);
#10598 = AXIS2_PLACEMENT_3D('',#10599,#10600,#10601);
#10599 = CARTESIAN_POINT('',(137.1,-61.3,1.51));
#10600 = DIRECTION('',(-0.,0.,-1.));
#10601 = DIRECTION('',(-5.57288420204E-14,-1.,0.));
#10602 = FACE_BOUND('',#10603,.T.);
#10603 = EDGE_LOOP('',(#10604));
#10604 = ORIENTED_EDGE('',*,*,#10605,.T.);
#10605 = EDGE_CURVE('',#10606,#10606,#10608,.T.);
#10606 = VERTEX_POINT('',#10607);
#10607 = CARTESIAN_POINT('',(162.5,-79.59,1.51));
#10608 = CIRCLE('',#10609,0.51);
#10609 = AXIS2_PLACEMENT_3D('',#10610,#10611,#10612);
#10610 = CARTESIAN_POINT('',(162.5,-79.08,1.51));
#10611 = DIRECTION('',(-0.,0.,-1.));
#10612 = DIRECTION('',(-0.,-1.,0.));
#10613 = FACE_BOUND('',#10614,.T.);
#10614 = EDGE_LOOP('',(#10615));
#10615 = ORIENTED_EDGE('',*,*,#10616,.T.);
#10616 = EDGE_CURVE('',#10617,#10617,#10619,.T.);
#10617 = VERTEX_POINT('',#10618);
#10618 = CARTESIAN_POINT('',(162.5,-77.05,1.51));
#10619 = CIRCLE('',#10620,0.51);
#10620 = AXIS2_PLACEMENT_3D('',#10621,#10622,#10623);
#10621 = CARTESIAN_POINT('',(162.5,-76.54,1.51));
#10622 = DIRECTION('',(-0.,0.,-1.));
#10623 = DIRECTION('',(-0.,-1.,0.));
#10624 = FACE_BOUND('',#10625,.T.);
#10625 = EDGE_LOOP('',(#10626));
#10626 = ORIENTED_EDGE('',*,*,#10627,.T.);
#10627 = EDGE_CURVE('',#10628,#10628,#10630,.T.);
#10628 = VERTEX_POINT('',#10629);
#10629 = CARTESIAN_POINT('',(162.5,-74.51,1.51));
#10630 = CIRCLE('',#10631,0.51);
#10631 = AXIS2_PLACEMENT_3D('',#10632,#10633,#10634);
#10632 = CARTESIAN_POINT('',(162.5,-74.,1.51));
#10633 = DIRECTION('',(-0.,0.,-1.));
#10634 = DIRECTION('',(-0.,-1.,0.));
#10635 = FACE_BOUND('',#10636,.T.);
#10636 = EDGE_LOOP('',(#10637));
#10637 = ORIENTED_EDGE('',*,*,#10638,.T.);
#10638 = EDGE_CURVE('',#10639,#10639,#10641,.T.);
#10639 = VERTEX_POINT('',#10640);
#10640 = CARTESIAN_POINT('',(162.5,-71.97,1.51));
#10641 = CIRCLE('',#10642,0.51);
#10642 = AXIS2_PLACEMENT_3D('',#10643,#10644,#10645);
#10643 = CARTESIAN_POINT('',(162.5,-71.46,1.51));
#10644 = DIRECTION('',(-0.,0.,-1.));
#10645 = DIRECTION('',(-0.,-1.,0.));
#10646 = FACE_BOUND('',#10647,.T.);
#10647 = EDGE_LOOP('',(#10648));
#10648 = ORIENTED_EDGE('',*,*,#10649,.T.);
#10649 = EDGE_CURVE('',#10650,#10650,#10652,.T.);
#10650 = VERTEX_POINT('',#10651);
#10651 = CARTESIAN_POINT('',(162.5,-69.43,1.51));
#10652 = CIRCLE('',#10653,0.51);
#10653 = AXIS2_PLACEMENT_3D('',#10654,#10655,#10656);
#10654 = CARTESIAN_POINT('',(162.5,-68.92,1.51));
#10655 = DIRECTION('',(-0.,0.,-1.));
#10656 = DIRECTION('',(-0.,-1.,0.));
#10657 = FACE_BOUND('',#10658,.T.);
#10658 = EDGE_LOOP('',(#10659));
#10659 = ORIENTED_EDGE('',*,*,#10660,.T.);
#10660 = EDGE_CURVE('',#10661,#10661,#10663,.T.);
#10661 = VERTEX_POINT('',#10662);
#10662 = CARTESIAN_POINT('',(168.74,-80.35,1.51));
#10663 = CIRCLE('',#10664,0.4);
#10664 = AXIS2_PLACEMENT_3D('',#10665,#10666,#10667);
#10665 = CARTESIAN_POINT('',(168.74,-79.95,1.51));
#10666 = DIRECTION('',(-0.,0.,-1.));
#10667 = DIRECTION('',(-0.,-1.,0.));
#10668 = FACE_BOUND('',#10669,.T.);
#10669 = EDGE_LOOP('',(#10670));
#10670 = ORIENTED_EDGE('',*,*,#10671,.T.);
#10671 = EDGE_CURVE('',#10672,#10672,#10674,.T.);
#10672 = VERTEX_POINT('',#10673);
#10673 = CARTESIAN_POINT('',(168.74,-77.81,1.51));
#10674 = CIRCLE('',#10675,0.4);
#10675 = AXIS2_PLACEMENT_3D('',#10676,#10677,#10678);
#10676 = CARTESIAN_POINT('',(168.74,-77.41,1.51));
#10677 = DIRECTION('',(-0.,0.,-1.));
#10678 = DIRECTION('',(-0.,-1.,0.));
#10679 = FACE_BOUND('',#10680,.T.);
#10680 = EDGE_LOOP('',(#10681));
#10681 = ORIENTED_EDGE('',*,*,#10682,.T.);
#10682 = EDGE_CURVE('',#10683,#10683,#10685,.T.);
#10683 = VERTEX_POINT('',#10684);
#10684 = CARTESIAN_POINT('',(181.44,-80.35,1.51));
#10685 = CIRCLE('',#10686,0.4);
#10686 = AXIS2_PLACEMENT_3D('',#10687,#10688,#10689);
#10687 = CARTESIAN_POINT('',(181.44,-79.95,1.51));
#10688 = DIRECTION('',(-0.,0.,-1.));
#10689 = DIRECTION('',(-0.,-1.,0.));
#10690 = FACE_BOUND('',#10691,.T.);
#10691 = EDGE_LOOP('',(#10692));
#10692 = ORIENTED_EDGE('',*,*,#10693,.T.);
#10693 = EDGE_CURVE('',#10694,#10694,#10696,.T.);
#10694 = VERTEX_POINT('',#10695);
#10695 = CARTESIAN_POINT('',(181.44,-77.81,1.51));
#10696 = CIRCLE('',#10697,0.4);
#10697 = AXIS2_PLACEMENT_3D('',#10698,#10699,#10700);
#10698 = CARTESIAN_POINT('',(181.44,-77.41,1.51));
#10699 = DIRECTION('',(-0.,0.,-1.));
#10700 = DIRECTION('',(-0.,-1.,0.));
#10701 = FACE_BOUND('',#10702,.T.);
#10702 = EDGE_LOOP('',(#10703));
#10703 = ORIENTED_EDGE('',*,*,#10704,.T.);
#10704 = EDGE_CURVE('',#10705,#10705,#10707,.T.);
#10705 = VERTEX_POINT('',#10706);
#10706 = CARTESIAN_POINT('',(168.7,-73.2,1.51));
#10707 = CIRCLE('',#10708,0.4);
#10708 = AXIS2_PLACEMENT_3D('',#10709,#10710,#10711);
#10709 = CARTESIAN_POINT('',(168.7,-72.8,1.51));
#10710 = DIRECTION('',(-0.,0.,-1.));
#10711 = DIRECTION('',(-0.,-1.,0.));
#10712 = FACE_BOUND('',#10713,.T.);
#10713 = EDGE_LOOP('',(#10714));
#10714 = ORIENTED_EDGE('',*,*,#10715,.T.);
#10715 = EDGE_CURVE('',#10716,#10716,#10718,.T.);
#10716 = VERTEX_POINT('',#10717);
#10717 = CARTESIAN_POINT('',(168.7,-70.66,1.51));
#10718 = CIRCLE('',#10719,0.4);
#10719 = AXIS2_PLACEMENT_3D('',#10720,#10721,#10722);
#10720 = CARTESIAN_POINT('',(168.7,-70.26,1.51));
#10721 = DIRECTION('',(-0.,0.,-1.));
#10722 = DIRECTION('',(-0.,-1.,0.));
#10723 = FACE_BOUND('',#10724,.T.);
#10724 = EDGE_LOOP('',(#10725));
#10725 = ORIENTED_EDGE('',*,*,#10726,.T.);
#10726 = EDGE_CURVE('',#10727,#10727,#10729,.T.);
#10727 = VERTEX_POINT('',#10728);
#10728 = CARTESIAN_POINT('',(181.4,-73.2,1.51));
#10729 = CIRCLE('',#10730,0.4);
#10730 = AXIS2_PLACEMENT_3D('',#10731,#10732,#10733);
#10731 = CARTESIAN_POINT('',(181.4,-72.8,1.51));
#10732 = DIRECTION('',(-0.,0.,-1.));
#10733 = DIRECTION('',(-0.,-1.,0.));
#10734 = FACE_BOUND('',#10735,.T.);
#10735 = EDGE_LOOP('',(#10736));
#10736 = ORIENTED_EDGE('',*,*,#10737,.T.);
#10737 = EDGE_CURVE('',#10738,#10738,#10740,.T.);
#10738 = VERTEX_POINT('',#10739);
#10739 = CARTESIAN_POINT('',(181.4,-70.66,1.51));
#10740 = CIRCLE('',#10741,0.4);
#10741 = AXIS2_PLACEMENT_3D('',#10742,#10743,#10744);
#10742 = CARTESIAN_POINT('',(181.4,-70.26,1.51));
#10743 = DIRECTION('',(-0.,0.,-1.));
#10744 = DIRECTION('',(-0.,-1.,0.));
#10745 = FACE_BOUND('',#10746,.T.);
#10746 = EDGE_LOOP('',(#10747));
#10747 = ORIENTED_EDGE('',*,*,#10748,.T.);
#10748 = EDGE_CURVE('',#10749,#10749,#10751,.T.);
#10749 = VERTEX_POINT('',#10750);
#10750 = CARTESIAN_POINT('',(162.5,-66.89,1.51));
#10751 = CIRCLE('',#10752,0.51);
#10752 = AXIS2_PLACEMENT_3D('',#10753,#10754,#10755);
#10753 = CARTESIAN_POINT('',(162.5,-66.38,1.51));
#10754 = DIRECTION('',(-0.,0.,-1.));
#10755 = DIRECTION('',(-0.,-1.,0.));
#10756 = FACE_BOUND('',#10757,.T.);
#10757 = EDGE_LOOP('',(#10758));
#10758 = ORIENTED_EDGE('',*,*,#10759,.T.);
#10759 = EDGE_CURVE('',#10760,#10760,#10762,.T.);
#10760 = VERTEX_POINT('',#10761);
#10761 = CARTESIAN_POINT('',(162.5,-64.35,1.51));
#10762 = CIRCLE('',#10763,0.51);
#10763 = AXIS2_PLACEMENT_3D('',#10764,#10765,#10766);
#10764 = CARTESIAN_POINT('',(162.5,-63.84,1.51));
#10765 = DIRECTION('',(-0.,0.,-1.));
#10766 = DIRECTION('',(-0.,-1.,0.));
#10767 = FACE_BOUND('',#10768,.T.);
#10768 = EDGE_LOOP('',(#10769));
#10769 = ORIENTED_EDGE('',*,*,#10770,.T.);
#10770 = EDGE_CURVE('',#10771,#10771,#10773,.T.);
#10771 = VERTEX_POINT('',#10772);
#10772 = CARTESIAN_POINT('',(162.5,-61.81,1.51));
#10773 = CIRCLE('',#10774,0.51);
#10774 = AXIS2_PLACEMENT_3D('',#10775,#10776,#10777);
#10775 = CARTESIAN_POINT('',(162.5,-61.3,1.51));
#10776 = DIRECTION('',(-0.,0.,-1.));
#10777 = DIRECTION('',(-0.,-1.,0.));
#10778 = FACE_BOUND('',#10779,.T.);
#10779 = EDGE_LOOP('',(#10780));
#10780 = ORIENTED_EDGE('',*,*,#10781,.T.);
#10781 = EDGE_CURVE('',#10782,#10782,#10784,.T.);
#10782 = VERTEX_POINT('',#10783);
#10783 = CARTESIAN_POINT('',(168.7,-68.12,1.51));
#10784 = CIRCLE('',#10785,0.4);
#10785 = AXIS2_PLACEMENT_3D('',#10786,#10787,#10788);
#10786 = CARTESIAN_POINT('',(168.7,-67.72,1.51));
#10787 = DIRECTION('',(-0.,0.,-1.));
#10788 = DIRECTION('',(-0.,-1.,0.));
#10789 = FACE_BOUND('',#10790,.T.);
#10790 = EDGE_LOOP('',(#10791));
#10791 = ORIENTED_EDGE('',*,*,#10792,.T.);
#10792 = EDGE_CURVE('',#10793,#10793,#10795,.T.);
#10793 = VERTEX_POINT('',#10794);
#10794 = CARTESIAN_POINT('',(168.7,-65.58,1.51));
#10795 = CIRCLE('',#10796,0.4);
#10796 = AXIS2_PLACEMENT_3D('',#10797,#10798,#10799);
#10797 = CARTESIAN_POINT('',(168.7,-65.18,1.51));
#10798 = DIRECTION('',(-0.,0.,-1.));
#10799 = DIRECTION('',(-0.,-1.,0.));
#10800 = FACE_BOUND('',#10801,.T.);
#10801 = EDGE_LOOP('',(#10802));
#10802 = ORIENTED_EDGE('',*,*,#10803,.T.);
#10803 = EDGE_CURVE('',#10804,#10804,#10806,.T.);
#10804 = VERTEX_POINT('',#10805);
#10805 = CARTESIAN_POINT('',(168.7,-63.04,1.51));
#10806 = CIRCLE('',#10807,0.4);
#10807 = AXIS2_PLACEMENT_3D('',#10808,#10809,#10810);
#10808 = CARTESIAN_POINT('',(168.7,-62.64,1.51));
#10809 = DIRECTION('',(-0.,0.,-1.));
#10810 = DIRECTION('',(-0.,-1.,0.));
#10811 = FACE_BOUND('',#10812,.T.);
#10812 = EDGE_LOOP('',(#10813));
#10813 = ORIENTED_EDGE('',*,*,#10814,.T.);
#10814 = EDGE_CURVE('',#10815,#10815,#10817,.T.);
#10815 = VERTEX_POINT('',#10816);
#10816 = CARTESIAN_POINT('',(181.4,-68.12,1.51));
#10817 = CIRCLE('',#10818,0.4);
#10818 = AXIS2_PLACEMENT_3D('',#10819,#10820,#10821);
#10819 = CARTESIAN_POINT('',(181.4,-67.72,1.51));
#10820 = DIRECTION('',(-0.,0.,-1.));
#10821 = DIRECTION('',(-0.,-1.,0.));
#10822 = FACE_BOUND('',#10823,.T.);
#10823 = EDGE_LOOP('',(#10824));
#10824 = ORIENTED_EDGE('',*,*,#10825,.T.);
#10825 = EDGE_CURVE('',#10826,#10826,#10828,.T.);
#10826 = VERTEX_POINT('',#10827);
#10827 = CARTESIAN_POINT('',(181.4,-65.58,1.51));
#10828 = CIRCLE('',#10829,0.4);
#10829 = AXIS2_PLACEMENT_3D('',#10830,#10831,#10832);
#10830 = CARTESIAN_POINT('',(181.4,-65.18,1.51));
#10831 = DIRECTION('',(-0.,0.,-1.));
#10832 = DIRECTION('',(-0.,-1.,0.));
#10833 = FACE_BOUND('',#10834,.T.);
#10834 = EDGE_LOOP('',(#10835));
#10835 = ORIENTED_EDGE('',*,*,#10836,.T.);
#10836 = EDGE_CURVE('',#10837,#10837,#10839,.T.);
#10837 = VERTEX_POINT('',#10838);
#10838 = CARTESIAN_POINT('',(185.3,-64.75,1.51));
#10839 = CIRCLE('',#10840,0.25);
#10840 = AXIS2_PLACEMENT_3D('',#10841,#10842,#10843);
#10841 = CARTESIAN_POINT('',(185.3,-64.5,1.51));
#10842 = DIRECTION('',(-0.,0.,-1.));
#10843 = DIRECTION('',(-0.,-1.,0.));
#10844 = FACE_BOUND('',#10845,.T.);
#10845 = EDGE_LOOP('',(#10846));
#10846 = ORIENTED_EDGE('',*,*,#10847,.T.);
#10847 = EDGE_CURVE('',#10848,#10848,#10850,.T.);
#10848 = VERTEX_POINT('',#10849);
#10849 = CARTESIAN_POINT('',(185.3,-63.75,1.51));
#10850 = CIRCLE('',#10851,0.25);
#10851 = AXIS2_PLACEMENT_3D('',#10852,#10853,#10854);
#10852 = CARTESIAN_POINT('',(185.3,-63.5,1.51));
#10853 = DIRECTION('',(-0.,0.,-1.));
#10854 = DIRECTION('',(-0.,-1.,0.));
#10855 = FACE_BOUND('',#10856,.T.);
#10856 = EDGE_LOOP('',(#10857));
#10857 = ORIENTED_EDGE('',*,*,#10858,.T.);
#10858 = EDGE_CURVE('',#10859,#10859,#10861,.T.);
#10859 = VERTEX_POINT('',#10860);
#10860 = CARTESIAN_POINT('',(181.4,-63.04,1.51));
#10861 = CIRCLE('',#10862,0.4);
#10862 = AXIS2_PLACEMENT_3D('',#10863,#10864,#10865);
#10863 = CARTESIAN_POINT('',(181.4,-62.64,1.51));
#10864 = DIRECTION('',(-0.,0.,-1.));
#10865 = DIRECTION('',(-0.,-1.,0.));
#10866 = FACE_BOUND('',#10867,.T.);
#10867 = EDGE_LOOP('',(#10868));
#10868 = ORIENTED_EDGE('',*,*,#10869,.T.);
#10869 = EDGE_CURVE('',#10870,#10870,#10872,.T.);
#10870 = VERTEX_POINT('',#10871);
#10871 = CARTESIAN_POINT('',(185.3,-62.75,1.51));
#10872 = CIRCLE('',#10873,0.25);
#10873 = AXIS2_PLACEMENT_3D('',#10874,#10875,#10876);
#10874 = CARTESIAN_POINT('',(185.3,-62.5,1.51));
#10875 = DIRECTION('',(-0.,0.,-1.));
#10876 = DIRECTION('',(-0.,-1.,0.));
#10877 = FACE_BOUND('',#10878,.T.);
#10878 = EDGE_LOOP('',(#10879));
#10879 = ORIENTED_EDGE('',*,*,#10880,.T.);
#10880 = EDGE_CURVE('',#10881,#10881,#10883,.T.);
#10881 = VERTEX_POINT('',#10882);
#10882 = CARTESIAN_POINT('',(185.3,-61.75,1.51));
#10883 = CIRCLE('',#10884,0.25);
#10884 = AXIS2_PLACEMENT_3D('',#10885,#10886,#10887);
#10885 = CARTESIAN_POINT('',(185.3,-61.5,1.51));
#10886 = DIRECTION('',(-0.,0.,-1.));
#10887 = DIRECTION('',(-0.,-1.,0.));
#10888 = FACE_BOUND('',#10889,.T.);
#10889 = EDGE_LOOP('',(#10890));
#10890 = ORIENTED_EDGE('',*,*,#10891,.T.);
#10891 = EDGE_CURVE('',#10892,#10892,#10894,.T.);
#10892 = VERTEX_POINT('',#10893);
#10893 = CARTESIAN_POINT('',(168.7,-60.5,1.51));
#10894 = CIRCLE('',#10895,0.4);
#10895 = AXIS2_PLACEMENT_3D('',#10896,#10897,#10898);
#10896 = CARTESIAN_POINT('',(168.7,-60.1,1.51));
#10897 = DIRECTION('',(-0.,0.,-1.));
#10898 = DIRECTION('',(-0.,-1.,0.));
#10899 = FACE_BOUND('',#10900,.T.);
#10900 = EDGE_LOOP('',(#10901));
#10901 = ORIENTED_EDGE('',*,*,#10902,.T.);
#10902 = EDGE_CURVE('',#10903,#10903,#10905,.T.);
#10903 = VERTEX_POINT('',#10904);
#10904 = CARTESIAN_POINT('',(168.7,-57.96,1.51));
#10905 = CIRCLE('',#10906,0.4);
#10906 = AXIS2_PLACEMENT_3D('',#10907,#10908,#10909);
#10907 = CARTESIAN_POINT('',(168.7,-57.56,1.51));
#10908 = DIRECTION('',(-0.,0.,-1.));
#10909 = DIRECTION('',(-0.,-1.,0.));
#10910 = FACE_BOUND('',#10911,.T.);
#10911 = EDGE_LOOP('',(#10912));
#10912 = ORIENTED_EDGE('',*,*,#10913,.T.);
#10913 = EDGE_CURVE('',#10914,#10914,#10916,.T.);
#10914 = VERTEX_POINT('',#10915);
#10915 = CARTESIAN_POINT('',(168.7,-55.42,1.51));
#10916 = CIRCLE('',#10917,0.4);
#10917 = AXIS2_PLACEMENT_3D('',#10918,#10919,#10920);
#10918 = CARTESIAN_POINT('',(168.7,-55.02,1.51));
#10919 = DIRECTION('',(-0.,0.,-1.));
#10920 = DIRECTION('',(-0.,-1.,0.));
#10921 = FACE_BOUND('',#10922,.T.);
#10922 = EDGE_LOOP('',(#10923));
#10923 = ORIENTED_EDGE('',*,*,#10924,.T.);
#10924 = EDGE_CURVE('',#10925,#10925,#10927,.T.);
#10925 = VERTEX_POINT('',#10926);
#10926 = CARTESIAN_POINT('',(181.4,-60.5,1.51));
#10927 = CIRCLE('',#10928,0.4);
#10928 = AXIS2_PLACEMENT_3D('',#10929,#10930,#10931);
#10929 = CARTESIAN_POINT('',(181.4,-60.1,1.51));
#10930 = DIRECTION('',(-0.,0.,-1.));
#10931 = DIRECTION('',(-0.,-1.,0.));
#10932 = FACE_BOUND('',#10933,.T.);
#10933 = EDGE_LOOP('',(#10934));
#10934 = ORIENTED_EDGE('',*,*,#10935,.T.);
#10935 = EDGE_CURVE('',#10936,#10936,#10938,.T.);
#10936 = VERTEX_POINT('',#10937);
#10937 = CARTESIAN_POINT('',(181.4,-57.96,1.51));
#10938 = CIRCLE('',#10939,0.4);
#10939 = AXIS2_PLACEMENT_3D('',#10940,#10941,#10942);
#10940 = CARTESIAN_POINT('',(181.4,-57.56,1.51));
#10941 = DIRECTION('',(-0.,0.,-1.));
#10942 = DIRECTION('',(-0.,-1.,0.));
#10943 = FACE_BOUND('',#10944,.T.);
#10944 = EDGE_LOOP('',(#10945));
#10945 = ORIENTED_EDGE('',*,*,#10946,.T.);
#10946 = EDGE_CURVE('',#10947,#10947,#10949,.T.);
#10947 = VERTEX_POINT('',#10948);
#10948 = CARTESIAN_POINT('',(181.4,-55.42,1.51));
#10949 = CIRCLE('',#10950,0.4);
#10950 = AXIS2_PLACEMENT_3D('',#10951,#10952,#10953);
#10951 = CARTESIAN_POINT('',(181.4,-55.02,1.51));
#10952 = DIRECTION('',(-0.,0.,-1.));
#10953 = DIRECTION('',(-0.,-1.,0.));
#10954 = PLANE('',#10955);
#10955 = AXIS2_PLACEMENT_3D('',#10956,#10957,#10958);
#10956 = CARTESIAN_POINT('',(0.,0.,1.51));
#10957 = DIRECTION('',(0.,0.,1.));
#10958 = DIRECTION('',(1.,0.,-0.));
#10959 = ADVANCED_FACE('',(#10960),#10966,.T.);
#10960 = FACE_BOUND('',#10961,.T.);
#10961 = EDGE_LOOP('',(#10962,#10963,#10964,#10965));
#10962 = ORIENTED_EDGE('',*,*,#8685,.T.);
#10963 = ORIENTED_EDGE('',*,*,#9837,.T.);
#10964 = ORIENTED_EDGE('',*,*,#8645,.F.);
#10965 = ORIENTED_EDGE('',*,*,#8709,.F.);
#10966 = PLANE('',#10967);
#10967 = AXIS2_PLACEMENT_3D('',#10968,#10969,#10970);
#10968 = CARTESIAN_POINT('',(111.6,-51.2,0.));
#10969 = DIRECTION('',(0.,1.,0.));
#10970 = DIRECTION('',(1.,0.,0.));
#10971 = ADVANCED_FACE('',(#10972),#10983,.F.);
#10972 = FACE_BOUND('',#10973,.T.);
#10973 = EDGE_LOOP('',(#10974,#10975,#10981,#10982));
#10974 = ORIENTED_EDGE('',*,*,#8718,.T.);
#10975 = ORIENTED_EDGE('',*,*,#10976,.T.);
#10976 = EDGE_CURVE('',#8719,#9847,#10977,.T.);
#10977 = LINE('',#10978,#10979);
#10978 = CARTESIAN_POINT('',(118.8275,-106.15,-4.6E-02));
#10979 = VECTOR('',#10980,1.);
#10980 = DIRECTION('',(0.,0.,1.));
#10981 = ORIENTED_EDGE('',*,*,#9846,.F.);
#10982 = ORIENTED_EDGE('',*,*,#10976,.F.);
#10983 = CYLINDRICAL_SURFACE('',#10984,0.65);
#10984 = AXIS2_PLACEMENT_3D('',#10985,#10986,#10987);
#10985 = CARTESIAN_POINT('',(118.8275,-105.5,-4.6E-02));
#10986 = DIRECTION('',(-0.,-0.,-1.));
#10987 = DIRECTION('',(-0.,-1.,0.));
#10988 = ADVANCED_FACE('',(#10989),#11000,.F.);
#10989 = FACE_BOUND('',#10990,.T.);
#10990 = EDGE_LOOP('',(#10991,#10992,#10998,#10999));
#10991 = ORIENTED_EDGE('',*,*,#8729,.T.);
#10992 = ORIENTED_EDGE('',*,*,#10993,.T.);
#10993 = EDGE_CURVE('',#8730,#9858,#10994,.T.);
#10994 = LINE('',#10995,#10996);
#10995 = CARTESIAN_POINT('',(132.5,-108.345,-4.6E-02));
#10996 = VECTOR('',#10997,1.);
#10997 = DIRECTION('',(0.,0.,1.));
#10998 = ORIENTED_EDGE('',*,*,#9857,.F.);
#10999 = ORIENTED_EDGE('',*,*,#10993,.F.);
#11000 = CYLINDRICAL_SURFACE('',#11001,0.35);
#11001 = AXIS2_PLACEMENT_3D('',#11002,#11003,#11004);
#11002 = CARTESIAN_POINT('',(132.5,-107.995,-4.6E-02));
#11003 = DIRECTION('',(-0.,-0.,-1.));
#11004 = DIRECTION('',(-0.,-1.,0.));
#11005 = ADVANCED_FACE('',(#11006),#11017,.F.);
#11006 = FACE_BOUND('',#11007,.T.);
#11007 = EDGE_LOOP('',(#11008,#11009,#11015,#11016));
#11008 = ORIENTED_EDGE('',*,*,#8740,.T.);
#11009 = ORIENTED_EDGE('',*,*,#11010,.T.);
#11010 = EDGE_CURVE('',#8741,#9869,#11011,.T.);
#11011 = LINE('',#11012,#11013);
#11012 = CARTESIAN_POINT('',(132.5,-106.445,-4.6E-02));
#11013 = VECTOR('',#11014,1.);
#11014 = DIRECTION('',(0.,0.,1.));
#11015 = ORIENTED_EDGE('',*,*,#9868,.F.);
#11016 = ORIENTED_EDGE('',*,*,#11010,.F.);
#11017 = CYLINDRICAL_SURFACE('',#11018,0.35);
#11018 = AXIS2_PLACEMENT_3D('',#11019,#11020,#11021);
#11019 = CARTESIAN_POINT('',(132.5,-106.095,-4.6E-02));
#11020 = DIRECTION('',(-0.,-0.,-1.));
#11021 = DIRECTION('',(-0.,-1.,0.));
#11022 = ADVANCED_FACE('',(#11023),#11034,.F.);
#11023 = FACE_BOUND('',#11024,.T.);
#11024 = EDGE_LOOP('',(#11025,#11026,#11032,#11033));
#11025 = ORIENTED_EDGE('',*,*,#8751,.T.);
#11026 = ORIENTED_EDGE('',*,*,#11027,.T.);
#11027 = EDGE_CURVE('',#8752,#9880,#11028,.T.);
#11028 = LINE('',#11029,#11030);
#11029 = CARTESIAN_POINT('',(127.5,-103.9,-4.6E-02));
#11030 = VECTOR('',#11031,1.);
#11031 = DIRECTION('',(0.,0.,1.));
#11032 = ORIENTED_EDGE('',*,*,#9879,.F.);
#11033 = ORIENTED_EDGE('',*,*,#11027,.F.);
#11034 = CYLINDRICAL_SURFACE('',#11035,0.4);
#11035 = AXIS2_PLACEMENT_3D('',#11036,#11037,#11038);
#11036 = CARTESIAN_POINT('',(127.5,-103.5,-4.6E-02));
#11037 = DIRECTION('',(-0.,-0.,-1.));
#11038 = DIRECTION('',(-0.,-1.,0.));
#11039 = ADVANCED_FACE('',(#11040),#11051,.F.);
#11040 = FACE_BOUND('',#11041,.T.);
#11041 = EDGE_LOOP('',(#11042,#11043,#11049,#11050));
#11042 = ORIENTED_EDGE('',*,*,#8762,.T.);
#11043 = ORIENTED_EDGE('',*,*,#11044,.T.);
#11044 = EDGE_CURVE('',#8763,#9891,#11045,.T.);
#11045 = LINE('',#11046,#11047);
#11046 = CARTESIAN_POINT('',(132.6,-103.35,-4.6E-02));
#11047 = VECTOR('',#11048,1.);
#11048 = DIRECTION('',(0.,0.,1.));
#11049 = ORIENTED_EDGE('',*,*,#9890,.F.);
#11050 = ORIENTED_EDGE('',*,*,#11044,.F.);
#11051 = CYLINDRICAL_SURFACE('',#11052,0.45);
#11052 = AXIS2_PLACEMENT_3D('',#11053,#11054,#11055);
#11053 = CARTESIAN_POINT('',(132.6,-102.9,-4.6E-02));
#11054 = DIRECTION('',(-0.,-0.,-1.));
#11055 = DIRECTION('',(-6.315935428979E-14,-1.,0.));
#11056 = ADVANCED_FACE('',(#11057),#11068,.F.);
#11057 = FACE_BOUND('',#11058,.T.);
#11058 = EDGE_LOOP('',(#11059,#11060,#11066,#11067));
#11059 = ORIENTED_EDGE('',*,*,#8773,.T.);
#11060 = ORIENTED_EDGE('',*,*,#11061,.T.);
#11061 = EDGE_CURVE('',#8774,#9902,#11062,.T.);
#11062 = LINE('',#11063,#11064);
#11063 = CARTESIAN_POINT('',(118.8275,-101.15,-4.6E-02));
#11064 = VECTOR('',#11065,1.);
#11065 = DIRECTION('',(0.,0.,1.));
#11066 = ORIENTED_EDGE('',*,*,#9901,.F.);
#11067 = ORIENTED_EDGE('',*,*,#11061,.F.);
#11068 = CYLINDRICAL_SURFACE('',#11069,0.65);
#11069 = AXIS2_PLACEMENT_3D('',#11070,#11071,#11072);
#11070 = CARTESIAN_POINT('',(118.8275,-100.5,-4.6E-02));
#11071 = DIRECTION('',(-0.,-0.,-1.));
#11072 = DIRECTION('',(-0.,-1.,0.));
#11073 = ADVANCED_FACE('',(#11074),#11085,.F.);
#11074 = FACE_BOUND('',#11075,.T.);
#11075 = EDGE_LOOP('',(#11076,#11077,#11083,#11084));
#11076 = ORIENTED_EDGE('',*,*,#8784,.T.);
#11077 = ORIENTED_EDGE('',*,*,#11078,.T.);
#11078 = EDGE_CURVE('',#8785,#9913,#11079,.T.);
#11079 = LINE('',#11080,#11081);
#11080 = CARTESIAN_POINT('',(127.5,-101.9,-4.6E-02));
#11081 = VECTOR('',#11082,1.);
#11082 = DIRECTION('',(0.,0.,1.));
#11083 = ORIENTED_EDGE('',*,*,#9912,.F.);
#11084 = ORIENTED_EDGE('',*,*,#11078,.F.);
#11085 = CYLINDRICAL_SURFACE('',#11086,0.4);
#11086 = AXIS2_PLACEMENT_3D('',#11087,#11088,#11089);
#11087 = CARTESIAN_POINT('',(127.5,-101.5,-4.6E-02));
#11088 = DIRECTION('',(-0.,-0.,-1.));
#11089 = DIRECTION('',(-0.,-1.,0.));
#11090 = ADVANCED_FACE('',(#11091),#11102,.F.);
#11091 = FACE_BOUND('',#11092,.T.);
#11092 = EDGE_LOOP('',(#11093,#11094,#11100,#11101));
#11093 = ORIENTED_EDGE('',*,*,#8795,.T.);
#11094 = ORIENTED_EDGE('',*,*,#11095,.T.);
#11095 = EDGE_CURVE('',#8796,#9924,#11096,.T.);
#11096 = LINE('',#11097,#11098);
#11097 = CARTESIAN_POINT('',(132.6,-100.81,-4.6E-02));
#11098 = VECTOR('',#11099,1.);
#11099 = DIRECTION('',(0.,0.,1.));
#11100 = ORIENTED_EDGE('',*,*,#9923,.F.);
#11101 = ORIENTED_EDGE('',*,*,#11095,.F.);
#11102 = CYLINDRICAL_SURFACE('',#11103,0.45);
#11103 = AXIS2_PLACEMENT_3D('',#11104,#11105,#11106);
#11104 = CARTESIAN_POINT('',(132.6,-100.36,-4.6E-02));
#11105 = DIRECTION('',(-0.,-0.,-1.));
#11106 = DIRECTION('',(-6.315935428979E-14,-1.,0.));
#11107 = ADVANCED_FACE('',(#11108),#11119,.F.);
#11108 = FACE_BOUND('',#11109,.T.);
#11109 = EDGE_LOOP('',(#11110,#11111,#11117,#11118));
#11110 = ORIENTED_EDGE('',*,*,#8806,.T.);
#11111 = ORIENTED_EDGE('',*,*,#11112,.T.);
#11112 = EDGE_CURVE('',#8807,#9935,#11113,.T.);
#11113 = LINE('',#11114,#11115);
#11114 = CARTESIAN_POINT('',(132.8,-95.345,-4.6E-02));
#11115 = VECTOR('',#11116,1.);
#11116 = DIRECTION('',(0.,0.,1.));
#11117 = ORIENTED_EDGE('',*,*,#9934,.F.);
#11118 = ORIENTED_EDGE('',*,*,#11112,.F.);
#11119 = CYLINDRICAL_SURFACE('',#11120,0.35);
#11120 = AXIS2_PLACEMENT_3D('',#11121,#11122,#11123);
#11121 = CARTESIAN_POINT('',(132.8,-94.995,-4.6E-02));
#11122 = DIRECTION('',(-0.,-0.,-1.));
#11123 = DIRECTION('',(-0.,-1.,0.));
#11124 = ADVANCED_FACE('',(#11125),#11136,.F.);
#11125 = FACE_BOUND('',#11126,.T.);
#11126 = EDGE_LOOP('',(#11127,#11128,#11134,#11135));
#11127 = ORIENTED_EDGE('',*,*,#8817,.T.);
#11128 = ORIENTED_EDGE('',*,*,#11129,.T.);
#11129 = EDGE_CURVE('',#8818,#9946,#11130,.T.);
#11130 = LINE('',#11131,#11132);
#11131 = CARTESIAN_POINT('',(137.1,-107.53,-4.6E-02));
#11132 = VECTOR('',#11133,1.);
#11133 = DIRECTION('',(0.,0.,1.));
#11134 = ORIENTED_EDGE('',*,*,#9945,.F.);
#11135 = ORIENTED_EDGE('',*,*,#11129,.F.);
#11136 = CYLINDRICAL_SURFACE('',#11137,0.51);
#11137 = AXIS2_PLACEMENT_3D('',#11138,#11139,#11140);
#11138 = CARTESIAN_POINT('',(137.1,-107.02,-4.6E-02));
#11139 = DIRECTION('',(-0.,-0.,-1.));
#11140 = DIRECTION('',(-5.57288420204E-14,-1.,0.));
#11141 = ADVANCED_FACE('',(#11142),#11153,.F.);
#11142 = FACE_BOUND('',#11143,.T.);
#11143 = EDGE_LOOP('',(#11144,#11145,#11151,#11152));
#11144 = ORIENTED_EDGE('',*,*,#8828,.T.);
#11145 = ORIENTED_EDGE('',*,*,#11146,.T.);
#11146 = EDGE_CURVE('',#8829,#9957,#11147,.T.);
#11147 = LINE('',#11148,#11149);
#11148 = CARTESIAN_POINT('',(137.1,-104.99,-4.6E-02));
#11149 = VECTOR('',#11150,1.);
#11150 = DIRECTION('',(0.,0.,1.));
#11151 = ORIENTED_EDGE('',*,*,#9956,.F.);
#11152 = ORIENTED_EDGE('',*,*,#11146,.F.);
#11153 = CYLINDRICAL_SURFACE('',#11154,0.51);
#11154 = AXIS2_PLACEMENT_3D('',#11155,#11156,#11157);
#11155 = CARTESIAN_POINT('',(137.1,-104.48,-4.6E-02));
#11156 = DIRECTION('',(-0.,-0.,-1.));
#11157 = DIRECTION('',(-5.57288420204E-14,-1.,0.));
#11158 = ADVANCED_FACE('',(#11159),#11170,.F.);
#11159 = FACE_BOUND('',#11160,.T.);
#11160 = EDGE_LOOP('',(#11161,#11162,#11168,#11169));
#11161 = ORIENTED_EDGE('',*,*,#8839,.T.);
#11162 = ORIENTED_EDGE('',*,*,#11163,.T.);
#11163 = EDGE_CURVE('',#8840,#9968,#11164,.T.);
#11164 = LINE('',#11165,#11166);
#11165 = CARTESIAN_POINT('',(137.1,-102.45,-4.6E-02));
#11166 = VECTOR('',#11167,1.);
#11167 = DIRECTION('',(0.,0.,1.));
#11168 = ORIENTED_EDGE('',*,*,#9967,.F.);
#11169 = ORIENTED_EDGE('',*,*,#11163,.F.);
#11170 = CYLINDRICAL_SURFACE('',#11171,0.51);
#11171 = AXIS2_PLACEMENT_3D('',#11172,#11173,#11174);
#11172 = CARTESIAN_POINT('',(137.1,-101.94,-4.6E-02));
#11173 = DIRECTION('',(-0.,-0.,-1.));
#11174 = DIRECTION('',(-5.57288420204E-14,-1.,0.));
#11175 = ADVANCED_FACE('',(#11176),#11187,.F.);
#11176 = FACE_BOUND('',#11177,.T.);
#11177 = EDGE_LOOP('',(#11178,#11179,#11185,#11186));
#11178 = ORIENTED_EDGE('',*,*,#8850,.T.);
#11179 = ORIENTED_EDGE('',*,*,#11180,.T.);
#11180 = EDGE_CURVE('',#8851,#9979,#11181,.T.);
#11181 = LINE('',#11182,#11183);
#11182 = CARTESIAN_POINT('',(137.1,-99.91,-4.6E-02));
#11183 = VECTOR('',#11184,1.);
#11184 = DIRECTION('',(0.,0.,1.));
#11185 = ORIENTED_EDGE('',*,*,#9978,.F.);
#11186 = ORIENTED_EDGE('',*,*,#11180,.F.);
#11187 = CYLINDRICAL_SURFACE('',#11188,0.51);
#11188 = AXIS2_PLACEMENT_3D('',#11189,#11190,#11191);
#11189 = CARTESIAN_POINT('',(137.1,-99.4,-4.6E-02));
#11190 = DIRECTION('',(-0.,-0.,-1.));
#11191 = DIRECTION('',(-5.57288420204E-14,-1.,0.));
#11192 = ADVANCED_FACE('',(#11193),#11204,.F.);
#11193 = FACE_BOUND('',#11194,.T.);
#11194 = EDGE_LOOP('',(#11195,#11196,#11202,#11203));
#11195 = ORIENTED_EDGE('',*,*,#8861,.T.);
#11196 = ORIENTED_EDGE('',*,*,#11197,.T.);
#11197 = EDGE_CURVE('',#8862,#9990,#11198,.T.);
#11198 = LINE('',#11199,#11200);
#11199 = CARTESIAN_POINT('',(137.1,-97.37,-4.6E-02));
#11200 = VECTOR('',#11201,1.);
#11201 = DIRECTION('',(0.,0.,1.));
#11202 = ORIENTED_EDGE('',*,*,#9989,.F.);
#11203 = ORIENTED_EDGE('',*,*,#11197,.F.);
#11204 = CYLINDRICAL_SURFACE('',#11205,0.51);
#11205 = AXIS2_PLACEMENT_3D('',#11206,#11207,#11208);
#11206 = CARTESIAN_POINT('',(137.1,-96.86,-4.6E-02));
#11207 = DIRECTION('',(-0.,-0.,-1.));
#11208 = DIRECTION('',(-5.57288420204E-14,-1.,0.));
#11209 = ADVANCED_FACE('',(#11210),#11221,.F.);
#11210 = FACE_BOUND('',#11211,.T.);
#11211 = EDGE_LOOP('',(#11212,#11213,#11219,#11220));
#11212 = ORIENTED_EDGE('',*,*,#8872,.T.);
#11213 = ORIENTED_EDGE('',*,*,#11214,.T.);
#11214 = EDGE_CURVE('',#8873,#10001,#11215,.T.);
#11215 = LINE('',#11216,#11217);
#11216 = CARTESIAN_POINT('',(118.8275,-92.65,-4.6E-02));
#11217 = VECTOR('',#11218,1.);
#11218 = DIRECTION('',(0.,0.,1.));
#11219 = ORIENTED_EDGE('',*,*,#10000,.F.);
#11220 = ORIENTED_EDGE('',*,*,#11214,.F.);
#11221 = CYLINDRICAL_SURFACE('',#11222,0.65);
#11222 = AXIS2_PLACEMENT_3D('',#11223,#11224,#11225);
#11223 = CARTESIAN_POINT('',(118.8275,-92.,-4.6E-02));
#11224 = DIRECTION('',(-0.,-0.,-1.));
#11225 = DIRECTION('',(-0.,-1.,0.));
#11226 = ADVANCED_FACE('',(#11227),#11238,.F.);
#11227 = FACE_BOUND('',#11228,.T.);
#11228 = EDGE_LOOP('',(#11229,#11230,#11236,#11237));
#11229 = ORIENTED_EDGE('',*,*,#8883,.T.);
#11230 = ORIENTED_EDGE('',*,*,#11231,.T.);
#11231 = EDGE_CURVE('',#8884,#10012,#11232,.T.);
#11232 = LINE('',#11233,#11234);
#11233 = CARTESIAN_POINT('',(132.8,-93.445,-4.6E-02));
#11234 = VECTOR('',#11235,1.);
#11235 = DIRECTION('',(0.,0.,1.));
#11236 = ORIENTED_EDGE('',*,*,#10011,.F.);
#11237 = ORIENTED_EDGE('',*,*,#11231,.F.);
#11238 = CYLINDRICAL_SURFACE('',#11239,0.35);
#11239 = AXIS2_PLACEMENT_3D('',#11240,#11241,#11242);
#11240 = CARTESIAN_POINT('',(132.8,-93.095,-4.6E-02));
#11241 = DIRECTION('',(-0.,-0.,-1.));
#11242 = DIRECTION('',(-0.,-1.,0.));
#11243 = ADVANCED_FACE('',(#11244),#11255,.F.);
#11244 = FACE_BOUND('',#11245,.T.);
#11245 = EDGE_LOOP('',(#11246,#11247,#11253,#11254));
#11246 = ORIENTED_EDGE('',*,*,#8894,.T.);
#11247 = ORIENTED_EDGE('',*,*,#11248,.T.);
#11248 = EDGE_CURVE('',#8895,#10023,#11249,.T.);
#11249 = LINE('',#11250,#11251);
#11250 = CARTESIAN_POINT('',(127.5,-90.9,-4.6E-02));
#11251 = VECTOR('',#11252,1.);
#11252 = DIRECTION('',(0.,0.,1.));
#11253 = ORIENTED_EDGE('',*,*,#10022,.F.);
#11254 = ORIENTED_EDGE('',*,*,#11248,.F.);
#11255 = CYLINDRICAL_SURFACE('',#11256,0.4);
#11256 = AXIS2_PLACEMENT_3D('',#11257,#11258,#11259);
#11257 = CARTESIAN_POINT('',(127.5,-90.5,-4.6E-02));
#11258 = DIRECTION('',(-0.,-0.,-1.));
#11259 = DIRECTION('',(-0.,-1.,0.));
#11260 = ADVANCED_FACE('',(#11261),#11272,.F.);
#11261 = FACE_BOUND('',#11262,.T.);
#11262 = EDGE_LOOP('',(#11263,#11264,#11270,#11271));
#11263 = ORIENTED_EDGE('',*,*,#8905,.T.);
#11264 = ORIENTED_EDGE('',*,*,#11265,.T.);
#11265 = EDGE_CURVE('',#8906,#10034,#11266,.T.);
#11266 = LINE('',#11267,#11268);
#11267 = CARTESIAN_POINT('',(127.5,-88.9,-4.6E-02));
#11268 = VECTOR('',#11269,1.);
#11269 = DIRECTION('',(0.,0.,1.));
#11270 = ORIENTED_EDGE('',*,*,#10033,.F.);
#11271 = ORIENTED_EDGE('',*,*,#11265,.F.);
#11272 = CYLINDRICAL_SURFACE('',#11273,0.4);
#11273 = AXIS2_PLACEMENT_3D('',#11274,#11275,#11276);
#11274 = CARTESIAN_POINT('',(127.5,-88.5,-4.6E-02));
#11275 = DIRECTION('',(-0.,-0.,-1.));
#11276 = DIRECTION('',(-0.,-1.,0.));
#11277 = ADVANCED_FACE('',(#11278),#11289,.F.);
#11278 = FACE_BOUND('',#11279,.T.);
#11279 = EDGE_LOOP('',(#11280,#11281,#11287,#11288));
#11280 = ORIENTED_EDGE('',*,*,#8916,.T.);
#11281 = ORIENTED_EDGE('',*,*,#11282,.T.);
#11282 = EDGE_CURVE('',#8917,#10045,#11283,.T.);
#11283 = LINE('',#11284,#11285);
#11284 = CARTESIAN_POINT('',(132.8,-90.95,-4.6E-02));
#11285 = VECTOR('',#11286,1.);
#11286 = DIRECTION('',(0.,0.,1.));
#11287 = ORIENTED_EDGE('',*,*,#10044,.F.);
#11288 = ORIENTED_EDGE('',*,*,#11282,.F.);
#11289 = CYLINDRICAL_SURFACE('',#11290,0.45);
#11290 = AXIS2_PLACEMENT_3D('',#11291,#11292,#11293);
#11291 = CARTESIAN_POINT('',(132.8,-90.5,-4.6E-02));
#11292 = DIRECTION('',(-0.,-0.,-1.));
#11293 = DIRECTION('',(-0.,-1.,0.));
#11294 = ADVANCED_FACE('',(#11295),#11306,.F.);
#11295 = FACE_BOUND('',#11296,.T.);
#11296 = EDGE_LOOP('',(#11297,#11298,#11304,#11305));
#11297 = ORIENTED_EDGE('',*,*,#8927,.T.);
#11298 = ORIENTED_EDGE('',*,*,#11299,.T.);
#11299 = EDGE_CURVE('',#8928,#10056,#11300,.T.);
#11300 = LINE('',#11301,#11302);
#11301 = CARTESIAN_POINT('',(118.8275,-87.65,-4.6E-02));
#11302 = VECTOR('',#11303,1.);
#11303 = DIRECTION('',(0.,0.,1.));
#11304 = ORIENTED_EDGE('',*,*,#10055,.F.);
#11305 = ORIENTED_EDGE('',*,*,#11299,.F.);
#11306 = CYLINDRICAL_SURFACE('',#11307,0.65);
#11307 = AXIS2_PLACEMENT_3D('',#11308,#11309,#11310);
#11308 = CARTESIAN_POINT('',(118.8275,-87.,-4.6E-02));
#11309 = DIRECTION('',(-0.,-0.,-1.));
#11310 = DIRECTION('',(-0.,-1.,0.));
#11311 = ADVANCED_FACE('',(#11312),#11323,.F.);
#11312 = FACE_BOUND('',#11313,.T.);
#11313 = EDGE_LOOP('',(#11314,#11315,#11321,#11322));
#11314 = ORIENTED_EDGE('',*,*,#8938,.T.);
#11315 = ORIENTED_EDGE('',*,*,#11316,.T.);
#11316 = EDGE_CURVE('',#8939,#10067,#11317,.T.);
#11317 = LINE('',#11318,#11319);
#11318 = CARTESIAN_POINT('',(132.8,-88.41,-4.6E-02));
#11319 = VECTOR('',#11320,1.);
#11320 = DIRECTION('',(0.,0.,1.));
#11321 = ORIENTED_EDGE('',*,*,#10066,.F.);
#11322 = ORIENTED_EDGE('',*,*,#11316,.F.);
#11323 = CYLINDRICAL_SURFACE('',#11324,0.45);
#11324 = AXIS2_PLACEMENT_3D('',#11325,#11326,#11327);
#11325 = CARTESIAN_POINT('',(132.8,-87.96,-4.6E-02));
#11326 = DIRECTION('',(-0.,-0.,-1.));
#11327 = DIRECTION('',(-0.,-1.,0.));
#11328 = ADVANCED_FACE('',(#11329),#11340,.F.);
#11329 = FACE_BOUND('',#11330,.T.);
#11330 = EDGE_LOOP('',(#11331,#11332,#11338,#11339));
#11331 = ORIENTED_EDGE('',*,*,#8949,.T.);
#11332 = ORIENTED_EDGE('',*,*,#11333,.T.);
#11333 = EDGE_CURVE('',#8950,#10078,#11334,.T.);
#11334 = LINE('',#11335,#11336);
#11335 = CARTESIAN_POINT('',(137.1,-94.83,-4.6E-02));
#11336 = VECTOR('',#11337,1.);
#11337 = DIRECTION('',(0.,0.,1.));
#11338 = ORIENTED_EDGE('',*,*,#10077,.F.);
#11339 = ORIENTED_EDGE('',*,*,#11333,.F.);
#11340 = CYLINDRICAL_SURFACE('',#11341,0.51);
#11341 = AXIS2_PLACEMENT_3D('',#11342,#11343,#11344);
#11342 = CARTESIAN_POINT('',(137.1,-94.32,-4.6E-02));
#11343 = DIRECTION('',(-0.,-0.,-1.));
#11344 = DIRECTION('',(-5.57288420204E-14,-1.,0.));
#11345 = ADVANCED_FACE('',(#11346),#11357,.F.);
#11346 = FACE_BOUND('',#11347,.T.);
#11347 = EDGE_LOOP('',(#11348,#11349,#11355,#11356));
#11348 = ORIENTED_EDGE('',*,*,#8960,.T.);
#11349 = ORIENTED_EDGE('',*,*,#11350,.T.);
#11350 = EDGE_CURVE('',#8961,#10089,#11351,.T.);
#11351 = LINE('',#11352,#11353);
#11352 = CARTESIAN_POINT('',(137.1,-92.29,-4.6E-02));
#11353 = VECTOR('',#11354,1.);
#11354 = DIRECTION('',(0.,0.,1.));
#11355 = ORIENTED_EDGE('',*,*,#10088,.F.);
#11356 = ORIENTED_EDGE('',*,*,#11350,.F.);
#11357 = CYLINDRICAL_SURFACE('',#11358,0.51);
#11358 = AXIS2_PLACEMENT_3D('',#11359,#11360,#11361);
#11359 = CARTESIAN_POINT('',(137.1,-91.78,-4.6E-02));
#11360 = DIRECTION('',(-0.,-0.,-1.));
#11361 = DIRECTION('',(-5.57288420204E-14,-1.,0.));
#11362 = ADVANCED_FACE('',(#11363),#11374,.F.);
#11363 = FACE_BOUND('',#11364,.T.);
#11364 = EDGE_LOOP('',(#11365,#11366,#11372,#11373));
#11365 = ORIENTED_EDGE('',*,*,#8971,.T.);
#11366 = ORIENTED_EDGE('',*,*,#11367,.T.);
#11367 = EDGE_CURVE('',#8972,#10100,#11368,.T.);
#11368 = LINE('',#11369,#11370);
#11369 = CARTESIAN_POINT('',(137.1,-89.75,-4.6E-02));
#11370 = VECTOR('',#11371,1.);
#11371 = DIRECTION('',(0.,0.,1.));
#11372 = ORIENTED_EDGE('',*,*,#10099,.F.);
#11373 = ORIENTED_EDGE('',*,*,#11367,.F.);
#11374 = CYLINDRICAL_SURFACE('',#11375,0.51);
#11375 = AXIS2_PLACEMENT_3D('',#11376,#11377,#11378);
#11376 = CARTESIAN_POINT('',(137.1,-89.24,-4.6E-02));
#11377 = DIRECTION('',(-0.,-0.,-1.));
#11378 = DIRECTION('',(-5.57288420204E-14,-1.,0.));
#11379 = ADVANCED_FACE('',(#11380),#11391,.F.);
#11380 = FACE_BOUND('',#11381,.T.);
#11381 = EDGE_LOOP('',(#11382,#11383,#11389,#11390));
#11382 = ORIENTED_EDGE('',*,*,#8982,.T.);
#11383 = ORIENTED_EDGE('',*,*,#11384,.T.);
#11384 = EDGE_CURVE('',#8983,#10111,#11385,.T.);
#11385 = LINE('',#11386,#11387);
#11386 = CARTESIAN_POINT('',(137.1,-87.21,-4.6E-02));
#11387 = VECTOR('',#11388,1.);
#11388 = DIRECTION('',(0.,0.,1.));
#11389 = ORIENTED_EDGE('',*,*,#10110,.F.);
#11390 = ORIENTED_EDGE('',*,*,#11384,.F.);
#11391 = CYLINDRICAL_SURFACE('',#11392,0.51);
#11392 = AXIS2_PLACEMENT_3D('',#11393,#11394,#11395);
#11393 = CARTESIAN_POINT('',(137.1,-86.7,-4.6E-02));
#11394 = DIRECTION('',(-0.,-0.,-1.));
#11395 = DIRECTION('',(-5.57288420204E-14,-1.,0.));
#11396 = ADVANCED_FACE('',(#11397),#11408,.F.);
#11397 = FACE_BOUND('',#11398,.T.);
#11398 = EDGE_LOOP('',(#11399,#11400,#11406,#11407));
#11399 = ORIENTED_EDGE('',*,*,#8993,.T.);
#11400 = ORIENTED_EDGE('',*,*,#11401,.T.);
#11401 = EDGE_CURVE('',#8994,#10122,#11402,.T.);
#11402 = LINE('',#11403,#11404);
#11403 = CARTESIAN_POINT('',(137.1,-84.67,-4.6E-02));
#11404 = VECTOR('',#11405,1.);
#11405 = DIRECTION('',(0.,0.,1.));
#11406 = ORIENTED_EDGE('',*,*,#10121,.F.);
#11407 = ORIENTED_EDGE('',*,*,#11401,.F.);
#11408 = CYLINDRICAL_SURFACE('',#11409,0.51);
#11409 = AXIS2_PLACEMENT_3D('',#11410,#11411,#11412);
#11410 = CARTESIAN_POINT('',(137.1,-84.16,-4.6E-02));
#11411 = DIRECTION('',(-0.,-0.,-1.));
#11412 = DIRECTION('',(-5.57288420204E-14,-1.,0.));
#11413 = ADVANCED_FACE('',(#11414),#11425,.F.);
#11414 = FACE_BOUND('',#11415,.T.);
#11415 = EDGE_LOOP('',(#11416,#11417,#11423,#11424));
#11416 = ORIENTED_EDGE('',*,*,#9004,.T.);
#11417 = ORIENTED_EDGE('',*,*,#11418,.T.);
#11418 = EDGE_CURVE('',#9005,#10133,#11419,.T.);
#11419 = LINE('',#11420,#11421);
#11420 = CARTESIAN_POINT('',(137.1,-82.13,-4.6E-02));
#11421 = VECTOR('',#11422,1.);
#11422 = DIRECTION('',(0.,0.,1.));
#11423 = ORIENTED_EDGE('',*,*,#10132,.F.);
#11424 = ORIENTED_EDGE('',*,*,#11418,.F.);
#11425 = CYLINDRICAL_SURFACE('',#11426,0.51);
#11426 = AXIS2_PLACEMENT_3D('',#11427,#11428,#11429);
#11427 = CARTESIAN_POINT('',(137.1,-81.62,-4.6E-02));
#11428 = DIRECTION('',(-0.,-0.,-1.));
#11429 = DIRECTION('',(-5.57288420204E-14,-1.,0.));
#11430 = ADVANCED_FACE('',(#11431),#11442,.F.);
#11431 = FACE_BOUND('',#11432,.T.);
#11432 = EDGE_LOOP('',(#11433,#11434,#11440,#11441));
#11433 = ORIENTED_EDGE('',*,*,#9015,.T.);
#11434 = ORIENTED_EDGE('',*,*,#11435,.T.);
#11435 = EDGE_CURVE('',#9016,#10144,#11436,.T.);
#11436 = LINE('',#11437,#11438);
#11437 = CARTESIAN_POINT('',(162.5,-107.53,-4.6E-02));
#11438 = VECTOR('',#11439,1.);
#11439 = DIRECTION('',(0.,0.,1.));
#11440 = ORIENTED_EDGE('',*,*,#10143,.F.);
#11441 = ORIENTED_EDGE('',*,*,#11435,.F.);
#11442 = CYLINDRICAL_SURFACE('',#11443,0.51);
#11443 = AXIS2_PLACEMENT_3D('',#11444,#11445,#11446);
#11444 = CARTESIAN_POINT('',(162.5,-107.02,-4.6E-02));
#11445 = DIRECTION('',(-0.,-0.,-1.));
#11446 = DIRECTION('',(-0.,-1.,0.));
#11447 = ADVANCED_FACE('',(#11448),#11459,.F.);
#11448 = FACE_BOUND('',#11449,.T.);
#11449 = EDGE_LOOP('',(#11450,#11451,#11457,#11458));
#11450 = ORIENTED_EDGE('',*,*,#9026,.T.);
#11451 = ORIENTED_EDGE('',*,*,#11452,.T.);
#11452 = EDGE_CURVE('',#9027,#10155,#11453,.T.);
#11453 = LINE('',#11454,#11455);
#11454 = CARTESIAN_POINT('',(162.5,-104.99,-4.6E-02));
#11455 = VECTOR('',#11456,1.);
#11456 = DIRECTION('',(0.,0.,1.));
#11457 = ORIENTED_EDGE('',*,*,#10154,.F.);
#11458 = ORIENTED_EDGE('',*,*,#11452,.F.);
#11459 = CYLINDRICAL_SURFACE('',#11460,0.51);
#11460 = AXIS2_PLACEMENT_3D('',#11461,#11462,#11463);
#11461 = CARTESIAN_POINT('',(162.5,-104.48,-4.6E-02));
#11462 = DIRECTION('',(-0.,-0.,-1.));
#11463 = DIRECTION('',(-0.,-1.,0.));
#11464 = ADVANCED_FACE('',(#11465),#11476,.F.);
#11465 = FACE_BOUND('',#11466,.T.);
#11466 = EDGE_LOOP('',(#11467,#11468,#11474,#11475));
#11467 = ORIENTED_EDGE('',*,*,#9037,.T.);
#11468 = ORIENTED_EDGE('',*,*,#11469,.T.);
#11469 = EDGE_CURVE('',#9038,#10166,#11470,.T.);
#11470 = LINE('',#11471,#11472);
#11471 = CARTESIAN_POINT('',(162.5,-102.45,-4.6E-02));
#11472 = VECTOR('',#11473,1.);
#11473 = DIRECTION('',(0.,0.,1.));
#11474 = ORIENTED_EDGE('',*,*,#10165,.F.);
#11475 = ORIENTED_EDGE('',*,*,#11469,.F.);
#11476 = CYLINDRICAL_SURFACE('',#11477,0.51);
#11477 = AXIS2_PLACEMENT_3D('',#11478,#11479,#11480);
#11478 = CARTESIAN_POINT('',(162.5,-101.94,-4.6E-02));
#11479 = DIRECTION('',(-0.,-0.,-1.));
#11480 = DIRECTION('',(-0.,-1.,0.));
#11481 = ADVANCED_FACE('',(#11482),#11493,.F.);
#11482 = FACE_BOUND('',#11483,.T.);
#11483 = EDGE_LOOP('',(#11484,#11485,#11491,#11492));
#11484 = ORIENTED_EDGE('',*,*,#9048,.T.);
#11485 = ORIENTED_EDGE('',*,*,#11486,.T.);
#11486 = EDGE_CURVE('',#9049,#10177,#11487,.T.);
#11487 = LINE('',#11488,#11489);
#11488 = CARTESIAN_POINT('',(162.5,-99.91,-4.6E-02));
#11489 = VECTOR('',#11490,1.);
#11490 = DIRECTION('',(0.,0.,1.));
#11491 = ORIENTED_EDGE('',*,*,#10176,.F.);
#11492 = ORIENTED_EDGE('',*,*,#11486,.F.);
#11493 = CYLINDRICAL_SURFACE('',#11494,0.51);
#11494 = AXIS2_PLACEMENT_3D('',#11495,#11496,#11497);
#11495 = CARTESIAN_POINT('',(162.5,-99.4,-4.6E-02));
#11496 = DIRECTION('',(-0.,-0.,-1.));
#11497 = DIRECTION('',(-0.,-1.,0.));
#11498 = ADVANCED_FACE('',(#11499),#11510,.F.);
#11499 = FACE_BOUND('',#11500,.T.);
#11500 = EDGE_LOOP('',(#11501,#11502,#11508,#11509));
#11501 = ORIENTED_EDGE('',*,*,#9059,.T.);
#11502 = ORIENTED_EDGE('',*,*,#11503,.T.);
#11503 = EDGE_CURVE('',#9060,#10188,#11504,.T.);
#11504 = LINE('',#11505,#11506);
#11505 = CARTESIAN_POINT('',(162.5,-97.37,-4.6E-02));
#11506 = VECTOR('',#11507,1.);
#11507 = DIRECTION('',(0.,0.,1.));
#11508 = ORIENTED_EDGE('',*,*,#10187,.F.);
#11509 = ORIENTED_EDGE('',*,*,#11503,.F.);
#11510 = CYLINDRICAL_SURFACE('',#11511,0.51);
#11511 = AXIS2_PLACEMENT_3D('',#11512,#11513,#11514);
#11512 = CARTESIAN_POINT('',(162.5,-96.86,-4.6E-02));
#11513 = DIRECTION('',(-0.,-0.,-1.));
#11514 = DIRECTION('',(-0.,-1.,0.));
#11515 = ADVANCED_FACE('',(#11516),#11527,.F.);
#11516 = FACE_BOUND('',#11517,.T.);
#11517 = EDGE_LOOP('',(#11518,#11519,#11525,#11526));
#11518 = ORIENTED_EDGE('',*,*,#9070,.T.);
#11519 = ORIENTED_EDGE('',*,*,#11520,.T.);
#11520 = EDGE_CURVE('',#9071,#10199,#11521,.T.);
#11521 = LINE('',#11522,#11523);
#11522 = CARTESIAN_POINT('',(183.7,-107.05,-4.6E-02));
#11523 = VECTOR('',#11524,1.);
#11524 = DIRECTION('',(0.,0.,1.));
#11525 = ORIENTED_EDGE('',*,*,#10198,.F.);
#11526 = ORIENTED_EDGE('',*,*,#11520,.F.);
#11527 = CYLINDRICAL_SURFACE('',#11528,1.05);
#11528 = AXIS2_PLACEMENT_3D('',#11529,#11530,#11531);
#11529 = CARTESIAN_POINT('',(183.7,-106.,-4.6E-02));
#11530 = DIRECTION('',(-0.,-0.,-1.));
#11531 = DIRECTION('',(-0.,-1.,0.));
#11532 = ADVANCED_FACE('',(#11533),#11544,.F.);
#11533 = FACE_BOUND('',#11534,.T.);
#11534 = EDGE_LOOP('',(#11535,#11536,#11542,#11543));
#11535 = ORIENTED_EDGE('',*,*,#9081,.T.);
#11536 = ORIENTED_EDGE('',*,*,#11537,.T.);
#11537 = EDGE_CURVE('',#9082,#10210,#11538,.T.);
#11538 = LINE('',#11539,#11540);
#11539 = CARTESIAN_POINT('',(168.74,-95.59,-4.6E-02));
#11540 = VECTOR('',#11541,1.);
#11541 = DIRECTION('',(0.,0.,1.));
#11542 = ORIENTED_EDGE('',*,*,#10209,.F.);
#11543 = ORIENTED_EDGE('',*,*,#11537,.F.);
#11544 = CYLINDRICAL_SURFACE('',#11545,0.4);
#11545 = AXIS2_PLACEMENT_3D('',#11546,#11547,#11548);
#11546 = CARTESIAN_POINT('',(168.74,-95.19,-4.6E-02));
#11547 = DIRECTION('',(-0.,-0.,-1.));
#11548 = DIRECTION('',(-0.,-1.,0.));
#11549 = ADVANCED_FACE('',(#11550),#11561,.F.);
#11550 = FACE_BOUND('',#11551,.T.);
#11551 = EDGE_LOOP('',(#11552,#11553,#11559,#11560));
#11552 = ORIENTED_EDGE('',*,*,#9092,.T.);
#11553 = ORIENTED_EDGE('',*,*,#11554,.T.);
#11554 = EDGE_CURVE('',#9093,#10221,#11555,.T.);
#11555 = LINE('',#11556,#11557);
#11556 = CARTESIAN_POINT('',(181.44,-95.59,-4.6E-02));
#11557 = VECTOR('',#11558,1.);
#11558 = DIRECTION('',(0.,0.,1.));
#11559 = ORIENTED_EDGE('',*,*,#10220,.F.);
#11560 = ORIENTED_EDGE('',*,*,#11554,.F.);
#11561 = CYLINDRICAL_SURFACE('',#11562,0.4);
#11562 = AXIS2_PLACEMENT_3D('',#11563,#11564,#11565);
#11563 = CARTESIAN_POINT('',(181.44,-95.19,-4.6E-02));
#11564 = DIRECTION('',(-0.,-0.,-1.));
#11565 = DIRECTION('',(-0.,-1.,0.));
#11566 = ADVANCED_FACE('',(#11567),#11578,.F.);
#11567 = FACE_BOUND('',#11568,.T.);
#11568 = EDGE_LOOP('',(#11569,#11570,#11576,#11577));
#11569 = ORIENTED_EDGE('',*,*,#9103,.T.);
#11570 = ORIENTED_EDGE('',*,*,#11571,.T.);
#11571 = EDGE_CURVE('',#9104,#10232,#11572,.T.);
#11572 = LINE('',#11573,#11574);
#11573 = CARTESIAN_POINT('',(162.5,-94.83,-4.6E-02));
#11574 = VECTOR('',#11575,1.);
#11575 = DIRECTION('',(0.,0.,1.));
#11576 = ORIENTED_EDGE('',*,*,#10231,.F.);
#11577 = ORIENTED_EDGE('',*,*,#11571,.F.);
#11578 = CYLINDRICAL_SURFACE('',#11579,0.51);
#11579 = AXIS2_PLACEMENT_3D('',#11580,#11581,#11582);
#11580 = CARTESIAN_POINT('',(162.5,-94.32,-4.6E-02));
#11581 = DIRECTION('',(-0.,-0.,-1.));
#11582 = DIRECTION('',(-0.,-1.,0.));
#11583 = ADVANCED_FACE('',(#11584),#11595,.F.);
#11584 = FACE_BOUND('',#11585,.T.);
#11585 = EDGE_LOOP('',(#11586,#11587,#11593,#11594));
#11586 = ORIENTED_EDGE('',*,*,#9114,.T.);
#11587 = ORIENTED_EDGE('',*,*,#11588,.T.);
#11588 = EDGE_CURVE('',#9115,#10243,#11589,.T.);
#11589 = LINE('',#11590,#11591);
#11590 = CARTESIAN_POINT('',(162.5,-92.29,-4.6E-02));
#11591 = VECTOR('',#11592,1.);
#11592 = DIRECTION('',(0.,0.,1.));
#11593 = ORIENTED_EDGE('',*,*,#10242,.F.);
#11594 = ORIENTED_EDGE('',*,*,#11588,.F.);
#11595 = CYLINDRICAL_SURFACE('',#11596,0.51);
#11596 = AXIS2_PLACEMENT_3D('',#11597,#11598,#11599);
#11597 = CARTESIAN_POINT('',(162.5,-91.78,-4.6E-02));
#11598 = DIRECTION('',(-0.,-0.,-1.));
#11599 = DIRECTION('',(-0.,-1.,0.));
#11600 = ADVANCED_FACE('',(#11601),#11612,.F.);
#11601 = FACE_BOUND('',#11602,.T.);
#11602 = EDGE_LOOP('',(#11603,#11604,#11610,#11611));
#11603 = ORIENTED_EDGE('',*,*,#9125,.T.);
#11604 = ORIENTED_EDGE('',*,*,#11605,.T.);
#11605 = EDGE_CURVE('',#9126,#10254,#11606,.T.);
#11606 = LINE('',#11607,#11608);
#11607 = CARTESIAN_POINT('',(162.5,-89.75,-4.6E-02));
#11608 = VECTOR('',#11609,1.);
#11609 = DIRECTION('',(0.,0.,1.));
#11610 = ORIENTED_EDGE('',*,*,#10253,.F.);
#11611 = ORIENTED_EDGE('',*,*,#11605,.F.);
#11612 = CYLINDRICAL_SURFACE('',#11613,0.51);
#11613 = AXIS2_PLACEMENT_3D('',#11614,#11615,#11616);
#11614 = CARTESIAN_POINT('',(162.5,-89.24,-4.6E-02));
#11615 = DIRECTION('',(-0.,-0.,-1.));
#11616 = DIRECTION('',(-0.,-1.,0.));
#11617 = ADVANCED_FACE('',(#11618),#11629,.F.);
#11618 = FACE_BOUND('',#11619,.T.);
#11619 = EDGE_LOOP('',(#11620,#11621,#11627,#11628));
#11620 = ORIENTED_EDGE('',*,*,#9136,.T.);
#11621 = ORIENTED_EDGE('',*,*,#11622,.T.);
#11622 = EDGE_CURVE('',#9137,#10265,#11623,.T.);
#11623 = LINE('',#11624,#11625);
#11624 = CARTESIAN_POINT('',(162.5,-87.21,-4.6E-02));
#11625 = VECTOR('',#11626,1.);
#11626 = DIRECTION('',(0.,0.,1.));
#11627 = ORIENTED_EDGE('',*,*,#10264,.F.);
#11628 = ORIENTED_EDGE('',*,*,#11622,.F.);
#11629 = CYLINDRICAL_SURFACE('',#11630,0.51);
#11630 = AXIS2_PLACEMENT_3D('',#11631,#11632,#11633);
#11631 = CARTESIAN_POINT('',(162.5,-86.7,-4.6E-02));
#11632 = DIRECTION('',(-0.,-0.,-1.));
#11633 = DIRECTION('',(-0.,-1.,0.));
#11634 = ADVANCED_FACE('',(#11635),#11646,.F.);
#11635 = FACE_BOUND('',#11636,.T.);
#11636 = EDGE_LOOP('',(#11637,#11638,#11644,#11645));
#11637 = ORIENTED_EDGE('',*,*,#9147,.T.);
#11638 = ORIENTED_EDGE('',*,*,#11639,.T.);
#11639 = EDGE_CURVE('',#9148,#10276,#11640,.T.);
#11640 = LINE('',#11641,#11642);
#11641 = CARTESIAN_POINT('',(162.5,-84.67,-4.6E-02));
#11642 = VECTOR('',#11643,1.);
#11643 = DIRECTION('',(0.,0.,1.));
#11644 = ORIENTED_EDGE('',*,*,#10275,.F.);
#11645 = ORIENTED_EDGE('',*,*,#11639,.F.);
#11646 = CYLINDRICAL_SURFACE('',#11647,0.51);
#11647 = AXIS2_PLACEMENT_3D('',#11648,#11649,#11650);
#11648 = CARTESIAN_POINT('',(162.5,-84.16,-4.6E-02));
#11649 = DIRECTION('',(-0.,-0.,-1.));
#11650 = DIRECTION('',(-0.,-1.,0.));
#11651 = ADVANCED_FACE('',(#11652),#11663,.F.);
#11652 = FACE_BOUND('',#11653,.T.);
#11653 = EDGE_LOOP('',(#11654,#11655,#11661,#11662));
#11654 = ORIENTED_EDGE('',*,*,#9158,.T.);
#11655 = ORIENTED_EDGE('',*,*,#11656,.T.);
#11656 = EDGE_CURVE('',#9159,#10287,#11657,.T.);
#11657 = LINE('',#11658,#11659);
#11658 = CARTESIAN_POINT('',(162.5,-82.13,-4.6E-02));
#11659 = VECTOR('',#11660,1.);
#11660 = DIRECTION('',(0.,0.,1.));
#11661 = ORIENTED_EDGE('',*,*,#10286,.F.);
#11662 = ORIENTED_EDGE('',*,*,#11656,.F.);
#11663 = CYLINDRICAL_SURFACE('',#11664,0.51);
#11664 = AXIS2_PLACEMENT_3D('',#11665,#11666,#11667);
#11665 = CARTESIAN_POINT('',(162.5,-81.62,-4.6E-02));
#11666 = DIRECTION('',(-0.,-0.,-1.));
#11667 = DIRECTION('',(-0.,-1.,0.));
#11668 = ADVANCED_FACE('',(#11669),#11680,.F.);
#11669 = FACE_BOUND('',#11670,.T.);
#11670 = EDGE_LOOP('',(#11671,#11672,#11678,#11679));
#11671 = ORIENTED_EDGE('',*,*,#9169,.T.);
#11672 = ORIENTED_EDGE('',*,*,#11673,.T.);
#11673 = EDGE_CURVE('',#9170,#10298,#11674,.T.);
#11674 = LINE('',#11675,#11676);
#11675 = CARTESIAN_POINT('',(168.74,-93.05,-4.6E-02));
#11676 = VECTOR('',#11677,1.);
#11677 = DIRECTION('',(0.,0.,1.));
#11678 = ORIENTED_EDGE('',*,*,#10297,.F.);
#11679 = ORIENTED_EDGE('',*,*,#11673,.F.);
#11680 = CYLINDRICAL_SURFACE('',#11681,0.4);
#11681 = AXIS2_PLACEMENT_3D('',#11682,#11683,#11684);
#11682 = CARTESIAN_POINT('',(168.74,-92.65,-4.6E-02));
#11683 = DIRECTION('',(-0.,-0.,-1.));
#11684 = DIRECTION('',(-0.,-1.,0.));
#11685 = ADVANCED_FACE('',(#11686),#11697,.F.);
#11686 = FACE_BOUND('',#11687,.T.);
#11687 = EDGE_LOOP('',(#11688,#11689,#11695,#11696));
#11688 = ORIENTED_EDGE('',*,*,#9180,.T.);
#11689 = ORIENTED_EDGE('',*,*,#11690,.T.);
#11690 = EDGE_CURVE('',#9181,#10309,#11691,.T.);
#11691 = LINE('',#11692,#11693);
#11692 = CARTESIAN_POINT('',(168.74,-90.51,-4.6E-02));
#11693 = VECTOR('',#11694,1.);
#11694 = DIRECTION('',(0.,0.,1.));
#11695 = ORIENTED_EDGE('',*,*,#10308,.F.);
#11696 = ORIENTED_EDGE('',*,*,#11690,.F.);
#11697 = CYLINDRICAL_SURFACE('',#11698,0.4);
#11698 = AXIS2_PLACEMENT_3D('',#11699,#11700,#11701);
#11699 = CARTESIAN_POINT('',(168.74,-90.11,-4.6E-02));
#11700 = DIRECTION('',(-0.,-0.,-1.));
#11701 = DIRECTION('',(-0.,-1.,0.));
#11702 = ADVANCED_FACE('',(#11703),#11714,.F.);
#11703 = FACE_BOUND('',#11704,.T.);
#11704 = EDGE_LOOP('',(#11705,#11706,#11712,#11713));
#11705 = ORIENTED_EDGE('',*,*,#9191,.T.);
#11706 = ORIENTED_EDGE('',*,*,#11707,.T.);
#11707 = EDGE_CURVE('',#9192,#10320,#11708,.T.);
#11708 = LINE('',#11709,#11710);
#11709 = CARTESIAN_POINT('',(181.44,-93.05,-4.6E-02));
#11710 = VECTOR('',#11711,1.);
#11711 = DIRECTION('',(0.,0.,1.));
#11712 = ORIENTED_EDGE('',*,*,#10319,.F.);
#11713 = ORIENTED_EDGE('',*,*,#11707,.F.);
#11714 = CYLINDRICAL_SURFACE('',#11715,0.4);
#11715 = AXIS2_PLACEMENT_3D('',#11716,#11717,#11718);
#11716 = CARTESIAN_POINT('',(181.44,-92.65,-4.6E-02));
#11717 = DIRECTION('',(-0.,-0.,-1.));
#11718 = DIRECTION('',(-0.,-1.,0.));
#11719 = ADVANCED_FACE('',(#11720),#11731,.F.);
#11720 = FACE_BOUND('',#11721,.T.);
#11721 = EDGE_LOOP('',(#11722,#11723,#11729,#11730));
#11722 = ORIENTED_EDGE('',*,*,#9202,.T.);
#11723 = ORIENTED_EDGE('',*,*,#11724,.T.);
#11724 = EDGE_CURVE('',#9203,#10331,#11725,.T.);
#11725 = LINE('',#11726,#11727);
#11726 = CARTESIAN_POINT('',(181.44,-90.51,-4.6E-02));
#11727 = VECTOR('',#11728,1.);
#11728 = DIRECTION('',(0.,0.,1.));
#11729 = ORIENTED_EDGE('',*,*,#10330,.F.);
#11730 = ORIENTED_EDGE('',*,*,#11724,.F.);
#11731 = CYLINDRICAL_SURFACE('',#11732,0.4);
#11732 = AXIS2_PLACEMENT_3D('',#11733,#11734,#11735);
#11733 = CARTESIAN_POINT('',(181.44,-90.11,-4.6E-02));
#11734 = DIRECTION('',(-0.,-0.,-1.));
#11735 = DIRECTION('',(-0.,-1.,0.));
#11736 = ADVANCED_FACE('',(#11737),#11748,.F.);
#11737 = FACE_BOUND('',#11738,.T.);
#11738 = EDGE_LOOP('',(#11739,#11740,#11746,#11747));
#11739 = ORIENTED_EDGE('',*,*,#9213,.T.);
#11740 = ORIENTED_EDGE('',*,*,#11741,.T.);
#11741 = EDGE_CURVE('',#9214,#10342,#11742,.T.);
#11742 = LINE('',#11743,#11744);
#11743 = CARTESIAN_POINT('',(168.74,-87.97,-4.6E-02));
#11744 = VECTOR('',#11745,1.);
#11745 = DIRECTION('',(0.,0.,1.));
#11746 = ORIENTED_EDGE('',*,*,#10341,.F.);
#11747 = ORIENTED_EDGE('',*,*,#11741,.F.);
#11748 = CYLINDRICAL_SURFACE('',#11749,0.4);
#11749 = AXIS2_PLACEMENT_3D('',#11750,#11751,#11752);
#11750 = CARTESIAN_POINT('',(168.74,-87.57,-4.6E-02));
#11751 = DIRECTION('',(-0.,-0.,-1.));
#11752 = DIRECTION('',(-0.,-1.,0.));
#11753 = ADVANCED_FACE('',(#11754),#11765,.F.);
#11754 = FACE_BOUND('',#11755,.T.);
#11755 = EDGE_LOOP('',(#11756,#11757,#11763,#11764));
#11756 = ORIENTED_EDGE('',*,*,#9224,.T.);
#11757 = ORIENTED_EDGE('',*,*,#11758,.T.);
#11758 = EDGE_CURVE('',#9225,#10353,#11759,.T.);
#11759 = LINE('',#11760,#11761);
#11760 = CARTESIAN_POINT('',(168.74,-85.43,-4.6E-02));
#11761 = VECTOR('',#11762,1.);
#11762 = DIRECTION('',(0.,0.,1.));
#11763 = ORIENTED_EDGE('',*,*,#10352,.F.);
#11764 = ORIENTED_EDGE('',*,*,#11758,.F.);
#11765 = CYLINDRICAL_SURFACE('',#11766,0.4);
#11766 = AXIS2_PLACEMENT_3D('',#11767,#11768,#11769);
#11767 = CARTESIAN_POINT('',(168.74,-85.03,-4.6E-02));
#11768 = DIRECTION('',(-0.,-0.,-1.));
#11769 = DIRECTION('',(-0.,-1.,0.));
#11770 = ADVANCED_FACE('',(#11771),#11782,.F.);
#11771 = FACE_BOUND('',#11772,.T.);
#11772 = EDGE_LOOP('',(#11773,#11774,#11780,#11781));
#11773 = ORIENTED_EDGE('',*,*,#9235,.T.);
#11774 = ORIENTED_EDGE('',*,*,#11775,.T.);
#11775 = EDGE_CURVE('',#9236,#10364,#11776,.T.);
#11776 = LINE('',#11777,#11778);
#11777 = CARTESIAN_POINT('',(168.74,-82.89,-4.6E-02));
#11778 = VECTOR('',#11779,1.);
#11779 = DIRECTION('',(0.,0.,1.));
#11780 = ORIENTED_EDGE('',*,*,#10363,.F.);
#11781 = ORIENTED_EDGE('',*,*,#11775,.F.);
#11782 = CYLINDRICAL_SURFACE('',#11783,0.4);
#11783 = AXIS2_PLACEMENT_3D('',#11784,#11785,#11786);
#11784 = CARTESIAN_POINT('',(168.74,-82.49,-4.6E-02));
#11785 = DIRECTION('',(-0.,-0.,-1.));
#11786 = DIRECTION('',(-0.,-1.,0.));
#11787 = ADVANCED_FACE('',(#11788),#11799,.F.);
#11788 = FACE_BOUND('',#11789,.T.);
#11789 = EDGE_LOOP('',(#11790,#11791,#11797,#11798));
#11790 = ORIENTED_EDGE('',*,*,#9246,.T.);
#11791 = ORIENTED_EDGE('',*,*,#11792,.T.);
#11792 = EDGE_CURVE('',#9247,#10375,#11793,.T.);
#11793 = LINE('',#11794,#11795);
#11794 = CARTESIAN_POINT('',(181.44,-87.97,-4.6E-02));
#11795 = VECTOR('',#11796,1.);
#11796 = DIRECTION('',(0.,0.,1.));
#11797 = ORIENTED_EDGE('',*,*,#10374,.F.);
#11798 = ORIENTED_EDGE('',*,*,#11792,.F.);
#11799 = CYLINDRICAL_SURFACE('',#11800,0.4);
#11800 = AXIS2_PLACEMENT_3D('',#11801,#11802,#11803);
#11801 = CARTESIAN_POINT('',(181.44,-87.57,-4.6E-02));
#11802 = DIRECTION('',(-0.,-0.,-1.));
#11803 = DIRECTION('',(-0.,-1.,0.));
#11804 = ADVANCED_FACE('',(#11805),#11816,.F.);
#11805 = FACE_BOUND('',#11806,.T.);
#11806 = EDGE_LOOP('',(#11807,#11808,#11814,#11815));
#11807 = ORIENTED_EDGE('',*,*,#9257,.T.);
#11808 = ORIENTED_EDGE('',*,*,#11809,.T.);
#11809 = EDGE_CURVE('',#9258,#10386,#11810,.T.);
#11810 = LINE('',#11811,#11812);
#11811 = CARTESIAN_POINT('',(185.4,-87.65,-4.6E-02));
#11812 = VECTOR('',#11813,1.);
#11813 = DIRECTION('',(0.,0.,1.));
#11814 = ORIENTED_EDGE('',*,*,#10385,.F.);
#11815 = ORIENTED_EDGE('',*,*,#11809,.F.);
#11816 = CYLINDRICAL_SURFACE('',#11817,0.25);
#11817 = AXIS2_PLACEMENT_3D('',#11818,#11819,#11820);
#11818 = CARTESIAN_POINT('',(185.4,-87.4,-4.6E-02));
#11819 = DIRECTION('',(-0.,-0.,-1.));
#11820 = DIRECTION('',(-0.,-1.,0.));
#11821 = ADVANCED_FACE('',(#11822),#11833,.F.);
#11822 = FACE_BOUND('',#11823,.T.);
#11823 = EDGE_LOOP('',(#11824,#11825,#11831,#11832));
#11824 = ORIENTED_EDGE('',*,*,#9268,.T.);
#11825 = ORIENTED_EDGE('',*,*,#11826,.T.);
#11826 = EDGE_CURVE('',#9269,#10397,#11827,.T.);
#11827 = LINE('',#11828,#11829);
#11828 = CARTESIAN_POINT('',(181.44,-85.43,-4.6E-02));
#11829 = VECTOR('',#11830,1.);
#11830 = DIRECTION('',(0.,0.,1.));
#11831 = ORIENTED_EDGE('',*,*,#10396,.F.);
#11832 = ORIENTED_EDGE('',*,*,#11826,.F.);
#11833 = CYLINDRICAL_SURFACE('',#11834,0.4);
#11834 = AXIS2_PLACEMENT_3D('',#11835,#11836,#11837);
#11835 = CARTESIAN_POINT('',(181.44,-85.03,-4.6E-02));
#11836 = DIRECTION('',(-0.,-0.,-1.));
#11837 = DIRECTION('',(-0.,-1.,0.));
#11838 = ADVANCED_FACE('',(#11839),#11850,.F.);
#11839 = FACE_BOUND('',#11840,.T.);
#11840 = EDGE_LOOP('',(#11841,#11842,#11848,#11849));
#11841 = ORIENTED_EDGE('',*,*,#9279,.T.);
#11842 = ORIENTED_EDGE('',*,*,#11843,.T.);
#11843 = EDGE_CURVE('',#9280,#10408,#11844,.T.);
#11844 = LINE('',#11845,#11846);
#11845 = CARTESIAN_POINT('',(185.4,-86.65,-4.6E-02));
#11846 = VECTOR('',#11847,1.);
#11847 = DIRECTION('',(0.,0.,1.));
#11848 = ORIENTED_EDGE('',*,*,#10407,.F.);
#11849 = ORIENTED_EDGE('',*,*,#11843,.F.);
#11850 = CYLINDRICAL_SURFACE('',#11851,0.25);
#11851 = AXIS2_PLACEMENT_3D('',#11852,#11853,#11854);
#11852 = CARTESIAN_POINT('',(185.4,-86.4,-4.6E-02));
#11853 = DIRECTION('',(-0.,-0.,-1.));
#11854 = DIRECTION('',(-0.,-1.,0.));
#11855 = ADVANCED_FACE('',(#11856),#11867,.F.);
#11856 = FACE_BOUND('',#11857,.T.);
#11857 = EDGE_LOOP('',(#11858,#11859,#11865,#11866));
#11858 = ORIENTED_EDGE('',*,*,#9290,.T.);
#11859 = ORIENTED_EDGE('',*,*,#11860,.T.);
#11860 = EDGE_CURVE('',#9291,#10419,#11861,.T.);
#11861 = LINE('',#11862,#11863);
#11862 = CARTESIAN_POINT('',(185.4,-85.65,-4.6E-02));
#11863 = VECTOR('',#11864,1.);
#11864 = DIRECTION('',(0.,0.,1.));
#11865 = ORIENTED_EDGE('',*,*,#10418,.F.);
#11866 = ORIENTED_EDGE('',*,*,#11860,.F.);
#11867 = CYLINDRICAL_SURFACE('',#11868,0.25);
#11868 = AXIS2_PLACEMENT_3D('',#11869,#11870,#11871);
#11869 = CARTESIAN_POINT('',(185.4,-85.4,-4.6E-02));
#11870 = DIRECTION('',(-0.,-0.,-1.));
#11871 = DIRECTION('',(-0.,-1.,0.));
#11872 = ADVANCED_FACE('',(#11873),#11884,.F.);
#11873 = FACE_BOUND('',#11874,.T.);
#11874 = EDGE_LOOP('',(#11875,#11876,#11882,#11883));
#11875 = ORIENTED_EDGE('',*,*,#9301,.T.);
#11876 = ORIENTED_EDGE('',*,*,#11877,.T.);
#11877 = EDGE_CURVE('',#9302,#10430,#11878,.T.);
#11878 = LINE('',#11879,#11880);
#11879 = CARTESIAN_POINT('',(185.4,-84.65,-4.6E-02));
#11880 = VECTOR('',#11881,1.);
#11881 = DIRECTION('',(0.,0.,1.));
#11882 = ORIENTED_EDGE('',*,*,#10429,.F.);
#11883 = ORIENTED_EDGE('',*,*,#11877,.F.);
#11884 = CYLINDRICAL_SURFACE('',#11885,0.25);
#11885 = AXIS2_PLACEMENT_3D('',#11886,#11887,#11888);
#11886 = CARTESIAN_POINT('',(185.4,-84.4,-4.6E-02));
#11887 = DIRECTION('',(-0.,-0.,-1.));
#11888 = DIRECTION('',(-0.,-1.,0.));
#11889 = ADVANCED_FACE('',(#11890),#11901,.F.);
#11890 = FACE_BOUND('',#11891,.T.);
#11891 = EDGE_LOOP('',(#11892,#11893,#11899,#11900));
#11892 = ORIENTED_EDGE('',*,*,#9312,.T.);
#11893 = ORIENTED_EDGE('',*,*,#11894,.T.);
#11894 = EDGE_CURVE('',#9313,#10441,#11895,.T.);
#11895 = LINE('',#11896,#11897);
#11896 = CARTESIAN_POINT('',(181.44,-82.89,-4.6E-02));
#11897 = VECTOR('',#11898,1.);
#11898 = DIRECTION('',(0.,0.,1.));
#11899 = ORIENTED_EDGE('',*,*,#10440,.F.);
#11900 = ORIENTED_EDGE('',*,*,#11894,.F.);
#11901 = CYLINDRICAL_SURFACE('',#11902,0.4);
#11902 = AXIS2_PLACEMENT_3D('',#11903,#11904,#11905);
#11903 = CARTESIAN_POINT('',(181.44,-82.49,-4.6E-02));
#11904 = DIRECTION('',(-0.,-0.,-1.));
#11905 = DIRECTION('',(-0.,-1.,0.));
#11906 = ADVANCED_FACE('',(#11907),#11918,.F.);
#11907 = FACE_BOUND('',#11908,.T.);
#11908 = EDGE_LOOP('',(#11909,#11910,#11916,#11917));
#11909 = ORIENTED_EDGE('',*,*,#9323,.T.);
#11910 = ORIENTED_EDGE('',*,*,#11911,.T.);
#11911 = EDGE_CURVE('',#9324,#10452,#11912,.T.);
#11912 = LINE('',#11913,#11914);
#11913 = CARTESIAN_POINT('',(117.7,-77.84,-4.6E-02));
#11914 = VECTOR('',#11915,1.);
#11915 = DIRECTION('',(0.,0.,1.));
#11916 = ORIENTED_EDGE('',*,*,#10451,.F.);
#11917 = ORIENTED_EDGE('',*,*,#11911,.F.);
#11918 = CYLINDRICAL_SURFACE('',#11919,0.6);
#11919 = AXIS2_PLACEMENT_3D('',#11920,#11921,#11922);
#11920 = CARTESIAN_POINT('',(117.7,-77.24,-4.6E-02));
#11921 = DIRECTION('',(-0.,0.,-1.));
#11922 = DIRECTION('',(2.368475785867E-14,-1.,-0.));
#11923 = ADVANCED_FACE('',(#11924),#11935,.F.);
#11924 = FACE_BOUND('',#11925,.T.);
#11925 = EDGE_LOOP('',(#11926,#11927,#11933,#11934));
#11926 = ORIENTED_EDGE('',*,*,#9334,.T.);
#11927 = ORIENTED_EDGE('',*,*,#11928,.T.);
#11928 = EDGE_CURVE('',#9335,#10463,#11929,.T.);
#11929 = LINE('',#11930,#11931);
#11930 = CARTESIAN_POINT('',(117.7,-75.3,-4.6E-02));
#11931 = VECTOR('',#11932,1.);
#11932 = DIRECTION('',(0.,0.,1.));
#11933 = ORIENTED_EDGE('',*,*,#10462,.F.);
#11934 = ORIENTED_EDGE('',*,*,#11928,.F.);
#11935 = CYLINDRICAL_SURFACE('',#11936,0.6);
#11936 = AXIS2_PLACEMENT_3D('',#11937,#11938,#11939);
#11937 = CARTESIAN_POINT('',(117.7,-74.7,-4.6E-02));
#11938 = DIRECTION('',(-0.,0.,-1.));
#11939 = DIRECTION('',(2.368475785867E-14,-1.,-0.));
#11940 = ADVANCED_FACE('',(#11941),#11952,.F.);
#11941 = FACE_BOUND('',#11942,.T.);
#11942 = EDGE_LOOP('',(#11943,#11944,#11950,#11951));
#11943 = ORIENTED_EDGE('',*,*,#9345,.T.);
#11944 = ORIENTED_EDGE('',*,*,#11945,.T.);
#11945 = EDGE_CURVE('',#9346,#10474,#11946,.T.);
#11946 = LINE('',#11947,#11948);
#11947 = CARTESIAN_POINT('',(117.7,-72.76,-4.6E-02));
#11948 = VECTOR('',#11949,1.);
#11949 = DIRECTION('',(0.,0.,1.));
#11950 = ORIENTED_EDGE('',*,*,#10473,.F.);
#11951 = ORIENTED_EDGE('',*,*,#11945,.F.);
#11952 = CYLINDRICAL_SURFACE('',#11953,0.6);
#11953 = AXIS2_PLACEMENT_3D('',#11954,#11955,#11956);
#11954 = CARTESIAN_POINT('',(117.7,-72.16,-4.6E-02));
#11955 = DIRECTION('',(-0.,0.,-1.));
#11956 = DIRECTION('',(2.368475785867E-14,-1.,-0.));
#11957 = ADVANCED_FACE('',(#11958),#11969,.F.);
#11958 = FACE_BOUND('',#11959,.T.);
#11959 = EDGE_LOOP('',(#11960,#11961,#11967,#11968));
#11960 = ORIENTED_EDGE('',*,*,#9356,.T.);
#11961 = ORIENTED_EDGE('',*,*,#11962,.T.);
#11962 = EDGE_CURVE('',#9357,#10485,#11963,.T.);
#11963 = LINE('',#11964,#11965);
#11964 = CARTESIAN_POINT('',(117.7,-70.22,-4.6E-02));
#11965 = VECTOR('',#11966,1.);
#11966 = DIRECTION('',(0.,0.,1.));
#11967 = ORIENTED_EDGE('',*,*,#10484,.F.);
#11968 = ORIENTED_EDGE('',*,*,#11962,.F.);
#11969 = CYLINDRICAL_SURFACE('',#11970,0.6);
#11970 = AXIS2_PLACEMENT_3D('',#11971,#11972,#11973);
#11971 = CARTESIAN_POINT('',(117.7,-69.62,-4.6E-02));
#11972 = DIRECTION('',(-0.,0.,-1.));
#11973 = DIRECTION('',(2.368475785867E-14,-1.,-0.));
#11974 = ADVANCED_FACE('',(#11975),#11986,.F.);
#11975 = FACE_BOUND('',#11976,.T.);
#11976 = EDGE_LOOP('',(#11977,#11978,#11984,#11985));
#11977 = ORIENTED_EDGE('',*,*,#9367,.T.);
#11978 = ORIENTED_EDGE('',*,*,#11979,.T.);
#11979 = EDGE_CURVE('',#9368,#10496,#11980,.T.);
#11980 = LINE('',#11981,#11982);
#11981 = CARTESIAN_POINT('',(137.1,-79.59,-4.6E-02));
#11982 = VECTOR('',#11983,1.);
#11983 = DIRECTION('',(0.,0.,1.));
#11984 = ORIENTED_EDGE('',*,*,#10495,.F.);
#11985 = ORIENTED_EDGE('',*,*,#11979,.F.);
#11986 = CYLINDRICAL_SURFACE('',#11987,0.51);
#11987 = AXIS2_PLACEMENT_3D('',#11988,#11989,#11990);
#11988 = CARTESIAN_POINT('',(137.1,-79.08,-4.6E-02));
#11989 = DIRECTION('',(-0.,-0.,-1.));
#11990 = DIRECTION('',(-5.57288420204E-14,-1.,0.));
#11991 = ADVANCED_FACE('',(#11992),#12003,.F.);
#11992 = FACE_BOUND('',#11993,.T.);
#11993 = EDGE_LOOP('',(#11994,#11995,#12001,#12002));
#11994 = ORIENTED_EDGE('',*,*,#9378,.T.);
#11995 = ORIENTED_EDGE('',*,*,#11996,.T.);
#11996 = EDGE_CURVE('',#9379,#10507,#11997,.T.);
#11997 = LINE('',#11998,#11999);
#11998 = CARTESIAN_POINT('',(137.1,-77.05,-4.6E-02));
#11999 = VECTOR('',#12000,1.);
#12000 = DIRECTION('',(0.,0.,1.));
#12001 = ORIENTED_EDGE('',*,*,#10506,.F.);
#12002 = ORIENTED_EDGE('',*,*,#11996,.F.);
#12003 = CYLINDRICAL_SURFACE('',#12004,0.51);
#12004 = AXIS2_PLACEMENT_3D('',#12005,#12006,#12007);
#12005 = CARTESIAN_POINT('',(137.1,-76.54,-4.6E-02));
#12006 = DIRECTION('',(-0.,-0.,-1.));
#12007 = DIRECTION('',(-5.57288420204E-14,-1.,0.));
#12008 = ADVANCED_FACE('',(#12009),#12020,.F.);
#12009 = FACE_BOUND('',#12010,.T.);
#12010 = EDGE_LOOP('',(#12011,#12012,#12018,#12019));
#12011 = ORIENTED_EDGE('',*,*,#9389,.T.);
#12012 = ORIENTED_EDGE('',*,*,#12013,.T.);
#12013 = EDGE_CURVE('',#9390,#10518,#12014,.T.);
#12014 = LINE('',#12015,#12016);
#12015 = CARTESIAN_POINT('',(137.1,-74.51,-4.6E-02));
#12016 = VECTOR('',#12017,1.);
#12017 = DIRECTION('',(0.,0.,1.));
#12018 = ORIENTED_EDGE('',*,*,#10517,.F.);
#12019 = ORIENTED_EDGE('',*,*,#12013,.F.);
#12020 = CYLINDRICAL_SURFACE('',#12021,0.51);
#12021 = AXIS2_PLACEMENT_3D('',#12022,#12023,#12024);
#12022 = CARTESIAN_POINT('',(137.1,-74.,-4.6E-02));
#12023 = DIRECTION('',(-0.,-0.,-1.));
#12024 = DIRECTION('',(-5.57288420204E-14,-1.,0.));
#12025 = ADVANCED_FACE('',(#12026),#12037,.F.);
#12026 = FACE_BOUND('',#12027,.T.);
#12027 = EDGE_LOOP('',(#12028,#12029,#12035,#12036));
#12028 = ORIENTED_EDGE('',*,*,#9400,.T.);
#12029 = ORIENTED_EDGE('',*,*,#12030,.T.);
#12030 = EDGE_CURVE('',#9401,#10529,#12031,.T.);
#12031 = LINE('',#12032,#12033);
#12032 = CARTESIAN_POINT('',(137.1,-71.97,-4.6E-02));
#12033 = VECTOR('',#12034,1.);
#12034 = DIRECTION('',(0.,0.,1.));
#12035 = ORIENTED_EDGE('',*,*,#10528,.F.);
#12036 = ORIENTED_EDGE('',*,*,#12030,.F.);
#12037 = CYLINDRICAL_SURFACE('',#12038,0.51);
#12038 = AXIS2_PLACEMENT_3D('',#12039,#12040,#12041);
#12039 = CARTESIAN_POINT('',(137.1,-71.46,-4.6E-02));
#12040 = DIRECTION('',(-0.,-0.,-1.));
#12041 = DIRECTION('',(-5.57288420204E-14,-1.,0.));
#12042 = ADVANCED_FACE('',(#12043),#12054,.F.);
#12043 = FACE_BOUND('',#12044,.T.);
#12044 = EDGE_LOOP('',(#12045,#12046,#12052,#12053));
#12045 = ORIENTED_EDGE('',*,*,#9411,.T.);
#12046 = ORIENTED_EDGE('',*,*,#12047,.T.);
#12047 = EDGE_CURVE('',#9412,#10540,#12048,.T.);
#12048 = LINE('',#12049,#12050);
#12049 = CARTESIAN_POINT('',(137.1,-69.43,-4.6E-02));
#12050 = VECTOR('',#12051,1.);
#12051 = DIRECTION('',(0.,0.,1.));
#12052 = ORIENTED_EDGE('',*,*,#10539,.F.);
#12053 = ORIENTED_EDGE('',*,*,#12047,.F.);
#12054 = CYLINDRICAL_SURFACE('',#12055,0.51);
#12055 = AXIS2_PLACEMENT_3D('',#12056,#12057,#12058);
#12056 = CARTESIAN_POINT('',(137.1,-68.92,-4.6E-02));
#12057 = DIRECTION('',(-0.,-0.,-1.));
#12058 = DIRECTION('',(-5.57288420204E-14,-1.,0.));
#12059 = ADVANCED_FACE('',(#12060),#12071,.F.);
#12060 = FACE_BOUND('',#12061,.T.);
#12061 = EDGE_LOOP('',(#12062,#12063,#12069,#12070));
#12062 = ORIENTED_EDGE('',*,*,#9422,.T.);
#12063 = ORIENTED_EDGE('',*,*,#12064,.T.);
#12064 = EDGE_CURVE('',#9423,#10551,#12065,.T.);
#12065 = LINE('',#12066,#12067);
#12066 = CARTESIAN_POINT('',(117.7,-67.68,-4.6E-02));
#12067 = VECTOR('',#12068,1.);
#12068 = DIRECTION('',(0.,0.,1.));
#12069 = ORIENTED_EDGE('',*,*,#10550,.F.);
#12070 = ORIENTED_EDGE('',*,*,#12064,.F.);
#12071 = CYLINDRICAL_SURFACE('',#12072,0.6);
#12072 = AXIS2_PLACEMENT_3D('',#12073,#12074,#12075);
#12073 = CARTESIAN_POINT('',(117.7,-67.08,-4.6E-02));
#12074 = DIRECTION('',(-0.,0.,-1.));
#12075 = DIRECTION('',(2.368475785867E-14,-1.,-0.));
#12076 = ADVANCED_FACE('',(#12077),#12088,.F.);
#12077 = FACE_BOUND('',#12078,.T.);
#12078 = EDGE_LOOP('',(#12079,#12080,#12086,#12087));
#12079 = ORIENTED_EDGE('',*,*,#9433,.T.);
#12080 = ORIENTED_EDGE('',*,*,#12081,.T.);
#12081 = EDGE_CURVE('',#9434,#10562,#12082,.T.);
#12082 = LINE('',#12083,#12084);
#12083 = CARTESIAN_POINT('',(116.6,-57.15,-4.6E-02));
#12084 = VECTOR('',#12085,1.);
#12085 = DIRECTION('',(0.,0.,1.));
#12086 = ORIENTED_EDGE('',*,*,#10561,.F.);
#12087 = ORIENTED_EDGE('',*,*,#12081,.F.);
#12088 = CYLINDRICAL_SURFACE('',#12089,1.05);
#12089 = AXIS2_PLACEMENT_3D('',#12090,#12091,#12092);
#12090 = CARTESIAN_POINT('',(116.6,-56.1,-4.6E-02));
#12091 = DIRECTION('',(-0.,-0.,-1.));
#12092 = DIRECTION('',(-0.,-1.,0.));
#12093 = ADVANCED_FACE('',(#12094),#12105,.F.);
#12094 = FACE_BOUND('',#12095,.T.);
#12095 = EDGE_LOOP('',(#12096,#12097,#12103,#12104));
#12096 = ORIENTED_EDGE('',*,*,#9444,.T.);
#12097 = ORIENTED_EDGE('',*,*,#12098,.T.);
#12098 = EDGE_CURVE('',#9445,#10573,#12099,.T.);
#12099 = LINE('',#12100,#12101);
#12100 = CARTESIAN_POINT('',(137.1,-66.89,-4.6E-02));
#12101 = VECTOR('',#12102,1.);
#12102 = DIRECTION('',(0.,0.,1.));
#12103 = ORIENTED_EDGE('',*,*,#10572,.F.);
#12104 = ORIENTED_EDGE('',*,*,#12098,.F.);
#12105 = CYLINDRICAL_SURFACE('',#12106,0.51);
#12106 = AXIS2_PLACEMENT_3D('',#12107,#12108,#12109);
#12107 = CARTESIAN_POINT('',(137.1,-66.38,-4.6E-02));
#12108 = DIRECTION('',(-0.,-0.,-1.));
#12109 = DIRECTION('',(-5.57288420204E-14,-1.,0.));
#12110 = ADVANCED_FACE('',(#12111),#12122,.F.);
#12111 = FACE_BOUND('',#12112,.T.);
#12112 = EDGE_LOOP('',(#12113,#12114,#12120,#12121));
#12113 = ORIENTED_EDGE('',*,*,#9455,.T.);
#12114 = ORIENTED_EDGE('',*,*,#12115,.T.);
#12115 = EDGE_CURVE('',#9456,#10584,#12116,.T.);
#12116 = LINE('',#12117,#12118);
#12117 = CARTESIAN_POINT('',(137.1,-64.35,-4.6E-02));
#12118 = VECTOR('',#12119,1.);
#12119 = DIRECTION('',(0.,0.,1.));
#12120 = ORIENTED_EDGE('',*,*,#10583,.F.);
#12121 = ORIENTED_EDGE('',*,*,#12115,.F.);
#12122 = CYLINDRICAL_SURFACE('',#12123,0.51);
#12123 = AXIS2_PLACEMENT_3D('',#12124,#12125,#12126);
#12124 = CARTESIAN_POINT('',(137.1,-63.84,-4.6E-02));
#12125 = DIRECTION('',(-0.,-0.,-1.));
#12126 = DIRECTION('',(-5.57288420204E-14,-1.,0.));
#12127 = ADVANCED_FACE('',(#12128),#12139,.F.);
#12128 = FACE_BOUND('',#12129,.T.);
#12129 = EDGE_LOOP('',(#12130,#12131,#12137,#12138));
#12130 = ORIENTED_EDGE('',*,*,#9466,.T.);
#12131 = ORIENTED_EDGE('',*,*,#12132,.T.);
#12132 = EDGE_CURVE('',#9467,#10595,#12133,.T.);
#12133 = LINE('',#12134,#12135);
#12134 = CARTESIAN_POINT('',(137.1,-61.81,-4.6E-02));
#12135 = VECTOR('',#12136,1.);
#12136 = DIRECTION('',(0.,0.,1.));
#12137 = ORIENTED_EDGE('',*,*,#10594,.F.);
#12138 = ORIENTED_EDGE('',*,*,#12132,.F.);
#12139 = CYLINDRICAL_SURFACE('',#12140,0.51);
#12140 = AXIS2_PLACEMENT_3D('',#12141,#12142,#12143);
#12141 = CARTESIAN_POINT('',(137.1,-61.3,-4.6E-02));
#12142 = DIRECTION('',(-0.,-0.,-1.));
#12143 = DIRECTION('',(-5.57288420204E-14,-1.,0.));
#12144 = ADVANCED_FACE('',(#12145),#12156,.F.);
#12145 = FACE_BOUND('',#12146,.T.);
#12146 = EDGE_LOOP('',(#12147,#12148,#12154,#12155));
#12147 = ORIENTED_EDGE('',*,*,#9477,.T.);
#12148 = ORIENTED_EDGE('',*,*,#12149,.T.);
#12149 = EDGE_CURVE('',#9478,#10606,#12150,.T.);
#12150 = LINE('',#12151,#12152);
#12151 = CARTESIAN_POINT('',(162.5,-79.59,-4.6E-02));
#12152 = VECTOR('',#12153,1.);
#12153 = DIRECTION('',(0.,0.,1.));
#12154 = ORIENTED_EDGE('',*,*,#10605,.F.);
#12155 = ORIENTED_EDGE('',*,*,#12149,.F.);
#12156 = CYLINDRICAL_SURFACE('',#12157,0.51);
#12157 = AXIS2_PLACEMENT_3D('',#12158,#12159,#12160);
#12158 = CARTESIAN_POINT('',(162.5,-79.08,-4.6E-02));
#12159 = DIRECTION('',(-0.,-0.,-1.));
#12160 = DIRECTION('',(-0.,-1.,0.));
#12161 = ADVANCED_FACE('',(#12162),#12173,.F.);
#12162 = FACE_BOUND('',#12163,.T.);
#12163 = EDGE_LOOP('',(#12164,#12165,#12171,#12172));
#12164 = ORIENTED_EDGE('',*,*,#9488,.T.);
#12165 = ORIENTED_EDGE('',*,*,#12166,.T.);
#12166 = EDGE_CURVE('',#9489,#10617,#12167,.T.);
#12167 = LINE('',#12168,#12169);
#12168 = CARTESIAN_POINT('',(162.5,-77.05,-4.6E-02));
#12169 = VECTOR('',#12170,1.);
#12170 = DIRECTION('',(0.,0.,1.));
#12171 = ORIENTED_EDGE('',*,*,#10616,.F.);
#12172 = ORIENTED_EDGE('',*,*,#12166,.F.);
#12173 = CYLINDRICAL_SURFACE('',#12174,0.51);
#12174 = AXIS2_PLACEMENT_3D('',#12175,#12176,#12177);
#12175 = CARTESIAN_POINT('',(162.5,-76.54,-4.6E-02));
#12176 = DIRECTION('',(-0.,-0.,-1.));
#12177 = DIRECTION('',(-0.,-1.,0.));
#12178 = ADVANCED_FACE('',(#12179),#12190,.F.);
#12179 = FACE_BOUND('',#12180,.T.);
#12180 = EDGE_LOOP('',(#12181,#12182,#12188,#12189));
#12181 = ORIENTED_EDGE('',*,*,#9499,.T.);
#12182 = ORIENTED_EDGE('',*,*,#12183,.T.);
#12183 = EDGE_CURVE('',#9500,#10628,#12184,.T.);
#12184 = LINE('',#12185,#12186);
#12185 = CARTESIAN_POINT('',(162.5,-74.51,-4.6E-02));
#12186 = VECTOR('',#12187,1.);
#12187 = DIRECTION('',(0.,0.,1.));
#12188 = ORIENTED_EDGE('',*,*,#10627,.F.);
#12189 = ORIENTED_EDGE('',*,*,#12183,.F.);
#12190 = CYLINDRICAL_SURFACE('',#12191,0.51);
#12191 = AXIS2_PLACEMENT_3D('',#12192,#12193,#12194);
#12192 = CARTESIAN_POINT('',(162.5,-74.,-4.6E-02));
#12193 = DIRECTION('',(-0.,-0.,-1.));
#12194 = DIRECTION('',(-0.,-1.,0.));
#12195 = ADVANCED_FACE('',(#12196),#12207,.F.);
#12196 = FACE_BOUND('',#12197,.T.);
#12197 = EDGE_LOOP('',(#12198,#12199,#12205,#12206));
#12198 = ORIENTED_EDGE('',*,*,#9510,.T.);
#12199 = ORIENTED_EDGE('',*,*,#12200,.T.);
#12200 = EDGE_CURVE('',#9511,#10639,#12201,.T.);
#12201 = LINE('',#12202,#12203);
#12202 = CARTESIAN_POINT('',(162.5,-71.97,-4.6E-02));
#12203 = VECTOR('',#12204,1.);
#12204 = DIRECTION('',(0.,0.,1.));
#12205 = ORIENTED_EDGE('',*,*,#10638,.F.);
#12206 = ORIENTED_EDGE('',*,*,#12200,.F.);
#12207 = CYLINDRICAL_SURFACE('',#12208,0.51);
#12208 = AXIS2_PLACEMENT_3D('',#12209,#12210,#12211);
#12209 = CARTESIAN_POINT('',(162.5,-71.46,-4.6E-02));
#12210 = DIRECTION('',(-0.,-0.,-1.));
#12211 = DIRECTION('',(-0.,-1.,0.));
#12212 = ADVANCED_FACE('',(#12213),#12224,.F.);
#12213 = FACE_BOUND('',#12214,.T.);
#12214 = EDGE_LOOP('',(#12215,#12216,#12222,#12223));
#12215 = ORIENTED_EDGE('',*,*,#9521,.T.);
#12216 = ORIENTED_EDGE('',*,*,#12217,.T.);
#12217 = EDGE_CURVE('',#9522,#10650,#12218,.T.);
#12218 = LINE('',#12219,#12220);
#12219 = CARTESIAN_POINT('',(162.5,-69.43,-4.6E-02));
#12220 = VECTOR('',#12221,1.);
#12221 = DIRECTION('',(0.,0.,1.));
#12222 = ORIENTED_EDGE('',*,*,#10649,.F.);
#12223 = ORIENTED_EDGE('',*,*,#12217,.F.);
#12224 = CYLINDRICAL_SURFACE('',#12225,0.51);
#12225 = AXIS2_PLACEMENT_3D('',#12226,#12227,#12228);
#12226 = CARTESIAN_POINT('',(162.5,-68.92,-4.6E-02));
#12227 = DIRECTION('',(-0.,-0.,-1.));
#12228 = DIRECTION('',(-0.,-1.,0.));
#12229 = ADVANCED_FACE('',(#12230),#12241,.F.);
#12230 = FACE_BOUND('',#12231,.T.);
#12231 = EDGE_LOOP('',(#12232,#12233,#12239,#12240));
#12232 = ORIENTED_EDGE('',*,*,#9532,.T.);
#12233 = ORIENTED_EDGE('',*,*,#12234,.T.);
#12234 = EDGE_CURVE('',#9533,#10661,#12235,.T.);
#12235 = LINE('',#12236,#12237);
#12236 = CARTESIAN_POINT('',(168.74,-80.35,-4.6E-02));
#12237 = VECTOR('',#12238,1.);
#12238 = DIRECTION('',(0.,0.,1.));
#12239 = ORIENTED_EDGE('',*,*,#10660,.F.);
#12240 = ORIENTED_EDGE('',*,*,#12234,.F.);
#12241 = CYLINDRICAL_SURFACE('',#12242,0.4);
#12242 = AXIS2_PLACEMENT_3D('',#12243,#12244,#12245);
#12243 = CARTESIAN_POINT('',(168.74,-79.95,-4.6E-02));
#12244 = DIRECTION('',(-0.,-0.,-1.));
#12245 = DIRECTION('',(-0.,-1.,0.));
#12246 = ADVANCED_FACE('',(#12247),#12258,.F.);
#12247 = FACE_BOUND('',#12248,.T.);
#12248 = EDGE_LOOP('',(#12249,#12250,#12256,#12257));
#12249 = ORIENTED_EDGE('',*,*,#9543,.T.);
#12250 = ORIENTED_EDGE('',*,*,#12251,.T.);
#12251 = EDGE_CURVE('',#9544,#10672,#12252,.T.);
#12252 = LINE('',#12253,#12254);
#12253 = CARTESIAN_POINT('',(168.74,-77.81,-4.6E-02));
#12254 = VECTOR('',#12255,1.);
#12255 = DIRECTION('',(0.,0.,1.));
#12256 = ORIENTED_EDGE('',*,*,#10671,.F.);
#12257 = ORIENTED_EDGE('',*,*,#12251,.F.);
#12258 = CYLINDRICAL_SURFACE('',#12259,0.4);
#12259 = AXIS2_PLACEMENT_3D('',#12260,#12261,#12262);
#12260 = CARTESIAN_POINT('',(168.74,-77.41,-4.6E-02));
#12261 = DIRECTION('',(-0.,-0.,-1.));
#12262 = DIRECTION('',(-0.,-1.,0.));
#12263 = ADVANCED_FACE('',(#12264),#12275,.F.);
#12264 = FACE_BOUND('',#12265,.T.);
#12265 = EDGE_LOOP('',(#12266,#12267,#12273,#12274));
#12266 = ORIENTED_EDGE('',*,*,#9554,.T.);
#12267 = ORIENTED_EDGE('',*,*,#12268,.T.);
#12268 = EDGE_CURVE('',#9555,#10683,#12269,.T.);
#12269 = LINE('',#12270,#12271);
#12270 = CARTESIAN_POINT('',(181.44,-80.35,-4.6E-02));
#12271 = VECTOR('',#12272,1.);
#12272 = DIRECTION('',(0.,0.,1.));
#12273 = ORIENTED_EDGE('',*,*,#10682,.F.);
#12274 = ORIENTED_EDGE('',*,*,#12268,.F.);
#12275 = CYLINDRICAL_SURFACE('',#12276,0.4);
#12276 = AXIS2_PLACEMENT_3D('',#12277,#12278,#12279);
#12277 = CARTESIAN_POINT('',(181.44,-79.95,-4.6E-02));
#12278 = DIRECTION('',(-0.,-0.,-1.));
#12279 = DIRECTION('',(-0.,-1.,0.));
#12280 = ADVANCED_FACE('',(#12281),#12292,.F.);
#12281 = FACE_BOUND('',#12282,.T.);
#12282 = EDGE_LOOP('',(#12283,#12284,#12290,#12291));
#12283 = ORIENTED_EDGE('',*,*,#9565,.T.);
#12284 = ORIENTED_EDGE('',*,*,#12285,.T.);
#12285 = EDGE_CURVE('',#9566,#10694,#12286,.T.);
#12286 = LINE('',#12287,#12288);
#12287 = CARTESIAN_POINT('',(181.44,-77.81,-4.6E-02));
#12288 = VECTOR('',#12289,1.);
#12289 = DIRECTION('',(0.,0.,1.));
#12290 = ORIENTED_EDGE('',*,*,#10693,.F.);
#12291 = ORIENTED_EDGE('',*,*,#12285,.F.);
#12292 = CYLINDRICAL_SURFACE('',#12293,0.4);
#12293 = AXIS2_PLACEMENT_3D('',#12294,#12295,#12296);
#12294 = CARTESIAN_POINT('',(181.44,-77.41,-4.6E-02));
#12295 = DIRECTION('',(-0.,-0.,-1.));
#12296 = DIRECTION('',(-0.,-1.,0.));
#12297 = ADVANCED_FACE('',(#12298),#12309,.F.);
#12298 = FACE_BOUND('',#12299,.T.);
#12299 = EDGE_LOOP('',(#12300,#12301,#12307,#12308));
#12300 = ORIENTED_EDGE('',*,*,#9576,.T.);
#12301 = ORIENTED_EDGE('',*,*,#12302,.T.);
#12302 = EDGE_CURVE('',#9577,#10705,#12303,.T.);
#12303 = LINE('',#12304,#12305);
#12304 = CARTESIAN_POINT('',(168.7,-73.2,-4.6E-02));
#12305 = VECTOR('',#12306,1.);
#12306 = DIRECTION('',(0.,0.,1.));
#12307 = ORIENTED_EDGE('',*,*,#10704,.F.);
#12308 = ORIENTED_EDGE('',*,*,#12302,.F.);
#12309 = CYLINDRICAL_SURFACE('',#12310,0.4);
#12310 = AXIS2_PLACEMENT_3D('',#12311,#12312,#12313);
#12311 = CARTESIAN_POINT('',(168.7,-72.8,-4.6E-02));
#12312 = DIRECTION('',(-0.,-0.,-1.));
#12313 = DIRECTION('',(-0.,-1.,0.));
#12314 = ADVANCED_FACE('',(#12315),#12326,.F.);
#12315 = FACE_BOUND('',#12316,.T.);
#12316 = EDGE_LOOP('',(#12317,#12318,#12324,#12325));
#12317 = ORIENTED_EDGE('',*,*,#9587,.T.);
#12318 = ORIENTED_EDGE('',*,*,#12319,.T.);
#12319 = EDGE_CURVE('',#9588,#10716,#12320,.T.);
#12320 = LINE('',#12321,#12322);
#12321 = CARTESIAN_POINT('',(168.7,-70.66,-4.6E-02));
#12322 = VECTOR('',#12323,1.);
#12323 = DIRECTION('',(0.,0.,1.));
#12324 = ORIENTED_EDGE('',*,*,#10715,.F.);
#12325 = ORIENTED_EDGE('',*,*,#12319,.F.);
#12326 = CYLINDRICAL_SURFACE('',#12327,0.4);
#12327 = AXIS2_PLACEMENT_3D('',#12328,#12329,#12330);
#12328 = CARTESIAN_POINT('',(168.7,-70.26,-4.6E-02));
#12329 = DIRECTION('',(-0.,-0.,-1.));
#12330 = DIRECTION('',(-0.,-1.,0.));
#12331 = ADVANCED_FACE('',(#12332),#12343,.F.);
#12332 = FACE_BOUND('',#12333,.T.);
#12333 = EDGE_LOOP('',(#12334,#12335,#12341,#12342));
#12334 = ORIENTED_EDGE('',*,*,#9598,.T.);
#12335 = ORIENTED_EDGE('',*,*,#12336,.T.);
#12336 = EDGE_CURVE('',#9599,#10727,#12337,.T.);
#12337 = LINE('',#12338,#12339);
#12338 = CARTESIAN_POINT('',(181.4,-73.2,-4.6E-02));
#12339 = VECTOR('',#12340,1.);
#12340 = DIRECTION('',(0.,0.,1.));
#12341 = ORIENTED_EDGE('',*,*,#10726,.F.);
#12342 = ORIENTED_EDGE('',*,*,#12336,.F.);
#12343 = CYLINDRICAL_SURFACE('',#12344,0.4);
#12344 = AXIS2_PLACEMENT_3D('',#12345,#12346,#12347);
#12345 = CARTESIAN_POINT('',(181.4,-72.8,-4.6E-02));
#12346 = DIRECTION('',(-0.,-0.,-1.));
#12347 = DIRECTION('',(-0.,-1.,0.));
#12348 = ADVANCED_FACE('',(#12349),#12360,.F.);
#12349 = FACE_BOUND('',#12350,.T.);
#12350 = EDGE_LOOP('',(#12351,#12352,#12358,#12359));
#12351 = ORIENTED_EDGE('',*,*,#9609,.T.);
#12352 = ORIENTED_EDGE('',*,*,#12353,.T.);
#12353 = EDGE_CURVE('',#9610,#10738,#12354,.T.);
#12354 = LINE('',#12355,#12356);
#12355 = CARTESIAN_POINT('',(181.4,-70.66,-4.6E-02));
#12356 = VECTOR('',#12357,1.);
#12357 = DIRECTION('',(0.,0.,1.));
#12358 = ORIENTED_EDGE('',*,*,#10737,.F.);
#12359 = ORIENTED_EDGE('',*,*,#12353,.F.);
#12360 = CYLINDRICAL_SURFACE('',#12361,0.4);
#12361 = AXIS2_PLACEMENT_3D('',#12362,#12363,#12364);
#12362 = CARTESIAN_POINT('',(181.4,-70.26,-4.6E-02));
#12363 = DIRECTION('',(-0.,-0.,-1.));
#12364 = DIRECTION('',(-0.,-1.,0.));
#12365 = ADVANCED_FACE('',(#12366),#12377,.F.);
#12366 = FACE_BOUND('',#12367,.T.);
#12367 = EDGE_LOOP('',(#12368,#12369,#12375,#12376));
#12368 = ORIENTED_EDGE('',*,*,#9620,.T.);
#12369 = ORIENTED_EDGE('',*,*,#12370,.T.);
#12370 = EDGE_CURVE('',#9621,#10749,#12371,.T.);
#12371 = LINE('',#12372,#12373);
#12372 = CARTESIAN_POINT('',(162.5,-66.89,-4.6E-02));
#12373 = VECTOR('',#12374,1.);
#12374 = DIRECTION('',(0.,0.,1.));
#12375 = ORIENTED_EDGE('',*,*,#10748,.F.);
#12376 = ORIENTED_EDGE('',*,*,#12370,.F.);
#12377 = CYLINDRICAL_SURFACE('',#12378,0.51);
#12378 = AXIS2_PLACEMENT_3D('',#12379,#12380,#12381);
#12379 = CARTESIAN_POINT('',(162.5,-66.38,-4.6E-02));
#12380 = DIRECTION('',(-0.,-0.,-1.));
#12381 = DIRECTION('',(-0.,-1.,0.));
#12382 = ADVANCED_FACE('',(#12383),#12394,.F.);
#12383 = FACE_BOUND('',#12384,.T.);
#12384 = EDGE_LOOP('',(#12385,#12386,#12392,#12393));
#12385 = ORIENTED_EDGE('',*,*,#9631,.T.);
#12386 = ORIENTED_EDGE('',*,*,#12387,.T.);
#12387 = EDGE_CURVE('',#9632,#10760,#12388,.T.);
#12388 = LINE('',#12389,#12390);
#12389 = CARTESIAN_POINT('',(162.5,-64.35,-4.6E-02));
#12390 = VECTOR('',#12391,1.);
#12391 = DIRECTION('',(0.,0.,1.));
#12392 = ORIENTED_EDGE('',*,*,#10759,.F.);
#12393 = ORIENTED_EDGE('',*,*,#12387,.F.);
#12394 = CYLINDRICAL_SURFACE('',#12395,0.51);
#12395 = AXIS2_PLACEMENT_3D('',#12396,#12397,#12398);
#12396 = CARTESIAN_POINT('',(162.5,-63.84,-4.6E-02));
#12397 = DIRECTION('',(-0.,-0.,-1.));
#12398 = DIRECTION('',(-0.,-1.,0.));
#12399 = ADVANCED_FACE('',(#12400),#12411,.F.);
#12400 = FACE_BOUND('',#12401,.T.);
#12401 = EDGE_LOOP('',(#12402,#12403,#12409,#12410));
#12402 = ORIENTED_EDGE('',*,*,#9642,.T.);
#12403 = ORIENTED_EDGE('',*,*,#12404,.T.);
#12404 = EDGE_CURVE('',#9643,#10771,#12405,.T.);
#12405 = LINE('',#12406,#12407);
#12406 = CARTESIAN_POINT('',(162.5,-61.81,-4.6E-02));
#12407 = VECTOR('',#12408,1.);
#12408 = DIRECTION('',(0.,0.,1.));
#12409 = ORIENTED_EDGE('',*,*,#10770,.F.);
#12410 = ORIENTED_EDGE('',*,*,#12404,.F.);
#12411 = CYLINDRICAL_SURFACE('',#12412,0.51);
#12412 = AXIS2_PLACEMENT_3D('',#12413,#12414,#12415);
#12413 = CARTESIAN_POINT('',(162.5,-61.3,-4.6E-02));
#12414 = DIRECTION('',(-0.,-0.,-1.));
#12415 = DIRECTION('',(-0.,-1.,0.));
#12416 = ADVANCED_FACE('',(#12417),#12428,.F.);
#12417 = FACE_BOUND('',#12418,.T.);
#12418 = EDGE_LOOP('',(#12419,#12420,#12426,#12427));
#12419 = ORIENTED_EDGE('',*,*,#9653,.T.);
#12420 = ORIENTED_EDGE('',*,*,#12421,.T.);
#12421 = EDGE_CURVE('',#9654,#10782,#12422,.T.);
#12422 = LINE('',#12423,#12424);
#12423 = CARTESIAN_POINT('',(168.7,-68.12,-4.6E-02));
#12424 = VECTOR('',#12425,1.);
#12425 = DIRECTION('',(0.,0.,1.));
#12426 = ORIENTED_EDGE('',*,*,#10781,.F.);
#12427 = ORIENTED_EDGE('',*,*,#12421,.F.);
#12428 = CYLINDRICAL_SURFACE('',#12429,0.4);
#12429 = AXIS2_PLACEMENT_3D('',#12430,#12431,#12432);
#12430 = CARTESIAN_POINT('',(168.7,-67.72,-4.6E-02));
#12431 = DIRECTION('',(-0.,-0.,-1.));
#12432 = DIRECTION('',(-0.,-1.,0.));
#12433 = ADVANCED_FACE('',(#12434),#12445,.F.);
#12434 = FACE_BOUND('',#12435,.T.);
#12435 = EDGE_LOOP('',(#12436,#12437,#12443,#12444));
#12436 = ORIENTED_EDGE('',*,*,#9664,.T.);
#12437 = ORIENTED_EDGE('',*,*,#12438,.T.);
#12438 = EDGE_CURVE('',#9665,#10793,#12439,.T.);
#12439 = LINE('',#12440,#12441);
#12440 = CARTESIAN_POINT('',(168.7,-65.58,-4.6E-02));
#12441 = VECTOR('',#12442,1.);
#12442 = DIRECTION('',(0.,0.,1.));
#12443 = ORIENTED_EDGE('',*,*,#10792,.F.);
#12444 = ORIENTED_EDGE('',*,*,#12438,.F.);
#12445 = CYLINDRICAL_SURFACE('',#12446,0.4);
#12446 = AXIS2_PLACEMENT_3D('',#12447,#12448,#12449);
#12447 = CARTESIAN_POINT('',(168.7,-65.18,-4.6E-02));
#12448 = DIRECTION('',(-0.,-0.,-1.));
#12449 = DIRECTION('',(-0.,-1.,0.));
#12450 = ADVANCED_FACE('',(#12451),#12462,.F.);
#12451 = FACE_BOUND('',#12452,.T.);
#12452 = EDGE_LOOP('',(#12453,#12454,#12460,#12461));
#12453 = ORIENTED_EDGE('',*,*,#9675,.T.);
#12454 = ORIENTED_EDGE('',*,*,#12455,.T.);
#12455 = EDGE_CURVE('',#9676,#10804,#12456,.T.);
#12456 = LINE('',#12457,#12458);
#12457 = CARTESIAN_POINT('',(168.7,-63.04,-4.6E-02));
#12458 = VECTOR('',#12459,1.);
#12459 = DIRECTION('',(0.,0.,1.));
#12460 = ORIENTED_EDGE('',*,*,#10803,.F.);
#12461 = ORIENTED_EDGE('',*,*,#12455,.F.);
#12462 = CYLINDRICAL_SURFACE('',#12463,0.4);
#12463 = AXIS2_PLACEMENT_3D('',#12464,#12465,#12466);
#12464 = CARTESIAN_POINT('',(168.7,-62.64,-4.6E-02));
#12465 = DIRECTION('',(-0.,-0.,-1.));
#12466 = DIRECTION('',(-0.,-1.,0.));
#12467 = ADVANCED_FACE('',(#12468),#12479,.F.);
#12468 = FACE_BOUND('',#12469,.T.);
#12469 = EDGE_LOOP('',(#12470,#12471,#12477,#12478));
#12470 = ORIENTED_EDGE('',*,*,#9686,.T.);
#12471 = ORIENTED_EDGE('',*,*,#12472,.T.);
#12472 = EDGE_CURVE('',#9687,#10815,#12473,.T.);
#12473 = LINE('',#12474,#12475);
#12474 = CARTESIAN_POINT('',(181.4,-68.12,-4.6E-02));
#12475 = VECTOR('',#12476,1.);
#12476 = DIRECTION('',(0.,0.,1.));
#12477 = ORIENTED_EDGE('',*,*,#10814,.F.);
#12478 = ORIENTED_EDGE('',*,*,#12472,.F.);
#12479 = CYLINDRICAL_SURFACE('',#12480,0.4);
#12480 = AXIS2_PLACEMENT_3D('',#12481,#12482,#12483);
#12481 = CARTESIAN_POINT('',(181.4,-67.72,-4.6E-02));
#12482 = DIRECTION('',(-0.,-0.,-1.));
#12483 = DIRECTION('',(-0.,-1.,0.));
#12484 = ADVANCED_FACE('',(#12485),#12496,.F.);
#12485 = FACE_BOUND('',#12486,.T.);
#12486 = EDGE_LOOP('',(#12487,#12488,#12494,#12495));
#12487 = ORIENTED_EDGE('',*,*,#9697,.T.);
#12488 = ORIENTED_EDGE('',*,*,#12489,.T.);
#12489 = EDGE_CURVE('',#9698,#10826,#12490,.T.);
#12490 = LINE('',#12491,#12492);
#12491 = CARTESIAN_POINT('',(181.4,-65.58,-4.6E-02));
#12492 = VECTOR('',#12493,1.);
#12493 = DIRECTION('',(0.,0.,1.));
#12494 = ORIENTED_EDGE('',*,*,#10825,.F.);
#12495 = ORIENTED_EDGE('',*,*,#12489,.F.);
#12496 = CYLINDRICAL_SURFACE('',#12497,0.4);
#12497 = AXIS2_PLACEMENT_3D('',#12498,#12499,#12500);
#12498 = CARTESIAN_POINT('',(181.4,-65.18,-4.6E-02));
#12499 = DIRECTION('',(-0.,-0.,-1.));
#12500 = DIRECTION('',(-0.,-1.,0.));
#12501 = ADVANCED_FACE('',(#12502),#12513,.F.);
#12502 = FACE_BOUND('',#12503,.T.);
#12503 = EDGE_LOOP('',(#12504,#12505,#12511,#12512));
#12504 = ORIENTED_EDGE('',*,*,#9708,.T.);
#12505 = ORIENTED_EDGE('',*,*,#12506,.T.);
#12506 = EDGE_CURVE('',#9709,#10837,#12507,.T.);
#12507 = LINE('',#12508,#12509);
#12508 = CARTESIAN_POINT('',(185.3,-64.75,-4.6E-02));
#12509 = VECTOR('',#12510,1.);
#12510 = DIRECTION('',(0.,0.,1.));
#12511 = ORIENTED_EDGE('',*,*,#10836,.F.);
#12512 = ORIENTED_EDGE('',*,*,#12506,.F.);
#12513 = CYLINDRICAL_SURFACE('',#12514,0.25);
#12514 = AXIS2_PLACEMENT_3D('',#12515,#12516,#12517);
#12515 = CARTESIAN_POINT('',(185.3,-64.5,-4.6E-02));
#12516 = DIRECTION('',(-0.,-0.,-1.));
#12517 = DIRECTION('',(-0.,-1.,0.));
#12518 = ADVANCED_FACE('',(#12519),#12530,.F.);
#12519 = FACE_BOUND('',#12520,.T.);
#12520 = EDGE_LOOP('',(#12521,#12522,#12528,#12529));
#12521 = ORIENTED_EDGE('',*,*,#9719,.T.);
#12522 = ORIENTED_EDGE('',*,*,#12523,.T.);
#12523 = EDGE_CURVE('',#9720,#10848,#12524,.T.);
#12524 = LINE('',#12525,#12526);
#12525 = CARTESIAN_POINT('',(185.3,-63.75,-4.6E-02));
#12526 = VECTOR('',#12527,1.);
#12527 = DIRECTION('',(0.,0.,1.));
#12528 = ORIENTED_EDGE('',*,*,#10847,.F.);
#12529 = ORIENTED_EDGE('',*,*,#12523,.F.);
#12530 = CYLINDRICAL_SURFACE('',#12531,0.25);
#12531 = AXIS2_PLACEMENT_3D('',#12532,#12533,#12534);
#12532 = CARTESIAN_POINT('',(185.3,-63.5,-4.6E-02));
#12533 = DIRECTION('',(-0.,-0.,-1.));
#12534 = DIRECTION('',(-0.,-1.,0.));
#12535 = ADVANCED_FACE('',(#12536),#12547,.F.);
#12536 = FACE_BOUND('',#12537,.T.);
#12537 = EDGE_LOOP('',(#12538,#12539,#12545,#12546));
#12538 = ORIENTED_EDGE('',*,*,#9730,.T.);
#12539 = ORIENTED_EDGE('',*,*,#12540,.T.);
#12540 = EDGE_CURVE('',#9731,#10859,#12541,.T.);
#12541 = LINE('',#12542,#12543);
#12542 = CARTESIAN_POINT('',(181.4,-63.04,-4.6E-02));
#12543 = VECTOR('',#12544,1.);
#12544 = DIRECTION('',(0.,0.,1.));
#12545 = ORIENTED_EDGE('',*,*,#10858,.F.);
#12546 = ORIENTED_EDGE('',*,*,#12540,.F.);
#12547 = CYLINDRICAL_SURFACE('',#12548,0.4);
#12548 = AXIS2_PLACEMENT_3D('',#12549,#12550,#12551);
#12549 = CARTESIAN_POINT('',(181.4,-62.64,-4.6E-02));
#12550 = DIRECTION('',(-0.,-0.,-1.));
#12551 = DIRECTION('',(-0.,-1.,0.));
#12552 = ADVANCED_FACE('',(#12553),#12564,.F.);
#12553 = FACE_BOUND('',#12554,.T.);
#12554 = EDGE_LOOP('',(#12555,#12556,#12562,#12563));
#12555 = ORIENTED_EDGE('',*,*,#9741,.T.);
#12556 = ORIENTED_EDGE('',*,*,#12557,.T.);
#12557 = EDGE_CURVE('',#9742,#10870,#12558,.T.);
#12558 = LINE('',#12559,#12560);
#12559 = CARTESIAN_POINT('',(185.3,-62.75,-4.6E-02));
#12560 = VECTOR('',#12561,1.);
#12561 = DIRECTION('',(0.,0.,1.));
#12562 = ORIENTED_EDGE('',*,*,#10869,.F.);
#12563 = ORIENTED_EDGE('',*,*,#12557,.F.);
#12564 = CYLINDRICAL_SURFACE('',#12565,0.25);
#12565 = AXIS2_PLACEMENT_3D('',#12566,#12567,#12568);
#12566 = CARTESIAN_POINT('',(185.3,-62.5,-4.6E-02));
#12567 = DIRECTION('',(-0.,-0.,-1.));
#12568 = DIRECTION('',(-0.,-1.,0.));
#12569 = ADVANCED_FACE('',(#12570),#12581,.F.);
#12570 = FACE_BOUND('',#12571,.T.);
#12571 = EDGE_LOOP('',(#12572,#12573,#12579,#12580));
#12572 = ORIENTED_EDGE('',*,*,#9752,.T.);
#12573 = ORIENTED_EDGE('',*,*,#12574,.T.);
#12574 = EDGE_CURVE('',#9753,#10881,#12575,.T.);
#12575 = LINE('',#12576,#12577);
#12576 = CARTESIAN_POINT('',(185.3,-61.75,-4.6E-02));
#12577 = VECTOR('',#12578,1.);
#12578 = DIRECTION('',(0.,0.,1.));
#12579 = ORIENTED_EDGE('',*,*,#10880,.F.);
#12580 = ORIENTED_EDGE('',*,*,#12574,.F.);
#12581 = CYLINDRICAL_SURFACE('',#12582,0.25);
#12582 = AXIS2_PLACEMENT_3D('',#12583,#12584,#12585);
#12583 = CARTESIAN_POINT('',(185.3,-61.5,-4.6E-02));
#12584 = DIRECTION('',(-0.,-0.,-1.));
#12585 = DIRECTION('',(-0.,-1.,0.));
#12586 = ADVANCED_FACE('',(#12587),#12598,.F.);
#12587 = FACE_BOUND('',#12588,.T.);
#12588 = EDGE_LOOP('',(#12589,#12590,#12596,#12597));
#12589 = ORIENTED_EDGE('',*,*,#9763,.T.);
#12590 = ORIENTED_EDGE('',*,*,#12591,.T.);
#12591 = EDGE_CURVE('',#9764,#10892,#12592,.T.);
#12592 = LINE('',#12593,#12594);
#12593 = CARTESIAN_POINT('',(168.7,-60.5,-4.6E-02));
#12594 = VECTOR('',#12595,1.);
#12595 = DIRECTION('',(0.,0.,1.));
#12596 = ORIENTED_EDGE('',*,*,#10891,.F.);
#12597 = ORIENTED_EDGE('',*,*,#12591,.F.);
#12598 = CYLINDRICAL_SURFACE('',#12599,0.4);
#12599 = AXIS2_PLACEMENT_3D('',#12600,#12601,#12602);
#12600 = CARTESIAN_POINT('',(168.7,-60.1,-4.6E-02));
#12601 = DIRECTION('',(-0.,-0.,-1.));
#12602 = DIRECTION('',(-0.,-1.,0.));
#12603 = ADVANCED_FACE('',(#12604),#12615,.F.);
#12604 = FACE_BOUND('',#12605,.T.);
#12605 = EDGE_LOOP('',(#12606,#12607,#12613,#12614));
#12606 = ORIENTED_EDGE('',*,*,#9774,.T.);
#12607 = ORIENTED_EDGE('',*,*,#12608,.T.);
#12608 = EDGE_CURVE('',#9775,#10903,#12609,.T.);
#12609 = LINE('',#12610,#12611);
#12610 = CARTESIAN_POINT('',(168.7,-57.96,-4.6E-02));
#12611 = VECTOR('',#12612,1.);
#12612 = DIRECTION('',(0.,0.,1.));
#12613 = ORIENTED_EDGE('',*,*,#10902,.F.);
#12614 = ORIENTED_EDGE('',*,*,#12608,.F.);
#12615 = CYLINDRICAL_SURFACE('',#12616,0.4);
#12616 = AXIS2_PLACEMENT_3D('',#12617,#12618,#12619);
#12617 = CARTESIAN_POINT('',(168.7,-57.56,-4.6E-02));
#12618 = DIRECTION('',(-0.,-0.,-1.));
#12619 = DIRECTION('',(-0.,-1.,0.));
#12620 = ADVANCED_FACE('',(#12621),#12632,.F.);
#12621 = FACE_BOUND('',#12622,.T.);
#12622 = EDGE_LOOP('',(#12623,#12624,#12630,#12631));
#12623 = ORIENTED_EDGE('',*,*,#9785,.T.);
#12624 = ORIENTED_EDGE('',*,*,#12625,.T.);
#12625 = EDGE_CURVE('',#9786,#10914,#12626,.T.);
#12626 = LINE('',#12627,#12628);
#12627 = CARTESIAN_POINT('',(168.7,-55.42,-4.6E-02));
#12628 = VECTOR('',#12629,1.);
#12629 = DIRECTION('',(0.,0.,1.));
#12630 = ORIENTED_EDGE('',*,*,#10913,.F.);
#12631 = ORIENTED_EDGE('',*,*,#12625,.F.);
#12632 = CYLINDRICAL_SURFACE('',#12633,0.4);
#12633 = AXIS2_PLACEMENT_3D('',#12634,#12635,#12636);
#12634 = CARTESIAN_POINT('',(168.7,-55.02,-4.6E-02));
#12635 = DIRECTION('',(-0.,-0.,-1.));
#12636 = DIRECTION('',(-0.,-1.,0.));
#12637 = ADVANCED_FACE('',(#12638),#12649,.F.);
#12638 = FACE_BOUND('',#12639,.T.);
#12639 = EDGE_LOOP('',(#12640,#12641,#12647,#12648));
#12640 = ORIENTED_EDGE('',*,*,#9796,.T.);
#12641 = ORIENTED_EDGE('',*,*,#12642,.T.);
#12642 = EDGE_CURVE('',#9797,#10925,#12643,.T.);
#12643 = LINE('',#12644,#12645);
#12644 = CARTESIAN_POINT('',(181.4,-60.5,-4.6E-02));
#12645 = VECTOR('',#12646,1.);
#12646 = DIRECTION('',(0.,0.,1.));
#12647 = ORIENTED_EDGE('',*,*,#10924,.F.);
#12648 = ORIENTED_EDGE('',*,*,#12642,.F.);
#12649 = CYLINDRICAL_SURFACE('',#12650,0.4);
#12650 = AXIS2_PLACEMENT_3D('',#12651,#12652,#12653);
#12651 = CARTESIAN_POINT('',(181.4,-60.1,-4.6E-02));
#12652 = DIRECTION('',(-0.,-0.,-1.));
#12653 = DIRECTION('',(-0.,-1.,0.));
#12654 = ADVANCED_FACE('',(#12655),#12666,.F.);
#12655 = FACE_BOUND('',#12656,.T.);
#12656 = EDGE_LOOP('',(#12657,#12658,#12664,#12665));
#12657 = ORIENTED_EDGE('',*,*,#9807,.T.);
#12658 = ORIENTED_EDGE('',*,*,#12659,.T.);
#12659 = EDGE_CURVE('',#9808,#10936,#12660,.T.);
#12660 = LINE('',#12661,#12662);
#12661 = CARTESIAN_POINT('',(181.4,-57.96,-4.6E-02));
#12662 = VECTOR('',#12663,1.);
#12663 = DIRECTION('',(0.,0.,1.));
#12664 = ORIENTED_EDGE('',*,*,#10935,.F.);
#12665 = ORIENTED_EDGE('',*,*,#12659,.F.);
#12666 = CYLINDRICAL_SURFACE('',#12667,0.4);
#12667 = AXIS2_PLACEMENT_3D('',#12668,#12669,#12670);
#12668 = CARTESIAN_POINT('',(181.4,-57.56,-4.6E-02));
#12669 = DIRECTION('',(-0.,-0.,-1.));
#12670 = DIRECTION('',(-0.,-1.,0.));
#12671 = ADVANCED_FACE('',(#12672),#12683,.F.);
#12672 = FACE_BOUND('',#12673,.T.);
#12673 = EDGE_LOOP('',(#12674,#12675,#12681,#12682));
#12674 = ORIENTED_EDGE('',*,*,#9818,.T.);
#12675 = ORIENTED_EDGE('',*,*,#12676,.T.);
#12676 = EDGE_CURVE('',#9819,#10947,#12677,.T.);
#12677 = LINE('',#12678,#12679);
#12678 = CARTESIAN_POINT('',(181.4,-55.42,-4.6E-02));
#12679 = VECTOR('',#12680,1.);
#12680 = DIRECTION('',(0.,0.,1.));
#12681 = ORIENTED_EDGE('',*,*,#10946,.F.);
#12682 = ORIENTED_EDGE('',*,*,#12676,.F.);
#12683 = CYLINDRICAL_SURFACE('',#12684,0.4);
#12684 = AXIS2_PLACEMENT_3D('',#12685,#12686,#12687);
#12685 = CARTESIAN_POINT('',(181.4,-55.02,-4.6E-02));
#12686 = DIRECTION('',(-0.,-0.,-1.));
#12687 = DIRECTION('',(-0.,-1.,0.));
#12688 = ( GEOMETRIC_REPRESENTATION_CONTEXT(3) 
GLOBAL_UNCERTAINTY_ASSIGNED_CONTEXT((#12692)) 
GLOBAL_UNIT_ASSIGNED_CONTEXT((#12689,#12690,#12691)) 
REPRESENTATION_CONTEXT('Context #1',
  '3D Context with UNIT and UNCERTAINTY') );
#12689 = ( LENGTH_UNIT() NAMED_UNIT(*) SI_UNIT(.MILLI.,.METRE.) );
#12690 = ( NAMED_UNIT(*) PLANE_ANGLE_UNIT() SI_UNIT($,.RADIAN.) );
#12691 = ( NAMED_UNIT(*) SI_UNIT($,.STERADIAN.) SOLID_ANGLE_UNIT() );
#12692 = UNCERTAINTY_MEASURE_WITH_UNIT(LENGTH_MEASURE(1.E-07),#12689,
  'distance_accuracy_value','confusion accuracy');
#12693 = CONTEXT_DEPENDENT_SHAPE_REPRESENTATION(#12694,#12696);
#12694 = ( REPRESENTATION_RELATIONSHIP('','',#8598,#10) 
REPRESENTATION_RELATIONSHIP_WITH_TRANSFORMATION(#12695) 
SHAPE_REPRESENTATION_RELATIONSHIP() );
#12695 = ITEM_DEFINED_TRANSFORMATION('','',#11,#55);
#12696 = PRODUCT_DEFINITION_SHAPE('Placement','Placement of an item',
  #12697);
#12697 = NEXT_ASSEMBLY_USAGE_OCCURRENCE('16','=>[0:1:1:12]','',#5,#8593,
  $);
#12698 = PRODUCT_RELATED_PRODUCT_CATEGORY('part',$,(#8595));
#12699 = MECHANICAL_DESIGN_GEOMETRIC_PRESENTATION_REPRESENTATION('',(
    #12700),#12688);
#12700 = STYLED_ITEM('color',(#12701),#8599);
#12701 = PRESENTATION_STYLE_ASSIGNMENT((#12702));
#12702 = SURFACE_STYLE_USAGE(.BOTH.,#12703);
#12703 = SURFACE_SIDE_STYLE('',(#12704));
#12704 = SURFACE_STYLE_FILL_AREA(#12705);
#12705 = FILL_AREA_STYLE('',(#12706));
#12706 = FILL_AREA_STYLE_COLOUR('',#12707);
#12707 = COLOUR_RGB('',0.313304153717,0.484529207832,0.410020903123);
#12708 = MECHANICAL_DESIGN_GEOMETRIC_PRESENTATION_REPRESENTATION('',(
    #12709,#12717,#12724,#12731,#12738,#12745,#12752,#12760,#12767,
    #12774,#12781,#12788,#12795,#12802,#12809,#12816),#8560);
#12709 = STYLED_ITEM('color',(#12710),#8099);
#12710 = PRESENTATION_STYLE_ASSIGNMENT((#12711));
#12711 = SURFACE_STYLE_USAGE(.BOTH.,#12712);
#12712 = SURFACE_SIDE_STYLE('',(#12713));
#12713 = SURFACE_STYLE_FILL_AREA(#12714);
#12714 = FILL_AREA_STYLE('',(#12715));
#12715 = FILL_AREA_STYLE_COLOUR('',#12716);
#12716 = COLOUR_RGB('',0.699999984889,9.999999991362E-02,
  5.000000142576E-02);
#12717 = STYLED_ITEM('color',(#12718),#8126);
#12718 = PRESENTATION_STYLE_ASSIGNMENT((#12719));
#12719 = SURFACE_STYLE_USAGE(.BOTH.,#12720);
#12720 = SURFACE_SIDE_STYLE('',(#12721));
#12721 = SURFACE_STYLE_FILL_AREA(#12722);
#12722 = FILL_AREA_STYLE('',(#12723));
#12723 = FILL_AREA_STYLE_COLOUR('',#12716);
#12724 = STYLED_ITEM('color',(#12725),#8171);
#12725 = PRESENTATION_STYLE_ASSIGNMENT((#12726));
#12726 = SURFACE_STYLE_USAGE(.BOTH.,#12727);
#12727 = SURFACE_SIDE_STYLE('',(#12728));
#12728 = SURFACE_STYLE_FILL_AREA(#12729);
#12729 = FILL_AREA_STYLE('',(#12730));
#12730 = FILL_AREA_STYLE_COLOUR('',#12716);
#12731 = STYLED_ITEM('color',(#12732),#8215);
#12732 = PRESENTATION_STYLE_ASSIGNMENT((#12733));
#12733 = SURFACE_STYLE_USAGE(.BOTH.,#12734);
#12734 = SURFACE_SIDE_STYLE('',(#12735));
#12735 = SURFACE_STYLE_FILL_AREA(#12736);
#12736 = FILL_AREA_STYLE('',(#12737));
#12737 = FILL_AREA_STYLE_COLOUR('',#12716);
#12738 = STYLED_ITEM('color',(#12739),#8247);
#12739 = PRESENTATION_STYLE_ASSIGNMENT((#12740));
#12740 = SURFACE_STYLE_USAGE(.BOTH.,#12741);
#12741 = SURFACE_SIDE_STYLE('',(#12742));
#12742 = SURFACE_STYLE_FILL_AREA(#12743);
#12743 = FILL_AREA_STYLE('',(#12744));
#12744 = FILL_AREA_STYLE_COLOUR('',#12716);
#12745 = STYLED_ITEM('color',(#12746),#8266);
#12746 = PRESENTATION_STYLE_ASSIGNMENT((#12747));
#12747 = SURFACE_STYLE_USAGE(.BOTH.,#12748);
#12748 = SURFACE_SIDE_STYLE('',(#12749));
#12749 = SURFACE_STYLE_FILL_AREA(#12750);
#12750 = FILL_AREA_STYLE('',(#12751));
#12751 = FILL_AREA_STYLE_COLOUR('',#12716);
#12752 = STYLED_ITEM('color',(#12753),#8344);
#12753 = PRESENTATION_STYLE_ASSIGNMENT((#12754));
#12754 = SURFACE_STYLE_USAGE(.BOTH.,#12755);
#12755 = SURFACE_SIDE_STYLE('',(#12756));
#12756 = SURFACE_STYLE_FILL_AREA(#12757);
#12757 = FILL_AREA_STYLE('',(#12758));
#12758 = FILL_AREA_STYLE_COLOUR('',#12759);
#12759 = COLOUR_RGB('',0.823999987314,0.819999987296,0.781000009244);
#12760 = STYLED_ITEM('color',(#12761),#8375);
#12761 = PRESENTATION_STYLE_ASSIGNMENT((#12762));
#12762 = SURFACE_STYLE_USAGE(.BOTH.,#12763);
#12763 = SURFACE_SIDE_STYLE('',(#12764));
#12764 = SURFACE_STYLE_FILL_AREA(#12765);
#12765 = FILL_AREA_STYLE('',(#12766));
#12766 = FILL_AREA_STYLE_COLOUR('',#12759);
#12767 = STYLED_ITEM('color',(#12768),#8399);
#12768 = PRESENTATION_STYLE_ASSIGNMENT((#12769));
#12769 = SURFACE_STYLE_USAGE(.BOTH.,#12770);
#12770 = SURFACE_SIDE_STYLE('',(#12771));
#12771 = SURFACE_STYLE_FILL_AREA(#12772);
#12772 = FILL_AREA_STYLE('',(#12773));
#12773 = FILL_AREA_STYLE_COLOUR('',#12759);
#12774 = STYLED_ITEM('color',(#12775),#8423);
#12775 = PRESENTATION_STYLE_ASSIGNMENT((#12776));
#12776 = SURFACE_STYLE_USAGE(.BOTH.,#12777);
#12777 = SURFACE_SIDE_STYLE('',(#12778));
#12778 = SURFACE_STYLE_FILL_AREA(#12779);
#12779 = FILL_AREA_STYLE('',(#12780));
#12780 = FILL_AREA_STYLE_COLOUR('',#12759);
#12781 = STYLED_ITEM('color',(#12782),#8440);
#12782 = PRESENTATION_STYLE_ASSIGNMENT((#12783));
#12783 = SURFACE_STYLE_USAGE(.BOTH.,#12784);
#12784 = SURFACE_SIDE_STYLE('',(#12785));
#12785 = SURFACE_STYLE_FILL_AREA(#12786);
#12786 = FILL_AREA_STYLE('',(#12787));
#12787 = FILL_AREA_STYLE_COLOUR('',#12759);
#12788 = STYLED_ITEM('color',(#12789),#8471);
#12789 = PRESENTATION_STYLE_ASSIGNMENT((#12790));
#12790 = SURFACE_STYLE_USAGE(.BOTH.,#12791);
#12791 = SURFACE_SIDE_STYLE('',(#12792));
#12792 = SURFACE_STYLE_FILL_AREA(#12793);
#12793 = FILL_AREA_STYLE('',(#12794));
#12794 = FILL_AREA_STYLE_COLOUR('',#12759);
#12795 = STYLED_ITEM('color',(#12796),#8495);
#12796 = PRESENTATION_STYLE_ASSIGNMENT((#12797));
#12797 = SURFACE_STYLE_USAGE(.BOTH.,#12798);
#12798 = SURFACE_SIDE_STYLE('',(#12799));
#12799 = SURFACE_STYLE_FILL_AREA(#12800);
#12800 = FILL_AREA_STYLE('',(#12801));
#12801 = FILL_AREA_STYLE_COLOUR('',#12759);
#12802 = STYLED_ITEM('color',(#12803),#8519);
#12803 = PRESENTATION_STYLE_ASSIGNMENT((#12804));
#12804 = SURFACE_STYLE_USAGE(.BOTH.,#12805);
#12805 = SURFACE_SIDE_STYLE('',(#12806));
#12806 = SURFACE_STYLE_FILL_AREA(#12807);
#12807 = FILL_AREA_STYLE('',(#12808));
#12808 = FILL_AREA_STYLE_COLOUR('',#12759);
#12809 = STYLED_ITEM('color',(#12810),#8536);
#12810 = PRESENTATION_STYLE_ASSIGNMENT((#12811));
#12811 = SURFACE_STYLE_USAGE(.BOTH.,#12812);
#12812 = SURFACE_SIDE_STYLE('',(#12813));
#12813 = SURFACE_STYLE_FILL_AREA(#12814);
#12814 = FILL_AREA_STYLE('',(#12815));
#12815 = FILL_AREA_STYLE_COLOUR('',#12759);
#12816 = STYLED_ITEM('color',(#12817),#8548);
#12817 = PRESENTATION_STYLE_ASSIGNMENT((#12818));
#12818 = SURFACE_STYLE_USAGE(.BOTH.,#12819);
#12819 = SURFACE_SIDE_STYLE('',(#12820));
#12820 = SURFACE_STYLE_FILL_AREA(#12821);
#12821 = FILL_AREA_STYLE('',(#12822));
#12822 = FILL_AREA_STYLE_COLOUR('',#12759);
#12823 = MECHANICAL_DESIGN_GEOMETRIC_PRESENTATION_REPRESENTATION('',(
    #12824,#12834,#12843,#12852,#12861,#12870,#12879,#12888,#12897,
    #12906,#12915,#12924,#12933,#12942,#12951,#12960,#12969,#12978,
    #12987,#12996,#13005,#13014,#13023,#13032,#13041,#13050,#13059,
    #13068,#13077,#13086,#13095,#13104,#13113,#13122,#13131,#13140,
    #13149,#13158,#13167,#13176,#13185,#13194,#13203,#13212,#13221,
    #13230,#13239,#13248,#13257,#13266,#13275,#13284,#13293,#13302,
    #13311,#13320,#13329,#13338,#13347,#13356,#13365,#13374,#13383,
    #13392,#13401,#13410,#13419,#13428,#13437,#13446,#13455,#13464,
    #13473,#13482,#13491,#13500,#13509,#13518,#13527,#13536,#13545,
    #13554,#13563,#13572,#13581,#13590,#13599,#13608,#13617,#13626,
    #13635,#13644,#13653,#13662,#13671,#13680,#13689),#5228);
#12824 = STYLED_ITEM('color',(#12825),#2609);
#12825 = PRESENTATION_STYLE_ASSIGNMENT((#12826,#12832));
#12826 = SURFACE_STYLE_USAGE(.BOTH.,#12827);
#12827 = SURFACE_SIDE_STYLE('',(#12828));
#12828 = SURFACE_STYLE_FILL_AREA(#12829);
#12829 = FILL_AREA_STYLE('',(#12830));
#12830 = FILL_AREA_STYLE_COLOUR('',#12831);
#12831 = COLOUR_RGB('',0.339999993741,0.679999990811,0.445000007484);
#12832 = CURVE_STYLE('',#12833,POSITIVE_LENGTH_MEASURE(0.1),#12831);
#12833 = DRAUGHTING_PRE_DEFINED_CURVE_FONT('continuous');
#12834 = OVER_RIDING_STYLED_ITEM('overriding color',(#12835),#2711,
  #12824);
#12835 = PRESENTATION_STYLE_ASSIGNMENT((#12836,#12841));
#12836 = SURFACE_STYLE_USAGE(.BOTH.,#12837);
#12837 = SURFACE_SIDE_STYLE('',(#12838));
#12838 = SURFACE_STYLE_FILL_AREA(#12839);
#12839 = FILL_AREA_STYLE('',(#12840));
#12840 = FILL_AREA_STYLE_COLOUR('',#12759);
#12841 = CURVE_STYLE('',#12842,POSITIVE_LENGTH_MEASURE(0.1),#12759);
#12842 = DRAUGHTING_PRE_DEFINED_CURVE_FONT('continuous');
#12843 = OVER_RIDING_STYLED_ITEM('overriding color',(#12844),#2721,
  #12824);
#12844 = PRESENTATION_STYLE_ASSIGNMENT((#12845,#12850));
#12845 = SURFACE_STYLE_USAGE(.BOTH.,#12846);
#12846 = SURFACE_SIDE_STYLE('',(#12847));
#12847 = SURFACE_STYLE_FILL_AREA(#12848);
#12848 = FILL_AREA_STYLE('',(#12849));
#12849 = FILL_AREA_STYLE_COLOUR('',#12759);
#12850 = CURVE_STYLE('',#12851,POSITIVE_LENGTH_MEASURE(0.1),#12759);
#12851 = DRAUGHTING_PRE_DEFINED_CURVE_FONT('continuous');
#12852 = OVER_RIDING_STYLED_ITEM('overriding color',(#12853),#2729,
  #12824);
#12853 = PRESENTATION_STYLE_ASSIGNMENT((#12854,#12859));
#12854 = SURFACE_STYLE_USAGE(.BOTH.,#12855);
#12855 = SURFACE_SIDE_STYLE('',(#12856));
#12856 = SURFACE_STYLE_FILL_AREA(#12857);
#12857 = FILL_AREA_STYLE('',(#12858));
#12858 = FILL_AREA_STYLE_COLOUR('',#12759);
#12859 = CURVE_STYLE('',#12860,POSITIVE_LENGTH_MEASURE(0.1),#12759);
#12860 = DRAUGHTING_PRE_DEFINED_CURVE_FONT('continuous');
#12861 = OVER_RIDING_STYLED_ITEM('overriding color',(#12862),#2737,
  #12824);
#12862 = PRESENTATION_STYLE_ASSIGNMENT((#12863,#12868));
#12863 = SURFACE_STYLE_USAGE(.BOTH.,#12864);
#12864 = SURFACE_SIDE_STYLE('',(#12865));
#12865 = SURFACE_STYLE_FILL_AREA(#12866);
#12866 = FILL_AREA_STYLE('',(#12867));
#12867 = FILL_AREA_STYLE_COLOUR('',#12759);
#12868 = CURVE_STYLE('',#12869,POSITIVE_LENGTH_MEASURE(0.1),#12759);
#12869 = DRAUGHTING_PRE_DEFINED_CURVE_FONT('continuous');
#12870 = OVER_RIDING_STYLED_ITEM('overriding color',(#12871),#2745,
  #12824);
#12871 = PRESENTATION_STYLE_ASSIGNMENT((#12872,#12877));
#12872 = SURFACE_STYLE_USAGE(.BOTH.,#12873);
#12873 = SURFACE_SIDE_STYLE('',(#12874));
#12874 = SURFACE_STYLE_FILL_AREA(#12875);
#12875 = FILL_AREA_STYLE('',(#12876));
#12876 = FILL_AREA_STYLE_COLOUR('',#12759);
#12877 = CURVE_STYLE('',#12878,POSITIVE_LENGTH_MEASURE(0.1),#12759);
#12878 = DRAUGHTING_PRE_DEFINED_CURVE_FONT('continuous');
#12879 = OVER_RIDING_STYLED_ITEM('overriding color',(#12880),#2755,
  #12824);
#12880 = PRESENTATION_STYLE_ASSIGNMENT((#12881,#12886));
#12881 = SURFACE_STYLE_USAGE(.BOTH.,#12882);
#12882 = SURFACE_SIDE_STYLE('',(#12883));
#12883 = SURFACE_STYLE_FILL_AREA(#12884);
#12884 = FILL_AREA_STYLE('',(#12885));
#12885 = FILL_AREA_STYLE_COLOUR('',#12759);
#12886 = CURVE_STYLE('',#12887,POSITIVE_LENGTH_MEASURE(0.1),#12759);
#12887 = DRAUGHTING_PRE_DEFINED_CURVE_FONT('continuous');
#12888 = OVER_RIDING_STYLED_ITEM('overriding color',(#12889),#2763,
  #12824);
#12889 = PRESENTATION_STYLE_ASSIGNMENT((#12890,#12895));
#12890 = SURFACE_STYLE_USAGE(.BOTH.,#12891);
#12891 = SURFACE_SIDE_STYLE('',(#12892));
#12892 = SURFACE_STYLE_FILL_AREA(#12893);
#12893 = FILL_AREA_STYLE('',(#12894));
#12894 = FILL_AREA_STYLE_COLOUR('',#12759);
#12895 = CURVE_STYLE('',#12896,POSITIVE_LENGTH_MEASURE(0.1),#12759);
#12896 = DRAUGHTING_PRE_DEFINED_CURVE_FONT('continuous');
#12897 = OVER_RIDING_STYLED_ITEM('overriding color',(#12898),#2771,
  #12824);
#12898 = PRESENTATION_STYLE_ASSIGNMENT((#12899,#12904));
#12899 = SURFACE_STYLE_USAGE(.BOTH.,#12900);
#12900 = SURFACE_SIDE_STYLE('',(#12901));
#12901 = SURFACE_STYLE_FILL_AREA(#12902);
#12902 = FILL_AREA_STYLE('',(#12903));
#12903 = FILL_AREA_STYLE_COLOUR('',#12759);
#12904 = CURVE_STYLE('',#12905,POSITIVE_LENGTH_MEASURE(0.1),#12759);
#12905 = DRAUGHTING_PRE_DEFINED_CURVE_FONT('continuous');
#12906 = STYLED_ITEM('color',(#12907),#2781);
#12907 = PRESENTATION_STYLE_ASSIGNMENT((#12908,#12913));
#12908 = SURFACE_STYLE_USAGE(.BOTH.,#12909);
#12909 = SURFACE_SIDE_STYLE('',(#12910));
#12910 = SURFACE_STYLE_FILL_AREA(#12911);
#12911 = FILL_AREA_STYLE('',(#12912));
#12912 = FILL_AREA_STYLE_COLOUR('',#12831);
#12913 = CURVE_STYLE('',#12914,POSITIVE_LENGTH_MEASURE(0.1),#12831);
#12914 = DRAUGHTING_PRE_DEFINED_CURVE_FONT('continuous');
#12915 = STYLED_ITEM('color',(#12916),#2859);
#12916 = PRESENTATION_STYLE_ASSIGNMENT((#12917,#12922));
#12917 = SURFACE_STYLE_USAGE(.BOTH.,#12918);
#12918 = SURFACE_SIDE_STYLE('',(#12919));
#12919 = SURFACE_STYLE_FILL_AREA(#12920);
#12920 = FILL_AREA_STYLE('',(#12921));
#12921 = FILL_AREA_STYLE_COLOUR('',#12831);
#12922 = CURVE_STYLE('',#12923,POSITIVE_LENGTH_MEASURE(0.1),#12831);
#12923 = DRAUGHTING_PRE_DEFINED_CURVE_FONT('continuous');
#12924 = STYLED_ITEM('color',(#12925),#2951);
#12925 = PRESENTATION_STYLE_ASSIGNMENT((#12926,#12931));
#12926 = SURFACE_STYLE_USAGE(.BOTH.,#12927);
#12927 = SURFACE_SIDE_STYLE('',(#12928));
#12928 = SURFACE_STYLE_FILL_AREA(#12929);
#12929 = FILL_AREA_STYLE('',(#12930));
#12930 = FILL_AREA_STYLE_COLOUR('',#12831);
#12931 = CURVE_STYLE('',#12932,POSITIVE_LENGTH_MEASURE(0.1),#12831);
#12932 = DRAUGHTING_PRE_DEFINED_CURVE_FONT('continuous');
#12933 = STYLED_ITEM('color',(#12934),#2975);
#12934 = PRESENTATION_STYLE_ASSIGNMENT((#12935,#12940));
#12935 = SURFACE_STYLE_USAGE(.BOTH.,#12936);
#12936 = SURFACE_SIDE_STYLE('',(#12937));
#12937 = SURFACE_STYLE_FILL_AREA(#12938);
#12938 = FILL_AREA_STYLE('',(#12939));
#12939 = FILL_AREA_STYLE_COLOUR('',#12831);
#12940 = CURVE_STYLE('',#12941,POSITIVE_LENGTH_MEASURE(0.1),#12831);
#12941 = DRAUGHTING_PRE_DEFINED_CURVE_FONT('continuous');
#12942 = STYLED_ITEM('color',(#12943),#3046);
#12943 = PRESENTATION_STYLE_ASSIGNMENT((#12944,#12949));
#12944 = SURFACE_STYLE_USAGE(.BOTH.,#12945);
#12945 = SURFACE_SIDE_STYLE('',(#12946));
#12946 = SURFACE_STYLE_FILL_AREA(#12947);
#12947 = FILL_AREA_STYLE('',(#12948));
#12948 = FILL_AREA_STYLE_COLOUR('',#12831);
#12949 = CURVE_STYLE('',#12950,POSITIVE_LENGTH_MEASURE(0.1),#12831);
#12950 = DRAUGHTING_PRE_DEFINED_CURVE_FONT('continuous');
#12951 = STYLED_ITEM('color',(#12952),#3070);
#12952 = PRESENTATION_STYLE_ASSIGNMENT((#12953,#12958));
#12953 = SURFACE_STYLE_USAGE(.BOTH.,#12954);
#12954 = SURFACE_SIDE_STYLE('',(#12955));
#12955 = SURFACE_STYLE_FILL_AREA(#12956);
#12956 = FILL_AREA_STYLE('',(#12957));
#12957 = FILL_AREA_STYLE_COLOUR('',#12831);
#12958 = CURVE_STYLE('',#12959,POSITIVE_LENGTH_MEASURE(0.1),#12831);
#12959 = DRAUGHTING_PRE_DEFINED_CURVE_FONT('continuous');
#12960 = STYLED_ITEM('color',(#12961),#3094);
#12961 = PRESENTATION_STYLE_ASSIGNMENT((#12962,#12967));
#12962 = SURFACE_STYLE_USAGE(.BOTH.,#12963);
#12963 = SURFACE_SIDE_STYLE('',(#12964));
#12964 = SURFACE_STYLE_FILL_AREA(#12965);
#12965 = FILL_AREA_STYLE('',(#12966));
#12966 = FILL_AREA_STYLE_COLOUR('',#12831);
#12967 = CURVE_STYLE('',#12968,POSITIVE_LENGTH_MEASURE(0.1),#12831);
#12968 = DRAUGHTING_PRE_DEFINED_CURVE_FONT('continuous');
#12969 = STYLED_ITEM('color',(#12970),#3111);
#12970 = PRESENTATION_STYLE_ASSIGNMENT((#12971,#12976));
#12971 = SURFACE_STYLE_USAGE(.BOTH.,#12972);
#12972 = SURFACE_SIDE_STYLE('',(#12973));
#12973 = SURFACE_STYLE_FILL_AREA(#12974);
#12974 = FILL_AREA_STYLE('',(#12975));
#12975 = FILL_AREA_STYLE_COLOUR('',#12831);
#12976 = CURVE_STYLE('',#12977,POSITIVE_LENGTH_MEASURE(0.1),#12831);
#12977 = DRAUGHTING_PRE_DEFINED_CURVE_FONT('continuous');
#12978 = STYLED_ITEM('color',(#12979),#3135);
#12979 = PRESENTATION_STYLE_ASSIGNMENT((#12980,#12985));
#12980 = SURFACE_STYLE_USAGE(.BOTH.,#12981);
#12981 = SURFACE_SIDE_STYLE('',(#12982));
#12982 = SURFACE_STYLE_FILL_AREA(#12983);
#12983 = FILL_AREA_STYLE('',(#12984));
#12984 = FILL_AREA_STYLE_COLOUR('',#12831);
#12985 = CURVE_STYLE('',#12986,POSITIVE_LENGTH_MEASURE(0.1),#12831);
#12986 = DRAUGHTING_PRE_DEFINED_CURVE_FONT('continuous');
#12987 = STYLED_ITEM('color',(#12988),#3152);
#12988 = PRESENTATION_STYLE_ASSIGNMENT((#12989,#12994));
#12989 = SURFACE_STYLE_USAGE(.BOTH.,#12990);
#12990 = SURFACE_SIDE_STYLE('',(#12991));
#12991 = SURFACE_STYLE_FILL_AREA(#12992);
#12992 = FILL_AREA_STYLE('',(#12993));
#12993 = FILL_AREA_STYLE_COLOUR('',#12831);
#12994 = CURVE_STYLE('',#12995,POSITIVE_LENGTH_MEASURE(0.1),#12831);
#12995 = DRAUGHTING_PRE_DEFINED_CURVE_FONT('continuous');
#12996 = STYLED_ITEM('color',(#12997),#3169);
#12997 = PRESENTATION_STYLE_ASSIGNMENT((#12998,#13003));
#12998 = SURFACE_STYLE_USAGE(.BOTH.,#12999);
#12999 = SURFACE_SIDE_STYLE('',(#13000));
#13000 = SURFACE_STYLE_FILL_AREA(#13001);
#13001 = FILL_AREA_STYLE('',(#13002));
#13002 = FILL_AREA_STYLE_COLOUR('',#12759);
#13003 = CURVE_STYLE('',#13004,POSITIVE_LENGTH_MEASURE(0.1),#12759);
#13004 = DRAUGHTING_PRE_DEFINED_CURVE_FONT('continuous');
#13005 = STYLED_ITEM('color',(#13006),#3200);
#13006 = PRESENTATION_STYLE_ASSIGNMENT((#13007,#13012));
#13007 = SURFACE_STYLE_USAGE(.BOTH.,#13008);
#13008 = SURFACE_SIDE_STYLE('',(#13009));
#13009 = SURFACE_STYLE_FILL_AREA(#13010);
#13010 = FILL_AREA_STYLE('',(#13011));
#13011 = FILL_AREA_STYLE_COLOUR('',#12759);
#13012 = CURVE_STYLE('',#13013,POSITIVE_LENGTH_MEASURE(0.1),#12759);
#13013 = DRAUGHTING_PRE_DEFINED_CURVE_FONT('continuous');
#13014 = STYLED_ITEM('color',(#13015),#3224);
#13015 = PRESENTATION_STYLE_ASSIGNMENT((#13016,#13021));
#13016 = SURFACE_STYLE_USAGE(.BOTH.,#13017);
#13017 = SURFACE_SIDE_STYLE('',(#13018));
#13018 = SURFACE_STYLE_FILL_AREA(#13019);
#13019 = FILL_AREA_STYLE('',(#13020));
#13020 = FILL_AREA_STYLE_COLOUR('',#12759);
#13021 = CURVE_STYLE('',#13022,POSITIVE_LENGTH_MEASURE(0.1),#12759);
#13022 = DRAUGHTING_PRE_DEFINED_CURVE_FONT('continuous');
#13023 = STYLED_ITEM('color',(#13024),#3248);
#13024 = PRESENTATION_STYLE_ASSIGNMENT((#13025,#13030));
#13025 = SURFACE_STYLE_USAGE(.BOTH.,#13026);
#13026 = SURFACE_SIDE_STYLE('',(#13027));
#13027 = SURFACE_STYLE_FILL_AREA(#13028);
#13028 = FILL_AREA_STYLE('',(#13029));
#13029 = FILL_AREA_STYLE_COLOUR('',#12759);
#13030 = CURVE_STYLE('',#13031,POSITIVE_LENGTH_MEASURE(0.1),#12759);
#13031 = DRAUGHTING_PRE_DEFINED_CURVE_FONT('continuous');
#13032 = STYLED_ITEM('color',(#13033),#3265);
#13033 = PRESENTATION_STYLE_ASSIGNMENT((#13034,#13039));
#13034 = SURFACE_STYLE_USAGE(.BOTH.,#13035);
#13035 = SURFACE_SIDE_STYLE('',(#13036));
#13036 = SURFACE_STYLE_FILL_AREA(#13037);
#13037 = FILL_AREA_STYLE('',(#13038));
#13038 = FILL_AREA_STYLE_COLOUR('',#12759);
#13039 = CURVE_STYLE('',#13040,POSITIVE_LENGTH_MEASURE(0.1),#12759);
#13040 = DRAUGHTING_PRE_DEFINED_CURVE_FONT('continuous');
#13041 = STYLED_ITEM('color',(#13042),#3296);
#13042 = PRESENTATION_STYLE_ASSIGNMENT((#13043,#13048));
#13043 = SURFACE_STYLE_USAGE(.BOTH.,#13044);
#13044 = SURFACE_SIDE_STYLE('',(#13045));
#13045 = SURFACE_STYLE_FILL_AREA(#13046);
#13046 = FILL_AREA_STYLE('',(#13047));
#13047 = FILL_AREA_STYLE_COLOUR('',#12759);
#13048 = CURVE_STYLE('',#13049,POSITIVE_LENGTH_MEASURE(0.1),#12759);
#13049 = DRAUGHTING_PRE_DEFINED_CURVE_FONT('continuous');
#13050 = STYLED_ITEM('color',(#13051),#3320);
#13051 = PRESENTATION_STYLE_ASSIGNMENT((#13052,#13057));
#13052 = SURFACE_STYLE_USAGE(.BOTH.,#13053);
#13053 = SURFACE_SIDE_STYLE('',(#13054));
#13054 = SURFACE_STYLE_FILL_AREA(#13055);
#13055 = FILL_AREA_STYLE('',(#13056));
#13056 = FILL_AREA_STYLE_COLOUR('',#12759);
#13057 = CURVE_STYLE('',#13058,POSITIVE_LENGTH_MEASURE(0.1),#12759);
#13058 = DRAUGHTING_PRE_DEFINED_CURVE_FONT('continuous');
#13059 = STYLED_ITEM('color',(#13060),#3344);
#13060 = PRESENTATION_STYLE_ASSIGNMENT((#13061,#13066));
#13061 = SURFACE_STYLE_USAGE(.BOTH.,#13062);
#13062 = SURFACE_SIDE_STYLE('',(#13063));
#13063 = SURFACE_STYLE_FILL_AREA(#13064);
#13064 = FILL_AREA_STYLE('',(#13065));
#13065 = FILL_AREA_STYLE_COLOUR('',#12759);
#13066 = CURVE_STYLE('',#13067,POSITIVE_LENGTH_MEASURE(0.1),#12759);
#13067 = DRAUGHTING_PRE_DEFINED_CURVE_FONT('continuous');
#13068 = STYLED_ITEM('color',(#13069),#3361);
#13069 = PRESENTATION_STYLE_ASSIGNMENT((#13070,#13075));
#13070 = SURFACE_STYLE_USAGE(.BOTH.,#13071);
#13071 = SURFACE_SIDE_STYLE('',(#13072));
#13072 = SURFACE_STYLE_FILL_AREA(#13073);
#13073 = FILL_AREA_STYLE('',(#13074));
#13074 = FILL_AREA_STYLE_COLOUR('',#12831);
#13075 = CURVE_STYLE('',#13076,POSITIVE_LENGTH_MEASURE(0.1),#12831);
#13076 = DRAUGHTING_PRE_DEFINED_CURVE_FONT('continuous');
#13077 = STYLED_ITEM('color',(#13078),#3383);
#13078 = PRESENTATION_STYLE_ASSIGNMENT((#13079,#13084));
#13079 = SURFACE_STYLE_USAGE(.BOTH.,#13080);
#13080 = SURFACE_SIDE_STYLE('',(#13081));
#13081 = SURFACE_STYLE_FILL_AREA(#13082);
#13082 = FILL_AREA_STYLE('',(#13083));
#13083 = FILL_AREA_STYLE_COLOUR('',#12831);
#13084 = CURVE_STYLE('',#13085,POSITIVE_LENGTH_MEASURE(0.1),#12831);
#13085 = DRAUGHTING_PRE_DEFINED_CURVE_FONT('continuous');
#13086 = STYLED_ITEM('color',(#13087),#3422);
#13087 = PRESENTATION_STYLE_ASSIGNMENT((#13088,#13093));
#13088 = SURFACE_STYLE_USAGE(.BOTH.,#13089);
#13089 = SURFACE_SIDE_STYLE('',(#13090));
#13090 = SURFACE_STYLE_FILL_AREA(#13091);
#13091 = FILL_AREA_STYLE('',(#13092));
#13092 = FILL_AREA_STYLE_COLOUR('',#12831);
#13093 = CURVE_STYLE('',#13094,POSITIVE_LENGTH_MEASURE(0.1),#12831);
#13094 = DRAUGHTING_PRE_DEFINED_CURVE_FONT('continuous');
#13095 = STYLED_ITEM('color',(#13096),#3434);
#13096 = PRESENTATION_STYLE_ASSIGNMENT((#13097,#13102));
#13097 = SURFACE_STYLE_USAGE(.BOTH.,#13098);
#13098 = SURFACE_SIDE_STYLE('',(#13099));
#13099 = SURFACE_STYLE_FILL_AREA(#13100);
#13100 = FILL_AREA_STYLE('',(#13101));
#13101 = FILL_AREA_STYLE_COLOUR('',#12831);
#13102 = CURVE_STYLE('',#13103,POSITIVE_LENGTH_MEASURE(0.1),#12831);
#13103 = DRAUGHTING_PRE_DEFINED_CURVE_FONT('continuous');
#13104 = STYLED_ITEM('color',(#13105),#3446);
#13105 = PRESENTATION_STYLE_ASSIGNMENT((#13106,#13111));
#13106 = SURFACE_STYLE_USAGE(.BOTH.,#13107);
#13107 = SURFACE_SIDE_STYLE('',(#13108));
#13108 = SURFACE_STYLE_FILL_AREA(#13109);
#13109 = FILL_AREA_STYLE('',(#13110));
#13110 = FILL_AREA_STYLE_COLOUR('',#12831);
#13111 = CURVE_STYLE('',#13112,POSITIVE_LENGTH_MEASURE(0.1),#12831);
#13112 = DRAUGHTING_PRE_DEFINED_CURVE_FONT('continuous');
#13113 = STYLED_ITEM('color',(#13114),#3458);
#13114 = PRESENTATION_STYLE_ASSIGNMENT((#13115,#13120));
#13115 = SURFACE_STYLE_USAGE(.BOTH.,#13116);
#13116 = SURFACE_SIDE_STYLE('',(#13117));
#13117 = SURFACE_STYLE_FILL_AREA(#13118);
#13118 = FILL_AREA_STYLE('',(#13119));
#13119 = FILL_AREA_STYLE_COLOUR('',#12831);
#13120 = CURVE_STYLE('',#13121,POSITIVE_LENGTH_MEASURE(0.1),#12831);
#13121 = DRAUGHTING_PRE_DEFINED_CURVE_FONT('continuous');
#13122 = STYLED_ITEM('color',(#13123),#3487);
#13123 = PRESENTATION_STYLE_ASSIGNMENT((#13124,#13129));
#13124 = SURFACE_STYLE_USAGE(.BOTH.,#13125);
#13125 = SURFACE_SIDE_STYLE('',(#13126));
#13126 = SURFACE_STYLE_FILL_AREA(#13127);
#13127 = FILL_AREA_STYLE('',(#13128));
#13128 = FILL_AREA_STYLE_COLOUR('',#12831);
#13129 = CURVE_STYLE('',#13130,POSITIVE_LENGTH_MEASURE(0.1),#12831);
#13130 = DRAUGHTING_PRE_DEFINED_CURVE_FONT('continuous');
#13131 = STYLED_ITEM('color',(#13132),#3510);
#13132 = PRESENTATION_STYLE_ASSIGNMENT((#13133,#13138));
#13133 = SURFACE_STYLE_USAGE(.BOTH.,#13134);
#13134 = SURFACE_SIDE_STYLE('',(#13135));
#13135 = SURFACE_STYLE_FILL_AREA(#13136);
#13136 = FILL_AREA_STYLE('',(#13137));
#13137 = FILL_AREA_STYLE_COLOUR('',#12831);
#13138 = CURVE_STYLE('',#13139,POSITIVE_LENGTH_MEASURE(0.1),#12831);
#13139 = DRAUGHTING_PRE_DEFINED_CURVE_FONT('continuous');
#13140 = STYLED_ITEM('color',(#13141),#3533);
#13141 = PRESENTATION_STYLE_ASSIGNMENT((#13142,#13147));
#13142 = SURFACE_STYLE_USAGE(.BOTH.,#13143);
#13143 = SURFACE_SIDE_STYLE('',(#13144));
#13144 = SURFACE_STYLE_FILL_AREA(#13145);
#13145 = FILL_AREA_STYLE('',(#13146));
#13146 = FILL_AREA_STYLE_COLOUR('',#12831);
#13147 = CURVE_STYLE('',#13148,POSITIVE_LENGTH_MEASURE(0.1),#12831);
#13148 = DRAUGHTING_PRE_DEFINED_CURVE_FONT('continuous');
#13149 = STYLED_ITEM('color',(#13150),#3550);
#13150 = PRESENTATION_STYLE_ASSIGNMENT((#13151,#13156));
#13151 = SURFACE_STYLE_USAGE(.BOTH.,#13152);
#13152 = SURFACE_SIDE_STYLE('',(#13153));
#13153 = SURFACE_STYLE_FILL_AREA(#13154);
#13154 = FILL_AREA_STYLE('',(#13155));
#13155 = FILL_AREA_STYLE_COLOUR('',#12831);
#13156 = CURVE_STYLE('',#13157,POSITIVE_LENGTH_MEASURE(0.1),#12831);
#13157 = DRAUGHTING_PRE_DEFINED_CURVE_FONT('continuous');
#13158 = STYLED_ITEM('color',(#13159),#3579);
#13159 = PRESENTATION_STYLE_ASSIGNMENT((#13160,#13165));
#13160 = SURFACE_STYLE_USAGE(.BOTH.,#13161);
#13161 = SURFACE_SIDE_STYLE('',(#13162));
#13162 = SURFACE_STYLE_FILL_AREA(#13163);
#13163 = FILL_AREA_STYLE('',(#13164));
#13164 = FILL_AREA_STYLE_COLOUR('',#12831);
#13165 = CURVE_STYLE('',#13166,POSITIVE_LENGTH_MEASURE(0.1),#12831);
#13166 = DRAUGHTING_PRE_DEFINED_CURVE_FONT('continuous');
#13167 = STYLED_ITEM('color',(#13168),#3602);
#13168 = PRESENTATION_STYLE_ASSIGNMENT((#13169,#13174));
#13169 = SURFACE_STYLE_USAGE(.BOTH.,#13170);
#13170 = SURFACE_SIDE_STYLE('',(#13171));
#13171 = SURFACE_STYLE_FILL_AREA(#13172);
#13172 = FILL_AREA_STYLE('',(#13173));
#13173 = FILL_AREA_STYLE_COLOUR('',#12831);
#13174 = CURVE_STYLE('',#13175,POSITIVE_LENGTH_MEASURE(0.1),#12831);
#13175 = DRAUGHTING_PRE_DEFINED_CURVE_FONT('continuous');
#13176 = STYLED_ITEM('color',(#13177),#3625);
#13177 = PRESENTATION_STYLE_ASSIGNMENT((#13178,#13183));
#13178 = SURFACE_STYLE_USAGE(.BOTH.,#13179);
#13179 = SURFACE_SIDE_STYLE('',(#13180));
#13180 = SURFACE_STYLE_FILL_AREA(#13181);
#13181 = FILL_AREA_STYLE('',(#13182));
#13182 = FILL_AREA_STYLE_COLOUR('',#12831);
#13183 = CURVE_STYLE('',#13184,POSITIVE_LENGTH_MEASURE(0.1),#12831);
#13184 = DRAUGHTING_PRE_DEFINED_CURVE_FONT('continuous');
#13185 = STYLED_ITEM('color',(#13186),#3642);
#13186 = PRESENTATION_STYLE_ASSIGNMENT((#13187,#13192));
#13187 = SURFACE_STYLE_USAGE(.BOTH.,#13188);
#13188 = SURFACE_SIDE_STYLE('',(#13189));
#13189 = SURFACE_STYLE_FILL_AREA(#13190);
#13190 = FILL_AREA_STYLE('',(#13191));
#13191 = FILL_AREA_STYLE_COLOUR('',#12831);
#13192 = CURVE_STYLE('',#13193,POSITIVE_LENGTH_MEASURE(0.1),#12831);
#13193 = DRAUGHTING_PRE_DEFINED_CURVE_FONT('continuous');
#13194 = STYLED_ITEM('color',(#13195),#3654);
#13195 = PRESENTATION_STYLE_ASSIGNMENT((#13196,#13201));
#13196 = SURFACE_STYLE_USAGE(.BOTH.,#13197);
#13197 = SURFACE_SIDE_STYLE('',(#13198));
#13198 = SURFACE_STYLE_FILL_AREA(#13199);
#13199 = FILL_AREA_STYLE('',(#13200));
#13200 = FILL_AREA_STYLE_COLOUR('',#12759);
#13201 = CURVE_STYLE('',#13202,POSITIVE_LENGTH_MEASURE(0.1),#12759);
#13202 = DRAUGHTING_PRE_DEFINED_CURVE_FONT('continuous');
#13203 = STYLED_ITEM('color',(#13204),#3666);
#13204 = PRESENTATION_STYLE_ASSIGNMENT((#13205,#13210));
#13205 = SURFACE_STYLE_USAGE(.BOTH.,#13206);
#13206 = SURFACE_SIDE_STYLE('',(#13207));
#13207 = SURFACE_STYLE_FILL_AREA(#13208);
#13208 = FILL_AREA_STYLE('',(#13209));
#13209 = FILL_AREA_STYLE_COLOUR('',#12759);
#13210 = CURVE_STYLE('',#13211,POSITIVE_LENGTH_MEASURE(0.1),#12759);
#13211 = DRAUGHTING_PRE_DEFINED_CURVE_FONT('continuous');
#13212 = STYLED_ITEM('color',(#13213),#3678);
#13213 = PRESENTATION_STYLE_ASSIGNMENT((#13214,#13219));
#13214 = SURFACE_STYLE_USAGE(.BOTH.,#13215);
#13215 = SURFACE_SIDE_STYLE('',(#13216));
#13216 = SURFACE_STYLE_FILL_AREA(#13217);
#13217 = FILL_AREA_STYLE('',(#13218));
#13218 = FILL_AREA_STYLE_COLOUR('',#12831);
#13219 = CURVE_STYLE('',#13220,POSITIVE_LENGTH_MEASURE(0.1),#12831);
#13220 = DRAUGHTING_PRE_DEFINED_CURVE_FONT('continuous');
#13221 = STYLED_ITEM('color',(#13222),#3789);
#13222 = PRESENTATION_STYLE_ASSIGNMENT((#13223,#13228));
#13223 = SURFACE_STYLE_USAGE(.BOTH.,#13224);
#13224 = SURFACE_SIDE_STYLE('',(#13225));
#13225 = SURFACE_STYLE_FILL_AREA(#13226);
#13226 = FILL_AREA_STYLE('',(#13227));
#13227 = FILL_AREA_STYLE_COLOUR('',#12831);
#13228 = CURVE_STYLE('',#13229,POSITIVE_LENGTH_MEASURE(0.1),#12831);
#13229 = DRAUGHTING_PRE_DEFINED_CURVE_FONT('continuous');
#13230 = STYLED_ITEM('color',(#13231),#3900);
#13231 = PRESENTATION_STYLE_ASSIGNMENT((#13232,#13237));
#13232 = SURFACE_STYLE_USAGE(.BOTH.,#13233);
#13233 = SURFACE_SIDE_STYLE('',(#13234));
#13234 = SURFACE_STYLE_FILL_AREA(#13235);
#13235 = FILL_AREA_STYLE('',(#13236));
#13236 = FILL_AREA_STYLE_COLOUR('',#12831);
#13237 = CURVE_STYLE('',#13238,POSITIVE_LENGTH_MEASURE(0.1),#12831);
#13238 = DRAUGHTING_PRE_DEFINED_CURVE_FONT('continuous');
#13239 = STYLED_ITEM('color',(#13240),#3931);
#13240 = PRESENTATION_STYLE_ASSIGNMENT((#13241,#13246));
#13241 = SURFACE_STYLE_USAGE(.BOTH.,#13242);
#13242 = SURFACE_SIDE_STYLE('',(#13243));
#13243 = SURFACE_STYLE_FILL_AREA(#13244);
#13244 = FILL_AREA_STYLE('',(#13245));
#13245 = FILL_AREA_STYLE_COLOUR('',#12831);
#13246 = CURVE_STYLE('',#13247,POSITIVE_LENGTH_MEASURE(0.1),#12831);
#13247 = DRAUGHTING_PRE_DEFINED_CURVE_FONT('continuous');
#13248 = STYLED_ITEM('color',(#13249),#3955);
#13249 = PRESENTATION_STYLE_ASSIGNMENT((#13250,#13255));
#13250 = SURFACE_STYLE_USAGE(.BOTH.,#13251);
#13251 = SURFACE_SIDE_STYLE('',(#13252));
#13252 = SURFACE_STYLE_FILL_AREA(#13253);
#13253 = FILL_AREA_STYLE('',(#13254));
#13254 = FILL_AREA_STYLE_COLOUR('',#12831);
#13255 = CURVE_STYLE('',#13256,POSITIVE_LENGTH_MEASURE(0.1),#12831);
#13256 = DRAUGHTING_PRE_DEFINED_CURVE_FONT('continuous');
#13257 = STYLED_ITEM('color',(#13258),#3979);
#13258 = PRESENTATION_STYLE_ASSIGNMENT((#13259,#13264));
#13259 = SURFACE_STYLE_USAGE(.BOTH.,#13260);
#13260 = SURFACE_SIDE_STYLE('',(#13261));
#13261 = SURFACE_STYLE_FILL_AREA(#13262);
#13262 = FILL_AREA_STYLE('',(#13263));
#13263 = FILL_AREA_STYLE_COLOUR('',#12831);
#13264 = CURVE_STYLE('',#13265,POSITIVE_LENGTH_MEASURE(0.1),#12831);
#13265 = DRAUGHTING_PRE_DEFINED_CURVE_FONT('continuous');
#13266 = STYLED_ITEM('color',(#13267),#4003);
#13267 = PRESENTATION_STYLE_ASSIGNMENT((#13268,#13273));
#13268 = SURFACE_STYLE_USAGE(.BOTH.,#13269);
#13269 = SURFACE_SIDE_STYLE('',(#13270));
#13270 = SURFACE_STYLE_FILL_AREA(#13271);
#13271 = FILL_AREA_STYLE('',(#13272));
#13272 = FILL_AREA_STYLE_COLOUR('',#12831);
#13273 = CURVE_STYLE('',#13274,POSITIVE_LENGTH_MEASURE(0.1),#12831);
#13274 = DRAUGHTING_PRE_DEFINED_CURVE_FONT('continuous');
#13275 = STYLED_ITEM('color',(#13276),#4034);
#13276 = PRESENTATION_STYLE_ASSIGNMENT((#13277,#13282));
#13277 = SURFACE_STYLE_USAGE(.BOTH.,#13278);
#13278 = SURFACE_SIDE_STYLE('',(#13279));
#13279 = SURFACE_STYLE_FILL_AREA(#13280);
#13280 = FILL_AREA_STYLE('',(#13281));
#13281 = FILL_AREA_STYLE_COLOUR('',#12831);
#13282 = CURVE_STYLE('',#13283,POSITIVE_LENGTH_MEASURE(0.1),#12831);
#13283 = DRAUGHTING_PRE_DEFINED_CURVE_FONT('continuous');
#13284 = STYLED_ITEM('color',(#13285),#4058);
#13285 = PRESENTATION_STYLE_ASSIGNMENT((#13286,#13291));
#13286 = SURFACE_STYLE_USAGE(.BOTH.,#13287);
#13287 = SURFACE_SIDE_STYLE('',(#13288));
#13288 = SURFACE_STYLE_FILL_AREA(#13289);
#13289 = FILL_AREA_STYLE('',(#13290));
#13290 = FILL_AREA_STYLE_COLOUR('',#12831);
#13291 = CURVE_STYLE('',#13292,POSITIVE_LENGTH_MEASURE(0.1),#12831);
#13292 = DRAUGHTING_PRE_DEFINED_CURVE_FONT('continuous');
#13293 = STYLED_ITEM('color',(#13294),#4082);
#13294 = PRESENTATION_STYLE_ASSIGNMENT((#13295,#13300));
#13295 = SURFACE_STYLE_USAGE(.BOTH.,#13296);
#13296 = SURFACE_SIDE_STYLE('',(#13297));
#13297 = SURFACE_STYLE_FILL_AREA(#13298);
#13298 = FILL_AREA_STYLE('',(#13299));
#13299 = FILL_AREA_STYLE_COLOUR('',#12831);
#13300 = CURVE_STYLE('',#13301,POSITIVE_LENGTH_MEASURE(0.1),#12831);
#13301 = DRAUGHTING_PRE_DEFINED_CURVE_FONT('continuous');
#13302 = STYLED_ITEM('color',(#13303),#4106);
#13303 = PRESENTATION_STYLE_ASSIGNMENT((#13304,#13309));
#13304 = SURFACE_STYLE_USAGE(.BOTH.,#13305);
#13305 = SURFACE_SIDE_STYLE('',(#13306));
#13306 = SURFACE_STYLE_FILL_AREA(#13307);
#13307 = FILL_AREA_STYLE('',(#13308));
#13308 = FILL_AREA_STYLE_COLOUR('',#12831);
#13309 = CURVE_STYLE('',#13310,POSITIVE_LENGTH_MEASURE(0.1),#12831);
#13310 = DRAUGHTING_PRE_DEFINED_CURVE_FONT('continuous');
#13311 = STYLED_ITEM('color',(#13312),#4122);
#13312 = PRESENTATION_STYLE_ASSIGNMENT((#13313,#13318));
#13313 = SURFACE_STYLE_USAGE(.BOTH.,#13314);
#13314 = SURFACE_SIDE_STYLE('',(#13315));
#13315 = SURFACE_STYLE_FILL_AREA(#13316);
#13316 = FILL_AREA_STYLE('',(#13317));
#13317 = FILL_AREA_STYLE_COLOUR('',#12759);
#13318 = CURVE_STYLE('',#13319,POSITIVE_LENGTH_MEASURE(0.1),#12759);
#13319 = DRAUGHTING_PRE_DEFINED_CURVE_FONT('continuous');
#13320 = STYLED_ITEM('color',(#13321),#4155);
#13321 = PRESENTATION_STYLE_ASSIGNMENT((#13322,#13327));
#13322 = SURFACE_STYLE_USAGE(.BOTH.,#13323);
#13323 = SURFACE_SIDE_STYLE('',(#13324));
#13324 = SURFACE_STYLE_FILL_AREA(#13325);
#13325 = FILL_AREA_STYLE('',(#13326));
#13326 = FILL_AREA_STYLE_COLOUR('',#12759);
#13327 = CURVE_STYLE('',#13328,POSITIVE_LENGTH_MEASURE(0.1),#12759);
#13328 = DRAUGHTING_PRE_DEFINED_CURVE_FONT('continuous');
#13329 = STYLED_ITEM('color',(#13330),#4180);
#13330 = PRESENTATION_STYLE_ASSIGNMENT((#13331,#13336));
#13331 = SURFACE_STYLE_USAGE(.BOTH.,#13332);
#13332 = SURFACE_SIDE_STYLE('',(#13333));
#13333 = SURFACE_STYLE_FILL_AREA(#13334);
#13334 = FILL_AREA_STYLE('',(#13335));
#13335 = FILL_AREA_STYLE_COLOUR('',#12759);
#13336 = CURVE_STYLE('',#13337,POSITIVE_LENGTH_MEASURE(0.1),#12759);
#13337 = DRAUGHTING_PRE_DEFINED_CURVE_FONT('continuous');
#13338 = STYLED_ITEM('color',(#13339),#4212);
#13339 = PRESENTATION_STYLE_ASSIGNMENT((#13340,#13345));
#13340 = SURFACE_STYLE_USAGE(.BOTH.,#13341);
#13341 = SURFACE_SIDE_STYLE('',(#13342));
#13342 = SURFACE_STYLE_FILL_AREA(#13343);
#13343 = FILL_AREA_STYLE('',(#13344));
#13344 = FILL_AREA_STYLE_COLOUR('',#12759);
#13345 = CURVE_STYLE('',#13346,POSITIVE_LENGTH_MEASURE(0.1),#12759);
#13346 = DRAUGHTING_PRE_DEFINED_CURVE_FONT('continuous');
#13347 = STYLED_ITEM('color',(#13348),#4243);
#13348 = PRESENTATION_STYLE_ASSIGNMENT((#13349,#13354));
#13349 = SURFACE_STYLE_USAGE(.BOTH.,#13350);
#13350 = SURFACE_SIDE_STYLE('',(#13351));
#13351 = SURFACE_STYLE_FILL_AREA(#13352);
#13352 = FILL_AREA_STYLE('',(#13353));
#13353 = FILL_AREA_STYLE_COLOUR('',#12831);
#13354 = CURVE_STYLE('',#13355,POSITIVE_LENGTH_MEASURE(0.1),#12831);
#13355 = DRAUGHTING_PRE_DEFINED_CURVE_FONT('continuous');
#13356 = STYLED_ITEM('color',(#13357),#4253);
#13357 = PRESENTATION_STYLE_ASSIGNMENT((#13358,#13363));
#13358 = SURFACE_STYLE_USAGE(.BOTH.,#13359);
#13359 = SURFACE_SIDE_STYLE('',(#13360));
#13360 = SURFACE_STYLE_FILL_AREA(#13361);
#13361 = FILL_AREA_STYLE('',(#13362));
#13362 = FILL_AREA_STYLE_COLOUR('',#12759);
#13363 = CURVE_STYLE('',#13364,POSITIVE_LENGTH_MEASURE(0.1),#12759);
#13364 = DRAUGHTING_PRE_DEFINED_CURVE_FONT('continuous');
#13365 = STYLED_ITEM('color',(#13366),#4271);
#13366 = PRESENTATION_STYLE_ASSIGNMENT((#13367,#13372));
#13367 = SURFACE_STYLE_USAGE(.BOTH.,#13368);
#13368 = SURFACE_SIDE_STYLE('',(#13369));
#13369 = SURFACE_STYLE_FILL_AREA(#13370);
#13370 = FILL_AREA_STYLE('',(#13371));
#13371 = FILL_AREA_STYLE_COLOUR('',#12831);
#13372 = CURVE_STYLE('',#13373,POSITIVE_LENGTH_MEASURE(0.1),#12831);
#13373 = DRAUGHTING_PRE_DEFINED_CURVE_FONT('continuous');
#13374 = STYLED_ITEM('color',(#13375),#4287);
#13375 = PRESENTATION_STYLE_ASSIGNMENT((#13376,#13381));
#13376 = SURFACE_STYLE_USAGE(.BOTH.,#13377);
#13377 = SURFACE_SIDE_STYLE('',(#13378));
#13378 = SURFACE_STYLE_FILL_AREA(#13379);
#13379 = FILL_AREA_STYLE('',(#13380));
#13380 = FILL_AREA_STYLE_COLOUR('',#12759);
#13381 = CURVE_STYLE('',#13382,POSITIVE_LENGTH_MEASURE(0.1),#12759);
#13382 = DRAUGHTING_PRE_DEFINED_CURVE_FONT('continuous');
#13383 = STYLED_ITEM('color',(#13384),#4320);
#13384 = PRESENTATION_STYLE_ASSIGNMENT((#13385,#13390));
#13385 = SURFACE_STYLE_USAGE(.BOTH.,#13386);
#13386 = SURFACE_SIDE_STYLE('',(#13387));
#13387 = SURFACE_STYLE_FILL_AREA(#13388);
#13388 = FILL_AREA_STYLE('',(#13389));
#13389 = FILL_AREA_STYLE_COLOUR('',#12759);
#13390 = CURVE_STYLE('',#13391,POSITIVE_LENGTH_MEASURE(0.1),#12759);
#13391 = DRAUGHTING_PRE_DEFINED_CURVE_FONT('continuous');
#13392 = STYLED_ITEM('color',(#13393),#4345);
#13393 = PRESENTATION_STYLE_ASSIGNMENT((#13394,#13399));
#13394 = SURFACE_STYLE_USAGE(.BOTH.,#13395);
#13395 = SURFACE_SIDE_STYLE('',(#13396));
#13396 = SURFACE_STYLE_FILL_AREA(#13397);
#13397 = FILL_AREA_STYLE('',(#13398));
#13398 = FILL_AREA_STYLE_COLOUR('',#12759);
#13399 = CURVE_STYLE('',#13400,POSITIVE_LENGTH_MEASURE(0.1),#12759);
#13400 = DRAUGHTING_PRE_DEFINED_CURVE_FONT('continuous');
#13401 = STYLED_ITEM('color',(#13402),#4377);
#13402 = PRESENTATION_STYLE_ASSIGNMENT((#13403,#13408));
#13403 = SURFACE_STYLE_USAGE(.BOTH.,#13404);
#13404 = SURFACE_SIDE_STYLE('',(#13405));
#13405 = SURFACE_STYLE_FILL_AREA(#13406);
#13406 = FILL_AREA_STYLE('',(#13407));
#13407 = FILL_AREA_STYLE_COLOUR('',#12759);
#13408 = CURVE_STYLE('',#13409,POSITIVE_LENGTH_MEASURE(0.1),#12759);
#13409 = DRAUGHTING_PRE_DEFINED_CURVE_FONT('continuous');
#13410 = STYLED_ITEM('color',(#13411),#4408);
#13411 = PRESENTATION_STYLE_ASSIGNMENT((#13412,#13417));
#13412 = SURFACE_STYLE_USAGE(.BOTH.,#13413);
#13413 = SURFACE_SIDE_STYLE('',(#13414));
#13414 = SURFACE_STYLE_FILL_AREA(#13415);
#13415 = FILL_AREA_STYLE('',(#13416));
#13416 = FILL_AREA_STYLE_COLOUR('',#12831);
#13417 = CURVE_STYLE('',#13418,POSITIVE_LENGTH_MEASURE(0.1),#12831);
#13418 = DRAUGHTING_PRE_DEFINED_CURVE_FONT('continuous');
#13419 = STYLED_ITEM('color',(#13420),#4418);
#13420 = PRESENTATION_STYLE_ASSIGNMENT((#13421,#13426));
#13421 = SURFACE_STYLE_USAGE(.BOTH.,#13422);
#13422 = SURFACE_SIDE_STYLE('',(#13423));
#13423 = SURFACE_STYLE_FILL_AREA(#13424);
#13424 = FILL_AREA_STYLE('',(#13425));
#13425 = FILL_AREA_STYLE_COLOUR('',#12759);
#13426 = CURVE_STYLE('',#13427,POSITIVE_LENGTH_MEASURE(0.1),#12759);
#13427 = DRAUGHTING_PRE_DEFINED_CURVE_FONT('continuous');
#13428 = STYLED_ITEM('color',(#13429),#4436);
#13429 = PRESENTATION_STYLE_ASSIGNMENT((#13430,#13435));
#13430 = SURFACE_STYLE_USAGE(.BOTH.,#13431);
#13431 = SURFACE_SIDE_STYLE('',(#13432));
#13432 = SURFACE_STYLE_FILL_AREA(#13433);
#13433 = FILL_AREA_STYLE('',(#13434));
#13434 = FILL_AREA_STYLE_COLOUR('',#12759);
#13435 = CURVE_STYLE('',#13436,POSITIVE_LENGTH_MEASURE(0.1),#12759);
#13436 = DRAUGHTING_PRE_DEFINED_CURVE_FONT('continuous');
#13437 = STYLED_ITEM('color',(#13438),#4491);
#13438 = PRESENTATION_STYLE_ASSIGNMENT((#13439,#13444));
#13439 = SURFACE_STYLE_USAGE(.BOTH.,#13440);
#13440 = SURFACE_SIDE_STYLE('',(#13441));
#13441 = SURFACE_STYLE_FILL_AREA(#13442);
#13442 = FILL_AREA_STYLE('',(#13443));
#13443 = FILL_AREA_STYLE_COLOUR('',#12759);
#13444 = CURVE_STYLE('',#13445,POSITIVE_LENGTH_MEASURE(0.1),#12759);
#13445 = DRAUGHTING_PRE_DEFINED_CURVE_FONT('continuous');
#13446 = STYLED_ITEM('color',(#13447),#4546);
#13447 = PRESENTATION_STYLE_ASSIGNMENT((#13448,#13453));
#13448 = SURFACE_STYLE_USAGE(.BOTH.,#13449);
#13449 = SURFACE_SIDE_STYLE('',(#13450));
#13450 = SURFACE_STYLE_FILL_AREA(#13451);
#13451 = FILL_AREA_STYLE('',(#13452));
#13452 = FILL_AREA_STYLE_COLOUR('',#12759);
#13453 = CURVE_STYLE('',#13454,POSITIVE_LENGTH_MEASURE(0.1),#12759);
#13454 = DRAUGHTING_PRE_DEFINED_CURVE_FONT('continuous');
#13455 = STYLED_ITEM('color',(#13456),#4571);
#13456 = PRESENTATION_STYLE_ASSIGNMENT((#13457,#13462));
#13457 = SURFACE_STYLE_USAGE(.BOTH.,#13458);
#13458 = SURFACE_SIDE_STYLE('',(#13459));
#13459 = SURFACE_STYLE_FILL_AREA(#13460);
#13460 = FILL_AREA_STYLE('',(#13461));
#13461 = FILL_AREA_STYLE_COLOUR('',#12759);
#13462 = CURVE_STYLE('',#13463,POSITIVE_LENGTH_MEASURE(0.1),#12759);
#13463 = DRAUGHTING_PRE_DEFINED_CURVE_FONT('continuous');
#13464 = STYLED_ITEM('color',(#13465),#4682);
#13465 = PRESENTATION_STYLE_ASSIGNMENT((#13466,#13471));
#13466 = SURFACE_STYLE_USAGE(.BOTH.,#13467);
#13467 = SURFACE_SIDE_STYLE('',(#13468));
#13468 = SURFACE_STYLE_FILL_AREA(#13469);
#13469 = FILL_AREA_STYLE('',(#13470));
#13470 = FILL_AREA_STYLE_COLOUR('',#12759);
#13471 = CURVE_STYLE('',#13472,POSITIVE_LENGTH_MEASURE(0.1),#12759);
#13472 = DRAUGHTING_PRE_DEFINED_CURVE_FONT('continuous');
#13473 = STYLED_ITEM('color',(#13474),#4692);
#13474 = PRESENTATION_STYLE_ASSIGNMENT((#13475,#13480));
#13475 = SURFACE_STYLE_USAGE(.BOTH.,#13476);
#13476 = SURFACE_SIDE_STYLE('',(#13477));
#13477 = SURFACE_STYLE_FILL_AREA(#13478);
#13478 = FILL_AREA_STYLE('',(#13479));
#13479 = FILL_AREA_STYLE_COLOUR('',#12759);
#13480 = CURVE_STYLE('',#13481,POSITIVE_LENGTH_MEASURE(0.1),#12759);
#13481 = DRAUGHTING_PRE_DEFINED_CURVE_FONT('continuous');
#13482 = STYLED_ITEM('color',(#13483),#4717);
#13483 = PRESENTATION_STYLE_ASSIGNMENT((#13484,#13489));
#13484 = SURFACE_STYLE_USAGE(.BOTH.,#13485);
#13485 = SURFACE_SIDE_STYLE('',(#13486));
#13486 = SURFACE_STYLE_FILL_AREA(#13487);
#13487 = FILL_AREA_STYLE('',(#13488));
#13488 = FILL_AREA_STYLE_COLOUR('',#12759);
#13489 = CURVE_STYLE('',#13490,POSITIVE_LENGTH_MEASURE(0.1),#12759);
#13490 = DRAUGHTING_PRE_DEFINED_CURVE_FONT('continuous');
#13491 = STYLED_ITEM('color',(#13492),#4828);
#13492 = PRESENTATION_STYLE_ASSIGNMENT((#13493,#13498));
#13493 = SURFACE_STYLE_USAGE(.BOTH.,#13494);
#13494 = SURFACE_SIDE_STYLE('',(#13495));
#13495 = SURFACE_STYLE_FILL_AREA(#13496);
#13496 = FILL_AREA_STYLE('',(#13497));
#13497 = FILL_AREA_STYLE_COLOUR('',#12759);
#13498 = CURVE_STYLE('',#13499,POSITIVE_LENGTH_MEASURE(0.1),#12759);
#13499 = DRAUGHTING_PRE_DEFINED_CURVE_FONT('continuous');
#13500 = STYLED_ITEM('color',(#13501),#4838);
#13501 = PRESENTATION_STYLE_ASSIGNMENT((#13502,#13507));
#13502 = SURFACE_STYLE_USAGE(.BOTH.,#13503);
#13503 = SURFACE_SIDE_STYLE('',(#13504));
#13504 = SURFACE_STYLE_FILL_AREA(#13505);
#13505 = FILL_AREA_STYLE('',(#13506));
#13506 = FILL_AREA_STYLE_COLOUR('',#12759);
#13507 = CURVE_STYLE('',#13508,POSITIVE_LENGTH_MEASURE(0.1),#12759);
#13508 = DRAUGHTING_PRE_DEFINED_CURVE_FONT('continuous');
#13509 = STYLED_ITEM('color',(#13510),#4848);
#13510 = PRESENTATION_STYLE_ASSIGNMENT((#13511,#13516));
#13511 = SURFACE_STYLE_USAGE(.BOTH.,#13512);
#13512 = SURFACE_SIDE_STYLE('',(#13513));
#13513 = SURFACE_STYLE_FILL_AREA(#13514);
#13514 = FILL_AREA_STYLE('',(#13515));
#13515 = FILL_AREA_STYLE_COLOUR('',#12759);
#13516 = CURVE_STYLE('',#13517,POSITIVE_LENGTH_MEASURE(0.1),#12759);
#13517 = DRAUGHTING_PRE_DEFINED_CURVE_FONT('continuous');
#13518 = STYLED_ITEM('color',(#13519),#4879);
#13519 = PRESENTATION_STYLE_ASSIGNMENT((#13520,#13525));
#13520 = SURFACE_STYLE_USAGE(.BOTH.,#13521);
#13521 = SURFACE_SIDE_STYLE('',(#13522));
#13522 = SURFACE_STYLE_FILL_AREA(#13523);
#13523 = FILL_AREA_STYLE('',(#13524));
#13524 = FILL_AREA_STYLE_COLOUR('',#12759);
#13525 = CURVE_STYLE('',#13526,POSITIVE_LENGTH_MEASURE(0.1),#12759);
#13526 = DRAUGHTING_PRE_DEFINED_CURVE_FONT('continuous');
#13527 = STYLED_ITEM('color',(#13528),#4903);
#13528 = PRESENTATION_STYLE_ASSIGNMENT((#13529,#13534));
#13529 = SURFACE_STYLE_USAGE(.BOTH.,#13530);
#13530 = SURFACE_SIDE_STYLE('',(#13531));
#13531 = SURFACE_STYLE_FILL_AREA(#13532);
#13532 = FILL_AREA_STYLE('',(#13533));
#13533 = FILL_AREA_STYLE_COLOUR('',#12759);
#13534 = CURVE_STYLE('',#13535,POSITIVE_LENGTH_MEASURE(0.1),#12759);
#13535 = DRAUGHTING_PRE_DEFINED_CURVE_FONT('continuous');
#13536 = STYLED_ITEM('color',(#13537),#4927);
#13537 = PRESENTATION_STYLE_ASSIGNMENT((#13538,#13543));
#13538 = SURFACE_STYLE_USAGE(.BOTH.,#13539);
#13539 = SURFACE_SIDE_STYLE('',(#13540));
#13540 = SURFACE_STYLE_FILL_AREA(#13541);
#13541 = FILL_AREA_STYLE('',(#13542));
#13542 = FILL_AREA_STYLE_COLOUR('',#12759);
#13543 = CURVE_STYLE('',#13544,POSITIVE_LENGTH_MEASURE(0.1),#12759);
#13544 = DRAUGHTING_PRE_DEFINED_CURVE_FONT('continuous');
#13545 = STYLED_ITEM('color',(#13546),#4944);
#13546 = PRESENTATION_STYLE_ASSIGNMENT((#13547,#13552));
#13547 = SURFACE_STYLE_USAGE(.BOTH.,#13548);
#13548 = SURFACE_SIDE_STYLE('',(#13549));
#13549 = SURFACE_STYLE_FILL_AREA(#13550);
#13550 = FILL_AREA_STYLE('',(#13551));
#13551 = FILL_AREA_STYLE_COLOUR('',#12759);
#13552 = CURVE_STYLE('',#13553,POSITIVE_LENGTH_MEASURE(0.1),#12759);
#13553 = DRAUGHTING_PRE_DEFINED_CURVE_FONT('continuous');
#13554 = STYLED_ITEM('color',(#13555),#4954);
#13555 = PRESENTATION_STYLE_ASSIGNMENT((#13556,#13561));
#13556 = SURFACE_STYLE_USAGE(.BOTH.,#13557);
#13557 = SURFACE_SIDE_STYLE('',(#13558));
#13558 = SURFACE_STYLE_FILL_AREA(#13559);
#13559 = FILL_AREA_STYLE('',(#13560));
#13560 = FILL_AREA_STYLE_COLOUR('',#12759);
#13561 = CURVE_STYLE('',#13562,POSITIVE_LENGTH_MEASURE(0.1),#12759);
#13562 = DRAUGHTING_PRE_DEFINED_CURVE_FONT('continuous');
#13563 = STYLED_ITEM('color',(#13564),#4985);
#13564 = PRESENTATION_STYLE_ASSIGNMENT((#13565,#13570));
#13565 = SURFACE_STYLE_USAGE(.BOTH.,#13566);
#13566 = SURFACE_SIDE_STYLE('',(#13567));
#13567 = SURFACE_STYLE_FILL_AREA(#13568);
#13568 = FILL_AREA_STYLE('',(#13569));
#13569 = FILL_AREA_STYLE_COLOUR('',#12759);
#13570 = CURVE_STYLE('',#13571,POSITIVE_LENGTH_MEASURE(0.1),#12759);
#13571 = DRAUGHTING_PRE_DEFINED_CURVE_FONT('continuous');
#13572 = STYLED_ITEM('color',(#13573),#5009);
#13573 = PRESENTATION_STYLE_ASSIGNMENT((#13574,#13579));
#13574 = SURFACE_STYLE_USAGE(.BOTH.,#13575);
#13575 = SURFACE_SIDE_STYLE('',(#13576));
#13576 = SURFACE_STYLE_FILL_AREA(#13577);
#13577 = FILL_AREA_STYLE('',(#13578));
#13578 = FILL_AREA_STYLE_COLOUR('',#12759);
#13579 = CURVE_STYLE('',#13580,POSITIVE_LENGTH_MEASURE(0.1),#12759);
#13580 = DRAUGHTING_PRE_DEFINED_CURVE_FONT('continuous');
#13581 = STYLED_ITEM('color',(#13582),#5033);
#13582 = PRESENTATION_STYLE_ASSIGNMENT((#13583,#13588));
#13583 = SURFACE_STYLE_USAGE(.BOTH.,#13584);
#13584 = SURFACE_SIDE_STYLE('',(#13585));
#13585 = SURFACE_STYLE_FILL_AREA(#13586);
#13586 = FILL_AREA_STYLE('',(#13587));
#13587 = FILL_AREA_STYLE_COLOUR('',#12759);
#13588 = CURVE_STYLE('',#13589,POSITIVE_LENGTH_MEASURE(0.1),#12759);
#13589 = DRAUGHTING_PRE_DEFINED_CURVE_FONT('continuous');
#13590 = STYLED_ITEM('color',(#13591),#5050);
#13591 = PRESENTATION_STYLE_ASSIGNMENT((#13592,#13597));
#13592 = SURFACE_STYLE_USAGE(.BOTH.,#13593);
#13593 = SURFACE_SIDE_STYLE('',(#13594));
#13594 = SURFACE_STYLE_FILL_AREA(#13595);
#13595 = FILL_AREA_STYLE('',(#13596));
#13596 = FILL_AREA_STYLE_COLOUR('',#12759);
#13597 = CURVE_STYLE('',#13598,POSITIVE_LENGTH_MEASURE(0.1),#12759);
#13598 = DRAUGHTING_PRE_DEFINED_CURVE_FONT('continuous');
#13599 = STYLED_ITEM('color',(#13600),#5066);
#13600 = PRESENTATION_STYLE_ASSIGNMENT((#13601,#13606));
#13601 = SURFACE_STYLE_USAGE(.BOTH.,#13602);
#13602 = SURFACE_SIDE_STYLE('',(#13603));
#13603 = SURFACE_STYLE_FILL_AREA(#13604);
#13604 = FILL_AREA_STYLE('',(#13605));
#13605 = FILL_AREA_STYLE_COLOUR('',#12759);
#13606 = CURVE_STYLE('',#13607,POSITIVE_LENGTH_MEASURE(0.1),#12759);
#13607 = DRAUGHTING_PRE_DEFINED_CURVE_FONT('continuous');
#13608 = STYLED_ITEM('color',(#13609),#5083);
#13609 = PRESENTATION_STYLE_ASSIGNMENT((#13610,#13615));
#13610 = SURFACE_STYLE_USAGE(.BOTH.,#13611);
#13611 = SURFACE_SIDE_STYLE('',(#13612));
#13612 = SURFACE_STYLE_FILL_AREA(#13613);
#13613 = FILL_AREA_STYLE('',(#13614));
#13614 = FILL_AREA_STYLE_COLOUR('',#12759);
#13615 = CURVE_STYLE('',#13616,POSITIVE_LENGTH_MEASURE(0.1),#12759);
#13616 = DRAUGHTING_PRE_DEFINED_CURVE_FONT('continuous');
#13617 = STYLED_ITEM('color',(#13618),#5100);
#13618 = PRESENTATION_STYLE_ASSIGNMENT((#13619,#13624));
#13619 = SURFACE_STYLE_USAGE(.BOTH.,#13620);
#13620 = SURFACE_SIDE_STYLE('',(#13621));
#13621 = SURFACE_STYLE_FILL_AREA(#13622);
#13622 = FILL_AREA_STYLE('',(#13623));
#13623 = FILL_AREA_STYLE_COLOUR('',#12759);
#13624 = CURVE_STYLE('',#13625,POSITIVE_LENGTH_MEASURE(0.1),#12759);
#13625 = DRAUGHTING_PRE_DEFINED_CURVE_FONT('continuous');
#13626 = STYLED_ITEM('color',(#13627),#5117);
#13627 = PRESENTATION_STYLE_ASSIGNMENT((#13628,#13633));
#13628 = SURFACE_STYLE_USAGE(.BOTH.,#13629);
#13629 = SURFACE_SIDE_STYLE('',(#13630));
#13630 = SURFACE_STYLE_FILL_AREA(#13631);
#13631 = FILL_AREA_STYLE('',(#13632));
#13632 = FILL_AREA_STYLE_COLOUR('',#12759);
#13633 = CURVE_STYLE('',#13634,POSITIVE_LENGTH_MEASURE(0.1),#12759);
#13634 = DRAUGHTING_PRE_DEFINED_CURVE_FONT('continuous');
#13635 = STYLED_ITEM('color',(#13636),#5127);
#13636 = PRESENTATION_STYLE_ASSIGNMENT((#13637,#13642));
#13637 = SURFACE_STYLE_USAGE(.BOTH.,#13638);
#13638 = SURFACE_SIDE_STYLE('',(#13639));
#13639 = SURFACE_STYLE_FILL_AREA(#13640);
#13640 = FILL_AREA_STYLE('',(#13641));
#13641 = FILL_AREA_STYLE_COLOUR('',#12759);
#13642 = CURVE_STYLE('',#13643,POSITIVE_LENGTH_MEASURE(0.1),#12759);
#13643 = DRAUGHTING_PRE_DEFINED_CURVE_FONT('continuous');
#13644 = STYLED_ITEM('color',(#13645),#5143);
#13645 = PRESENTATION_STYLE_ASSIGNMENT((#13646,#13651));
#13646 = SURFACE_STYLE_USAGE(.BOTH.,#13647);
#13647 = SURFACE_SIDE_STYLE('',(#13648));
#13648 = SURFACE_STYLE_FILL_AREA(#13649);
#13649 = FILL_AREA_STYLE('',(#13650));
#13650 = FILL_AREA_STYLE_COLOUR('',#12759);
#13651 = CURVE_STYLE('',#13652,POSITIVE_LENGTH_MEASURE(0.1),#12759);
#13652 = DRAUGHTING_PRE_DEFINED_CURVE_FONT('continuous');
#13653 = STYLED_ITEM('color',(#13654),#5160);
#13654 = PRESENTATION_STYLE_ASSIGNMENT((#13655,#13660));
#13655 = SURFACE_STYLE_USAGE(.BOTH.,#13656);
#13656 = SURFACE_SIDE_STYLE('',(#13657));
#13657 = SURFACE_STYLE_FILL_AREA(#13658);
#13658 = FILL_AREA_STYLE('',(#13659));
#13659 = FILL_AREA_STYLE_COLOUR('',#12759);
#13660 = CURVE_STYLE('',#13661,POSITIVE_LENGTH_MEASURE(0.1),#12759);
#13661 = DRAUGHTING_PRE_DEFINED_CURVE_FONT('continuous');
#13662 = STYLED_ITEM('color',(#13663),#5177);
#13663 = PRESENTATION_STYLE_ASSIGNMENT((#13664,#13669));
#13664 = SURFACE_STYLE_USAGE(.BOTH.,#13665);
#13665 = SURFACE_SIDE_STYLE('',(#13666));
#13666 = SURFACE_STYLE_FILL_AREA(#13667);
#13667 = FILL_AREA_STYLE('',(#13668));
#13668 = FILL_AREA_STYLE_COLOUR('',#12759);
#13669 = CURVE_STYLE('',#13670,POSITIVE_LENGTH_MEASURE(0.1),#12759);
#13670 = DRAUGHTING_PRE_DEFINED_CURVE_FONT('continuous');
#13671 = STYLED_ITEM('color',(#13672),#5194);
#13672 = PRESENTATION_STYLE_ASSIGNMENT((#13673,#13678));
#13673 = SURFACE_STYLE_USAGE(.BOTH.,#13674);
#13674 = SURFACE_SIDE_STYLE('',(#13675));
#13675 = SURFACE_STYLE_FILL_AREA(#13676);
#13676 = FILL_AREA_STYLE('',(#13677));
#13677 = FILL_AREA_STYLE_COLOUR('',#12759);
#13678 = CURVE_STYLE('',#13679,POSITIVE_LENGTH_MEASURE(0.1),#12759);
#13679 = DRAUGHTING_PRE_DEFINED_CURVE_FONT('continuous');
#13680 = STYLED_ITEM('color',(#13681),#5204);
#13681 = PRESENTATION_STYLE_ASSIGNMENT((#13682,#13687));
#13682 = SURFACE_STYLE_USAGE(.BOTH.,#13683);
#13683 = SURFACE_SIDE_STYLE('',(#13684));
#13684 = SURFACE_STYLE_FILL_AREA(#13685);
#13685 = FILL_AREA_STYLE('',(#13686));
#13686 = FILL_AREA_STYLE_COLOUR('',#12831);
#13687 = CURVE_STYLE('',#13688,POSITIVE_LENGTH_MEASURE(0.1),#12831);
#13688 = DRAUGHTING_PRE_DEFINED_CURVE_FONT('continuous');
#13689 = STYLED_ITEM('color',(#13690),#5216);
#13690 = PRESENTATION_STYLE_ASSIGNMENT((#13691,#13696));
#13691 = SURFACE_STYLE_USAGE(.BOTH.,#13692);
#13692 = SURFACE_SIDE_STYLE('',(#13693));
#13693 = SURFACE_STYLE_FILL_AREA(#13694);
#13694 = FILL_AREA_STYLE('',(#13695));
#13695 = FILL_AREA_STYLE_COLOUR('',#12831);
#13696 = CURVE_STYLE('',#13697,POSITIVE_LENGTH_MEASURE(0.1),#12831);
#13697 = DRAUGHTING_PRE_DEFINED_CURVE_FONT('continuous');
#13698 = MECHANICAL_DESIGN_GEOMETRIC_PRESENTATION_REPRESENTATION('',(
    #13699,#13707,#13714,#13721,#13728,#13735,#13742,#13749,#13756,
    #13763,#13770,#13777,#13784,#13791,#13798,#13805,#13812,#13819,
    #13826,#13833,#13840,#13847,#13854,#13861,#13868,#13875,#13882,
    #13889,#13896,#13904,#13911,#13918,#13925,#13932,#13939,#13946,
    #13953,#13960,#13967,#13974,#13981,#13988,#13995,#14002,#14009,
    #14016,#14023,#14030,#14037,#14044,#14051,#14058,#14065,#14072,
    #14079,#14086,#14093,#14100,#14107,#14114,#14121,#14128,#14135,
    #14142,#14149,#14156,#14163,#14170,#14177,#14184,#14191,#14198,
    #14205,#14212,#14219,#14226,#14233,#14240,#14247,#14254,#14261,
    #14268,#14275,#14282,#14289,#14296,#14303,#14310,#14317,#14324,
    #14331,#14338,#14345,#14352,#14359,#14366,#14373,#14380,#14387,
    #14394),#8055);
#13699 = STYLED_ITEM('color',(#13700),#5277);
#13700 = PRESENTATION_STYLE_ASSIGNMENT((#13701));
#13701 = SURFACE_STYLE_USAGE(.BOTH.,#13702);
#13702 = SURFACE_SIDE_STYLE('',(#13703));
#13703 = SURFACE_STYLE_FILL_AREA(#13704);
#13704 = FILL_AREA_STYLE('',(#13705));
#13705 = FILL_AREA_STYLE_COLOUR('',#13706);
#13706 = COLOUR_RGB('',0.147999998088,0.144999993226,0.144999993226);
#13707 = STYLED_ITEM('color',(#13708),#5317);
#13708 = PRESENTATION_STYLE_ASSIGNMENT((#13709));
#13709 = SURFACE_STYLE_USAGE(.BOTH.,#13710);
#13710 = SURFACE_SIDE_STYLE('',(#13711));
#13711 = SURFACE_STYLE_FILL_AREA(#13712);
#13712 = FILL_AREA_STYLE('',(#13713));
#13713 = FILL_AREA_STYLE_COLOUR('',#13706);
#13714 = STYLED_ITEM('color',(#13715),#5348);
#13715 = PRESENTATION_STYLE_ASSIGNMENT((#13716));
#13716 = SURFACE_STYLE_USAGE(.BOTH.,#13717);
#13717 = SURFACE_SIDE_STYLE('',(#13718));
#13718 = SURFACE_STYLE_FILL_AREA(#13719);
#13719 = FILL_AREA_STYLE('',(#13720));
#13720 = FILL_AREA_STYLE_COLOUR('',#13706);
#13721 = STYLED_ITEM('color',(#13722),#5379);
#13722 = PRESENTATION_STYLE_ASSIGNMENT((#13723));
#13723 = SURFACE_STYLE_USAGE(.BOTH.,#13724);
#13724 = SURFACE_SIDE_STYLE('',(#13725));
#13725 = SURFACE_STYLE_FILL_AREA(#13726);
#13726 = FILL_AREA_STYLE('',(#13727));
#13727 = FILL_AREA_STYLE_COLOUR('',#13706);
#13728 = STYLED_ITEM('color',(#13729),#5708);
#13729 = PRESENTATION_STYLE_ASSIGNMENT((#13730));
#13730 = SURFACE_STYLE_USAGE(.BOTH.,#13731);
#13731 = SURFACE_SIDE_STYLE('',(#13732));
#13732 = SURFACE_STYLE_FILL_AREA(#13733);
#13733 = FILL_AREA_STYLE('',(#13734));
#13734 = FILL_AREA_STYLE_COLOUR('',#13706);
#13735 = STYLED_ITEM('color',(#13736),#6037);
#13736 = PRESENTATION_STYLE_ASSIGNMENT((#13737));
#13737 = SURFACE_STYLE_USAGE(.BOTH.,#13738);
#13738 = SURFACE_SIDE_STYLE('',(#13739));
#13739 = SURFACE_STYLE_FILL_AREA(#13740);
#13740 = FILL_AREA_STYLE('',(#13741));
#13741 = FILL_AREA_STYLE_COLOUR('',#13706);
#13742 = STYLED_ITEM('color',(#13743),#6054);
#13743 = PRESENTATION_STYLE_ASSIGNMENT((#13744));
#13744 = SURFACE_STYLE_USAGE(.BOTH.,#13745);
#13745 = SURFACE_SIDE_STYLE('',(#13746));
#13746 = SURFACE_STYLE_FILL_AREA(#13747);
#13747 = FILL_AREA_STYLE('',(#13748));
#13748 = FILL_AREA_STYLE_COLOUR('',#13706);
#13749 = STYLED_ITEM('color',(#13750),#6071);
#13750 = PRESENTATION_STYLE_ASSIGNMENT((#13751));
#13751 = SURFACE_STYLE_USAGE(.BOTH.,#13752);
#13752 = SURFACE_SIDE_STYLE('',(#13753));
#13753 = SURFACE_STYLE_FILL_AREA(#13754);
#13754 = FILL_AREA_STYLE('',(#13755));
#13755 = FILL_AREA_STYLE_COLOUR('',#13706);
#13756 = STYLED_ITEM('color',(#13757),#6088);
#13757 = PRESENTATION_STYLE_ASSIGNMENT((#13758));
#13758 = SURFACE_STYLE_USAGE(.BOTH.,#13759);
#13759 = SURFACE_SIDE_STYLE('',(#13760));
#13760 = SURFACE_STYLE_FILL_AREA(#13761);
#13761 = FILL_AREA_STYLE('',(#13762));
#13762 = FILL_AREA_STYLE_COLOUR('',#13706);
#13763 = STYLED_ITEM('color',(#13764),#6105);
#13764 = PRESENTATION_STYLE_ASSIGNMENT((#13765));
#13765 = SURFACE_STYLE_USAGE(.BOTH.,#13766);
#13766 = SURFACE_SIDE_STYLE('',(#13767));
#13767 = SURFACE_STYLE_FILL_AREA(#13768);
#13768 = FILL_AREA_STYLE('',(#13769));
#13769 = FILL_AREA_STYLE_COLOUR('',#13706);
#13770 = STYLED_ITEM('color',(#13771),#6122);
#13771 = PRESENTATION_STYLE_ASSIGNMENT((#13772));
#13772 = SURFACE_STYLE_USAGE(.BOTH.,#13773);
#13773 = SURFACE_SIDE_STYLE('',(#13774));
#13774 = SURFACE_STYLE_FILL_AREA(#13775);
#13775 = FILL_AREA_STYLE('',(#13776));
#13776 = FILL_AREA_STYLE_COLOUR('',#13706);
#13777 = STYLED_ITEM('color',(#13778),#6139);
#13778 = PRESENTATION_STYLE_ASSIGNMENT((#13779));
#13779 = SURFACE_STYLE_USAGE(.BOTH.,#13780);
#13780 = SURFACE_SIDE_STYLE('',(#13781));
#13781 = SURFACE_STYLE_FILL_AREA(#13782);
#13782 = FILL_AREA_STYLE('',(#13783));
#13783 = FILL_AREA_STYLE_COLOUR('',#13706);
#13784 = STYLED_ITEM('color',(#13785),#6156);
#13785 = PRESENTATION_STYLE_ASSIGNMENT((#13786));
#13786 = SURFACE_STYLE_USAGE(.BOTH.,#13787);
#13787 = SURFACE_SIDE_STYLE('',(#13788));
#13788 = SURFACE_STYLE_FILL_AREA(#13789);
#13789 = FILL_AREA_STYLE('',(#13790));
#13790 = FILL_AREA_STYLE_COLOUR('',#13706);
#13791 = STYLED_ITEM('color',(#13792),#6173);
#13792 = PRESENTATION_STYLE_ASSIGNMENT((#13793));
#13793 = SURFACE_STYLE_USAGE(.BOTH.,#13794);
#13794 = SURFACE_SIDE_STYLE('',(#13795));
#13795 = SURFACE_STYLE_FILL_AREA(#13796);
#13796 = FILL_AREA_STYLE('',(#13797));
#13797 = FILL_AREA_STYLE_COLOUR('',#13706);
#13798 = STYLED_ITEM('color',(#13799),#6190);
#13799 = PRESENTATION_STYLE_ASSIGNMENT((#13800));
#13800 = SURFACE_STYLE_USAGE(.BOTH.,#13801);
#13801 = SURFACE_SIDE_STYLE('',(#13802));
#13802 = SURFACE_STYLE_FILL_AREA(#13803);
#13803 = FILL_AREA_STYLE('',(#13804));
#13804 = FILL_AREA_STYLE_COLOUR('',#13706);
#13805 = STYLED_ITEM('color',(#13806),#6207);
#13806 = PRESENTATION_STYLE_ASSIGNMENT((#13807));
#13807 = SURFACE_STYLE_USAGE(.BOTH.,#13808);
#13808 = SURFACE_SIDE_STYLE('',(#13809));
#13809 = SURFACE_STYLE_FILL_AREA(#13810);
#13810 = FILL_AREA_STYLE('',(#13811));
#13811 = FILL_AREA_STYLE_COLOUR('',#13706);
#13812 = STYLED_ITEM('color',(#13813),#6224);
#13813 = PRESENTATION_STYLE_ASSIGNMENT((#13814));
#13814 = SURFACE_STYLE_USAGE(.BOTH.,#13815);
#13815 = SURFACE_SIDE_STYLE('',(#13816));
#13816 = SURFACE_STYLE_FILL_AREA(#13817);
#13817 = FILL_AREA_STYLE('',(#13818));
#13818 = FILL_AREA_STYLE_COLOUR('',#13706);
#13819 = STYLED_ITEM('color',(#13820),#6241);
#13820 = PRESENTATION_STYLE_ASSIGNMENT((#13821));
#13821 = SURFACE_STYLE_USAGE(.BOTH.,#13822);
#13822 = SURFACE_SIDE_STYLE('',(#13823));
#13823 = SURFACE_STYLE_FILL_AREA(#13824);
#13824 = FILL_AREA_STYLE('',(#13825));
#13825 = FILL_AREA_STYLE_COLOUR('',#13706);
#13826 = STYLED_ITEM('color',(#13827),#6258);
#13827 = PRESENTATION_STYLE_ASSIGNMENT((#13828));
#13828 = SURFACE_STYLE_USAGE(.BOTH.,#13829);
#13829 = SURFACE_SIDE_STYLE('',(#13830));
#13830 = SURFACE_STYLE_FILL_AREA(#13831);
#13831 = FILL_AREA_STYLE('',(#13832));
#13832 = FILL_AREA_STYLE_COLOUR('',#13706);
#13833 = STYLED_ITEM('color',(#13834),#6275);
#13834 = PRESENTATION_STYLE_ASSIGNMENT((#13835));
#13835 = SURFACE_STYLE_USAGE(.BOTH.,#13836);
#13836 = SURFACE_SIDE_STYLE('',(#13837));
#13837 = SURFACE_STYLE_FILL_AREA(#13838);
#13838 = FILL_AREA_STYLE('',(#13839));
#13839 = FILL_AREA_STYLE_COLOUR('',#13706);
#13840 = STYLED_ITEM('color',(#13841),#6292);
#13841 = PRESENTATION_STYLE_ASSIGNMENT((#13842));
#13842 = SURFACE_STYLE_USAGE(.BOTH.,#13843);
#13843 = SURFACE_SIDE_STYLE('',(#13844));
#13844 = SURFACE_STYLE_FILL_AREA(#13845);
#13845 = FILL_AREA_STYLE('',(#13846));
#13846 = FILL_AREA_STYLE_COLOUR('',#13706);
#13847 = STYLED_ITEM('color',(#13848),#6309);
#13848 = PRESENTATION_STYLE_ASSIGNMENT((#13849));
#13849 = SURFACE_STYLE_USAGE(.BOTH.,#13850);
#13850 = SURFACE_SIDE_STYLE('',(#13851));
#13851 = SURFACE_STYLE_FILL_AREA(#13852);
#13852 = FILL_AREA_STYLE('',(#13853));
#13853 = FILL_AREA_STYLE_COLOUR('',#13706);
#13854 = STYLED_ITEM('color',(#13855),#6326);
#13855 = PRESENTATION_STYLE_ASSIGNMENT((#13856));
#13856 = SURFACE_STYLE_USAGE(.BOTH.,#13857);
#13857 = SURFACE_SIDE_STYLE('',(#13858));
#13858 = SURFACE_STYLE_FILL_AREA(#13859);
#13859 = FILL_AREA_STYLE('',(#13860));
#13860 = FILL_AREA_STYLE_COLOUR('',#13706);
#13861 = STYLED_ITEM('color',(#13862),#6343);
#13862 = PRESENTATION_STYLE_ASSIGNMENT((#13863));
#13863 = SURFACE_STYLE_USAGE(.BOTH.,#13864);
#13864 = SURFACE_SIDE_STYLE('',(#13865));
#13865 = SURFACE_STYLE_FILL_AREA(#13866);
#13866 = FILL_AREA_STYLE('',(#13867));
#13867 = FILL_AREA_STYLE_COLOUR('',#13706);
#13868 = STYLED_ITEM('color',(#13869),#6360);
#13869 = PRESENTATION_STYLE_ASSIGNMENT((#13870));
#13870 = SURFACE_STYLE_USAGE(.BOTH.,#13871);
#13871 = SURFACE_SIDE_STYLE('',(#13872));
#13872 = SURFACE_STYLE_FILL_AREA(#13873);
#13873 = FILL_AREA_STYLE('',(#13874));
#13874 = FILL_AREA_STYLE_COLOUR('',#13706);
#13875 = STYLED_ITEM('color',(#13876),#6377);
#13876 = PRESENTATION_STYLE_ASSIGNMENT((#13877));
#13877 = SURFACE_STYLE_USAGE(.BOTH.,#13878);
#13878 = SURFACE_SIDE_STYLE('',(#13879));
#13879 = SURFACE_STYLE_FILL_AREA(#13880);
#13880 = FILL_AREA_STYLE('',(#13881));
#13881 = FILL_AREA_STYLE_COLOUR('',#13706);
#13882 = STYLED_ITEM('color',(#13883),#6394);
#13883 = PRESENTATION_STYLE_ASSIGNMENT((#13884));
#13884 = SURFACE_STYLE_USAGE(.BOTH.,#13885);
#13885 = SURFACE_SIDE_STYLE('',(#13886));
#13886 = SURFACE_STYLE_FILL_AREA(#13887);
#13887 = FILL_AREA_STYLE('',(#13888));
#13888 = FILL_AREA_STYLE_COLOUR('',#13706);
#13889 = STYLED_ITEM('color',(#13890),#6411);
#13890 = PRESENTATION_STYLE_ASSIGNMENT((#13891));
#13891 = SURFACE_STYLE_USAGE(.BOTH.,#13892);
#13892 = SURFACE_SIDE_STYLE('',(#13893));
#13893 = SURFACE_STYLE_FILL_AREA(#13894);
#13894 = FILL_AREA_STYLE('',(#13895));
#13895 = FILL_AREA_STYLE_COLOUR('',#13706);
#13896 = STYLED_ITEM('color',(#13897),#6423);
#13897 = PRESENTATION_STYLE_ASSIGNMENT((#13898));
#13898 = SURFACE_STYLE_USAGE(.BOTH.,#13899);
#13899 = SURFACE_SIDE_STYLE('',(#13900));
#13900 = SURFACE_STYLE_FILL_AREA(#13901);
#13901 = FILL_AREA_STYLE('',(#13902));
#13902 = FILL_AREA_STYLE_COLOUR('',#13903);
#13903 = COLOUR_RGB('',0.859000020776,0.737999965183,0.495999988746);
#13904 = STYLED_ITEM('color',(#13905),#6454);
#13905 = PRESENTATION_STYLE_ASSIGNMENT((#13906));
#13906 = SURFACE_STYLE_USAGE(.BOTH.,#13907);
#13907 = SURFACE_SIDE_STYLE('',(#13908));
#13908 = SURFACE_STYLE_FILL_AREA(#13909);
#13909 = FILL_AREA_STYLE('',(#13910));
#13910 = FILL_AREA_STYLE_COLOUR('',#13903);
#13911 = STYLED_ITEM('color',(#13912),#6478);
#13912 = PRESENTATION_STYLE_ASSIGNMENT((#13913));
#13913 = SURFACE_STYLE_USAGE(.BOTH.,#13914);
#13914 = SURFACE_SIDE_STYLE('',(#13915));
#13915 = SURFACE_STYLE_FILL_AREA(#13916);
#13916 = FILL_AREA_STYLE('',(#13917));
#13917 = FILL_AREA_STYLE_COLOUR('',#13903);
#13918 = STYLED_ITEM('color',(#13919),#6502);
#13919 = PRESENTATION_STYLE_ASSIGNMENT((#13920));
#13920 = SURFACE_STYLE_USAGE(.BOTH.,#13921);
#13921 = SURFACE_SIDE_STYLE('',(#13922));
#13922 = SURFACE_STYLE_FILL_AREA(#13923);
#13923 = FILL_AREA_STYLE('',(#13924));
#13924 = FILL_AREA_STYLE_COLOUR('',#13903);
#13925 = STYLED_ITEM('color',(#13926),#6519);
#13926 = PRESENTATION_STYLE_ASSIGNMENT((#13927));
#13927 = SURFACE_STYLE_USAGE(.BOTH.,#13928);
#13928 = SURFACE_SIDE_STYLE('',(#13929));
#13929 = SURFACE_STYLE_FILL_AREA(#13930);
#13930 = FILL_AREA_STYLE('',(#13931));
#13931 = FILL_AREA_STYLE_COLOUR('',#13903);
#13932 = STYLED_ITEM('color',(#13933),#6550);
#13933 = PRESENTATION_STYLE_ASSIGNMENT((#13934));
#13934 = SURFACE_STYLE_USAGE(.BOTH.,#13935);
#13935 = SURFACE_SIDE_STYLE('',(#13936));
#13936 = SURFACE_STYLE_FILL_AREA(#13937);
#13937 = FILL_AREA_STYLE('',(#13938));
#13938 = FILL_AREA_STYLE_COLOUR('',#13903);
#13939 = STYLED_ITEM('color',(#13940),#6574);
#13940 = PRESENTATION_STYLE_ASSIGNMENT((#13941));
#13941 = SURFACE_STYLE_USAGE(.BOTH.,#13942);
#13942 = SURFACE_SIDE_STYLE('',(#13943));
#13943 = SURFACE_STYLE_FILL_AREA(#13944);
#13944 = FILL_AREA_STYLE('',(#13945));
#13945 = FILL_AREA_STYLE_COLOUR('',#13903);
#13946 = STYLED_ITEM('color',(#13947),#6598);
#13947 = PRESENTATION_STYLE_ASSIGNMENT((#13948));
#13948 = SURFACE_STYLE_USAGE(.BOTH.,#13949);
#13949 = SURFACE_SIDE_STYLE('',(#13950));
#13950 = SURFACE_STYLE_FILL_AREA(#13951);
#13951 = FILL_AREA_STYLE('',(#13952));
#13952 = FILL_AREA_STYLE_COLOUR('',#13903);
#13953 = STYLED_ITEM('color',(#13954),#6615);
#13954 = PRESENTATION_STYLE_ASSIGNMENT((#13955));
#13955 = SURFACE_STYLE_USAGE(.BOTH.,#13956);
#13956 = SURFACE_SIDE_STYLE('',(#13957));
#13957 = SURFACE_STYLE_FILL_AREA(#13958);
#13958 = FILL_AREA_STYLE('',(#13959));
#13959 = FILL_AREA_STYLE_COLOUR('',#13903);
#13960 = STYLED_ITEM('color',(#13961),#6646);
#13961 = PRESENTATION_STYLE_ASSIGNMENT((#13962));
#13962 = SURFACE_STYLE_USAGE(.BOTH.,#13963);
#13963 = SURFACE_SIDE_STYLE('',(#13964));
#13964 = SURFACE_STYLE_FILL_AREA(#13965);
#13965 = FILL_AREA_STYLE('',(#13966));
#13966 = FILL_AREA_STYLE_COLOUR('',#13903);
#13967 = STYLED_ITEM('color',(#13968),#6670);
#13968 = PRESENTATION_STYLE_ASSIGNMENT((#13969));
#13969 = SURFACE_STYLE_USAGE(.BOTH.,#13970);
#13970 = SURFACE_SIDE_STYLE('',(#13971));
#13971 = SURFACE_STYLE_FILL_AREA(#13972);
#13972 = FILL_AREA_STYLE('',(#13973));
#13973 = FILL_AREA_STYLE_COLOUR('',#13903);
#13974 = STYLED_ITEM('color',(#13975),#6694);
#13975 = PRESENTATION_STYLE_ASSIGNMENT((#13976));
#13976 = SURFACE_STYLE_USAGE(.BOTH.,#13977);
#13977 = SURFACE_SIDE_STYLE('',(#13978));
#13978 = SURFACE_STYLE_FILL_AREA(#13979);
#13979 = FILL_AREA_STYLE('',(#13980));
#13980 = FILL_AREA_STYLE_COLOUR('',#13903);
#13981 = STYLED_ITEM('color',(#13982),#6711);
#13982 = PRESENTATION_STYLE_ASSIGNMENT((#13983));
#13983 = SURFACE_STYLE_USAGE(.BOTH.,#13984);
#13984 = SURFACE_SIDE_STYLE('',(#13985));
#13985 = SURFACE_STYLE_FILL_AREA(#13986);
#13986 = FILL_AREA_STYLE('',(#13987));
#13987 = FILL_AREA_STYLE_COLOUR('',#13903);
#13988 = STYLED_ITEM('color',(#13989),#6742);
#13989 = PRESENTATION_STYLE_ASSIGNMENT((#13990));
#13990 = SURFACE_STYLE_USAGE(.BOTH.,#13991);
#13991 = SURFACE_SIDE_STYLE('',(#13992));
#13992 = SURFACE_STYLE_FILL_AREA(#13993);
#13993 = FILL_AREA_STYLE('',(#13994));
#13994 = FILL_AREA_STYLE_COLOUR('',#13903);
#13995 = STYLED_ITEM('color',(#13996),#6766);
#13996 = PRESENTATION_STYLE_ASSIGNMENT((#13997));
#13997 = SURFACE_STYLE_USAGE(.BOTH.,#13998);
#13998 = SURFACE_SIDE_STYLE('',(#13999));
#13999 = SURFACE_STYLE_FILL_AREA(#14000);
#14000 = FILL_AREA_STYLE('',(#14001));
#14001 = FILL_AREA_STYLE_COLOUR('',#13903);
#14002 = STYLED_ITEM('color',(#14003),#6790);
#14003 = PRESENTATION_STYLE_ASSIGNMENT((#14004));
#14004 = SURFACE_STYLE_USAGE(.BOTH.,#14005);
#14005 = SURFACE_SIDE_STYLE('',(#14006));
#14006 = SURFACE_STYLE_FILL_AREA(#14007);
#14007 = FILL_AREA_STYLE('',(#14008));
#14008 = FILL_AREA_STYLE_COLOUR('',#13903);
#14009 = STYLED_ITEM('color',(#14010),#6807);
#14010 = PRESENTATION_STYLE_ASSIGNMENT((#14011));
#14011 = SURFACE_STYLE_USAGE(.BOTH.,#14012);
#14012 = SURFACE_SIDE_STYLE('',(#14013));
#14013 = SURFACE_STYLE_FILL_AREA(#14014);
#14014 = FILL_AREA_STYLE('',(#14015));
#14015 = FILL_AREA_STYLE_COLOUR('',#13903);
#14016 = STYLED_ITEM('color',(#14017),#6838);
#14017 = PRESENTATION_STYLE_ASSIGNMENT((#14018));
#14018 = SURFACE_STYLE_USAGE(.BOTH.,#14019);
#14019 = SURFACE_SIDE_STYLE('',(#14020));
#14020 = SURFACE_STYLE_FILL_AREA(#14021);
#14021 = FILL_AREA_STYLE('',(#14022));
#14022 = FILL_AREA_STYLE_COLOUR('',#13903);
#14023 = STYLED_ITEM('color',(#14024),#6862);
#14024 = PRESENTATION_STYLE_ASSIGNMENT((#14025));
#14025 = SURFACE_STYLE_USAGE(.BOTH.,#14026);
#14026 = SURFACE_SIDE_STYLE('',(#14027));
#14027 = SURFACE_STYLE_FILL_AREA(#14028);
#14028 = FILL_AREA_STYLE('',(#14029));
#14029 = FILL_AREA_STYLE_COLOUR('',#13903);
#14030 = STYLED_ITEM('color',(#14031),#6886);
#14031 = PRESENTATION_STYLE_ASSIGNMENT((#14032));
#14032 = SURFACE_STYLE_USAGE(.BOTH.,#14033);
#14033 = SURFACE_SIDE_STYLE('',(#14034));
#14034 = SURFACE_STYLE_FILL_AREA(#14035);
#14035 = FILL_AREA_STYLE('',(#14036));
#14036 = FILL_AREA_STYLE_COLOUR('',#13903);
#14037 = STYLED_ITEM('color',(#14038),#6903);
#14038 = PRESENTATION_STYLE_ASSIGNMENT((#14039));
#14039 = SURFACE_STYLE_USAGE(.BOTH.,#14040);
#14040 = SURFACE_SIDE_STYLE('',(#14041));
#14041 = SURFACE_STYLE_FILL_AREA(#14042);
#14042 = FILL_AREA_STYLE('',(#14043));
#14043 = FILL_AREA_STYLE_COLOUR('',#13903);
#14044 = STYLED_ITEM('color',(#14045),#6934);
#14045 = PRESENTATION_STYLE_ASSIGNMENT((#14046));
#14046 = SURFACE_STYLE_USAGE(.BOTH.,#14047);
#14047 = SURFACE_SIDE_STYLE('',(#14048));
#14048 = SURFACE_STYLE_FILL_AREA(#14049);
#14049 = FILL_AREA_STYLE('',(#14050));
#14050 = FILL_AREA_STYLE_COLOUR('',#13903);
#14051 = STYLED_ITEM('color',(#14052),#6958);
#14052 = PRESENTATION_STYLE_ASSIGNMENT((#14053));
#14053 = SURFACE_STYLE_USAGE(.BOTH.,#14054);
#14054 = SURFACE_SIDE_STYLE('',(#14055));
#14055 = SURFACE_STYLE_FILL_AREA(#14056);
#14056 = FILL_AREA_STYLE('',(#14057));
#14057 = FILL_AREA_STYLE_COLOUR('',#13903);
#14058 = STYLED_ITEM('color',(#14059),#6982);
#14059 = PRESENTATION_STYLE_ASSIGNMENT((#14060));
#14060 = SURFACE_STYLE_USAGE(.BOTH.,#14061);
#14061 = SURFACE_SIDE_STYLE('',(#14062));
#14062 = SURFACE_STYLE_FILL_AREA(#14063);
#14063 = FILL_AREA_STYLE('',(#14064));
#14064 = FILL_AREA_STYLE_COLOUR('',#13903);
#14065 = STYLED_ITEM('color',(#14066),#6999);
#14066 = PRESENTATION_STYLE_ASSIGNMENT((#14067));
#14067 = SURFACE_STYLE_USAGE(.BOTH.,#14068);
#14068 = SURFACE_SIDE_STYLE('',(#14069));
#14069 = SURFACE_STYLE_FILL_AREA(#14070);
#14070 = FILL_AREA_STYLE('',(#14071));
#14071 = FILL_AREA_STYLE_COLOUR('',#13903);
#14072 = STYLED_ITEM('color',(#14073),#7030);
#14073 = PRESENTATION_STYLE_ASSIGNMENT((#14074));
#14074 = SURFACE_STYLE_USAGE(.BOTH.,#14075);
#14075 = SURFACE_SIDE_STYLE('',(#14076));
#14076 = SURFACE_STYLE_FILL_AREA(#14077);
#14077 = FILL_AREA_STYLE('',(#14078));
#14078 = FILL_AREA_STYLE_COLOUR('',#13903);
#14079 = STYLED_ITEM('color',(#14080),#7054);
#14080 = PRESENTATION_STYLE_ASSIGNMENT((#14081));
#14081 = SURFACE_STYLE_USAGE(.BOTH.,#14082);
#14082 = SURFACE_SIDE_STYLE('',(#14083));
#14083 = SURFACE_STYLE_FILL_AREA(#14084);
#14084 = FILL_AREA_STYLE('',(#14085));
#14085 = FILL_AREA_STYLE_COLOUR('',#13903);
#14086 = STYLED_ITEM('color',(#14087),#7078);
#14087 = PRESENTATION_STYLE_ASSIGNMENT((#14088));
#14088 = SURFACE_STYLE_USAGE(.BOTH.,#14089);
#14089 = SURFACE_SIDE_STYLE('',(#14090));
#14090 = SURFACE_STYLE_FILL_AREA(#14091);
#14091 = FILL_AREA_STYLE('',(#14092));
#14092 = FILL_AREA_STYLE_COLOUR('',#13903);
#14093 = STYLED_ITEM('color',(#14094),#7095);
#14094 = PRESENTATION_STYLE_ASSIGNMENT((#14095));
#14095 = SURFACE_STYLE_USAGE(.BOTH.,#14096);
#14096 = SURFACE_SIDE_STYLE('',(#14097));
#14097 = SURFACE_STYLE_FILL_AREA(#14098);
#14098 = FILL_AREA_STYLE('',(#14099));
#14099 = FILL_AREA_STYLE_COLOUR('',#13903);
#14100 = STYLED_ITEM('color',(#14101),#7126);
#14101 = PRESENTATION_STYLE_ASSIGNMENT((#14102));
#14102 = SURFACE_STYLE_USAGE(.BOTH.,#14103);
#14103 = SURFACE_SIDE_STYLE('',(#14104));
#14104 = SURFACE_STYLE_FILL_AREA(#14105);
#14105 = FILL_AREA_STYLE('',(#14106));
#14106 = FILL_AREA_STYLE_COLOUR('',#13903);
#14107 = STYLED_ITEM('color',(#14108),#7150);
#14108 = PRESENTATION_STYLE_ASSIGNMENT((#14109));
#14109 = SURFACE_STYLE_USAGE(.BOTH.,#14110);
#14110 = SURFACE_SIDE_STYLE('',(#14111));
#14111 = SURFACE_STYLE_FILL_AREA(#14112);
#14112 = FILL_AREA_STYLE('',(#14113));
#14113 = FILL_AREA_STYLE_COLOUR('',#13903);
#14114 = STYLED_ITEM('color',(#14115),#7174);
#14115 = PRESENTATION_STYLE_ASSIGNMENT((#14116));
#14116 = SURFACE_STYLE_USAGE(.BOTH.,#14117);
#14117 = SURFACE_SIDE_STYLE('',(#14118));
#14118 = SURFACE_STYLE_FILL_AREA(#14119);
#14119 = FILL_AREA_STYLE('',(#14120));
#14120 = FILL_AREA_STYLE_COLOUR('',#13903);
#14121 = STYLED_ITEM('color',(#14122),#7191);
#14122 = PRESENTATION_STYLE_ASSIGNMENT((#14123));
#14123 = SURFACE_STYLE_USAGE(.BOTH.,#14124);
#14124 = SURFACE_SIDE_STYLE('',(#14125));
#14125 = SURFACE_STYLE_FILL_AREA(#14126);
#14126 = FILL_AREA_STYLE('',(#14127));
#14127 = FILL_AREA_STYLE_COLOUR('',#13903);
#14128 = STYLED_ITEM('color',(#14129),#7222);
#14129 = PRESENTATION_STYLE_ASSIGNMENT((#14130));
#14130 = SURFACE_STYLE_USAGE(.BOTH.,#14131);
#14131 = SURFACE_SIDE_STYLE('',(#14132));
#14132 = SURFACE_STYLE_FILL_AREA(#14133);
#14133 = FILL_AREA_STYLE('',(#14134));
#14134 = FILL_AREA_STYLE_COLOUR('',#13903);
#14135 = STYLED_ITEM('color',(#14136),#7246);
#14136 = PRESENTATION_STYLE_ASSIGNMENT((#14137));
#14137 = SURFACE_STYLE_USAGE(.BOTH.,#14138);
#14138 = SURFACE_SIDE_STYLE('',(#14139));
#14139 = SURFACE_STYLE_FILL_AREA(#14140);
#14140 = FILL_AREA_STYLE('',(#14141));
#14141 = FILL_AREA_STYLE_COLOUR('',#13903);
#14142 = STYLED_ITEM('color',(#14143),#7270);
#14143 = PRESENTATION_STYLE_ASSIGNMENT((#14144));
#14144 = SURFACE_STYLE_USAGE(.BOTH.,#14145);
#14145 = SURFACE_SIDE_STYLE('',(#14146));
#14146 = SURFACE_STYLE_FILL_AREA(#14147);
#14147 = FILL_AREA_STYLE('',(#14148));
#14148 = FILL_AREA_STYLE_COLOUR('',#13903);
#14149 = STYLED_ITEM('color',(#14150),#7287);
#14150 = PRESENTATION_STYLE_ASSIGNMENT((#14151));
#14151 = SURFACE_STYLE_USAGE(.BOTH.,#14152);
#14152 = SURFACE_SIDE_STYLE('',(#14153));
#14153 = SURFACE_STYLE_FILL_AREA(#14154);
#14154 = FILL_AREA_STYLE('',(#14155));
#14155 = FILL_AREA_STYLE_COLOUR('',#13903);
#14156 = STYLED_ITEM('color',(#14157),#7318);
#14157 = PRESENTATION_STYLE_ASSIGNMENT((#14158));
#14158 = SURFACE_STYLE_USAGE(.BOTH.,#14159);
#14159 = SURFACE_SIDE_STYLE('',(#14160));
#14160 = SURFACE_STYLE_FILL_AREA(#14161);
#14161 = FILL_AREA_STYLE('',(#14162));
#14162 = FILL_AREA_STYLE_COLOUR('',#13903);
#14163 = STYLED_ITEM('color',(#14164),#7342);
#14164 = PRESENTATION_STYLE_ASSIGNMENT((#14165));
#14165 = SURFACE_STYLE_USAGE(.BOTH.,#14166);
#14166 = SURFACE_SIDE_STYLE('',(#14167));
#14167 = SURFACE_STYLE_FILL_AREA(#14168);
#14168 = FILL_AREA_STYLE('',(#14169));
#14169 = FILL_AREA_STYLE_COLOUR('',#13903);
#14170 = STYLED_ITEM('color',(#14171),#7366);
#14171 = PRESENTATION_STYLE_ASSIGNMENT((#14172));
#14172 = SURFACE_STYLE_USAGE(.BOTH.,#14173);
#14173 = SURFACE_SIDE_STYLE('',(#14174));
#14174 = SURFACE_STYLE_FILL_AREA(#14175);
#14175 = FILL_AREA_STYLE('',(#14176));
#14176 = FILL_AREA_STYLE_COLOUR('',#13903);
#14177 = STYLED_ITEM('color',(#14178),#7383);
#14178 = PRESENTATION_STYLE_ASSIGNMENT((#14179));
#14179 = SURFACE_STYLE_USAGE(.BOTH.,#14180);
#14180 = SURFACE_SIDE_STYLE('',(#14181));
#14181 = SURFACE_STYLE_FILL_AREA(#14182);
#14182 = FILL_AREA_STYLE('',(#14183));
#14183 = FILL_AREA_STYLE_COLOUR('',#13903);
#14184 = STYLED_ITEM('color',(#14185),#7414);
#14185 = PRESENTATION_STYLE_ASSIGNMENT((#14186));
#14186 = SURFACE_STYLE_USAGE(.BOTH.,#14187);
#14187 = SURFACE_SIDE_STYLE('',(#14188));
#14188 = SURFACE_STYLE_FILL_AREA(#14189);
#14189 = FILL_AREA_STYLE('',(#14190));
#14190 = FILL_AREA_STYLE_COLOUR('',#13903);
#14191 = STYLED_ITEM('color',(#14192),#7438);
#14192 = PRESENTATION_STYLE_ASSIGNMENT((#14193));
#14193 = SURFACE_STYLE_USAGE(.BOTH.,#14194);
#14194 = SURFACE_SIDE_STYLE('',(#14195));
#14195 = SURFACE_STYLE_FILL_AREA(#14196);
#14196 = FILL_AREA_STYLE('',(#14197));
#14197 = FILL_AREA_STYLE_COLOUR('',#13903);
#14198 = STYLED_ITEM('color',(#14199),#7462);
#14199 = PRESENTATION_STYLE_ASSIGNMENT((#14200));
#14200 = SURFACE_STYLE_USAGE(.BOTH.,#14201);
#14201 = SURFACE_SIDE_STYLE('',(#14202));
#14202 = SURFACE_STYLE_FILL_AREA(#14203);
#14203 = FILL_AREA_STYLE('',(#14204));
#14204 = FILL_AREA_STYLE_COLOUR('',#13903);
#14205 = STYLED_ITEM('color',(#14206),#7479);
#14206 = PRESENTATION_STYLE_ASSIGNMENT((#14207));
#14207 = SURFACE_STYLE_USAGE(.BOTH.,#14208);
#14208 = SURFACE_SIDE_STYLE('',(#14209));
#14209 = SURFACE_STYLE_FILL_AREA(#14210);
#14210 = FILL_AREA_STYLE('',(#14211));
#14211 = FILL_AREA_STYLE_COLOUR('',#13903);
#14212 = STYLED_ITEM('color',(#14213),#7510);
#14213 = PRESENTATION_STYLE_ASSIGNMENT((#14214));
#14214 = SURFACE_STYLE_USAGE(.BOTH.,#14215);
#14215 = SURFACE_SIDE_STYLE('',(#14216));
#14216 = SURFACE_STYLE_FILL_AREA(#14217);
#14217 = FILL_AREA_STYLE('',(#14218));
#14218 = FILL_AREA_STYLE_COLOUR('',#13903);
#14219 = STYLED_ITEM('color',(#14220),#7534);
#14220 = PRESENTATION_STYLE_ASSIGNMENT((#14221));
#14221 = SURFACE_STYLE_USAGE(.BOTH.,#14222);
#14222 = SURFACE_SIDE_STYLE('',(#14223));
#14223 = SURFACE_STYLE_FILL_AREA(#14224);
#14224 = FILL_AREA_STYLE('',(#14225));
#14225 = FILL_AREA_STYLE_COLOUR('',#13903);
#14226 = STYLED_ITEM('color',(#14227),#7558);
#14227 = PRESENTATION_STYLE_ASSIGNMENT((#14228));
#14228 = SURFACE_STYLE_USAGE(.BOTH.,#14229);
#14229 = SURFACE_SIDE_STYLE('',(#14230));
#14230 = SURFACE_STYLE_FILL_AREA(#14231);
#14231 = FILL_AREA_STYLE('',(#14232));
#14232 = FILL_AREA_STYLE_COLOUR('',#13903);
#14233 = STYLED_ITEM('color',(#14234),#7575);
#14234 = PRESENTATION_STYLE_ASSIGNMENT((#14235));
#14235 = SURFACE_STYLE_USAGE(.BOTH.,#14236);
#14236 = SURFACE_SIDE_STYLE('',(#14237));
#14237 = SURFACE_STYLE_FILL_AREA(#14238);
#14238 = FILL_AREA_STYLE('',(#14239));
#14239 = FILL_AREA_STYLE_COLOUR('',#13903);
#14240 = STYLED_ITEM('color',(#14241),#7606);
#14241 = PRESENTATION_STYLE_ASSIGNMENT((#14242));
#14242 = SURFACE_STYLE_USAGE(.BOTH.,#14243);
#14243 = SURFACE_SIDE_STYLE('',(#14244));
#14244 = SURFACE_STYLE_FILL_AREA(#14245);
#14245 = FILL_AREA_STYLE('',(#14246));
#14246 = FILL_AREA_STYLE_COLOUR('',#13903);
#14247 = STYLED_ITEM('color',(#14248),#7630);
#14248 = PRESENTATION_STYLE_ASSIGNMENT((#14249));
#14249 = SURFACE_STYLE_USAGE(.BOTH.,#14250);
#14250 = SURFACE_SIDE_STYLE('',(#14251));
#14251 = SURFACE_STYLE_FILL_AREA(#14252);
#14252 = FILL_AREA_STYLE('',(#14253));
#14253 = FILL_AREA_STYLE_COLOUR('',#13903);
#14254 = STYLED_ITEM('color',(#14255),#7654);
#14255 = PRESENTATION_STYLE_ASSIGNMENT((#14256));
#14256 = SURFACE_STYLE_USAGE(.BOTH.,#14257);
#14257 = SURFACE_SIDE_STYLE('',(#14258));
#14258 = SURFACE_STYLE_FILL_AREA(#14259);
#14259 = FILL_AREA_STYLE('',(#14260));
#14260 = FILL_AREA_STYLE_COLOUR('',#13903);
#14261 = STYLED_ITEM('color',(#14262),#7671);
#14262 = PRESENTATION_STYLE_ASSIGNMENT((#14263));
#14263 = SURFACE_STYLE_USAGE(.BOTH.,#14264);
#14264 = SURFACE_SIDE_STYLE('',(#14265));
#14265 = SURFACE_STYLE_FILL_AREA(#14266);
#14266 = FILL_AREA_STYLE('',(#14267));
#14267 = FILL_AREA_STYLE_COLOUR('',#13903);
#14268 = STYLED_ITEM('color',(#14269),#7702);
#14269 = PRESENTATION_STYLE_ASSIGNMENT((#14270));
#14270 = SURFACE_STYLE_USAGE(.BOTH.,#14271);
#14271 = SURFACE_SIDE_STYLE('',(#14272));
#14272 = SURFACE_STYLE_FILL_AREA(#14273);
#14273 = FILL_AREA_STYLE('',(#14274));
#14274 = FILL_AREA_STYLE_COLOUR('',#13903);
#14275 = STYLED_ITEM('color',(#14276),#7726);
#14276 = PRESENTATION_STYLE_ASSIGNMENT((#14277));
#14277 = SURFACE_STYLE_USAGE(.BOTH.,#14278);
#14278 = SURFACE_SIDE_STYLE('',(#14279));
#14279 = SURFACE_STYLE_FILL_AREA(#14280);
#14280 = FILL_AREA_STYLE('',(#14281));
#14281 = FILL_AREA_STYLE_COLOUR('',#13903);
#14282 = STYLED_ITEM('color',(#14283),#7750);
#14283 = PRESENTATION_STYLE_ASSIGNMENT((#14284));
#14284 = SURFACE_STYLE_USAGE(.BOTH.,#14285);
#14285 = SURFACE_SIDE_STYLE('',(#14286));
#14286 = SURFACE_STYLE_FILL_AREA(#14287);
#14287 = FILL_AREA_STYLE('',(#14288));
#14288 = FILL_AREA_STYLE_COLOUR('',#13903);
#14289 = STYLED_ITEM('color',(#14290),#7767);
#14290 = PRESENTATION_STYLE_ASSIGNMENT((#14291));
#14291 = SURFACE_STYLE_USAGE(.BOTH.,#14292);
#14292 = SURFACE_SIDE_STYLE('',(#14293));
#14293 = SURFACE_STYLE_FILL_AREA(#14294);
#14294 = FILL_AREA_STYLE('',(#14295));
#14295 = FILL_AREA_STYLE_COLOUR('',#13903);
#14296 = STYLED_ITEM('color',(#14297),#7798);
#14297 = PRESENTATION_STYLE_ASSIGNMENT((#14298));
#14298 = SURFACE_STYLE_USAGE(.BOTH.,#14299);
#14299 = SURFACE_SIDE_STYLE('',(#14300));
#14300 = SURFACE_STYLE_FILL_AREA(#14301);
#14301 = FILL_AREA_STYLE('',(#14302));
#14302 = FILL_AREA_STYLE_COLOUR('',#13903);
#14303 = STYLED_ITEM('color',(#14304),#7822);
#14304 = PRESENTATION_STYLE_ASSIGNMENT((#14305));
#14305 = SURFACE_STYLE_USAGE(.BOTH.,#14306);
#14306 = SURFACE_SIDE_STYLE('',(#14307));
#14307 = SURFACE_STYLE_FILL_AREA(#14308);
#14308 = FILL_AREA_STYLE('',(#14309));
#14309 = FILL_AREA_STYLE_COLOUR('',#13903);
#14310 = STYLED_ITEM('color',(#14311),#7846);
#14311 = PRESENTATION_STYLE_ASSIGNMENT((#14312));
#14312 = SURFACE_STYLE_USAGE(.BOTH.,#14313);
#14313 = SURFACE_SIDE_STYLE('',(#14314));
#14314 = SURFACE_STYLE_FILL_AREA(#14315);
#14315 = FILL_AREA_STYLE('',(#14316));
#14316 = FILL_AREA_STYLE_COLOUR('',#13903);
#14317 = STYLED_ITEM('color',(#14318),#7863);
#14318 = PRESENTATION_STYLE_ASSIGNMENT((#14319));
#14319 = SURFACE_STYLE_USAGE(.BOTH.,#14320);
#14320 = SURFACE_SIDE_STYLE('',(#14321));
#14321 = SURFACE_STYLE_FILL_AREA(#14322);
#14322 = FILL_AREA_STYLE('',(#14323));
#14323 = FILL_AREA_STYLE_COLOUR('',#13903);
#14324 = STYLED_ITEM('color',(#14325),#7894);
#14325 = PRESENTATION_STYLE_ASSIGNMENT((#14326));
#14326 = SURFACE_STYLE_USAGE(.BOTH.,#14327);
#14327 = SURFACE_SIDE_STYLE('',(#14328));
#14328 = SURFACE_STYLE_FILL_AREA(#14329);
#14329 = FILL_AREA_STYLE('',(#14330));
#14330 = FILL_AREA_STYLE_COLOUR('',#13903);
#14331 = STYLED_ITEM('color',(#14332),#7918);
#14332 = PRESENTATION_STYLE_ASSIGNMENT((#14333));
#14333 = SURFACE_STYLE_USAGE(.BOTH.,#14334);
#14334 = SURFACE_SIDE_STYLE('',(#14335));
#14335 = SURFACE_STYLE_FILL_AREA(#14336);
#14336 = FILL_AREA_STYLE('',(#14337));
#14337 = FILL_AREA_STYLE_COLOUR('',#13903);
#14338 = STYLED_ITEM('color',(#14339),#7942);
#14339 = PRESENTATION_STYLE_ASSIGNMENT((#14340));
#14340 = SURFACE_STYLE_USAGE(.BOTH.,#14341);
#14341 = SURFACE_SIDE_STYLE('',(#14342));
#14342 = SURFACE_STYLE_FILL_AREA(#14343);
#14343 = FILL_AREA_STYLE('',(#14344));
#14344 = FILL_AREA_STYLE_COLOUR('',#13903);
#14345 = STYLED_ITEM('color',(#14346),#7959);
#14346 = PRESENTATION_STYLE_ASSIGNMENT((#14347));
#14347 = SURFACE_STYLE_USAGE(.BOTH.,#14348);
#14348 = SURFACE_SIDE_STYLE('',(#14349));
#14349 = SURFACE_STYLE_FILL_AREA(#14350);
#14350 = FILL_AREA_STYLE('',(#14351));
#14351 = FILL_AREA_STYLE_COLOUR('',#13903);
#14352 = STYLED_ITEM('color',(#14353),#7971);
#14353 = PRESENTATION_STYLE_ASSIGNMENT((#14354));
#14354 = SURFACE_STYLE_USAGE(.BOTH.,#14355);
#14355 = SURFACE_SIDE_STYLE('',(#14356));
#14356 = SURFACE_STYLE_FILL_AREA(#14357);
#14357 = FILL_AREA_STYLE('',(#14358));
#14358 = FILL_AREA_STYLE_COLOUR('',#13903);
#14359 = STYLED_ITEM('color',(#14360),#7983);
#14360 = PRESENTATION_STYLE_ASSIGNMENT((#14361));
#14361 = SURFACE_STYLE_USAGE(.BOTH.,#14362);
#14362 = SURFACE_SIDE_STYLE('',(#14363));
#14363 = SURFACE_STYLE_FILL_AREA(#14364);
#14364 = FILL_AREA_STYLE('',(#14365));
#14365 = FILL_AREA_STYLE_COLOUR('',#13903);
#14366 = STYLED_ITEM('color',(#14367),#7995);
#14367 = PRESENTATION_STYLE_ASSIGNMENT((#14368));
#14368 = SURFACE_STYLE_USAGE(.BOTH.,#14369);
#14369 = SURFACE_SIDE_STYLE('',(#14370));
#14370 = SURFACE_STYLE_FILL_AREA(#14371);
#14371 = FILL_AREA_STYLE('',(#14372));
#14372 = FILL_AREA_STYLE_COLOUR('',#13903);
#14373 = STYLED_ITEM('color',(#14374),#8007);
#14374 = PRESENTATION_STYLE_ASSIGNMENT((#14375));
#14375 = SURFACE_STYLE_USAGE(.BOTH.,#14376);
#14376 = SURFACE_SIDE_STYLE('',(#14377));
#14377 = SURFACE_STYLE_FILL_AREA(#14378);
#14378 = FILL_AREA_STYLE('',(#14379));
#14379 = FILL_AREA_STYLE_COLOUR('',#13903);
#14380 = STYLED_ITEM('color',(#14381),#8019);
#14381 = PRESENTATION_STYLE_ASSIGNMENT((#14382));
#14382 = SURFACE_STYLE_USAGE(.BOTH.,#14383);
#14383 = SURFACE_SIDE_STYLE('',(#14384));
#14384 = SURFACE_STYLE_FILL_AREA(#14385);
#14385 = FILL_AREA_STYLE('',(#14386));
#14386 = FILL_AREA_STYLE_COLOUR('',#13903);
#14387 = STYLED_ITEM('color',(#14388),#8031);
#14388 = PRESENTATION_STYLE_ASSIGNMENT((#14389));
#14389 = SURFACE_STYLE_USAGE(.BOTH.,#14390);
#14390 = SURFACE_SIDE_STYLE('',(#14391));
#14391 = SURFACE_STYLE_FILL_AREA(#14392);
#14392 = FILL_AREA_STYLE('',(#14393));
#14393 = FILL_AREA_STYLE_COLOUR('',#13903);
#14394 = STYLED_ITEM('color',(#14395),#8043);
#14395 = PRESENTATION_STYLE_ASSIGNMENT((#14396));
#14396 = SURFACE_STYLE_USAGE(.BOTH.,#14397);
#14397 = SURFACE_SIDE_STYLE('',(#14398));
#14398 = SURFACE_STYLE_FILL_AREA(#14399);
#14399 = FILL_AREA_STYLE('',(#14400));
#14400 = FILL_AREA_STYLE_COLOUR('',#13903);
#14401 = MECHANICAL_DESIGN_GEOMETRIC_PRESENTATION_REPRESENTATION('',(
    #14402,#14410,#14417,#14424,#14431,#14438,#14445,#14452,#14459,
    #14466,#14473,#14480,#14487,#14494,#14501,#14508,#14515),#483);
#14402 = STYLED_ITEM('color',(#14403),#98);
#14403 = PRESENTATION_STYLE_ASSIGNMENT((#14404));
#14404 = SURFACE_STYLE_USAGE(.BOTH.,#14405);
#14405 = SURFACE_SIDE_STYLE('',(#14406));
#14406 = SURFACE_STYLE_FILL_AREA(#14407);
#14407 = FILL_AREA_STYLE('',(#14408));
#14408 = FILL_AREA_STYLE_COLOUR('',#14409);
#14409 = COLOUR_RGB('',0.883000012551,0.711000022565,0.492000011028);
#14410 = STYLED_ITEM('color',(#14411),#131);
#14411 = PRESENTATION_STYLE_ASSIGNMENT((#14412));
#14412 = SURFACE_STYLE_USAGE(.BOTH.,#14413);
#14413 = SURFACE_SIDE_STYLE('',(#14414));
#14414 = SURFACE_STYLE_FILL_AREA(#14415);
#14415 = FILL_AREA_STYLE('',(#14416));
#14416 = FILL_AREA_STYLE_COLOUR('',#14409);
#14417 = STYLED_ITEM('color',(#14418),#157);
#14418 = PRESENTATION_STYLE_ASSIGNMENT((#14419));
#14419 = SURFACE_STYLE_USAGE(.BOTH.,#14420);
#14420 = SURFACE_SIDE_STYLE('',(#14421));
#14421 = SURFACE_STYLE_FILL_AREA(#14422);
#14422 = FILL_AREA_STYLE('',(#14423));
#14423 = FILL_AREA_STYLE_COLOUR('',#14409);
#14424 = STYLED_ITEM('color',(#14425),#177);
#14425 = PRESENTATION_STYLE_ASSIGNMENT((#14426));
#14426 = SURFACE_STYLE_USAGE(.BOTH.,#14427);
#14427 = SURFACE_SIDE_STYLE('',(#14428));
#14428 = SURFACE_STYLE_FILL_AREA(#14429);
#14429 = FILL_AREA_STYLE('',(#14430));
#14430 = FILL_AREA_STYLE_COLOUR('',#14409);
#14431 = STYLED_ITEM('color',(#14432),#197);
#14432 = PRESENTATION_STYLE_ASSIGNMENT((#14433));
#14433 = SURFACE_STYLE_USAGE(.BOTH.,#14434);
#14434 = SURFACE_SIDE_STYLE('',(#14435));
#14435 = SURFACE_STYLE_FILL_AREA(#14436);
#14436 = FILL_AREA_STYLE('',(#14437));
#14437 = FILL_AREA_STYLE_COLOUR('',#14409);
#14438 = STYLED_ITEM('color',(#14439),#222);
#14439 = PRESENTATION_STYLE_ASSIGNMENT((#14440));
#14440 = SURFACE_STYLE_USAGE(.BOTH.,#14441);
#14441 = SURFACE_SIDE_STYLE('',(#14442));
#14442 = SURFACE_STYLE_FILL_AREA(#14443);
#14443 = FILL_AREA_STYLE('',(#14444));
#14444 = FILL_AREA_STYLE_COLOUR('',#12759);
#14445 = STYLED_ITEM('color',(#14446),#247);
#14446 = PRESENTATION_STYLE_ASSIGNMENT((#14447));
#14447 = SURFACE_STYLE_USAGE(.BOTH.,#14448);
#14448 = SURFACE_SIDE_STYLE('',(#14449));
#14449 = SURFACE_STYLE_FILL_AREA(#14450);
#14450 = FILL_AREA_STYLE('',(#14451));
#14451 = FILL_AREA_STYLE_COLOUR('',#14409);
#14452 = STYLED_ITEM('color',(#14453),#267);
#14453 = PRESENTATION_STYLE_ASSIGNMENT((#14454));
#14454 = SURFACE_STYLE_USAGE(.BOTH.,#14455);
#14455 = SURFACE_SIDE_STYLE('',(#14456));
#14456 = SURFACE_STYLE_FILL_AREA(#14457);
#14457 = FILL_AREA_STYLE('',(#14458));
#14458 = FILL_AREA_STYLE_COLOUR('',#12759);
#14459 = STYLED_ITEM('color',(#14460),#276);
#14460 = PRESENTATION_STYLE_ASSIGNMENT((#14461));
#14461 = SURFACE_STYLE_USAGE(.BOTH.,#14462);
#14462 = SURFACE_SIDE_STYLE('',(#14463));
#14463 = SURFACE_STYLE_FILL_AREA(#14464);
#14464 = FILL_AREA_STYLE('',(#14465));
#14465 = FILL_AREA_STYLE_COLOUR('',#14409);
#14466 = STYLED_ITEM('color',(#14467),#301);
#14467 = PRESENTATION_STYLE_ASSIGNMENT((#14468));
#14468 = SURFACE_STYLE_USAGE(.BOTH.,#14469);
#14469 = SURFACE_SIDE_STYLE('',(#14470));
#14470 = SURFACE_STYLE_FILL_AREA(#14471);
#14471 = FILL_AREA_STYLE('',(#14472));
#14472 = FILL_AREA_STYLE_COLOUR('',#14409);
#14473 = STYLED_ITEM('color',(#14474),#327);
#14474 = PRESENTATION_STYLE_ASSIGNMENT((#14475));
#14475 = SURFACE_STYLE_USAGE(.BOTH.,#14476);
#14476 = SURFACE_SIDE_STYLE('',(#14477));
#14477 = SURFACE_STYLE_FILL_AREA(#14478);
#14478 = FILL_AREA_STYLE('',(#14479));
#14479 = FILL_AREA_STYLE_COLOUR('',#14409);
#14480 = STYLED_ITEM('color',(#14481),#347);
#14481 = PRESENTATION_STYLE_ASSIGNMENT((#14482));
#14482 = SURFACE_STYLE_USAGE(.BOTH.,#14483);
#14483 = SURFACE_SIDE_STYLE('',(#14484));
#14484 = SURFACE_STYLE_FILL_AREA(#14485);
#14485 = FILL_AREA_STYLE('',(#14486));
#14486 = FILL_AREA_STYLE_COLOUR('',#12759);
#14487 = STYLED_ITEM('color',(#14488),#372);
#14488 = PRESENTATION_STYLE_ASSIGNMENT((#14489));
#14489 = SURFACE_STYLE_USAGE(.BOTH.,#14490);
#14490 = SURFACE_SIDE_STYLE('',(#14491));
#14491 = SURFACE_STYLE_FILL_AREA(#14492);
#14492 = FILL_AREA_STYLE('',(#14493));
#14493 = FILL_AREA_STYLE_COLOUR('',#12759);
#14494 = STYLED_ITEM('color',(#14495),#398);
#14495 = PRESENTATION_STYLE_ASSIGNMENT((#14496));
#14496 = SURFACE_STYLE_USAGE(.BOTH.,#14497);
#14497 = SURFACE_SIDE_STYLE('',(#14498));
#14498 = SURFACE_STYLE_FILL_AREA(#14499);
#14499 = FILL_AREA_STYLE('',(#14500));
#14500 = FILL_AREA_STYLE_COLOUR('',#12759);
#14501 = STYLED_ITEM('color',(#14502),#423);
#14502 = PRESENTATION_STYLE_ASSIGNMENT((#14503));
#14503 = SURFACE_STYLE_USAGE(.BOTH.,#14504);
#14504 = SURFACE_SIDE_STYLE('',(#14505));
#14505 = SURFACE_STYLE_FILL_AREA(#14506);
#14506 = FILL_AREA_STYLE('',(#14507));
#14507 = FILL_AREA_STYLE_COLOUR('',#12759);
#14508 = STYLED_ITEM('color',(#14509),#449);
#14509 = PRESENTATION_STYLE_ASSIGNMENT((#14510));
#14510 = SURFACE_STYLE_USAGE(.BOTH.,#14511);
#14511 = SURFACE_SIDE_STYLE('',(#14512));
#14512 = SURFACE_STYLE_FILL_AREA(#14513);
#14513 = FILL_AREA_STYLE('',(#14514));
#14514 = FILL_AREA_STYLE_COLOUR('',#12759);
#14515 = STYLED_ITEM('color',(#14516),#474);
#14516 = PRESENTATION_STYLE_ASSIGNMENT((#14517));
#14517 = SURFACE_STYLE_USAGE(.BOTH.,#14518);
#14518 = SURFACE_SIDE_STYLE('',(#14519));
#14519 = SURFACE_STYLE_FILL_AREA(#14520);
#14520 = FILL_AREA_STYLE('',(#14521));
#14521 = FILL_AREA_STYLE_COLOUR('',#12759);
#14522 = MECHANICAL_DESIGN_GEOMETRIC_PRESENTATION_REPRESENTATION('',(
    #14523,#14530,#14537,#14545,#14552,#14560,#14567,#14574,#14581,
    #14588,#14595,#14602,#14609,#14616,#14623,#14630,#14637,#14644,
    #14651,#14658,#14665,#14672,#14679,#14686,#14693,#14700,#14707,
    #14714,#14721,#14728,#14735,#14742,#14749,#14756,#14763,#14770,
    #14777,#14784,#14791,#14798,#14805,#14812,#14819,#14826,#14833,
    #14840,#14847,#14854,#14861),#2565);
#14523 = STYLED_ITEM('color',(#14524),#527);
#14524 = PRESENTATION_STYLE_ASSIGNMENT((#14525));
#14525 = SURFACE_STYLE_USAGE(.BOTH.,#14526);
#14526 = SURFACE_SIDE_STYLE('',(#14527));
#14527 = SURFACE_STYLE_FILL_AREA(#14528);
#14528 = FILL_AREA_STYLE('',(#14529));
#14529 = FILL_AREA_STYLE_COLOUR('',#12759);
#14530 = STYLED_ITEM('color',(#14531),#544);
#14531 = PRESENTATION_STYLE_ASSIGNMENT((#14532));
#14532 = SURFACE_STYLE_USAGE(.BOTH.,#14533);
#14533 = SURFACE_SIDE_STYLE('',(#14534));
#14534 = SURFACE_STYLE_FILL_AREA(#14535);
#14535 = FILL_AREA_STYLE('',(#14536));
#14536 = FILL_AREA_STYLE_COLOUR('',#12759);
#14537 = STYLED_ITEM('color',(#14538),#569);
#14538 = PRESENTATION_STYLE_ASSIGNMENT((#14539));
#14539 = SURFACE_STYLE_USAGE(.BOTH.,#14540);
#14540 = SURFACE_SIDE_STYLE('',(#14541));
#14541 = SURFACE_STYLE_FILL_AREA(#14542);
#14542 = FILL_AREA_STYLE('',(#14543));
#14543 = FILL_AREA_STYLE_COLOUR('',#14544);
#14544 = COLOUR_RGB('',0.136999991899,0.40200001271,0.726999997272);
#14545 = STYLED_ITEM('color',(#14546),#618);
#14546 = PRESENTATION_STYLE_ASSIGNMENT((#14547));
#14547 = SURFACE_STYLE_USAGE(.BOTH.,#14548);
#14548 = SURFACE_SIDE_STYLE('',(#14549));
#14549 = SURFACE_STYLE_FILL_AREA(#14550);
#14550 = FILL_AREA_STYLE('',(#14551));
#14551 = FILL_AREA_STYLE_COLOUR('',#14544);
#14552 = STYLED_ITEM('color',(#14553),#651);
#14553 = PRESENTATION_STYLE_ASSIGNMENT((#14554));
#14554 = SURFACE_STYLE_USAGE(.BOTH.,#14555);
#14555 = SURFACE_SIDE_STYLE('',(#14556));
#14556 = SURFACE_STYLE_FILL_AREA(#14557);
#14557 = FILL_AREA_STYLE('',(#14558));
#14558 = FILL_AREA_STYLE_COLOUR('',#14559);
#14559 = COLOUR_RGB('',0.690999977303,0.663999984767,0.597999987832);
#14560 = STYLED_ITEM('color',(#14561),#669);
#14561 = PRESENTATION_STYLE_ASSIGNMENT((#14562));
#14562 = SURFACE_STYLE_USAGE(.BOTH.,#14563);
#14563 = SURFACE_SIDE_STYLE('',(#14564));
#14564 = SURFACE_STYLE_FILL_AREA(#14565);
#14565 = FILL_AREA_STYLE('',(#14566));
#14566 = FILL_AREA_STYLE_COLOUR('',#12759);
#14567 = STYLED_ITEM('color',(#14568),#694);
#14568 = PRESENTATION_STYLE_ASSIGNMENT((#14569));
#14569 = SURFACE_STYLE_USAGE(.BOTH.,#14570);
#14570 = SURFACE_SIDE_STYLE('',(#14571));
#14571 = SURFACE_STYLE_FILL_AREA(#14572);
#14572 = FILL_AREA_STYLE('',(#14573));
#14573 = FILL_AREA_STYLE_COLOUR('',#14544);
#14574 = STYLED_ITEM('color',(#14575),#726);
#14575 = PRESENTATION_STYLE_ASSIGNMENT((#14576));
#14576 = SURFACE_STYLE_USAGE(.BOTH.,#14577);
#14577 = SURFACE_SIDE_STYLE('',(#14578));
#14578 = SURFACE_STYLE_FILL_AREA(#14579);
#14579 = FILL_AREA_STYLE('',(#14580));
#14580 = FILL_AREA_STYLE_COLOUR('',#14559);
#14581 = STYLED_ITEM('color',(#14582),#744);
#14582 = PRESENTATION_STYLE_ASSIGNMENT((#14583));
#14583 = SURFACE_STYLE_USAGE(.BOTH.,#14584);
#14584 = SURFACE_SIDE_STYLE('',(#14585));
#14585 = SURFACE_STYLE_FILL_AREA(#14586);
#14586 = FILL_AREA_STYLE('',(#14587));
#14587 = FILL_AREA_STYLE_COLOUR('',#12759);
#14588 = STYLED_ITEM('color',(#14589),#753);
#14589 = PRESENTATION_STYLE_ASSIGNMENT((#14590));
#14590 = SURFACE_STYLE_USAGE(.BOTH.,#14591);
#14591 = SURFACE_SIDE_STYLE('',(#14592));
#14592 = SURFACE_STYLE_FILL_AREA(#14593);
#14593 = FILL_AREA_STYLE('',(#14594));
#14594 = FILL_AREA_STYLE_COLOUR('',#14544);
#14595 = STYLED_ITEM('color',(#14596),#791);
#14596 = PRESENTATION_STYLE_ASSIGNMENT((#14597));
#14597 = SURFACE_STYLE_USAGE(.BOTH.,#14598);
#14598 = SURFACE_SIDE_STYLE('',(#14599));
#14599 = SURFACE_STYLE_FILL_AREA(#14600);
#14600 = FILL_AREA_STYLE('',(#14601));
#14601 = FILL_AREA_STYLE_COLOUR('',#14559);
#14602 = STYLED_ITEM('color',(#14603),#813);
#14603 = PRESENTATION_STYLE_ASSIGNMENT((#14604));
#14604 = SURFACE_STYLE_USAGE(.BOTH.,#14605);
#14605 = SURFACE_SIDE_STYLE('',(#14606));
#14606 = SURFACE_STYLE_FILL_AREA(#14607);
#14607 = FILL_AREA_STYLE('',(#14608));
#14608 = FILL_AREA_STYLE_COLOUR('',#14544);
#14609 = STYLED_ITEM('color',(#14610),#873);
#14610 = PRESENTATION_STYLE_ASSIGNMENT((#14611));
#14611 = SURFACE_STYLE_USAGE(.BOTH.,#14612);
#14612 = SURFACE_SIDE_STYLE('',(#14613));
#14613 = SURFACE_STYLE_FILL_AREA(#14614);
#14614 = FILL_AREA_STYLE('',(#14615));
#14615 = FILL_AREA_STYLE_COLOUR('',#14559);
#14616 = STYLED_ITEM('color',(#14617),#901);
#14617 = PRESENTATION_STYLE_ASSIGNMENT((#14618));
#14618 = SURFACE_STYLE_USAGE(.BOTH.,#14619);
#14619 = SURFACE_SIDE_STYLE('',(#14620));
#14620 = SURFACE_STYLE_FILL_AREA(#14621);
#14621 = FILL_AREA_STYLE('',(#14622));
#14622 = FILL_AREA_STYLE_COLOUR('',#14544);
#14623 = STYLED_ITEM('color',(#14624),#1067);
#14624 = PRESENTATION_STYLE_ASSIGNMENT((#14625));
#14625 = SURFACE_STYLE_USAGE(.BOTH.,#14626);
#14626 = SURFACE_SIDE_STYLE('',(#14627));
#14627 = SURFACE_STYLE_FILL_AREA(#14628);
#14628 = FILL_AREA_STYLE('',(#14629));
#14629 = FILL_AREA_STYLE_COLOUR('',#14559);
#14630 = STYLED_ITEM('color',(#14631),#1133);
#14631 = PRESENTATION_STYLE_ASSIGNMENT((#14632));
#14632 = SURFACE_STYLE_USAGE(.BOTH.,#14633);
#14633 = SURFACE_SIDE_STYLE('',(#14634));
#14634 = SURFACE_STYLE_FILL_AREA(#14635);
#14635 = FILL_AREA_STYLE('',(#14636));
#14636 = FILL_AREA_STYLE_COLOUR('',#14544);
#14637 = STYLED_ITEM('color',(#14638),#1199);
#14638 = PRESENTATION_STYLE_ASSIGNMENT((#14639));
#14639 = SURFACE_STYLE_USAGE(.BOTH.,#14640);
#14640 = SURFACE_SIDE_STYLE('',(#14641));
#14641 = SURFACE_STYLE_FILL_AREA(#14642);
#14642 = FILL_AREA_STYLE('',(#14643));
#14643 = FILL_AREA_STYLE_COLOUR('',#14559);
#14644 = STYLED_ITEM('color',(#14645),#1317);
#14645 = PRESENTATION_STYLE_ASSIGNMENT((#14646));
#14646 = SURFACE_STYLE_USAGE(.BOTH.,#14647);
#14647 = SURFACE_SIDE_STYLE('',(#14648));
#14648 = SURFACE_STYLE_FILL_AREA(#14649);
#14649 = FILL_AREA_STYLE('',(#14650));
#14650 = FILL_AREA_STYLE_COLOUR('',#14544);
#14651 = STYLED_ITEM('color',(#14652),#1483);
#14652 = PRESENTATION_STYLE_ASSIGNMENT((#14653));
#14653 = SURFACE_STYLE_USAGE(.BOTH.,#14654);
#14654 = SURFACE_SIDE_STYLE('',(#14655));
#14655 = SURFACE_STYLE_FILL_AREA(#14656);
#14656 = FILL_AREA_STYLE('',(#14657));
#14657 = FILL_AREA_STYLE_COLOUR('',#14559);
#14658 = STYLED_ITEM('color',(#14659),#1563);
#14659 = PRESENTATION_STYLE_ASSIGNMENT((#14660));
#14660 = SURFACE_STYLE_USAGE(.BOTH.,#14661);
#14661 = SURFACE_SIDE_STYLE('',(#14662));
#14662 = SURFACE_STYLE_FILL_AREA(#14663);
#14663 = FILL_AREA_STYLE('',(#14664));
#14664 = FILL_AREA_STYLE_COLOUR('',#13706);
#14665 = STYLED_ITEM('color',(#14666),#1597);
#14666 = PRESENTATION_STYLE_ASSIGNMENT((#14667));
#14667 = SURFACE_STYLE_USAGE(.BOTH.,#14668);
#14668 = SURFACE_SIDE_STYLE('',(#14669));
#14669 = SURFACE_STYLE_FILL_AREA(#14670);
#14670 = FILL_AREA_STYLE('',(#14671));
#14671 = FILL_AREA_STYLE_COLOUR('',#14559);
#14672 = STYLED_ITEM('color',(#14673),#1677);
#14673 = PRESENTATION_STYLE_ASSIGNMENT((#14674));
#14674 = SURFACE_STYLE_USAGE(.BOTH.,#14675);
#14675 = SURFACE_SIDE_STYLE('',(#14676));
#14676 = SURFACE_STYLE_FILL_AREA(#14677);
#14677 = FILL_AREA_STYLE('',(#14678));
#14678 = FILL_AREA_STYLE_COLOUR('',#14544);
#14679 = STYLED_ITEM('color',(#14680),#1709);
#14680 = PRESENTATION_STYLE_ASSIGNMENT((#14681));
#14681 = SURFACE_STYLE_USAGE(.BOTH.,#14682);
#14682 = SURFACE_SIDE_STYLE('',(#14683));
#14683 = SURFACE_STYLE_FILL_AREA(#14684);
#14684 = FILL_AREA_STYLE('',(#14685));
#14685 = FILL_AREA_STYLE_COLOUR('',#13706);
#14686 = STYLED_ITEM('color',(#14687),#1775);
#14687 = PRESENTATION_STYLE_ASSIGNMENT((#14688));
#14688 = SURFACE_STYLE_USAGE(.BOTH.,#14689);
#14689 = SURFACE_SIDE_STYLE('',(#14690));
#14690 = SURFACE_STYLE_FILL_AREA(#14691);
#14691 = FILL_AREA_STYLE('',(#14692));
#14692 = FILL_AREA_STYLE_COLOUR('',#14559);
#14693 = STYLED_ITEM('color',(#14694),#1852);
#14694 = PRESENTATION_STYLE_ASSIGNMENT((#14695));
#14695 = SURFACE_STYLE_USAGE(.BOTH.,#14696);
#14696 = SURFACE_SIDE_STYLE('',(#14697));
#14697 = SURFACE_STYLE_FILL_AREA(#14698);
#14698 = FILL_AREA_STYLE('',(#14699));
#14699 = FILL_AREA_STYLE_COLOUR('',#14544);
#14700 = STYLED_ITEM('color',(#14701),#1886);
#14701 = PRESENTATION_STYLE_ASSIGNMENT((#14702));
#14702 = SURFACE_STYLE_USAGE(.BOTH.,#14703);
#14703 = SURFACE_SIDE_STYLE('',(#14704));
#14704 = SURFACE_STYLE_FILL_AREA(#14705);
#14705 = FILL_AREA_STYLE('',(#14706));
#14706 = FILL_AREA_STYLE_COLOUR('',#13706);
#14707 = STYLED_ITEM('color',(#14708),#1901);
#14708 = PRESENTATION_STYLE_ASSIGNMENT((#14709));
#14709 = SURFACE_STYLE_USAGE(.BOTH.,#14710);
#14710 = SURFACE_SIDE_STYLE('',(#14711));
#14711 = SURFACE_STYLE_FILL_AREA(#14712);
#14712 = FILL_AREA_STYLE('',(#14713));
#14713 = FILL_AREA_STYLE_COLOUR('',#14559);
#14714 = STYLED_ITEM('color',(#14715),#1919);
#14715 = PRESENTATION_STYLE_ASSIGNMENT((#14716));
#14716 = SURFACE_STYLE_USAGE(.BOTH.,#14717);
#14717 = SURFACE_SIDE_STYLE('',(#14718));
#14718 = SURFACE_STYLE_FILL_AREA(#14719);
#14719 = FILL_AREA_STYLE('',(#14720));
#14720 = FILL_AREA_STYLE_COLOUR('',#14544);
#14721 = STYLED_ITEM('color',(#14722),#1951);
#14722 = PRESENTATION_STYLE_ASSIGNMENT((#14723));
#14723 = SURFACE_STYLE_USAGE(.BOTH.,#14724);
#14724 = SURFACE_SIDE_STYLE('',(#14725));
#14725 = SURFACE_STYLE_FILL_AREA(#14726);
#14726 = FILL_AREA_STYLE('',(#14727));
#14727 = FILL_AREA_STYLE_COLOUR('',#14559);
#14728 = STYLED_ITEM('color',(#14729),#1969);
#14729 = PRESENTATION_STYLE_ASSIGNMENT((#14730));
#14730 = SURFACE_STYLE_USAGE(.BOTH.,#14731);
#14731 = SURFACE_SIDE_STYLE('',(#14732));
#14732 = SURFACE_STYLE_FILL_AREA(#14733);
#14733 = FILL_AREA_STYLE('',(#14734));
#14734 = FILL_AREA_STYLE_COLOUR('',#14544);
#14735 = STYLED_ITEM('color',(#14736),#2112);
#14736 = PRESENTATION_STYLE_ASSIGNMENT((#14737));
#14737 = SURFACE_STYLE_USAGE(.BOTH.,#14738);
#14738 = SURFACE_SIDE_STYLE('',(#14739));
#14739 = SURFACE_STYLE_FILL_AREA(#14740);
#14740 = FILL_AREA_STYLE('',(#14741));
#14741 = FILL_AREA_STYLE_COLOUR('',#14559);
#14742 = STYLED_ITEM('color',(#14743),#2164);
#14743 = PRESENTATION_STYLE_ASSIGNMENT((#14744));
#14744 = SURFACE_STYLE_USAGE(.BOTH.,#14745);
#14745 = SURFACE_SIDE_STYLE('',(#14746));
#14746 = SURFACE_STYLE_FILL_AREA(#14747);
#14747 = FILL_AREA_STYLE('',(#14748));
#14748 = FILL_AREA_STYLE_COLOUR('',#12759);
#14749 = STYLED_ITEM('color',(#14750),#2188);
#14750 = PRESENTATION_STYLE_ASSIGNMENT((#14751));
#14751 = SURFACE_STYLE_USAGE(.BOTH.,#14752);
#14752 = SURFACE_SIDE_STYLE('',(#14753));
#14753 = SURFACE_STYLE_FILL_AREA(#14754);
#14754 = FILL_AREA_STYLE('',(#14755));
#14755 = FILL_AREA_STYLE_COLOUR('',#12759);
#14756 = STYLED_ITEM('color',(#14757),#2212);
#14757 = PRESENTATION_STYLE_ASSIGNMENT((#14758));
#14758 = SURFACE_STYLE_USAGE(.BOTH.,#14759);
#14759 = SURFACE_SIDE_STYLE('',(#14760));
#14760 = SURFACE_STYLE_FILL_AREA(#14761);
#14761 = FILL_AREA_STYLE('',(#14762));
#14762 = FILL_AREA_STYLE_COLOUR('',#12759);
#14763 = STYLED_ITEM('color',(#14764),#2236);
#14764 = PRESENTATION_STYLE_ASSIGNMENT((#14765));
#14765 = SURFACE_STYLE_USAGE(.BOTH.,#14766);
#14766 = SURFACE_SIDE_STYLE('',(#14767));
#14767 = SURFACE_STYLE_FILL_AREA(#14768);
#14768 = FILL_AREA_STYLE('',(#14769));
#14769 = FILL_AREA_STYLE_COLOUR('',#12759);
#14770 = STYLED_ITEM('color',(#14771),#2298);
#14771 = PRESENTATION_STYLE_ASSIGNMENT((#14772));
#14772 = SURFACE_STYLE_USAGE(.BOTH.,#14773);
#14773 = SURFACE_SIDE_STYLE('',(#14774));
#14774 = SURFACE_STYLE_FILL_AREA(#14775);
#14775 = FILL_AREA_STYLE('',(#14776));
#14776 = FILL_AREA_STYLE_COLOUR('',#12759);
#14777 = STYLED_ITEM('color',(#14778),#2315);
#14778 = PRESENTATION_STYLE_ASSIGNMENT((#14779));
#14779 = SURFACE_STYLE_USAGE(.BOTH.,#14780);
#14780 = SURFACE_SIDE_STYLE('',(#14781));
#14781 = SURFACE_STYLE_FILL_AREA(#14782);
#14782 = FILL_AREA_STYLE('',(#14783));
#14783 = FILL_AREA_STYLE_COLOUR('',#12759);
#14784 = STYLED_ITEM('color',(#14785),#2339);
#14785 = PRESENTATION_STYLE_ASSIGNMENT((#14786));
#14786 = SURFACE_STYLE_USAGE(.BOTH.,#14787);
#14787 = SURFACE_SIDE_STYLE('',(#14788));
#14788 = SURFACE_STYLE_FILL_AREA(#14789);
#14789 = FILL_AREA_STYLE('',(#14790));
#14790 = FILL_AREA_STYLE_COLOUR('',#12759);
#14791 = STYLED_ITEM('color',(#14792),#2355);
#14792 = PRESENTATION_STYLE_ASSIGNMENT((#14793));
#14793 = SURFACE_STYLE_USAGE(.BOTH.,#14794);
#14794 = SURFACE_SIDE_STYLE('',(#14795));
#14795 = SURFACE_STYLE_FILL_AREA(#14796);
#14796 = FILL_AREA_STYLE('',(#14797));
#14797 = FILL_AREA_STYLE_COLOUR('',#12759);
#14798 = STYLED_ITEM('color',(#14799),#2379);
#14799 = PRESENTATION_STYLE_ASSIGNMENT((#14800));
#14800 = SURFACE_STYLE_USAGE(.BOTH.,#14801);
#14801 = SURFACE_SIDE_STYLE('',(#14802));
#14802 = SURFACE_STYLE_FILL_AREA(#14803);
#14803 = FILL_AREA_STYLE('',(#14804));
#14804 = FILL_AREA_STYLE_COLOUR('',#12759);
#14805 = STYLED_ITEM('color',(#14806),#2391);
#14806 = PRESENTATION_STYLE_ASSIGNMENT((#14807));
#14807 = SURFACE_STYLE_USAGE(.BOTH.,#14808);
#14808 = SURFACE_SIDE_STYLE('',(#14809));
#14809 = SURFACE_STYLE_FILL_AREA(#14810);
#14810 = FILL_AREA_STYLE('',(#14811));
#14811 = FILL_AREA_STYLE_COLOUR('',#12759);
#14812 = STYLED_ITEM('color',(#14813),#2407);
#14813 = PRESENTATION_STYLE_ASSIGNMENT((#14814));
#14814 = SURFACE_STYLE_USAGE(.BOTH.,#14815);
#14815 = SURFACE_SIDE_STYLE('',(#14816));
#14816 = SURFACE_STYLE_FILL_AREA(#14817);
#14817 = FILL_AREA_STYLE('',(#14818));
#14818 = FILL_AREA_STYLE_COLOUR('',#12759);
#14819 = STYLED_ITEM('color',(#14820),#2419);
#14820 = PRESENTATION_STYLE_ASSIGNMENT((#14821));
#14821 = SURFACE_STYLE_USAGE(.BOTH.,#14822);
#14822 = SURFACE_SIDE_STYLE('',(#14823));
#14823 = SURFACE_STYLE_FILL_AREA(#14824);
#14824 = FILL_AREA_STYLE('',(#14825));
#14825 = FILL_AREA_STYLE_COLOUR('',#12759);
#14826 = STYLED_ITEM('color',(#14827),#2431);
#14827 = PRESENTATION_STYLE_ASSIGNMENT((#14828));
#14828 = SURFACE_STYLE_USAGE(.BOTH.,#14829);
#14829 = SURFACE_SIDE_STYLE('',(#14830));
#14830 = SURFACE_STYLE_FILL_AREA(#14831);
#14831 = FILL_AREA_STYLE('',(#14832));
#14832 = FILL_AREA_STYLE_COLOUR('',#12759);
#14833 = STYLED_ITEM('color',(#14834),#2445);
#14834 = PRESENTATION_STYLE_ASSIGNMENT((#14835));
#14835 = SURFACE_STYLE_USAGE(.BOTH.,#14836);
#14836 = SURFACE_SIDE_STYLE('',(#14837));
#14837 = SURFACE_STYLE_FILL_AREA(#14838);
#14838 = FILL_AREA_STYLE('',(#14839));
#14839 = FILL_AREA_STYLE_COLOUR('',#14559);
#14840 = STYLED_ITEM('color',(#14841),#2478);
#14841 = PRESENTATION_STYLE_ASSIGNMENT((#14842));
#14842 = SURFACE_STYLE_USAGE(.BOTH.,#14843);
#14843 = SURFACE_SIDE_STYLE('',(#14844));
#14844 = SURFACE_STYLE_FILL_AREA(#14845);
#14845 = FILL_AREA_STYLE('',(#14846));
#14846 = FILL_AREA_STYLE_COLOUR('',#14559);
#14847 = STYLED_ITEM('color',(#14848),#2510);
#14848 = PRESENTATION_STYLE_ASSIGNMENT((#14849));
#14849 = SURFACE_STYLE_USAGE(.BOTH.,#14850);
#14850 = SURFACE_SIDE_STYLE('',(#14851));
#14851 = SURFACE_STYLE_FILL_AREA(#14852);
#14852 = FILL_AREA_STYLE('',(#14853));
#14853 = FILL_AREA_STYLE_COLOUR('',#14544);
#14854 = STYLED_ITEM('color',(#14855),#2527);
#14855 = PRESENTATION_STYLE_ASSIGNMENT((#14856));
#14856 = SURFACE_STYLE_USAGE(.BOTH.,#14857);
#14857 = SURFACE_SIDE_STYLE('',(#14858));
#14858 = SURFACE_STYLE_FILL_AREA(#14859);
#14859 = FILL_AREA_STYLE('',(#14860));
#14860 = FILL_AREA_STYLE_COLOUR('',#14544);
#14861 = STYLED_ITEM('color',(#14862),#2554);
#14862 = PRESENTATION_STYLE_ASSIGNMENT((#14863));
#14863 = SURFACE_STYLE_USAGE(.BOTH.,#14864);
#14864 = SURFACE_SIDE_STYLE('',(#14865));
#14865 = SURFACE_STYLE_FILL_AREA(#14866);
#14866 = FILL_AREA_STYLE('',(#14867));
#14867 = FILL_AREA_STYLE_COLOUR('',#12759);
ENDSEC;
END-ISO-10303-21;
